experiment,repeat,seed,n_signals,eve_fraction,noise_probability,noise_model,loss_probability,basis_probability_z,sample_fraction,sample_size,abort_threshold,confidence,n_detected,n_sifted,n_test,n_remaining,actual_errors,test_errors,qber_actual,qber_estimate,qber_ci_low,qber_ci_high,qber_ci_width,detected_fraction,sifted_fraction,candidate_fraction,has_error,full_sample,expected_qber
02_noise_sweep,0,330698282025032377569948155000156248298,20000,0.0,0.0,depolarizing,0.0,0.5,0.2,,0.11,0.95,20000,9927,1985,7942,0,0,0.0,0.0,1.0842021724855044e-19,0.0019315058038723507,0.0019315058038723507,1.0,0.49635,0.3971,0,1,0.0
02_noise_sweep,1,224171984460005697794713070750215036992,20000,0.0,0.0,depolarizing,0.0,0.5,0.2,,0.11,0.95,20000,10000,2000,8000,0,0,0.0,0.0,1.0842021724855044e-19,0.0019170472812529331,0.0019170472812529331,1.0,0.5,0.4,0,1,0.0
02_noise_sweep,2,54476884168454198208171820631718737136,20000,0.0,0.0,depolarizing,0.0,0.5,0.2,,0.11,0.95,20000,10061,2012,8049,0,0,0.0,0.0,0.0,0.0019056353880832723,0.0019056353880832723,1.0,0.50305,0.40245,0,1,0.0
02_noise_sweep,3,109110959233796452805076839517680971936,20000,0.0,0.0,depolarizing,0.0,0.5,0.2,,0.11,0.95,20000,10106,2021,8085,0,0,0.0,0.0,0.0,0.0018971652343247958,0.0018971652343247958,1.0,0.5053,0.40425,0,1,0.0
02_noise_sweep,4,174033728573901206143359094961060082013,20000,0.0,0.0,depolarizing,0.0,0.5,0.2,,0.11,0.95,20000,10193,2038,8155,0,0,0.0,0.0,0.0,0.001881369782212589,0.001881369782212589,1.0,0.50965,0.40775,0,1,0.0
02_noise_sweep,5,1010037523547719557599893626260357092,20000,0.0,0.0,depolarizing,0.0,0.5,0.2,,0.11,0.95,20000,9942,1988,7954,0,0,0.0,0.0,0.0,0.0019285966780551544,0.0019285966780551544,1.0,0.4971,0.3977,0,1,0.0
02_noise_sweep,6,172187943887386614968029645634108068968,20000,0.0,0.0,depolarizing,0.0,0.5,0.2,,0.11,0.95,20000,10085,2017,8068,0,0,0.0,0.0,1.0842021724855044e-19,0.0019009204328853638,0.0019009204328853638,1.0,0.50425,0.4034,0,1,0.0
02_noise_sweep,7,78144252245493108682759305341998213865,20000,0.0,0.0,depolarizing,0.0,0.5,0.2,,0.11,0.95,20000,9958,1991,7967,0,0,0.0,0.0,0.0,0.0019256963021838883,0.0019256963021838883,1.0,0.4979,0.39835,0,1,0.0
02_noise_sweep,8,124137073931471672477365877283425018973,20000,0.0,0.0,depolarizing,0.0,0.5,0.2,,0.11,0.95,20000,10000,2000,8000,0,0,0.0,0.0,1.0842021724855044e-19,0.0019170472812529331,0.0019170472812529331,1.0,0.5,0.4,0,1,0.0
02_noise_sweep,9,288734949054546934058499095139002786935,20000,0.0,0.0,depolarizing,0.0,0.5,0.2,,0.11,0.95,20000,10080,2016,8064,0,0,0.0,0.0,1.0842021724855044e-19,0.0019018615564693874,0.0019018615564693874,1.0,0.504,0.4032,0,1,0.0
02_noise_sweep,10,215254311639246002709911659093118137045,20000,0.0,0.0,depolarizing,0.0,0.5,0.2,,0.11,0.95,20000,10034,2006,8028,0,0,0.0,0.0,0.0,0.0019113243006481514,0.0019113243006481514,1.0,0.5017,0.4014,0,1,0.0
02_noise_sweep,11,265474492591301531066295188414427174551,20000,0.0,0.0,depolarizing,0.0,0.5,0.2,,0.11,0.95,20000,10030,2006,8024,0,0,0.0,0.0,0.0,0.0019113243006481514,0.0019113243006481514,1.0,0.5015,0.4012,0,1,0.0
02_noise_sweep,12,304833522560738441512362835956136944859,20000,0.0,0.0,depolarizing,0.0,0.5,0.2,,0.11,0.95,20000,9907,1981,7926,0,0,0.0,0.0,1.0842021724855044e-19,0.001935398317897163,0.001935398317897163,1.0,0.49535,0.3963,0,1,0.0
02_noise_sweep,13,134477206856292277390036425103510090134,20000,0.0,0.0,depolarizing,0.0,0.5,0.2,,0.11,0.95,20000,9929,1985,7944,0,0,0.0,0.0,1.0842021724855044e-19,0.0019315058038723507,0.0019315058038723507,1.0,0.49645,0.3972,0,1,0.0
02_noise_sweep,14,111996182041600315808155082958135938484,20000,0.0,0.0,depolarizing,0.0,0.5,0.2,,0.11,0.95,20000,9965,1993,7972,0,0,0.0,0.0,0.0,0.001923767559875702,0.001923767559875702,1.0,0.49825,0.3986,0,1,0.0
02_noise_sweep,15,28766862771143413168334547215544713593,20000,0.0,0.0,depolarizing,0.0,0.5,0.2,,0.11,0.95,20000,9967,1993,7974,0,0,0.0,0.0,0.0,0.001923767559875702,0.001923767559875702,1.0,0.49835,0.3987,0,1,0.0
02_noise_sweep,16,318975185499084517790883624444359201275,20000,0.0,0.0,depolarizing,0.0,0.5,0.2,,0.11,0.95,20000,9960,1992,7968,0,0,0.0,0.0,1.0842021724855044e-19,0.0019247314478395348,0.0019247314478395348,1.0,0.498,0.3984,0,1,0.0
02_noise_sweep,17,133289026773462424243301537359898824985,20000,0.0,0.0,depolarizing,0.0,0.5,0.2,,0.11,0.95,20000,10238,2047,8191,0,0,0.0,0.0,0.0,0.001873113498935748,0.001873113498935748,1.0,0.5119,0.40955,0,1,0.0
02_noise_sweep,18,263707527102602366465178067280099603862,20000,0.0,0.0,depolarizing,0.0,0.5,0.2,,0.11,0.95,20000,10114,2022,8092,0,0,0.0,0.0,0.0,0.0018962287517456362,0.0018962287517456362,1.0,0.5057,0.4046,0,1,0.0
02_noise_sweep,19,42136675332809377666426601615462954581,20000,0.0,0.0,depolarizing,0.0,0.5,0.2,,0.11,0.95,20000,9957,1991,7966,0,0,0.0,0.0,0.0,0.0019256963021838883,0.0019256963021838883,1.0,0.49785,0.3983,0,1,0.0
02_noise_sweep,20,257659858981548264042526932516568400372,20000,0.0,0.0,depolarizing,0.0,0.5,0.2,,0.11,0.95,20000,9902,1980,7922,0,0,0.0,0.0,0.0,0.0019363738990401487,0.0019363738990401487,1.0,0.4951,0.3961,0,1,0.0
02_noise_sweep,21,270861592120222470821861629786679236227,20000,0.0,0.0,depolarizing,0.0,0.5,0.2,,0.11,0.95,20000,10076,2015,8061,0,0,0.0,0.0,0.0,0.00190280361239367,0.00190280361239367,1.0,0.5038,0.40305,0,1,0.0
02_noise_sweep,22,17068661219269787113543918411637776623,20000,0.0,0.0,depolarizing,0.0,0.5,0.2,,0.11,0.95,20000,9982,1996,7986,0,0,0.0,0.0,0.0,0.001920881679770471,0.001920881679770471,1.0,0.4991,0.3993,0,1,0.0
02_noise_sweep,23,286580917362048024009144809262461109300,20000,0.0,0.0,depolarizing,0.0,0.5,0.2,,0.11,0.95,20000,10136,2027,8109,0,0,0.0,0.0,0.0,0.0018915601727595474,0.0018915601727595474,1.0,0.5068,0.40545,0,1,0.0
02_noise_sweep,24,205332837566573632420713491350043272218,20000,0.0,0.0,depolarizing,0.0,0.5,0.2,,0.11,0.95,20000,9877,1975,7902,0,0,0.0,0.0,0.0,0.001941266594941603,0.001941266594941603,1.0,0.49385,0.3951,0,1,0.0
02_noise_sweep,25,256960353042403578027146230354948415333,20000,0.0,0.0,depolarizing,0.0,0.5,0.2,,0.11,0.95,20000,9893,1978,7915,0,0,0.0,0.0,1.0842021724855044e-19,0.0019383280148857138,0.0019383280148857138,1.0,0.49465,0.39575,0,1,0.0
02_noise_sweep,26,46204955327237406681843957280331998999,20000,0.0,0.0,depolarizing,0.0,0.5,0.2,,0.11,0.95,20000,10132,2026,8106,0,0,0.0,0.0,0.0,0.0018924920485789815,0.0018924920485789815,1.0,0.5066,0.4053,0,1,0.0
02_noise_sweep,27,119680059902705995092315340508757143912,20000,0.0,0.0,depolarizing,0.0,0.5,0.2,,0.11,0.95,20000,9959,1991,7968,0,0,0.0,0.0,0.0,0.0019256963021838883,0.0019256963021838883,1.0,0.49795,0.3984,0,1,0.0
02_noise_sweep,28,24481112561738569893726906668984310433,20000,0.0,0.0,depolarizing,0.0,0.5,0.2,,0.11,0.95,20000,9940,1988,7952,0,0,0.0,0.0,0.0,0.0019285966780551544,0.0019285966780551544,1.0,0.497,0.3976,0,1,0.0
02_noise_sweep,29,305273685195855123191039560458246006505,20000,0.0,0.0,depolarizing,0.0,0.5,0.2,,0.11,0.95,20000,10105,2021,8084,0,0,0.0,0.0,0.0,0.0018971652343247958,0.0018971652343247958,1.0,0.50525,0.4042,0,1,0.0
02_noise_sweep,30,339153891916362121329226079469595567837,20000,0.0,0.0,depolarizing,0.0,0.5,0.2,,0.11,0.95,20000,9953,1990,7963,0,0,0.0,0.0,0.0,0.0019266621243628104,0.0019266621243628104,1.0,0.49765,0.39815,0,1,0.0
02_noise_sweep,31,76217451763729970342785814246457138214,20000,0.0,0.0,depolarizing,0.0,0.5,0.2,,0.11,0.95,20000,10114,2022,8092,0,0,0.0,0.0,0.0,0.0018962287517456362,0.0018962287517456362,1.0,0.5057,0.4046,0,1,0.0
02_noise_sweep,32,319584802564489154284798450469564933681,20000,0.0,0.0,depolarizing,0.0,0.5,0.2,,0.11,0.95,20000,9964,1992,7972,0,0,0.0,0.0,1.0842021724855044e-19,0.0019247314478395348,0.0019247314478395348,1.0,0.4982,0.3986,0,1,0.0
02_noise_sweep,33,315163052307870017992194840341433288771,20000,0.0,0.0,depolarizing,0.0,0.5,0.2,,0.11,0.95,20000,9992,1998,7994,0,0,0.0,0.0,0.0,0.0019189625650760413,0.0019189625650760413,1.0,0.4996,0.3997,0,1,0.0
02_noise_sweep,34,202279090314086369910283716064833281447,20000,0.0,0.0,depolarizing,0.0,0.5,0.2,,0.11,0.95,20000,10004,2000,8004,0,0,0.0,0.0,1.0842021724855044e-19,0.0019170472812529331,0.0019170472812529331,1.0,0.5002,0.4002,0,1,0.0
02_noise_sweep,35,236381875142845546706273399385956807642,20000,0.0,0.0,depolarizing,0.0,0.5,0.2,,0.11,0.95,20000,10080,2016,8064,0,0,0.0,0.0,1.0842021724855044e-19,0.0019018615564693874,0.0019018615564693874,1.0,0.504,0.4032,0,1,0.0
02_noise_sweep,36,35531249678450700277229137967371151344,20000,0.0,0.0,depolarizing,0.0,0.5,0.2,,0.11,0.95,20000,9975,1995,7980,0,0,0.0,0.0,1.0842021724855044e-19,0.0019218426772879544,0.0019218426772879544,1.0,0.49875,0.399,0,1,0.0
02_noise_sweep,37,190914643110307040584338476799499310620,20000,0.0,0.0,depolarizing,0.0,0.5,0.2,,0.11,0.95,20000,10016,2003,8013,0,0,0.0,0.0,0.0,0.0019141815133476112,0.0019141815133476112,1.0,0.5008,0.40065,0,1,0.0
02_noise_sweep,38,206949264206554717491695137378654641781,20000,0.0,0.0,depolarizing,0.0,0.5,0.2,,0.11,0.95,20000,10080,2016,8064,0,0,0.0,0.0,1.0842021724855044e-19,0.0019018615564693874,0.0019018615564693874,1.0,0.504,0.4032,0,1,0.0
02_noise_sweep,39,71225078624664101197484398353829153682,20000,0.0,0.0,depolarizing,0.0,0.5,0.2,,0.11,0.95,20000,10085,2017,8068,0,0,0.0,0.0,1.0842021724855044e-19,0.0019009204328853638,0.0019009204328853638,1.0,0.50425,0.4034,0,1,0.0
02_noise_sweep,40,189230149070673012050923025422093869936,20000,0.0,0.0,depolarizing,0.0,0.5,0.2,,0.11,0.95,20000,9880,1976,7904,0,0,0.0,0.0,0.0,0.0019402860787561824,0.0019402860787561824,1.0,0.494,0.3952,0,1,0.0
02_noise_sweep,41,54626337184418171261472767791985311631,20000,0.0,0.0,depolarizing,0.0,0.5,0.2,,0.11,0.95,20000,9967,1993,7974,0,0,0.0,0.0,0.0,0.001923767559875702,0.001923767559875702,1.0,0.49835,0.3987,0,1,0.0
02_noise_sweep,42,166620386510434621353388329163582970597,20000,0.0,0.0,depolarizing,0.0,0.5,0.2,,0.11,0.95,20000,10073,2014,8059,0,0,0.0,0.0,1.0842021724855044e-19,0.0019037466020443562,0.0019037466020443562,1.0,0.50365,0.40295,0,1,0.0
02_noise_sweep,43,53772717229914584430180298217907500114,20000,0.0,0.0,depolarizing,0.0,0.5,0.2,,0.11,0.95,20000,10067,2013,8054,0,0,0.0,0.0,0.0,0.0019046905268103405,0.0019046905268103405,1.0,0.50335,0.4027,0,1,0.0
02_noise_sweep,44,170900447970339181882157106041288636523,20000,0.0,0.0,depolarizing,0.0,0.5,0.2,,0.11,0.95,20000,9872,1974,7898,0,0,0.0,0.0,1.0842021724855044e-19,0.001942248102628321,0.001942248102628321,1.0,0.4936,0.3949,0,1,0.0
02_noise_sweep,45,149540430971027474919889329010143295101,20000,0.0,0.0,depolarizing,0.0,0.5,0.2,,0.11,0.95,20000,9942,1988,7954,0,0,0.0,0.0,0.0,0.0019285966780551544,0.0019285966780551544,1.0,0.4971,0.3977,0,1,0.0
02_noise_sweep,46,195188504315697411379103454081479426059,20000,0.0,0.0,depolarizing,0.0,0.5,0.2,,0.11,0.95,20000,9988,1997,7991,0,0,0.0,0.0,0.0,0.0019199216428463545,0.0019199216428463545,1.0,0.4994,0.39955,0,1,0.0
02_noise_sweep,47,176916438380245818379202983565723327570,20000,0.0,0.0,depolarizing,0.0,0.5,0.2,,0.11,0.95,20000,9947,1989,7958,0,0,0.0,0.0,1.0842021724855044e-19,0.0019276289158332684,0.0019276289158332684,1.0,0.49735,0.3979,0,1,0.0
02_noise_sweep,48,146325362306455371739914674791918443356,20000,0.0,0.0,depolarizing,0.0,0.5,0.2,,0.11,0.95,20000,9848,1969,7879,0,0,0.0,0.0,0.0,0.00194717056635176,0.00194717056635176,1.0,0.4924,0.39395,0,1,0.0
02_noise_sweep,49,245271595156061914054610046242237882364,20000,0.0,0.0,depolarizing,0.0,0.5,0.2,,0.11,0.95,20000,9944,1988,7956,0,0,0.0,0.0,0.0,0.0019285966780551544,0.0019285966780551544,1.0,0.4972,0.3978,0,1,0.0
02_noise_sweep,50,196111846915515363523712826901625397313,20000,0.0,0.0,depolarizing,0.0,0.5,0.2,,0.11,0.95,20000,10035,2007,8028,0,0,0.0,0.0,0.0,0.0019103737909536827,0.0019103737909536827,1.0,0.50175,0.4014,0,1,0.0
02_noise_sweep,51,286639809537748748224805160694806472347,20000,0.0,0.0,depolarizing,0.0,0.5,0.2,,0.11,0.95,20000,9922,1984,7938,0,0,0.0,0.0,0.0,0.001932477463757651,0.001932477463757651,1.0,0.4961,0.3969,0,1,0.0
02_noise_sweep,52,17498765120437086116999156004886551778,20000,0.0,0.0,depolarizing,0.0,0.5,0.2,,0.11,0.95,20000,10078,2015,8063,0,0,0.0,0.0,0.0,0.00190280361239367,0.00190280361239367,1.0,0.5039,0.40315,0,1,0.0
02_noise_sweep,53,266304529361227382930507705591152506319,20000,0.0,0.0,depolarizing,0.0,0.5,0.2,,0.11,0.95,20000,9977,1995,7982,0,0,0.0,0.0,1.0842021724855044e-19,0.0019218426772879544,0.0019218426772879544,1.0,0.49885,0.3991,0,1,0.0
02_noise_sweep,54,270513901986214583023913361595112210689,20000,0.0,0.0,depolarizing,0.0,0.5,0.2,,0.11,0.95,20000,9997,1999,7998,0,0,0.0,0.0,1.0842021724855044e-19,0.0019180044450228416,0.0019180044450228416,1.0,0.49985,0.3999,0,1,0.0
02_noise_sweep,55,233269770867943603560423444208586659774,20000,0.0,0.0,depolarizing,0.0,0.5,0.2,,0.11,0.95,20000,10016,2003,8013,0,0,0.0,0.0,0.0,0.0019141815133476112,0.0019141815133476112,1.0,0.5008,0.40065,0,1,0.0
02_noise_sweep,56,5634725036003306879546796291427296547,20000,0.0,0.0,depolarizing,0.0,0.5,0.2,,0.11,0.95,20000,9940,1988,7952,0,0,0.0,0.0,0.0,0.0019285966780551544,0.0019285966780551544,1.0,0.497,0.3976,0,1,0.0
02_noise_sweep,57,124462371103981800759055620840047436634,20000,0.0,0.0,depolarizing,0.0,0.5,0.2,,0.11,0.95,20000,10024,2004,8020,0,0,0.0,0.0,1.0842021724855044e-19,0.0019132281604297605,0.0019132281604297605,1.0,0.5012,0.401,0,1,0.0
02_noise_sweep,58,149634460108410721325303593864435239960,20000,0.0,0.0,depolarizing,0.0,0.5,0.2,,0.11,0.95,20000,10024,2004,8020,0,0,0.0,0.0,1.0842021724855044e-19,0.0019132281604297605,0.0019132281604297605,1.0,0.5012,0.401,0,1,0.0
02_noise_sweep,59,167588890291113618580561075833867584257,20000,0.0,0.0,depolarizing,0.0,0.5,0.2,,0.11,0.95,20000,9988,1997,7991,0,0,0.0,0.0,0.0,0.0019199216428463545,0.0019199216428463545,1.0,0.4994,0.39955,0,1,0.0
02_noise_sweep,60,199130761856803084852839436576456624890,20000,0.0,0.0,depolarizing,0.0,0.5,0.2,,0.11,0.95,20000,10042,2008,8034,0,0,0.0,0.0,0.0,0.0019094242261743224,0.0019094242261743224,1.0,0.5021,0.4017,0,1,0.0
02_noise_sweep,61,271184713654434740977651732927848944427,20000,0.0,0.0,depolarizing,0.0,0.5,0.2,,0.11,0.95,20000,10109,2021,8088,0,0,0.0,0.0,0.0,0.0018971652343247958,0.0018971652343247958,1.0,0.50545,0.4044,0,1,0.0
02_noise_sweep,62,65112985832482024398294124021147051803,20000,0.0,0.0,depolarizing,0.0,0.5,0.2,,0.11,0.95,20000,9952,1990,7962,0,0,0.0,0.0,0.0,0.0019266621243628104,0.0019266621243628104,1.0,0.4976,0.3981,0,1,0.0
02_noise_sweep,63,52483728853257126928455623311037221200,20000,0.0,0.0,depolarizing,0.0,0.5,0.2,,0.11,0.95,20000,10056,2011,8045,0,0,0.0,0.0,1.0842021724855044e-19,0.0019065811872575654,0.0019065811872575654,1.0,0.5028,0.40225,0,1,0.0
02_noise_sweep,64,58159621213688000426951878531403606421,20000,0.0,0.0,depolarizing,0.0,0.5,0.2,,0.11,0.95,20000,9996,1999,7997,0,0,0.0,0.0,1.0842021724855044e-19,0.0019180044450228416,0.0019180044450228416,1.0,0.4998,0.39985,0,1,0.0
02_noise_sweep,65,335530967834886523219988651568975470447,20000,0.0,0.0,depolarizing,0.0,0.5,0.2,,0.11,0.95,20000,10135,2027,8108,0,0,0.0,0.0,0.0,0.0018915601727595474,0.0018915601727595474,1.0,0.50675,0.4054,0,1,0.0
02_noise_sweep,66,8496626240379353101128336832317131800,20000,0.0,0.0,depolarizing,0.0,0.5,0.2,,0.11,0.95,20000,10016,2003,8013,0,0,0.0,0.0,0.0,0.0019141815133476112,0.0019141815133476112,1.0,0.5008,0.40065,0,1,0.0
02_noise_sweep,67,157577691996631619328421372438100336261,20000,0.0,0.0,depolarizing,0.0,0.5,0.2,,0.11,0.95,20000,10018,2003,8015,0,0,0.0,0.0,0.0,0.0019141815133476112,0.0019141815133476112,1.0,0.5009,0.40075,0,1,0.0
02_noise_sweep,68,201297670077538959236522060873393377918,20000,0.0,0.0,depolarizing,0.0,0.5,0.2,,0.11,0.95,20000,9931,1986,7945,0,0,0.0,0.0,0.0,0.0019305351206074554,0.0019305351206074554,1.0,0.49655,0.39725,0,1,0.0
02_noise_sweep,69,292982838518139053112232763730843602718,20000,0.0,0.0,depolarizing,0.0,0.5,0.2,,0.11,0.95,20000,9927,1985,7942,0,0,0.0,0.0,1.0842021724855044e-19,0.0019315058038723507,0.0019315058038723507,1.0,0.49635,0.3971,0,1,0.0
02_noise_sweep,70,215089502481718597933417269960192887355,20000,0.0,0.0,depolarizing,0.0,0.5,0.2,,0.11,0.95,20000,10199,2039,8160,0,0,0.0,0.0,0.0,0.0018804488248988973,0.0018804488248988973,1.0,0.50995,0.408,0,1,0.0
02_noise_sweep,71,287708161073682337772624867461413893815,20000,0.0,0.0,depolarizing,0.0,0.5,0.2,,0.11,0.95,20000,10023,2004,8019,0,0,0.0,0.0,1.0842021724855044e-19,0.0019132281604297605,0.0019132281604297605,1.0,0.50115,0.40095,0,1,0.0
02_noise_sweep,72,41652088835213667937299362790508155280,20000,0.0,0.0,depolarizing,0.0,0.5,0.2,,0.11,0.95,20000,10183,2036,8147,0,0,0.0,0.0,0.0,0.001883214405748479,0.001883214405748479,1.0,0.50915,0.40735,0,1,0.0
02_noise_sweep,73,79032057569931494745678880005442058046,20000,0.0,0.0,depolarizing,0.0,0.5,0.2,,0.11,0.95,20000,10039,2007,8032,0,0,0.0,0.0,0.0,0.0019103737909536827,0.0019103737909536827,1.0,0.50195,0.4016,0,1,0.0
02_noise_sweep,74,339322314665164741906965078194406186736,20000,0.0,0.0,depolarizing,0.0,0.5,0.2,,0.11,0.95,20000,10075,2015,8060,0,0,0.0,0.0,0.0,0.00190280361239367,0.00190280361239367,1.0,0.50375,0.403,0,1,0.0
02_noise_sweep,75,314638825366215636052782565057589716108,20000,0.0,0.0,depolarizing,0.0,0.5,0.2,,0.11,0.95,20000,10145,2029,8116,0,0,0.0,0.0,0.0,0.0018896991715835316,0.0018896991715835316,1.0,0.50725,0.4058,0,1,0.0
02_noise_sweep,76,309647797212290852892165391780851183310,20000,0.0,0.0,depolarizing,0.0,0.5,0.2,,0.11,0.95,20000,10213,2042,8171,0,0,0.0,0.0,0.0,0.0018776913548855816,0.0018776913548855816,1.0,0.51065,0.40855,0,1,0.0
02_noise_sweep,77,294883242224826339425226959892892192961,20000,0.0,0.0,depolarizing,0.0,0.5,0.2,,0.11,0.95,20000,10067,2013,8054,0,0,0.0,0.0,0.0,0.0019046905268103405,0.0019046905268103405,1.0,0.50335,0.4027,0,1,0.0
02_noise_sweep,78,46790730234132817138950861998853128732,20000,0.0,0.0,depolarizing,0.0,0.5,0.2,,0.11,0.95,20000,10065,2013,8052,0,0,0.0,0.0,0.0,0.0019046905268103405,0.0019046905268103405,1.0,0.50325,0.4026,0,1,0.0
02_noise_sweep,79,232772276651233692367988510910263025903,20000,0.0,0.0,depolarizing,0.0,0.5,0.2,,0.11,0.95,20000,9960,1992,7968,0,0,0.0,0.0,1.0842021724855044e-19,0.0019247314478395348,0.0019247314478395348,1.0,0.498,0.3984,0,1,0.0
02_noise_sweep,80,31254417431445258999377438027857160216,20000,0.0,0.0,depolarizing,0.0,0.5,0.2,,0.11,0.95,20000,9948,1989,7959,0,0,0.0,0.0,1.0842021724855044e-19,0.0019276289158332684,0.0019276289158332684,1.0,0.4974,0.39795,0,1,0.0
02_noise_sweep,81,223173210402037922442575207577642600562,20000,0.0,0.0,depolarizing,0.0,0.5,0.2,,0.11,0.95,20000,9981,1996,7985,0,0,0.0,0.0,0.0,0.001920881679770471,0.001920881679770471,1.0,0.49905,0.39925,0,1,0.0
02_noise_sweep,82,225808252019314045403608076313344943627,20000,0.0,0.0,depolarizing,0.0,0.5,0.2,,0.11,0.95,20000,9998,1999,7999,0,0,0.0,0.0,1.0842021724855044e-19,0.0019180044450228416,0.0019180044450228416,1.0,0.4999,0.39995,0,1,0.0
02_noise_sweep,83,145870322863744231917491594416533951203,20000,0.0,0.0,depolarizing,0.0,0.5,0.2,,0.11,0.95,20000,10044,2008,8036,0,0,0.0,0.0,0.0,0.0019094242261743224,0.0019094242261743224,1.0,0.5022,0.4018,0,1,0.0
02_noise_sweep,84,335792318930348026608994605493771888492,20000,0.0,0.0,depolarizing,0.0,0.5,0.2,,0.11,0.95,20000,9946,1989,7957,0,0,0.0,0.0,1.0842021724855044e-19,0.0019276289158332684,0.0019276289158332684,1.0,0.4973,0.39785,0,1,0.0
02_noise_sweep,85,43085176959984525362951215418379279968,20000,0.0,0.0,depolarizing,0.0,0.5,0.2,,0.11,0.95,20000,10149,2029,8120,0,0,0.0,0.0,0.0,0.0018896991715835316,0.0018896991715835316,1.0,0.50745,0.406,0,1,0.0
02_noise_sweep,86,191928726919222577159719421975154422591,20000,0.0,0.0,depolarizing,0.0,0.5,0.2,,0.11,0.95,20000,9872,1974,7898,0,0,0.0,0.0,1.0842021724855044e-19,0.001942248102628321,0.001942248102628321,1.0,0.4936,0.3949,0,1,0.0
02_noise_sweep,87,236544032148218434347836248085911401420,20000,0.0,0.0,depolarizing,0.0,0.5,0.2,,0.11,0.95,20000,10080,2016,8064,0,0,0.0,0.0,1.0842021724855044e-19,0.0019018615564693874,0.0019018615564693874,1.0,0.504,0.4032,0,1,0.0
02_noise_sweep,88,245502861992102206232941272453837338292,20000,0.0,0.0,depolarizing,0.0,0.5,0.2,,0.11,0.95,20000,9923,1984,7939,0,0,0.0,0.0,0.0,0.001932477463757651,0.001932477463757651,1.0,0.49615,0.39695,0,1,0.0
02_noise_sweep,89,226147970085557206515455721108983673647,20000,0.0,0.0,depolarizing,0.0,0.5,0.2,,0.11,0.95,20000,10048,2009,8039,0,0,0.0,0.0,1.0842021724855044e-19,0.0019084756049017391,0.0019084756049017391,1.0,0.5024,0.40195,0,1,0.0
02_noise_sweep,90,105754597932682963607486477594983140594,20000,0.0,0.0,depolarizing,0.0,0.5,0.2,,0.11,0.95,20000,10008,2001,8007,0,0,0.0,0.0,1.0842021724855044e-19,0.001916091072335356,0.001916091072335356,1.0,0.5004,0.40035,0,1,0.0
02_noise_sweep,91,6285612025216302666163671927263997304,20000,0.0,0.0,depolarizing,0.0,0.5,0.2,,0.11,0.95,20000,10029,2005,8024,0,0,0.0,0.0,0.0,0.001912275756668862,0.001912275756668862,1.0,0.50145,0.4012,0,1,0.0
02_noise_sweep,92,40807530766811569807458013076612699790,20000,0.0,0.0,depolarizing,0.0,0.5,0.2,,0.11,0.95,20000,10041,2008,8033,0,0,0.0,0.0,0.0,0.0019094242261743224,0.0019094242261743224,1.0,0.50205,0.40165,0,1,0.0
02_noise_sweep,93,265707276934302623399131577952088117101,20000,0.0,0.0,depolarizing,0.0,0.5,0.2,,0.11,0.95,20000,10058,2011,8047,0,0,0.0,0.0,1.0842021724855044e-19,0.0019065811872575654,0.0019065811872575654,1.0,0.5029,0.40235,0,1,0.0
02_noise_sweep,94,214577764673244728349661988345470213311,20000,0.0,0.0,depolarizing,0.0,0.5,0.2,,0.11,0.95,20000,10030,2006,8024,0,0,0.0,0.0,0.0,0.0019113243006481514,0.0019113243006481514,1.0,0.5015,0.4012,0,1,0.0
02_noise_sweep,95,75634105368853658593587964004070366365,20000,0.0,0.0,depolarizing,0.0,0.5,0.2,,0.11,0.95,20000,9950,1990,7960,0,0,0.0,0.0,0.0,0.0019266621243628104,0.0019266621243628104,1.0,0.4975,0.398,0,1,0.0
02_noise_sweep,96,291605584601065609314209412151422355584,20000,0.0,0.0,depolarizing,0.0,0.5,0.2,,0.11,0.95,20000,10093,2018,8075,0,0,0.0,0.0,0.0,0.0018999802402581956,0.0018999802402581956,1.0,0.50465,0.40375,0,1,0.0
02_noise_sweep,97,294425705736986323824978072944834606696,20000,0.0,0.0,depolarizing,0.0,0.5,0.2,,0.11,0.95,20000,9889,1977,7912,0,0,0.0,0.0,0.0,0.0019393065525704209,0.0019393065525704209,1.0,0.49445,0.3956,0,1,0.0
02_noise_sweep,98,30841320853100654450741312515923056772,20000,0.0,0.0,depolarizing,0.0,0.5,0.2,,0.11,0.95,20000,9980,1996,7984,0,0,0.0,0.0,0.0,0.001920881679770471,0.001920881679770471,1.0,0.499,0.3992,0,1,0.0
02_noise_sweep,99,316341932350554652090517618303414016014,20000,0.0,0.0,depolarizing,0.0,0.5,0.2,,0.11,0.95,20000,9972,1994,7978,0,0,0.0,0.0,0.0,0.0019228046368412529,0.0019228046368412529,1.0,0.4986,0.3989,0,1,0.0
02_noise_sweep,100,337191070599616023121533408222769934201,20000,0.0,0.0,depolarizing,0.0,0.5,0.2,,0.11,0.95,20000,9936,1987,7949,0,0,0.0,0.0,0.0,0.0019295654124912949,0.0019295654124912949,1.0,0.4968,0.39745,0,1,0.0
02_noise_sweep,101,219590915994986474785265861681847588016,20000,0.0,0.0,depolarizing,0.0,0.5,0.2,,0.11,0.95,20000,10072,2014,8058,0,0,0.0,0.0,1.0842021724855044e-19,0.0019037466020443562,0.0019037466020443562,1.0,0.5036,0.4029,0,1,0.0
02_noise_sweep,102,226076924340717350663098938576127767733,20000,0.0,0.0,depolarizing,0.0,0.5,0.2,,0.11,0.95,20000,10028,2005,8023,0,0,0.0,0.0,0.0,0.001912275756668862,0.001912275756668862,1.0,0.5014,0.40115,0,1,0.0
02_noise_sweep,103,195560804747870508318974015891229403216,20000,0.0,0.0,depolarizing,0.0,0.5,0.2,,0.11,0.95,20000,10091,2018,8073,0,0,0.0,0.0,0.0,0.0018999802402581956,0.0018999802402581956,1.0,0.50455,0.40365,0,1,0.0
02_noise_sweep,104,259500791678904624248229035563787802501,20000,0.0,0.0,depolarizing,0.0,0.5,0.2,,0.11,0.95,20000,10024,2004,8020,0,0,0.0,0.0,1.0842021724855044e-19,0.0019132281604297605,0.0019132281604297605,1.0,0.5012,0.401,0,1,0.0
02_noise_sweep,105,31914230671165951164405987935992069418,20000,0.0,0.0,depolarizing,0.0,0.5,0.2,,0.11,0.95,20000,9929,1985,7944,0,0,0.0,0.0,1.0842021724855044e-19,0.0019315058038723507,0.0019315058038723507,1.0,0.49645,0.3972,0,1,0.0
02_noise_sweep,106,8624527759697782695138931132542597564,20000,0.0,0.0,depolarizing,0.0,0.5,0.2,,0.11,0.95,20000,9964,1992,7972,0,0,0.0,0.0,1.0842021724855044e-19,0.0019247314478395348,0.0019247314478395348,1.0,0.4982,0.3986,0,1,0.0
02_noise_sweep,107,319955352385834339714467640619775371348,20000,0.0,0.0,depolarizing,0.0,0.5,0.2,,0.11,0.95,20000,10001,2000,8001,0,0,0.0,0.0,1.0842021724855044e-19,0.0019170472812529331,0.0019170472812529331,1.0,0.50005,0.40005,0,1,0.0
02_noise_sweep,108,196656798967897451793825576657319926531,20000,0.0,0.0,depolarizing,0.0,0.5,0.2,,0.11,0.95,20000,9911,1982,7929,0,0,0.0,0.0,0.0,0.0019344237192909656,0.0019344237192909656,1.0,0.49555,0.39645,0,1,0.0
02_noise_sweep,109,208465030855440612962643378737204083026,20000,0.0,0.0,depolarizing,0.0,0.5,0.2,,0.11,0.95,20000,9938,1987,7951,0,0,0.0,0.0,0.0,0.0019295654124912949,0.0019295654124912949,1.0,0.4969,0.39755,0,1,0.0
02_noise_sweep,110,15843079555010666917659154284147726426,20000,0.0,0.0,depolarizing,0.0,0.5,0.2,,0.11,0.95,20000,9905,1981,7924,0,0,0.0,0.0,1.0842021724855044e-19,0.001935398317897163,0.001935398317897163,1.0,0.49525,0.3962,0,1,0.0
02_noise_sweep,111,134272839564299803809818841602559056945,20000,0.0,0.0,depolarizing,0.0,0.5,0.2,,0.11,0.95,20000,10098,2019,8079,0,0,0.0,0.0,0.0,0.0018990409772072173,0.0018990409772072173,1.0,0.5049,0.40395,0,1,0.0
02_noise_sweep,112,29898166145261982962241277305283503239,20000,0.0,0.0,depolarizing,0.0,0.5,0.2,,0.11,0.95,20000,10115,2023,8092,0,0,0.0,0.0,0.0,0.0018952931932472183,0.0018952931932472183,1.0,0.50575,0.4046,0,1,0.0
02_noise_sweep,113,74923486185310549899306293147313272568,20000,0.0,0.0,depolarizing,0.0,0.5,0.2,,0.11,0.95,20000,9932,1986,7946,0,0,0.0,0.0,0.0,0.0019305351206074554,0.0019305351206074554,1.0,0.4966,0.3973,0,1,0.0
02_noise_sweep,114,18144656865085227155085358636581857583,20000,0.0,0.0,depolarizing,0.0,0.5,0.2,,0.11,0.95,20000,9965,1993,7972,0,0,0.0,0.0,0.0,0.001923767559875702,0.001923767559875702,1.0,0.49825,0.3986,0,1,0.0
02_noise_sweep,115,336707901852589049433570532888275847475,20000,0.0,0.0,depolarizing,0.0,0.5,0.2,,0.11,0.95,20000,10023,2004,8019,0,0,0.0,0.0,1.0842021724855044e-19,0.0019132281604297605,0.0019132281604297605,1.0,0.50115,0.40095,0,1,0.0
02_noise_sweep,116,78214766006854764714752920352235451583,20000,0.0,0.0,depolarizing,0.0,0.5,0.2,,0.11,0.95,20000,10069,2013,8056,0,0,0.0,0.0,0.0,0.0019046905268103405,0.0019046905268103405,1.0,0.50345,0.4028,0,1,0.0
02_noise_sweep,117,245644026197278196921253419317492063672,20000,0.0,0.0,depolarizing,0.0,0.5,0.2,,0.11,0.95,20000,10102,2020,8082,0,0,0.0,0.0,0.0,0.0018981026423544893,0.0018981026423544893,1.0,0.5051,0.4041,0,1,0.0
02_noise_sweep,118,223168896683278668871155115005351506779,20000,0.0,0.0,depolarizing,0.0,0.5,0.2,,0.11,0.95,20000,9987,1997,7990,0,0,0.0,0.0,0.0,0.0019199216428463545,0.0019199216428463545,1.0,0.49935,0.3995,0,1,0.0
02_noise_sweep,119,262788953157626607936844578561166911574,20000,0.0,0.0,depolarizing,0.0,0.5,0.2,,0.11,0.95,20000,9973,1994,7979,0,0,0.0,0.0,0.0,0.0019228046368412529,0.0019228046368412529,1.0,0.49865,0.39895,0,1,0.0
02_noise_sweep,120,302489252392040676152160993748559161108,20000,0.0,0.0,depolarizing,0.0,0.5,0.2,,0.11,0.95,20000,9995,1999,7996,0,0,0.0,0.0,1.0842021724855044e-19,0.0019180044450228416,0.0019180044450228416,1.0,0.49975,0.3998,0,1,0.0
02_noise_sweep,121,209495993527137691068474499194872905835,20000,0.0,0.0,depolarizing,0.0,0.5,0.2,,0.11,0.95,20000,9957,1991,7966,0,0,0.0,0.0,0.0,0.0019256963021838883,0.0019256963021838883,1.0,0.49785,0.3983,0,1,0.0
02_noise_sweep,122,215453124789319030385890204104737512687,20000,0.0,0.0,depolarizing,0.0,0.5,0.2,,0.11,0.95,20000,10005,2001,8004,0,0,0.0,0.0,1.0842021724855044e-19,0.001916091072335356,0.001916091072335356,1.0,0.50025,0.4002,0,1,0.0
02_noise_sweep,123,665034149129156915654170380037547827,20000,0.0,0.0,depolarizing,0.0,0.5,0.2,,0.11,0.95,20000,9935,1987,7948,0,0,0.0,0.0,0.0,0.0019295654124912949,0.0019295654124912949,1.0,0.49675,0.3974,0,1,0.0
02_noise_sweep,124,262844031108450101931365562000782785071,20000,0.0,0.0,depolarizing,0.0,0.5,0.2,,0.11,0.95,20000,10000,2000,8000,0,0,0.0,0.0,1.0842021724855044e-19,0.0019170472812529331,0.0019170472812529331,1.0,0.5,0.4,0,1,0.0
02_noise_sweep,125,264082653829431289280657430747531542755,20000,0.0,0.0,depolarizing,0.0,0.5,0.2,,0.11,0.95,20000,9933,1986,7947,0,0,0.0,0.0,0.0,0.0019305351206074554,0.0019305351206074554,1.0,0.49665,0.39735,0,1,0.0
02_noise_sweep,126,201644006821686192949845364669219957905,20000,0.0,0.0,depolarizing,0.0,0.5,0.2,,0.11,0.95,20000,9919,1983,7936,0,0,0.0,0.0,1.0842021724855044e-19,0.001933450101737988,0.001933450101737988,1.0,0.49595,0.3968,0,1,0.0
02_noise_sweep,127,140343545989422446037270135942948285828,20000,0.0,0.0,depolarizing,0.0,0.5,0.2,,0.11,0.95,20000,10079,2015,8064,0,0,0.0,0.0,0.0,0.00190280361239367,0.00190280361239367,1.0,0.50395,0.4032,0,1,0.0
02_noise_sweep,128,306111962109090026303830915597883480851,20000,0.0,0.0,depolarizing,0.0,0.5,0.2,,0.11,0.95,20000,10015,2003,8012,0,0,0.0,0.0,0.0,0.0019141815133476112,0.0019141815133476112,1.0,0.50075,0.4006,0,1,0.0
02_noise_sweep,129,268549364690441978424682234837901754045,20000,0.0,0.0,depolarizing,0.0,0.5,0.2,,0.11,0.95,20000,9965,1993,7972,0,0,0.0,0.0,0.0,0.001923767559875702,0.001923767559875702,1.0,0.49825,0.3986,0,1,0.0
02_noise_sweep,130,166389489486304776448277537090841384922,20000,0.0,0.0,depolarizing,0.0,0.5,0.2,,0.11,0.95,20000,10149,2029,8120,0,0,0.0,0.0,0.0,0.0018896991715835316,0.0018896991715835316,1.0,0.50745,0.406,0,1,0.0
02_noise_sweep,131,65167274402715862007305931239845485420,20000,0.0,0.0,depolarizing,0.0,0.5,0.2,,0.11,0.95,20000,9934,1986,7948,0,0,0.0,0.0,0.0,0.0019305351206074554,0.0019305351206074554,1.0,0.4967,0.3974,0,1,0.0
02_noise_sweep,132,64580239040786921382273702353235377811,20000,0.0,0.0,depolarizing,0.0,0.5,0.2,,0.11,0.95,20000,10051,2010,8041,0,0,0.0,0.0,1.0842021724855044e-19,0.0019075279257304012,0.0019075279257304012,1.0,0.50255,0.40205,0,1,0.0
02_noise_sweep,133,114815248962627696247485553873763893808,20000,0.0,0.0,depolarizing,0.0,0.5,0.2,,0.11,0.95,20000,10058,2011,8047,0,0,0.0,0.0,1.0842021724855044e-19,0.0019065811872575654,0.0019065811872575654,1.0,0.5029,0.40235,0,1,0.0
02_noise_sweep,134,97856134420009145502936159486405706034,20000,0.0,0.0,depolarizing,0.0,0.5,0.2,,0.11,0.95,20000,9966,1993,7973,0,0,0.0,0.0,0.0,0.001923767559875702,0.001923767559875702,1.0,0.4983,0.39865,0,1,0.0
02_noise_sweep,135,253484781370859276252990977312087414271,20000,0.0,0.0,depolarizing,0.0,0.5,0.2,,0.11,0.95,20000,9906,1981,7925,0,0,0.0,0.0,1.0842021724855044e-19,0.001935398317897163,0.001935398317897163,1.0,0.4953,0.39625,0,1,0.0
02_noise_sweep,136,202153606631007716952272699418698033934,20000,0.0,0.0,depolarizing,0.0,0.5,0.2,,0.11,0.95,20000,10075,2015,8060,0,0,0.0,0.0,0.0,0.00190280361239367,0.00190280361239367,1.0,0.50375,0.403,0,1,0.0
02_noise_sweep,137,28305972952714757823452540824928339952,20000,0.0,0.0,depolarizing,0.0,0.5,0.2,,0.11,0.95,20000,9932,1986,7946,0,0,0.0,0.0,0.0,0.0019305351206074554,0.0019305351206074554,1.0,0.4966,0.3973,0,1,0.0
02_noise_sweep,138,137089855933933262012826739294972976412,20000,0.0,0.0,depolarizing,0.0,0.5,0.2,,0.11,0.95,20000,9953,1990,7963,0,0,0.0,0.0,0.0,0.0019266621243628104,0.0019266621243628104,1.0,0.49765,0.39815,0,1,0.0
02_noise_sweep,139,298384073177611265665024490621582891752,20000,0.0,0.0,depolarizing,0.0,0.5,0.2,,0.11,0.95,20000,10101,2020,8081,0,0,0.0,0.0,0.0,0.0018981026423544893,0.0018981026423544893,1.0,0.50505,0.40405,0,1,0.0
02_noise_sweep,140,117733772184697632099194642826800819569,20000,0.0,0.0,depolarizing,0.0,0.5,0.2,,0.11,0.95,20000,9986,1997,7989,0,0,0.0,0.0,0.0,0.0019199216428463545,0.0019199216428463545,1.0,0.4993,0.39945,0,1,0.0
02_noise_sweep,141,316023142462067449725042980006609569532,20000,0.0,0.0,depolarizing,0.0,0.5,0.2,,0.11,0.95,20000,10023,2004,8019,0,0,0.0,0.0,1.0842021724855044e-19,0.0019132281604297605,0.0019132281604297605,1.0,0.50115,0.40095,0,1,0.0
02_noise_sweep,142,127094813021597059133308642064363242144,20000,0.0,0.0,depolarizing,0.0,0.5,0.2,,0.11,0.95,20000,10007,2001,8006,0,0,0.0,0.0,1.0842021724855044e-19,0.001916091072335356,0.001916091072335356,1.0,0.50035,0.4003,0,1,0.0
02_noise_sweep,143,19368920845680680098560901562604046803,20000,0.0,0.0,depolarizing,0.0,0.5,0.2,,0.11,0.95,20000,10004,2000,8004,0,0,0.0,0.0,1.0842021724855044e-19,0.0019170472812529331,0.0019170472812529331,1.0,0.5002,0.4002,0,1,0.0
02_noise_sweep,144,160052380887026508745834587862715403754,20000,0.0,0.0,depolarizing,0.0,0.5,0.2,,0.11,0.95,20000,10014,2002,8012,0,0,0.0,0.0,1.0842021724855044e-19,0.0019151358168420021,0.0019151358168420021,1.0,0.5007,0.4006,0,1,0.0
02_noise_sweep,145,287226030874347472305690394880330550455,20000,0.0,0.0,depolarizing,0.0,0.5,0.2,,0.11,0.95,20000,10071,2014,8057,0,0,0.0,0.0,1.0842021724855044e-19,0.0019037466020443562,0.0019037466020443562,1.0,0.50355,0.40285,0,1,0.0
02_noise_sweep,146,234681441148830411364962203021495369137,20000,0.0,0.0,depolarizing,0.0,0.5,0.2,,0.11,0.95,20000,9953,1990,7963,0,0,0.0,0.0,0.0,0.0019266621243628104,0.0019266621243628104,1.0,0.49765,0.39815,0,1,0.0
02_noise_sweep,147,77911261760512838657975191290427294399,20000,0.0,0.0,depolarizing,0.0,0.5,0.2,,0.11,0.95,20000,9998,1999,7999,0,0,0.0,0.0,1.0842021724855044e-19,0.0019180044450228416,0.0019180044450228416,1.0,0.4999,0.39995,0,1,0.0
02_noise_sweep,148,87037549480517018064709880473799577670,20000,0.0,0.0,depolarizing,0.0,0.5,0.2,,0.11,0.95,20000,9878,1975,7903,0,0,0.0,0.0,0.0,0.001941266594941603,0.001941266594941603,1.0,0.4939,0.39515,0,1,0.0
02_noise_sweep,149,56157239586415963620116596721055044573,20000,0.0,0.0,depolarizing,0.0,0.5,0.2,,0.11,0.95,20000,9891,1978,7913,0,0,0.0,0.0,1.0842021724855044e-19,0.0019383280148857138,0.0019383280148857138,1.0,0.49455,0.39565,0,1,0.0
02_noise_sweep,0,243279060902857829489377421605245588079,20000,0.0,0.02,depolarizing,0.0,0.5,0.2,,0.11,0.95,20000,9960,1992,7968,90,20,0.009036144578313253,0.010040160642570281,0.006508839536555308,0.015457563970564562,0.008948724434009254,1.0,0.498,0.3984,1,1,0.01
02_noise_sweep,1,280158389319198968876194478468664911050,20000,0.0,0.02,depolarizing,0.0,0.5,0.2,,0.11,0.95,20000,10018,2003,8015,99,20,0.00988221201836694,0.00998502246630055,0.006473044771243981,0.015372955383874025,0.008899910612630044,1.0,0.5009,0.40075,1,1,0.01
02_noise_sweep,2,325852635432861911482231039114510237365,20000,0.0,0.02,depolarizing,0.0,0.5,0.2,,0.11,0.95,20000,10028,2005,8023,92,13,0.009174311926605505,0.006483790523690773,0.003793104247056161,0.0110619549661347,0.00726885071907854,1.0,0.5014,0.40115,1,1,0.01
02_noise_sweep,3,56480216050539752460210937139886452733,20000,0.0,0.02,depolarizing,0.0,0.5,0.2,,0.11,0.95,20000,9873,1974,7899,114,29,0.011546642357945914,0.014690982776089158,0.010248146230230695,0.02101900035773073,0.010770854127500035,1.0,0.49365,0.39495,1,1,0.01
02_noise_sweep,4,240618105150477881112248764438607680643,20000,0.0,0.02,depolarizing,0.0,0.5,0.2,,0.11,0.95,20000,9974,1994,7980,104,21,0.010427110487266893,0.01053159478435306,0.006898613138187359,0.01604688066879064,0.009148267530603282,1.0,0.4987,0.399,1,1,0.01
02_noise_sweep,5,143885148421451231083925718840025740929,20000,0.0,0.02,depolarizing,0.0,0.5,0.2,,0.11,0.95,20000,9951,1990,7961,95,21,0.009546779218169028,0.010552763819095477,0.006912499843886979,0.016079026697951585,0.009166526854064605,1.0,0.49755,0.39805,1,1,0.01
02_noise_sweep,6,235547062026416154592201188897149571869,20000,0.0,0.02,depolarizing,0.0,0.5,0.2,,0.11,0.95,20000,9970,1994,7976,87,21,0.00872617853560682,0.01053159478435306,0.006898613138187359,0.01604688066879064,0.009148267530603282,1.0,0.4985,0.3988,1,1,0.01
02_noise_sweep,7,299794865024473308721769785486404853660,20000,0.0,0.02,depolarizing,0.0,0.5,0.2,,0.11,0.95,20000,9928,1985,7943,104,19,0.010475423045930701,0.009571788413098237,0.006136324423297168,0.014901782277024982,0.008765457853727815,1.0,0.4964,0.39715,1,1,0.01
02_noise_sweep,8,195960729208477811203492430362831035888,20000,0.0,0.02,depolarizing,0.0,0.5,0.2,,0.11,0.95,20000,10005,2001,8004,96,24,0.009595202398800599,0.01199400299850075,0.008073111287854998,0.017785022577347872,0.009711911289492874,1.0,0.50025,0.4002,1,1,0.01
02_noise_sweep,9,339939174423727009445929233255151458414,20000,0.0,0.02,depolarizing,0.0,0.5,0.2,,0.11,0.95,20000,10024,2004,8020,101,26,0.01007581803671189,0.012974051896207584,0.008869127339974987,0.018942559969984535,0.010073432630009548,1.0,0.5012,0.401,1,1,0.01
02_noise_sweep,10,263665148371017196857617822938739684049,20000,0.0,0.02,depolarizing,0.0,0.5,0.2,,0.11,0.95,20000,10145,2029,8116,105,23,0.010349926071956629,0.011335633316904879,0.007565360071559512,0.016952763860057115,0.009387403788497603,1.0,0.50725,0.4058,1,1,0.01
02_noise_sweep,11,156295158827091600387456826762223103984,20000,0.0,0.02,depolarizing,0.0,0.5,0.2,,0.11,0.95,20000,10051,2010,8041,103,19,0.0102477365436275,0.00945273631840796,0.00605990006789365,0.014717037777648812,0.008657137709755163,1.0,0.50255,0.40205,1,1,0.01
02_noise_sweep,12,149901835027314508956968707799791789850,20000,0.0,0.02,depolarizing,0.0,0.5,0.2,,0.11,0.95,20000,10052,2010,8042,95,17,0.009450855551134103,0.00845771144278607,0.005287298631580891,0.013503385538191883,0.008216086906610992,1.0,0.5026,0.4021,1,1,0.01
02_noise_sweep,13,112737612522151281794231308424534231034,20000,0.0,0.02,depolarizing,0.0,0.5,0.2,,0.11,0.95,20000,10122,2024,8098,113,26,0.011163801620233156,0.012845849802371542,0.008781341578927009,0.01875604729227653,0.009974705713349522,1.0,0.5061,0.4049,1,1,0.01
02_noise_sweep,14,93835372503838598984828034491047669609,20000,0.0,0.02,depolarizing,0.0,0.5,0.2,,0.11,0.95,20000,9954,1990,7964,115,25,0.01155314446453687,0.01256281407035176,0.008523770183753637,0.01848011148522317,0.009956341301469534,1.0,0.4977,0.3982,1,1,0.01
02_noise_sweep,15,12067516028432458276899775514743561307,20000,0.0,0.02,depolarizing,0.0,0.5,0.2,,0.11,0.95,20000,9999,1999,8000,85,16,0.008500850085008501,0.0080040020010005,0.004932766140840927,0.012962538883351131,0.008029772742510204,1.0,0.49995,0.4,1,1,0.01
02_noise_sweep,16,236030714666957451886399520615943779051,20000,0.0,0.02,depolarizing,0.0,0.5,0.2,,0.11,0.95,20000,10042,2008,8034,112,26,0.011153156741684923,0.012948207171314742,0.008851430054216517,0.01890496127367042,0.010053531219453904,1.0,0.5021,0.4017,1,1,0.01
02_noise_sweep,17,203498909849177566842319449697764697178,20000,0.0,0.02,depolarizing,0.0,0.5,0.2,,0.11,0.95,20000,10006,2001,8005,74,15,0.007395562662402559,0.0074962518740629685,0.00454810083809166,0.012331766979785894,0.007783666141694234,1.0,0.5003,0.40025,1,1,0.01
02_noise_sweep,18,127515677947613048776329430287446057114,20000,0.0,0.02,depolarizing,0.0,0.5,0.2,,0.11,0.95,20000,10050,2010,8040,100,23,0.009950248756218905,0.011442786069651741,0.007636983368437551,0.017112461828644294,0.009475478460206743,1.0,0.5025,0.402,1,1,0.01
02_noise_sweep,19,183435139827837954349270105828711490811,20000,0.0,0.02,depolarizing,0.0,0.5,0.2,,0.11,0.95,20000,9975,1995,7980,94,19,0.009423558897243108,0.009523809523809525,0.006105524523520829,0.01482733067419974,0.008721806150678912,1.0,0.49875,0.399,1,1,0.01
02_noise_sweep,20,256904604683648699810141326772159261334,20000,0.0,0.02,depolarizing,0.0,0.5,0.2,,0.11,0.95,20000,10002,2000,8002,86,16,0.008598280343931213,0.008,0.004930296853215927,0.012956077671536956,0.008025780818321029,1.0,0.5001,0.4001,1,1,0.01
02_noise_sweep,21,145006711167255253047838698620490597683,20000,0.0,0.02,depolarizing,0.0,0.5,0.2,,0.11,0.95,20000,10017,2003,8014,98,17,0.009783368273934312,0.008487269096355467,0.005305799222062677,0.01355042813678977,0.008244628914727093,1.0,0.50085,0.4007,1,1,0.01
02_noise_sweep,22,201118547372308270892158844467838633932,20000,0.0,0.02,depolarizing,0.0,0.5,0.2,,0.11,0.95,20000,10100,2020,8080,82,19,0.008118811881188119,0.009405940594059406,0.0060298607048302165,0.014644416244252258,0.008614555539422041,1.0,0.505,0.404,1,1,0.01
02_noise_sweep,23,21680710632791723788326711778106283136,20000,0.0,0.02,depolarizing,0.0,0.5,0.2,,0.11,0.95,20000,9984,1996,7988,96,15,0.009615384615384616,0.00751503006012024,0.004559506663929234,0.0123625641689509,0.0078030575050216655,1.0,0.4992,0.3994,1,1,0.01
02_noise_sweep,24,330557528654912884634536177182797789026,20000,0.0,0.02,depolarizing,0.0,0.5,0.2,,0.11,0.95,20000,9940,1988,7952,104,19,0.010462776659959759,0.009557344064386318,0.006127051874232331,0.014879368408568246,0.008752316534335915,1.0,0.497,0.3976,1,1,0.01
02_noise_sweep,25,24197959345783565841194977545036414472,20000,0.0,0.02,depolarizing,0.0,0.5,0.2,,0.11,0.95,20000,9967,1993,7974,93,17,0.009330791612320657,0.008529854490717512,0.005332454355771375,0.013618203270819945,0.00828574891504857,1.0,0.49835,0.3987,1,1,0.01
02_noise_sweep,26,189576973306709288669483578916598524257,20000,0.0,0.02,depolarizing,0.0,0.5,0.2,,0.11,0.95,20000,9935,1987,7948,110,22,0.011071967790639155,0.011071967790639155,0.007323096744032819,0.016707676077542716,0.009384579333509897,1.0,0.49675,0.3974,1,1,0.01
02_noise_sweep,27,180339056172357368720619497035247195249,20000,0.0,0.02,depolarizing,0.0,0.5,0.2,,0.11,0.95,20000,9999,1999,8000,106,24,0.0106010601060106,0.01200600300150075,0.008081201315668973,0.017802753998107695,0.009721552682438721,1.0,0.49995,0.4,1,1,0.01
02_noise_sweep,28,337729491258758695239351340461669396675,20000,0.0,0.02,depolarizing,0.0,0.5,0.2,,0.11,0.95,20000,9903,1980,7923,84,13,0.008482278097546198,0.0065656565656565654,0.0038410453737450917,0.011201214524600591,0.0073601691508555,1.0,0.49515,0.39615,1,1,0.01
02_noise_sweep,29,54074079310028278042506802044217661483,20000,0.0,0.02,depolarizing,0.0,0.5,0.2,,0.11,0.95,20000,10015,2003,8012,101,29,0.010084872690963555,0.014478282576135796,0.01009950046775349,0.020715818076161192,0.010616317608407703,1.0,0.50075,0.4006,1,1,0.01
02_noise_sweep,30,302068158991110262475587913397976847435,20000,0.0,0.02,depolarizing,0.0,0.5,0.2,,0.11,0.95,20000,9972,1994,7978,96,16,0.009626955475330927,0.00802407221664995,0.004945149773698869,0.01299494184991324,0.008049792076214372,1.0,0.4986,0.3989,1,1,0.01
02_noise_sweep,31,93351420077632843252486788295175114997,20000,0.0,0.02,depolarizing,0.0,0.5,0.2,,0.11,0.95,20000,9969,1993,7976,99,18,0.009930785434848028,0.009031610637230306,0.005720547442261376,0.014231691952960271,0.008511144510698895,1.0,0.49845,0.3988,1,1,0.01
02_noise_sweep,32,188804808872221702229138171021195847000,20000,0.0,0.02,depolarizing,0.0,0.5,0.2,,0.11,0.95,20000,9952,1990,7962,104,25,0.01045016077170418,0.01256281407035176,0.008523770183753637,0.01848011148522317,0.009956341301469534,1.0,0.4976,0.3981,1,1,0.01
02_noise_sweep,33,333859652621658264603032537345236612961,20000,0.0,0.02,depolarizing,0.0,0.5,0.2,,0.11,0.95,20000,9935,1987,7948,96,15,0.009662808253648717,0.00754906894816306,0.0045801819674792165,0.012418388496660424,0.007838206529181206,1.0,0.49675,0.3974,1,1,0.01
02_noise_sweep,34,296241284959186637756092556545979917489,20000,0.0,0.02,depolarizing,0.0,0.5,0.2,,0.11,0.95,20000,9818,1963,7855,121,20,0.012324302301894479,0.010188487009679063,0.006605133227335596,0.01568515286770187,0.009080019640366274,1.0,0.4909,0.39275,1,1,0.01
02_noise_sweep,35,163344476487918402165473273172888762209,20000,0.0,0.02,depolarizing,0.0,0.5,0.2,,0.11,0.95,20000,10049,2009,8040,95,15,0.009453676982784357,0.007466401194624191,0.004529969737857208,0.012282809367220215,0.007752839629363007,1.0,0.50245,0.402,1,1,0.01
02_noise_sweep,36,112788370243594251007976725325449534654,20000,0.0,0.02,depolarizing,0.0,0.5,0.2,,0.11,0.95,20000,10127,2025,8102,112,18,0.011059543793818506,0.008888888888888889,0.005630033634631817,0.014007508100074647,0.00837747446544283,1.0,0.50635,0.4051,1,1,0.01
02_noise_sweep,37,55839172351399133627154106009810564845,20000,0.0,0.02,depolarizing,0.0,0.5,0.2,,0.11,0.95,20000,9952,1990,7962,90,16,0.009043408360128617,0.008040201005025126,0.00495510153822107,0.0130209810946947,0.008065879556473629,1.0,0.4976,0.3981,1,1,0.01
02_noise_sweep,38,296748761212507931938414888891847377519,20000,0.0,0.02,depolarizing,0.0,0.5,0.2,,0.11,0.95,20000,9952,1990,7962,99,24,0.009947749196141479,0.012060301507537688,0.008117807998430884,0.01788298488876136,0.009765176890330476,1.0,0.4976,0.3981,1,1,0.01
02_noise_sweep,39,300905839362703923118633219441942866618,20000,0.0,0.02,depolarizing,0.0,0.5,0.2,,0.11,0.95,20000,9886,1977,7909,87,18,0.008800323690066761,0.009104704097116844,0.005766904583334798,0.014346496538839803,0.008579591955505006,1.0,0.4943,0.39545,1,1,0.01
02_noise_sweep,40,63791428870200418207476374020087845075,20000,0.0,0.02,depolarizing,0.0,0.5,0.2,,0.11,0.95,20000,10001,2000,8001,109,24,0.0108989101089891,0.012,0.008077154276022637,0.017793883870480226,0.00971672959445759,1.0,0.50005,0.40005,1,1,0.01
02_noise_sweep,41,77700189787745294832985752052511454178,20000,0.0,0.02,depolarizing,0.0,0.5,0.2,,0.11,0.95,20000,9898,1979,7919,88,13,0.008890684986866033,0.006568974229408792,0.0038429882382455603,0.011206857874233091,0.00736386963598753,1.0,0.4949,0.39595,1,1,0.01
02_noise_sweep,42,159247739585636382042663816539706740572,20000,0.0,0.02,depolarizing,0.0,0.5,0.2,,0.11,0.95,20000,9912,1982,7930,97,18,0.009786117836965294,0.009081735620585268,0.005752337472049185,0.014310421638818741,0.008558084166769557,1.0,0.4956,0.3965,1,1,0.01
02_noise_sweep,43,290846459825952503541366683643192937563,20000,0.0,0.02,depolarizing,0.0,0.5,0.2,,0.11,0.95,20000,10068,2013,8055,94,20,0.009336511720301947,0.009935419771485345,0.006440844017646696,0.01529683825229707,0.008855994234650374,1.0,0.5034,0.40275,1,1,0.01
02_noise_sweep,44,292043578896919889997477676071947386099,20000,0.0,0.02,depolarizing,0.0,0.5,0.2,,0.11,0.95,20000,9948,1989,7959,102,20,0.010253317249698432,0.010055304172951232,0.0065186705552335664,0.01548080091633961,0.008962130361106043,1.0,0.4974,0.39795,1,1,0.01
02_noise_sweep,45,156986507729551141539973278773499561621,20000,0.0,0.02,depolarizing,0.0,0.5,0.2,,0.11,0.95,20000,10060,2012,8048,112,17,0.011133200795228629,0.008449304174950299,0.005282036422246595,0.013490004729656342,0.008207968307409746,1.0,0.503,0.4024,1,1,0.01
02_noise_sweep,46,280335137806210786054655557409347003829,20000,0.0,0.02,depolarizing,0.0,0.5,0.2,,0.11,0.95,20000,9982,1996,7986,85,12,0.00851532758966139,0.006012024048096192,0.0034424858054527773,0.010479347196805424,0.007036861391352647,1.0,0.4991,0.3993,1,1,0.01
02_noise_sweep,47,38344528996735892131882938911914559474,20000,0.0,0.02,depolarizing,0.0,0.5,0.2,,0.11,0.95,20000,9942,1988,7954,94,28,0.009454838060752363,0.014084507042253521,0.00976246213543906,0.020280821960135663,0.010518359824696602,1.0,0.4971,0.3977,1,1,0.01
02_noise_sweep,48,249262910527623039163095390317522474711,20000,0.0,0.02,depolarizing,0.0,0.5,0.2,,0.11,0.95,20000,9937,1987,7950,95,20,0.009560229445506692,0.010065425264217413,0.006525241083118968,0.015496331064903453,0.008971089981784485,1.0,0.49685,0.3975,1,1,0.01
02_noise_sweep,49,201107826447845035182444421999890982133,20000,0.0,0.02,depolarizing,0.0,0.5,0.2,,0.11,0.95,20000,10005,2001,8004,101,22,0.010094952523738132,0.010994502748625687,0.00727178408053726,0.01659117955192665,0.00931939547138939,1.0,0.50025,0.4002,1,1,0.01
02_noise_sweep,50,57986712404407344112870808252171417394,20000,0.0,0.02,depolarizing,0.0,0.5,0.2,,0.11,0.95,20000,10082,2016,8066,98,20,0.009720293592541162,0.00992063492063492,0.006431246171061937,0.015274149878334642,0.008842903707272705,1.0,0.5041,0.4033,1,1,0.01
02_noise_sweep,51,81509666464474167216468558442161091158,20000,0.0,0.02,depolarizing,0.0,0.5,0.2,,0.11,0.95,20000,9924,1984,7940,95,18,0.009572752922208787,0.009072580645161291,0.005746531212719845,0.014296042426090595,0.00854951121337075,1.0,0.4962,0.397,1,1,0.01
02_noise_sweep,52,12559768957935687645874546689320545703,20000,0.0,0.02,depolarizing,0.0,0.5,0.2,,0.11,0.95,20000,9900,1980,7920,110,20,0.011111111111111112,0.010101010101010102,0.0065483426094289756,0.015550932827004309,0.009002590217575334,1.0,0.495,0.396,1,1,0.01
02_noise_sweep,53,139454476039579604212982618295342505193,20000,0.0,0.02,depolarizing,0.0,0.5,0.2,,0.11,0.95,20000,9979,1995,7984,89,16,0.008918729331596353,0.008020050125313283,0.0049426680753855085,0.012988448303319383,0.008045780227933876,1.0,0.49895,0.3992,1,1,0.01
02_noise_sweep,54,148593194474843687909248773881006939077,20000,0.0,0.02,depolarizing,0.0,0.5,0.2,,0.11,0.95,20000,9964,1992,7972,102,28,0.010236852669610599,0.014056224899598393,0.00974282377869612,0.02024024855213588,0.010497424773439762,1.0,0.4982,0.3986,1,1,0.01
02_noise_sweep,55,175168823714882287423200628600359587609,20000,0.0,0.02,depolarizing,0.0,0.5,0.2,,0.11,0.95,20000,10050,2010,8040,88,23,0.008756218905472637,0.011442786069651741,0.007636983368437551,0.017112461828644294,0.009475478460206743,1.0,0.5025,0.402,1,1,0.01
02_noise_sweep,56,175914518786815283863710358731271255743,20000,0.0,0.02,depolarizing,0.0,0.5,0.2,,0.11,0.95,20000,10029,2005,8024,105,21,0.010469638049655998,0.010473815461346634,0.006860710809591628,0.01595913822299739,0.00909842741340576,1.0,0.50145,0.4012,1,1,0.01
02_noise_sweep,57,311331450439768808059978346079568255161,20000,0.0,0.02,depolarizing,0.0,0.5,0.2,,0.11,0.95,20000,10034,2006,8028,100,17,0.009966115208291808,0.00847457627118644,0.005297854567866146,0.013530226948025257,0.00823237238015911,1.0,0.5017,0.4014,1,1,0.01
02_noise_sweep,58,220356018128300631675238463763048827960,20000,0.0,0.02,depolarizing,0.0,0.5,0.2,,0.11,0.95,20000,10011,2002,8009,91,17,0.00909000099890121,0.008491508491508492,0.005308452737807577,0.013557175277949196,0.008248722540141619,1.0,0.50055,0.40045,1,1,0.01
02_noise_sweep,59,332159458580409337241327064316580710202,20000,0.0,0.02,depolarizing,0.0,0.5,0.2,,0.11,0.95,20000,10055,2011,8044,93,22,0.009249129786176032,0.01093983092988563,0.007235570247533793,0.016508957447809638,0.009273387200275846,1.0,0.50275,0.4022,1,1,0.01
02_noise_sweep,60,92412854573435280582166189970365278729,20000,0.0,0.02,depolarizing,0.0,0.5,0.2,,0.11,0.95,20000,9996,1999,7997,100,21,0.010004001600640256,0.010505252626313157,0.006881333021178886,0.016006878434003554,0.009125545412824669,1.0,0.4998,0.39985,1,1,0.01
02_noise_sweep,61,112727236349793732853812710155029302807,20000,0.0,0.02,depolarizing,0.0,0.5,0.2,,0.11,0.95,20000,9901,1980,7921,90,21,0.00908999091000909,0.010606060606060607,0.00694746243957186,0.01615995807373108,0.00921249563415922,1.0,0.49505,0.39605,1,1,0.01
02_noise_sweep,62,24746378806204563680940552583758522582,20000,0.0,0.02,depolarizing,0.0,0.5,0.2,,0.11,0.95,20000,9945,1989,7956,103,17,0.010356963298139768,0.008547008547008548,0.005343191549678411,0.01364550353853378,0.008302311988855369,1.0,0.49725,0.3978,1,1,0.01
02_noise_sweep,63,241879889500174227218492675085005727135,20000,0.0,0.02,depolarizing,0.0,0.5,0.2,,0.11,0.95,20000,10068,2013,8055,114,29,0.01132300357568534,0.014406358668653751,0.010049238173803314,0.020613290380550497,0.010564052206747183,1.0,0.5034,0.40275,1,1,0.01
02_noise_sweep,64,26045828477951790458125759623765178948,20000,0.0,0.02,depolarizing,0.0,0.5,0.2,,0.11,0.95,20000,10012,2002,8010,107,24,0.010687175389532561,0.011988011988011988,0.008069072345085193,0.017776170105518838,0.009707097760433644,1.0,0.5006,0.4005,1,1,0.01
02_noise_sweep,65,240422356311519299754828705053754609868,20000,0.0,0.02,depolarizing,0.0,0.5,0.2,,0.11,0.95,20000,10007,2001,8006,87,15,0.008693914260017987,0.0074962518740629685,0.00454810083809166,0.012331766979785894,0.007783666141694234,1.0,0.50035,0.4003,1,1,0.01
02_noise_sweep,66,308994860265639910536602835423819430456,20000,0.0,0.02,depolarizing,0.0,0.5,0.2,,0.11,0.95,20000,9946,1989,7957,112,18,0.011260808365171928,0.00904977375565611,0.005732066716469294,0.01426022049952989,0.008528153783060596,1.0,0.4973,0.39785,1,1,0.01
02_noise_sweep,67,296921112097582162493123860965453670883,20000,0.0,0.02,depolarizing,0.0,0.5,0.2,,0.11,0.95,20000,9885,1977,7908,109,18,0.011026808295397067,0.009104704097116844,0.005766904583334798,0.014346496538839803,0.008579591955505006,1.0,0.49425,0.3954,1,1,0.01
02_noise_sweep,68,116579731027933179837399264793142398153,20000,0.0,0.02,depolarizing,0.0,0.5,0.2,,0.11,0.95,20000,9909,1981,7928,83,17,0.00837622363507922,0.008581524482584554,0.005364796181959923,0.013700433765009174,0.008335637583049251,1.0,0.49545,0.3964,1,1,0.01
02_noise_sweep,69,60065230369531896986264368831205399802,20000,0.0,0.02,depolarizing,0.0,0.5,0.2,,0.11,0.95,20000,10202,2040,8162,90,19,0.008821799647128014,0.009313725490196078,0.005970666654299193,0.014501302264873648,0.008530635610574454,1.0,0.5101,0.4081,1,1,0.01
02_noise_sweep,70,233710039284188644738221347035445322073,20000,0.0,0.02,depolarizing,0.0,0.5,0.2,,0.11,0.95,20000,10038,2007,8031,111,28,0.01105797967722654,0.013951170901843548,0.009669878357570995,0.020089533334581786,0.01041965497701079,1.0,0.5019,0.40155,1,1,0.01
02_noise_sweep,71,307601278318974679706825760724764838356,20000,0.0,0.02,depolarizing,0.0,0.5,0.2,,0.11,0.95,20000,9847,1969,7878,97,24,0.009850715954097694,0.01218892839004571,0.008204527110080894,0.01807303239116935,0.009868505281088456,1.0,0.49235,0.3939,1,1,0.01
02_noise_sweep,72,1459253144526669108674981592030107421,20000,0.0,0.02,depolarizing,0.0,0.5,0.2,,0.11,0.95,20000,10082,2016,8066,94,17,0.009323546915294585,0.008432539682539682,0.005271543364665174,0.013463322510792328,0.008191779146127155,1.0,0.5041,0.4033,1,1,0.01
02_noise_sweep,73,205457569947549838998540926525886069130,20000,0.0,0.02,depolarizing,0.0,0.5,0.2,,0.11,0.95,20000,9842,1968,7874,94,23,0.009550904287746393,0.011686991869918699,0.007800223715738,0.017476381864156322,0.009676158148418322,1.0,0.4921,0.3937,1,1,0.01
02_noise_sweep,74,275734326752182959987044549897273739474,20000,0.0,0.02,depolarizing,0.0,0.5,0.2,,0.11,0.95,20000,9942,1988,7954,97,17,0.00975658821162744,0.008551307847082495,0.005345882607805616,0.013652345716600707,0.008306463108795091,1.0,0.4971,0.3977,1,1,0.01
02_noise_sweep,75,198860146239769414389707306460095915273,20000,0.0,0.02,depolarizing,0.0,0.5,0.2,,0.11,0.95,20000,9978,1995,7983,105,24,0.010523150932050512,0.012030075187969926,0.008097430111086107,0.017838323118327254,0.009740893007241147,1.0,0.4989,0.39915,1,1,0.01
02_noise_sweep,76,100795892399653624366059997334006680494,20000,0.0,0.02,depolarizing,0.0,0.5,0.2,,0.11,0.95,20000,10115,2023,8092,102,22,0.010084033613445379,0.010874938210578349,0.007192586936462411,0.016411360285206518,0.009218773348744106,1.0,0.50575,0.4046,1,1,0.01
02_noise_sweep,77,63859573392552261689286624681256319994,20000,0.0,0.02,depolarizing,0.0,0.5,0.2,,0.11,0.95,20000,10073,2014,8059,95,17,0.009431152586121315,0.008440913604766634,0.00527678467700182,0.013476650413389354,0.008199865736387535,1.0,0.50365,0.40295,1,1,0.01
02_noise_sweep,78,154258842008755131934222178114150939482,20000,0.0,0.02,depolarizing,0.0,0.5,0.2,,0.11,0.95,20000,10103,2020,8083,104,24,0.010293972087498762,0.011881188118811881,0.007997056278249912,0.017618319172603085,0.009621262894353173,1.0,0.50515,0.40415,1,1,0.01
02_noise_sweep,79,84180844380484802354380810742109766903,20000,0.0,0.02,depolarizing,0.0,0.5,0.2,,0.11,0.95,20000,9978,1995,7983,103,21,0.010322709961916216,0.010526315789473684,0.006895150175347695,0.01603886423504999,0.009143714059702296,1.0,0.4989,0.39915,1,1,0.01
02_noise_sweep,80,280104115341351442374667641501917103937,20000,0.0,0.02,depolarizing,0.0,0.5,0.2,,0.11,0.95,20000,10040,2008,8032,86,16,0.008565737051792829,0.00796812749003984,0.004910631196460182,0.012904618938460363,0.007993987742000181,1.0,0.502,0.4016,1,1,0.01
02_noise_sweep,81,235826019512774673817764674563540477395,20000,0.0,0.02,depolarizing,0.0,0.5,0.2,,0.11,0.95,20000,10052,2010,8042,108,26,0.010744130521289296,0.012935323383084577,0.00884260786969722,0.018886217841039162,0.010043609971341943,1.0,0.5026,0.4021,1,1,0.01
02_noise_sweep,82,9018950371311557108859086780426542598,20000,0.0,0.02,depolarizing,0.0,0.5,0.2,,0.11,0.95,20000,10093,2018,8075,108,26,0.010700485484989596,0.01288404360753221,0.008807494294916299,0.01881161430386844,0.010004120008952143,1.0,0.50465,0.40375,1,1,0.01
02_noise_sweep,83,74313271537099228848256751873096491692,20000,0.0,0.02,depolarizing,0.0,0.5,0.2,,0.11,0.95,20000,9918,1983,7935,110,17,0.01109094575519258,0.008572869389813415,0.005359378661127888,0.013686659789849088,0.0083272811287212,1.0,0.4959,0.39675,1,1,0.01
02_noise_sweep,84,333124213995118086775282643798731506601,20000,0.0,0.02,depolarizing,0.0,0.5,0.2,,0.11,0.95,20000,9864,1972,7892,85,17,0.008617193836171938,0.008620689655172414,0.005389311183680798,0.013762761292458191,0.008373450108777394,1.0,0.4932,0.3946,1,1,0.01
02_noise_sweep,85,321261836483915002331441839549773064529,20000,0.0,0.02,depolarizing,0.0,0.5,0.2,,0.11,0.95,20000,9931,1986,7945,85,12,0.00855905749672742,0.006042296072507553,0.003459835941758184,0.010531961594310208,0.007072125652552024,1.0,0.49655,0.39725,1,1,0.01
02_noise_sweep,86,149983195654926211477871445699716452161,20000,0.0,0.02,depolarizing,0.0,0.5,0.2,,0.11,0.95,20000,10058,2011,8047,87,12,0.008649830980314178,0.005967180507210343,0.0034167844387851336,0.010401403934701082,0.006984619495915948,1.0,0.5029,0.40235,1,1,0.01
02_noise_sweep,87,116602268630877731960570403281519770681,20000,0.0,0.02,depolarizing,0.0,0.5,0.2,,0.11,0.95,20000,9910,1982,7928,91,12,0.009182643794147327,0.006054490413723511,0.00346682506431359,0.010553155582695345,0.007086330518381755,1.0,0.4955,0.3964,1,1,0.01
02_noise_sweep,88,157680663668697117088824309047117595139,20000,0.0,0.02,depolarizing,0.0,0.5,0.2,,0.11,0.95,20000,10060,2012,8048,88,15,0.00874751491053678,0.007455268389662028,0.004523207789092305,0.012264550331773023,0.007741342542680718,1.0,0.503,0.4024,1,1,0.01
02_noise_sweep,89,33121924822119093880626105726944410648,20000,0.0,0.02,depolarizing,0.0,0.5,0.2,,0.11,0.95,20000,9971,1994,7977,120,16,0.012034901213519206,0.00802407221664995,0.004945149773698869,0.01299494184991324,0.008049792076214372,1.0,0.49855,0.39885,1,1,0.01
02_noise_sweep,90,59539635253164863674126165453608109964,20000,0.0,0.02,depolarizing,0.0,0.5,0.2,,0.11,0.95,20000,10033,2006,8027,107,16,0.010664806139738862,0.007976071784646061,0.004915532888223649,0.012917445262065208,0.008001912373841558,1.0,0.50165,0.40135,1,1,0.01
02_noise_sweep,91,39792752878760701598379010232455675882,20000,0.0,0.02,depolarizing,0.0,0.5,0.2,,0.11,0.95,20000,10079,2015,8064,105,23,0.010417700168667526,0.01141439205955335,0.007618003975548084,0.017070145063063893,0.009452141087515808,1.0,0.50395,0.4032,1,1,0.01
02_noise_sweep,92,209184394762077880928538341761220164694,20000,0.0,0.02,depolarizing,0.0,0.5,0.2,,0.11,0.95,20000,10154,2030,8124,114,22,0.011227102619657278,0.01083743842364532,0.007167748364074066,0.01635495966865263,0.009187211304578563,1.0,0.5077,0.4062,1,1,0.01
02_noise_sweep,93,308069034112454927459337534462792565447,20000,0.0,0.02,depolarizing,0.0,0.5,0.2,,0.11,0.95,20000,10098,2019,8079,91,14,0.009011685482273718,0.006934125804853888,0.004135021667247595,0.011605934541578345,0.00747091287433075,1.0,0.5049,0.40395,1,1,0.01
02_noise_sweep,94,282382611605920643519047322568502926222,20000,0.0,0.02,depolarizing,0.0,0.5,0.2,,0.11,0.95,20000,10053,2010,8043,104,21,0.010345170595842038,0.010447761194029851,0.006843619817115353,0.015919571704196802,0.009075951887081449,1.0,0.50265,0.40215,1,1,0.01
02_noise_sweep,95,185560852932660805397914002233692423173,20000,0.0,0.02,depolarizing,0.0,0.5,0.2,,0.11,0.95,20000,10103,2020,8083,106,27,0.010491933089181431,0.013366336633663366,0.009202311331493972,0.019377723220421337,0.010175411888927365,1.0,0.50515,0.40415,1,1,0.01
02_noise_sweep,96,299605812057509797253487264301109722160,20000,0.0,0.02,depolarizing,0.0,0.5,0.2,,0.11,0.95,20000,10085,2017,8068,103,23,0.01021318790282598,0.011403073872087258,0.007610438606068219,0.01705327689874936,0.00944283829268114,1.0,0.50425,0.4034,1,1,0.01
02_noise_sweep,97,12587875096514675375600068007025555172,20000,0.0,0.02,depolarizing,0.0,0.5,0.2,,0.11,0.95,20000,9968,1993,7975,101,26,0.01013242375601926,0.013045659809332665,0.008918161786731413,0.01904673175753288,0.010128569970801467,1.0,0.4984,0.39875,1,1,0.01
02_noise_sweep,98,330335665912691790552272267413596223592,20000,0.0,0.02,depolarizing,0.0,0.5,0.2,,0.11,0.95,20000,10087,2017,8070,97,27,0.00961633786061267,0.013386217154189391,0.009216021988114987,0.019406440485734283,0.010190418497619296,1.0,0.50435,0.4035,1,1,0.01
02_noise_sweep,99,253376208402272902232543856883582506518,20000,0.0,0.02,depolarizing,0.0,0.5,0.2,,0.11,0.95,20000,10071,2014,8057,116,22,0.011518220633502135,0.010923535253227408,0.00722477632816568,0.016484449494092203,0.009259673165926522,1.0,0.50355,0.40285,1,1,0.01
02_noise_sweep,100,54763794682901271217162844777441249243,20000,0.0,0.02,depolarizing,0.0,0.5,0.2,,0.11,0.95,20000,10009,2001,8008,103,23,0.010290738335498052,0.011494252873563218,0.007671385666633985,0.017189163082199407,0.009517777415565422,1.0,0.50045,0.4004,1,1,0.01
02_noise_sweep,101,189815389563913912900121493345320375180,20000,0.0,0.02,depolarizing,0.0,0.5,0.2,,0.11,0.95,20000,10023,2004,8019,116,22,0.011573381223186671,0.010978043912175649,0.007260881925207418,0.016566427054055224,0.009305545128847806,1.0,0.50115,0.40095,1,1,0.01
02_noise_sweep,102,276182880178545296695125607182299512219,20000,0.0,0.02,depolarizing,0.0,0.5,0.2,,0.11,0.95,20000,10073,2014,8059,92,9,0.009133326714980641,0.004468718967229395,0.002352798903441087,0.008471371015963349,0.0061185721125222615,1.0,0.50365,0.40295,1,1,0.01
02_noise_sweep,103,65168420401458910787387471622245474899,20000,0.0,0.02,depolarizing,0.0,0.5,0.2,,0.11,0.95,20000,9961,1992,7969,85,13,0.008533279791185623,0.006526104417670682,0.0038178833048397583,0.011133934981531993,0.007316051676692234,1.0,0.49805,0.39845,1,1,0.01
02_noise_sweep,104,326666827873937102335502872350389184579,20000,0.0,0.02,depolarizing,0.0,0.5,0.2,,0.11,0.95,20000,10047,2009,8038,94,20,0.009356026674629243,0.009955201592832254,0.0064536857977639354,0.01532719447403871,0.008873508676274774,1.0,0.50235,0.4019,1,1,0.01
02_noise_sweep,105,125674328443528101566113633858257715776,20000,0.0,0.02,depolarizing,0.0,0.5,0.2,,0.11,0.95,20000,10038,2007,8031,116,22,0.011556086869894401,0.01096163428001993,0.007250012410981622,0.016541748302342785,0.009291735891361163,1.0,0.5019,0.40155,1,1,0.01
02_noise_sweep,106,208439887346594917874837429903283968654,20000,0.0,0.02,depolarizing,0.0,0.5,0.2,,0.11,0.95,20000,10073,2014,8059,93,15,0.009232602005360866,0.007447864945382324,0.004518711027293428,0.012252407770351059,0.007733696743057631,1.0,0.50365,0.40295,1,1,0.01
02_noise_sweep,107,77866661603777188646271600966709884975,20000,0.0,0.02,depolarizing,0.0,0.5,0.2,,0.11,0.95,20000,9928,1985,7943,128,26,0.0128928283642224,0.01309823677581864,0.008954165128449779,0.019123215586353874,0.010169050457904096,1.0,0.4964,0.39715,1,1,0.01
02_noise_sweep,108,212127776392526118609090763715367328760,20000,0.0,0.02,depolarizing,0.0,0.5,0.2,,0.11,0.95,20000,9928,1985,7943,110,22,0.011079774375503625,0.011083123425692695,0.0073304863000156,0.016724452120798622,0.009393965820783022,1.0,0.4964,0.39715,1,1,0.01
02_noise_sweep,109,123134901447932394507207565333660841286,20000,0.0,0.02,depolarizing,0.0,0.5,0.2,,0.11,0.95,20000,10021,2004,8017,84,18,0.008382396966370621,0.008982035928143712,0.0056891068545564605,0.014153823794009292,0.008464716939452832,1.0,0.50105,0.40085,1,1,0.01
02_noise_sweep,110,154802149968042722485762065952396742834,20000,0.0,0.02,depolarizing,0.0,0.5,0.2,,0.11,0.95,20000,10034,2006,8028,91,21,0.009069164839545545,0.010468594217347957,0.006857285785299072,0.01595120919300251,0.009093923407703439,1.0,0.5017,0.4014,1,1,0.01
02_noise_sweep,111,11725485284396184872734325048956981821,20000,0.0,0.02,depolarizing,0.0,0.5,0.2,,0.11,0.95,20000,10076,2015,8061,102,17,0.010123064708217546,0.008436724565756825,0.005274162718663978,0.013469983165282359,0.00819582044661838,1.0,0.5038,0.40305,1,1,0.01
02_noise_sweep,112,267939820338760692707035073114989261497,20000,0.0,0.02,depolarizing,0.0,0.5,0.2,,0.11,0.95,20000,9944,1988,7956,103,25,0.010358004827031376,0.012575452716297788,0.00853235956390903,0.018498636594074313,0.009966277030165283,1.0,0.4972,0.3978,1,1,0.01
02_noise_sweep,113,315953310138973422210708052558604779498,20000,0.0,0.02,depolarizing,0.0,0.5,0.2,,0.11,0.95,20000,10110,2022,8088,122,28,0.012067260138476756,0.013847675568743818,0.009598017123739118,0.01994104604437756,0.010343028920638443,1.0,0.5055,0.4044,1,1,0.01
02_noise_sweep,114,81411192813808294435726331921561019829,20000,0.0,0.02,depolarizing,0.0,0.5,0.2,,0.11,0.95,20000,10015,2003,8012,104,18,0.010384423364952572,0.008986520219670495,0.005691950801632831,0.014160867489308136,0.008468916687675306,1.0,0.50075,0.4006,1,1,0.01
02_noise_sweep,115,208768286083529663273722692479655508877,20000,0.0,0.02,depolarizing,0.0,0.5,0.2,,0.11,0.95,20000,9942,1988,7954,98,26,0.009857171595252465,0.013078470824949699,0.008940629860583306,0.01909446227659717,0.010153832416013862,1.0,0.4971,0.3977,1,1,0.01
02_noise_sweep,116,184017347572864576766439250523133035861,20000,0.0,0.02,depolarizing,0.0,0.5,0.2,,0.11,0.95,20000,9988,1997,7991,118,18,0.011814177012414898,0.009013520280420632,0.005709074374046378,0.014203277324312008,0.00849420295026563,1.0,0.4994,0.39955,1,1,0.01
02_noise_sweep,117,316196128891684062892516096357030750540,20000,0.0,0.02,depolarizing,0.0,0.5,0.2,,0.11,0.95,20000,9983,1996,7987,129,23,0.012921967344485625,0.011523046092184368,0.00769063231747374,0.01723207273039821,0.00954144041292447,1.0,0.49915,0.39935,1,1,0.01
02_noise_sweep,118,71292852408795830254284698856122825166,20000,0.0,0.02,depolarizing,0.0,0.5,0.2,,0.11,0.95,20000,10098,2019,8079,104,22,0.010299069122598535,0.010896483407627538,0.0072068578507303,0.01644376420473491,0.00923690635400461,1.0,0.5049,0.40395,1,1,0.01
02_noise_sweep,119,323685758160736824509487282642046024752,20000,0.0,0.02,depolarizing,0.0,0.5,0.2,,0.11,0.95,20000,9849,1969,7880,103,24,0.010457914509087217,0.01218892839004571,0.008204527110080894,0.01807303239116935,0.009868505281088456,1.0,0.49245,0.394,1,1,0.01
02_noise_sweep,120,168902588145721300124816740710456053799,20000,0.0,0.02,depolarizing,0.0,0.5,0.2,,0.11,0.95,20000,10074,2014,8060,94,22,0.009330950962874727,0.010923535253227408,0.00722477632816568,0.016484449494092203,0.009259673165926522,1.0,0.5037,0.403,1,1,0.01
02_noise_sweep,121,5023592218859957576197772176873155964,20000,0.0,0.02,depolarizing,0.0,0.5,0.2,,0.11,0.95,20000,9928,1985,7943,90,16,0.009065269943593876,0.008060453400503778,0.004967597712615325,0.01305367726721475,0.008086079554599425,1.0,0.4964,0.39715,1,1,0.01
02_noise_sweep,122,256884726796973597808072803233642196489,20000,0.0,0.02,depolarizing,0.0,0.5,0.2,,0.11,0.95,20000,10017,2003,8014,101,19,0.010082859139462913,0.009485771342985522,0.006081106328220823,0.014768302894808663,0.00868719656658784,1.0,0.50085,0.4007,1,1,0.01
02_noise_sweep,123,83125372703757192019244118939348039482,20000,0.0,0.02,depolarizing,0.0,0.5,0.2,,0.11,0.95,20000,9965,1993,7972,97,15,0.00973406924234822,0.007526342197691922,0.004566377660493392,0.012381116428837265,0.007814738768343873,1.0,0.49825,0.3986,1,1,0.01
02_noise_sweep,124,280842122151087934714237126287919164546,20000,0.0,0.02,depolarizing,0.0,0.5,0.2,,0.11,0.95,20000,9960,1992,7968,117,21,0.011746987951807229,0.010542168674698794,0.006905549509655366,0.016062937600428515,0.009157388090773148,1.0,0.498,0.3984,1,1,0.01
02_noise_sweep,125,58373429972077699958853533883342055587,20000,0.0,0.02,depolarizing,0.0,0.5,0.2,,0.11,0.95,20000,9976,1995,7981,89,22,0.008921411387329591,0.011027568922305764,0.0072936869044094785,0.016640907112326762,0.009347220207917284,1.0,0.4988,0.39905,1,1,0.01
02_noise_sweep,126,145766561269273764200147126360700364034,20000,0.0,0.02,depolarizing,0.0,0.5,0.2,,0.11,0.95,20000,9921,1984,7937,102,23,0.010281221651043242,0.011592741935483871,0.007737220695795564,0.017335935213862872,0.009598714518067309,1.0,0.49605,0.39685,1,1,0.01
02_noise_sweep,127,17789333293353220419539636667145060747,20000,0.0,0.02,depolarizing,0.0,0.5,0.2,,0.11,0.95,20000,9928,1985,7943,102,25,0.010273972602739725,0.012594458438287154,0.008545276141549554,0.01852649399975674,0.009981217858207186,1.0,0.4964,0.39715,1,1,0.01
02_noise_sweep,128,15338687226973583295649418902178714246,20000,0.0,0.02,depolarizing,0.0,0.5,0.2,,0.11,0.95,20000,9945,1989,7956,113,21,0.011362493715434891,0.010558069381598794,0.006915980260220858,0.016087083339139312,0.009171103078918455,1.0,0.49725,0.3978,1,1,0.01
02_noise_sweep,129,310564446974226633033047067256932932969,20000,0.0,0.02,depolarizing,0.0,0.5,0.2,,0.11,0.95,20000,9978,1995,7983,113,19,0.011324914812587693,0.009523809523809525,0.006105524523520829,0.01482733067419974,0.008721806150678912,1.0,0.4989,0.39915,1,1,0.01
02_noise_sweep,130,309317429868746825437950595932617228312,20000,0.0,0.02,depolarizing,0.0,0.5,0.2,,0.11,0.95,20000,10037,2007,8030,92,18,0.009166085483710272,0.008968609865470852,0.005680592039374553,0.014132734688064263,0.008452142648689709,1.0,0.50185,0.4015,1,1,0.01
02_noise_sweep,131,40317967052210668196719652513929711382,20000,0.0,0.02,depolarizing,0.0,0.5,0.2,,0.11,0.95,20000,10085,2017,8068,86,16,0.008527516113039167,0.007932573128408527,0.004888694018626235,0.012847214290385885,0.00795852027175965,1.0,0.50425,0.4034,1,1,0.01
02_noise_sweep,132,161753728082343320652379854257131427369,20000,0.0,0.02,depolarizing,0.0,0.5,0.2,,0.11,0.95,20000,9985,1997,7988,95,22,0.009514271407110666,0.011016524787180772,0.007286371317334024,0.016624298171138148,0.009337926853804124,1.0,0.49925,0.3994,1,1,0.01
02_noise_sweep,133,27050009492498002760348143505663041838,20000,0.0,0.02,depolarizing,0.0,0.5,0.2,,0.11,0.95,20000,10176,2035,8141,94,20,0.009237421383647798,0.009828009828009828,0.006371117861805359,0.015132005213812735,0.008760887352007377,1.0,0.5088,0.40705,1,1,0.01
02_noise_sweep,134,324702864480400245976405414318346258332,20000,0.0,0.02,depolarizing,0.0,0.5,0.2,,0.11,0.95,20000,10021,2004,8017,115,19,0.011475900608721685,0.009481037924151697,0.006078067780027956,0.014760957451212017,0.008682889671184062,1.0,0.50105,0.40085,1,1,0.01
02_noise_sweep,135,141759531747846247104939561099733077033,20000,0.0,0.02,depolarizing,0.0,0.5,0.2,,0.11,0.95,20000,9911,1982,7929,100,18,0.010089799212995661,0.009081735620585268,0.005752337472049185,0.014310421638818741,0.008558084166769557,1.0,0.49555,0.39645,1,1,0.01
02_noise_sweep,136,279654406192929737268005018256485933545,20000,0.0,0.02,depolarizing,0.0,0.5,0.2,,0.11,0.95,20000,10142,2028,8114,98,16,0.009662788404653915,0.007889546351084813,0.004862146639236839,0.012777742863508596,0.007915596224271758,1.0,0.5071,0.4057,1,1,0.01
02_noise_sweep,137,145628790443742130827420012833008197607,20000,0.0,0.02,depolarizing,0.0,0.5,0.2,,0.11,0.95,20000,10101,2020,8081,108,28,0.010692010692010692,0.013861386138613862,0.009607536849494815,0.0199607174027746,0.010353180553279787,1.0,0.50505,0.40405,1,1,0.01
02_noise_sweep,138,281864603707431025834107127482842667563,20000,0.0,0.02,depolarizing,0.0,0.5,0.2,,0.11,0.95,20000,9983,1996,7987,103,18,0.010317539817690072,0.009018036072144289,0.005711938324499717,0.014210370339002352,0.008498432014502635,1.0,0.49915,0.39935,1,1,0.01
02_noise_sweep,139,305171720094262707010809181448843301489,20000,0.0,0.02,depolarizing,0.0,0.5,0.2,,0.11,0.95,20000,10136,2027,8109,107,24,0.010556432517758485,0.011840157868771583,0.007969395989679537,0.01755768717849567,0.009588291188816132,1.0,0.5068,0.40545,1,1,0.01
02_noise_sweep,140,297326660113048215839122456950982364122,20000,0.0,0.02,depolarizing,0.0,0.5,0.2,,0.11,0.95,20000,10021,2004,8017,96,20,0.009579882247280711,0.00998003992015968,0.006469810214296574,0.01536530959961762,0.008895499385321047,1.0,0.50105,0.40085,1,1,0.01
02_noise_sweep,141,67519456689776487476617176366231189396,20000,0.0,0.02,depolarizing,0.0,0.5,0.2,,0.11,0.95,20000,10047,2009,8038,96,28,0.00955509107196178,0.013937282229965157,0.0096602347488106,0.02006960738975241,0.01040937264094181,1.0,0.50235,0.4019,1,1,0.01
02_noise_sweep,142,236311133654234917052552639780772237055,20000,0.0,0.02,depolarizing,0.0,0.5,0.2,,0.11,0.95,20000,10154,2030,8124,103,21,0.010143785700216663,0.010344827586206896,0.006776098970049273,0.01576324824498631,0.008987149274937037,1.0,0.5077,0.4062,1,1,0.01
02_noise_sweep,143,19116096310018955592294760351200850896,20000,0.0,0.02,depolarizing,0.0,0.5,0.2,,0.11,0.95,20000,10095,2019,8076,105,18,0.010401188707280832,0.008915304606240713,0.005646786142862075,0.0140490029892835,0.008402216846421427,1.0,0.50475,0.4038,1,1,0.01
02_noise_sweep,144,98795118305125765418207348255538655474,20000,0.0,0.02,depolarizing,0.0,0.5,0.2,,0.11,0.95,20000,9982,1996,7986,95,16,0.009517130835503908,0.008016032064128256,0.004940188866683737,0.012981961243070373,0.008041772376386636,1.0,0.4991,0.3993,1,1,0.01
02_noise_sweep,145,149039208711451529346139731179845319752,20000,0.0,0.02,depolarizing,0.0,0.5,0.2,,0.11,0.95,20000,10060,2012,8048,112,28,0.011133200795228629,0.013916500994035786,0.009645805347305492,0.02003979247530429,0.010393987127998798,1.0,0.503,0.4024,1,1,0.01
02_noise_sweep,146,174808068887559586233574806707742756691,20000,0.0,0.02,depolarizing,0.0,0.5,0.2,,0.11,0.95,20000,10068,2013,8055,89,15,0.008839888756456098,0.007451564828614009,0.004520958290017252,0.012258476044143155,0.007737517754125903,1.0,0.5034,0.40275,1,1,0.01
02_noise_sweep,147,322907544995512381104952783234192992306,20000,0.0,0.02,depolarizing,0.0,0.5,0.2,,0.11,0.95,20000,10027,2005,8022,89,26,0.008876034706293008,0.012967581047381545,0.008864696387422202,0.01893314628229066,0.010068449894868459,1.0,0.50135,0.4011,1,1,0.01
02_noise_sweep,148,228395112796736898574016086446832148612,20000,0.0,0.02,depolarizing,0.0,0.5,0.2,,0.11,0.95,20000,9965,1993,7972,104,23,0.010436527847466131,0.01154039136979428,0.007702226734257142,0.017257921504116164,0.009555694769859024,1.0,0.49825,0.3986,1,1,0.01
02_noise_sweep,149,44672827476213357567406868079053978953,20000,0.0,0.02,depolarizing,0.0,0.5,0.2,,0.11,0.95,20000,9928,1985,7943,95,20,0.009568896051571314,0.010075566750629723,0.0065318248700093895,0.015511892403810117,0.008980067533800727,1.0,0.4964,0.39715,1,1,0.01
02_noise_sweep,0,94408737325282320354652816195269655646,20000,0.0,0.04,depolarizing,0.0,0.5,0.2,,0.11,0.95,20000,9997,1999,7998,221,39,0.022106631989596878,0.01950975487743872,0.014304424566500613,0.0265582500402472,0.012253825473746587,1.0,0.49985,0.3999,1,1,0.02
02_noise_sweep,1,200562530717727934209897961044205038431,20000,0.0,0.04,depolarizing,0.0,0.5,0.2,,0.11,0.95,20000,9933,1986,7947,191,42,0.019228833182321554,0.021148036253776436,0.01568356408027758,0.028461389494443157,0.012777825414165576,1.0,0.49665,0.39735,1,1,0.02
02_noise_sweep,2,82295236718859868759681568191922337266,20000,0.0,0.04,depolarizing,0.0,0.5,0.2,,0.11,0.95,20000,9974,1994,7980,220,44,0.02205734910767997,0.022066198595787363,0.016478463505401587,0.029491880345059514,0.013013416839657926,1.0,0.4987,0.399,1,1,0.02
02_noise_sweep,3,75012989146470748448820301373374443319,20000,0.0,0.04,depolarizing,0.0,0.5,0.2,,0.11,0.95,20000,10037,2007,8030,200,35,0.019926272790674503,0.017438963627304436,0.012565681664406443,0.024155989503046114,0.011590307838639671,1.0,0.50185,0.4015,1,1,0.02
02_noise_sweep,4,207090657267648397474108607149674399401,20000,0.0,0.04,depolarizing,0.0,0.5,0.2,,0.11,0.95,20000,10068,2013,8055,182,38,0.018077075883988877,0.018877297565822158,0.013783991982976189,0.025803382855787663,0.012019390872811474,1.0,0.5034,0.40275,1,1,0.02
02_noise_sweep,5,65322652294508770219266040339209796363,20000,0.0,0.04,depolarizing,0.0,0.5,0.2,,0.11,0.95,20000,9979,1995,7984,205,41,0.020543140595250024,0.02055137844611529,0.015185209768119386,0.027760396769049463,0.012575187000930077,1.0,0.49895,0.3992,1,1,0.02
02_noise_sweep,6,217740498124446542107390061785387082320,20000,0.0,0.04,depolarizing,0.0,0.5,0.2,,0.11,0.95,20000,10013,2002,8011,208,52,0.02077299510636173,0.025974025974025976,0.019862171636707053,0.033901528553286014,0.014039356916578961,1.0,0.50065,0.40055,1,1,0.02
02_noise_sweep,7,190277014978613835324652619674929386167,20000,0.0,0.04,depolarizing,0.0,0.5,0.2,,0.11,0.95,20000,10022,2004,8018,198,39,0.019756535621632407,0.019461077844311378,0.014268655177096287,0.02649226170762812,0.012223606530531832,1.0,0.5011,0.4009,1,1,0.02
02_noise_sweep,8,151532569139898954677363075708526528415,20000,0.0,0.04,depolarizing,0.0,0.5,0.2,,0.11,0.95,20000,9892,1978,7914,174,41,0.017589971694298424,0.020728008088978768,0.015316025160515214,0.027997963674784743,0.012681938514269528,1.0,0.4946,0.3957,1,1,0.02
02_noise_sweep,9,40142349363387260620458473552352044053,20000,0.0,0.04,depolarizing,0.0,0.5,0.2,,0.11,0.95,20000,9892,1978,7914,202,45,0.02042054185200162,0.02275025278058645,0.017045841810700353,0.03030479686073758,0.013258955050037227,1.0,0.4946,0.3957,1,1,0.02
02_noise_sweep,10,299189261626444475711706971529068682934,20000,0.0,0.04,depolarizing,0.0,0.5,0.2,,0.11,0.95,20000,9975,1995,7980,205,35,0.02055137844611529,0.017543859649122806,0.012641422202740588,0.02430070669639691,0.011659284493656323,1.0,0.49875,0.399,1,1,0.02
02_noise_sweep,11,127974245921951958808457885118652375913,20000,0.0,0.04,depolarizing,0.0,0.5,0.2,,0.11,0.95,20000,10086,2017,8069,198,45,0.019631171921475312,0.022310361923648984,0.016715444116645002,0.029721379717846864,0.013005935601201862,1.0,0.5043,0.40345,1,1,0.02
02_noise_sweep,12,64197650516361112801889955348530958244,20000,0.0,0.04,depolarizing,0.0,0.5,0.2,,0.11,0.95,20000,10030,2006,8024,183,37,0.018245264207377866,0.018444666001994018,0.013411029858993657,0.025319118968948624,0.011908089109954967,1.0,0.5015,0.4012,1,1,0.02
02_noise_sweep,13,82746737580045577073622404966133380229,20000,0.0,0.04,depolarizing,0.0,0.5,0.2,,0.11,0.95,20000,10029,2005,8024,214,42,0.021338119453584603,0.020947630922693267,0.01553459297211136,0.02819282933639781,0.012658236364286451,1.0,0.50145,0.4012,1,1,0.02
02_noise_sweep,14,205435476049668658272283297475715187184,20000,0.0,0.04,depolarizing,0.0,0.5,0.2,,0.11,0.95,20000,9998,1999,7999,177,35,0.01770354070814163,0.017508754377188594,0.012616074107708758,0.024252275354246747,0.011636201246537988,1.0,0.4999,0.39995,1,1,0.02
02_noise_sweep,15,262064249577326687584130615319505048495,20000,0.0,0.04,depolarizing,0.0,0.5,0.2,,0.11,0.95,20000,10045,2009,8036,195,39,0.019412643106022896,0.019412643106022896,0.01423306423198955,0.026426600473368964,0.012193536241379414,1.0,0.50225,0.4018,1,1,0.02
02_noise_sweep,16,94200314398693856558348441730352210823,20000,0.0,0.04,depolarizing,0.0,0.5,0.2,,0.11,0.95,20000,9909,1981,7928,189,42,0.01907356948228883,0.02120141342756184,0.015723243084711132,0.02853291572854022,0.012809672643829088,1.0,0.49545,0.3964,1,1,0.02
02_noise_sweep,17,289897486205395346545573004624444353631,20000,0.0,0.04,depolarizing,0.0,0.5,0.2,,0.11,0.95,20000,10025,2005,8020,185,38,0.018453865336658354,0.018952618453865335,0.01383911107183524,0.02590591632697485,0.01206680525513961,1.0,0.50125,0.401,1,1,0.02
02_noise_sweep,18,302266140092302258014187869852292612083,20000,0.0,0.04,depolarizing,0.0,0.5,0.2,,0.11,0.95,20000,10036,2007,8029,179,34,0.01783579115185333,0.016940707523667164,0.012148075631318141,0.023578987039663015,0.011430911408344874,1.0,0.5018,0.40145,1,1,0.02
02_noise_sweep,19,62539206449071968128901173173846974765,20000,0.0,0.04,depolarizing,0.0,0.5,0.2,,0.11,0.95,20000,10039,2007,8032,212,48,0.02111764119932264,0.02391629297458894,0.018086092548841602,0.03156548907273911,0.013479396523897506,1.0,0.50195,0.4016,1,1,0.02
02_noise_sweep,20,322010154569517025344170497574140419649,20000,0.0,0.04,depolarizing,0.0,0.5,0.2,,0.11,0.95,20000,10138,2027,8111,216,42,0.021305977510357073,0.020720276270350273,0.015365597253281762,0.02788812816145519,0.01252253090817343,1.0,0.5069,0.40555,1,1,0.02
02_noise_sweep,21,227918924180497455377248765636343159549,20000,0.0,0.04,depolarizing,0.0,0.5,0.2,,0.11,0.95,20000,9885,1977,7908,226,40,0.022862923621648962,0.020232675771370764,0.01489339012481889,0.027432793249094152,0.012539403124275261,1.0,0.49425,0.3954,1,1,0.02
02_noise_sweep,22,74503949890413968532015058530164916743,20000,0.0,0.04,depolarizing,0.0,0.5,0.2,,0.11,0.95,20000,10038,2007,8031,204,43,0.020322773460848775,0.02142501245640259,0.01594484017820398,0.028733698961019745,0.012788858782815764,1.0,0.5019,0.40155,1,1,0.02
02_noise_sweep,23,56378427783021711505617148536673587525,20000,0.0,0.04,depolarizing,0.0,0.5,0.2,,0.11,0.95,20000,10067,2013,8054,207,30,0.020562233038641103,0.014903129657228018,0.010458987648964444,0.02119519049254603,0.010736202843581587,1.0,0.50335,0.4027,1,1,0.02
02_noise_sweep,24,43416606867946886387649595232962781304,20000,0.0,0.04,depolarizing,0.0,0.5,0.2,,0.11,0.95,20000,10030,2006,8024,202,42,0.020139581256231307,0.020937188434695914,0.015526830743129652,0.028178834912825357,0.012652004169695705,1.0,0.5015,0.4012,1,1,0.02
02_noise_sweep,25,131663199640472105671595339213080215441,20000,0.0,0.04,depolarizing,0.0,0.5,0.2,,0.11,0.95,20000,10028,2005,8023,185,46,0.01844834463502194,0.022942643391521196,0.017244437085191647,0.030465380133016598,0.013220943047824951,1.0,0.5014,0.40115,1,1,0.02
02_noise_sweep,26,326906957985430007744717650226653716969,20000,0.0,0.04,depolarizing,0.0,0.5,0.2,,0.11,0.95,20000,10009,2001,8008,181,39,0.018083724647816966,0.019490254872563718,0.014290095311619375,0.026531815299125693,0.012241719987506318,1.0,0.50045,0.4004,1,1,0.02
02_noise_sweep,27,113576687776170782063750991473413595811,20000,0.0,0.04,depolarizing,0.0,0.5,0.2,,0.11,0.95,20000,9935,1987,7948,202,42,0.020332159033719176,0.021137393054856568,0.015675652299606754,0.028447127257499913,0.012771474957893159,1.0,0.49675,0.3974,1,1,0.02
02_noise_sweep,28,208793900745756875837935277410273811630,20000,0.0,0.04,depolarizing,0.0,0.5,0.2,,0.11,0.95,20000,10066,2013,8053,202,41,0.020067554142658456,0.02036761053154496,0.015049113198270157,0.027513210401963712,0.012464097203693555,1.0,0.5033,0.40265,1,1,0.02
02_noise_sweep,29,24840477514278641524970540542265212490,20000,0.0,0.04,depolarizing,0.0,0.5,0.2,,0.11,0.95,20000,9996,1999,7997,209,45,0.020908363345338136,0.022511255627813906,0.016866329429321165,0.0299878328946151,0.013121503465293935,1.0,0.4998,0.39985,1,1,0.02
02_noise_sweep,30,2093841402946327201859968156495208000,20000,0.0,0.04,depolarizing,0.0,0.5,0.2,,0.11,0.95,20000,9965,1993,7972,200,45,0.02007024586051179,0.022579026593075764,0.016917231700679068,0.0300777154475615,0.013160483746882431,1.0,0.49825,0.3986,1,1,0.02
02_noise_sweep,31,164365889208496456614659115858317555106,20000,0.0,0.04,depolarizing,0.0,0.5,0.2,,0.11,0.95,20000,10004,2000,8004,197,38,0.019692123150739704,0.019,0.013873784918301425,0.025970414566263898,0.012096629647962473,1.0,0.5002,0.4002,1,1,0.02
02_noise_sweep,32,311874471903523896819924103926344805054,20000,0.0,0.04,depolarizing,0.0,0.5,0.2,,0.11,0.95,20000,9924,1984,7940,192,33,0.019347037484885126,0.01663306451612903,0.011867956758430782,0.02326636369292364,0.011398406934492858,1.0,0.4962,0.397,1,1,0.02
02_noise_sweep,33,56116493848434038850285214756621204282,20000,0.0,0.04,depolarizing,0.0,0.5,0.2,,0.11,0.95,20000,10032,2006,8026,193,28,0.019238437001594895,0.013958125623130608,0.009674707385859113,0.020099511151660275,0.010424803765801162,1.0,0.5016,0.4013,1,1,0.02
02_noise_sweep,34,41053314849730722389770966989014452119,20000,0.0,0.04,depolarizing,0.0,0.5,0.2,,0.11,0.95,20000,10029,2005,8024,198,45,0.019742746036494167,0.022443890274314215,0.016815732563004802,0.029898485927778676,0.013082753364773873,1.0,0.50145,0.4012,1,1,0.02
02_noise_sweep,35,146692436894292598465586781485619614907,20000,0.0,0.04,depolarizing,0.0,0.5,0.2,,0.11,0.95,20000,10016,2003,8013,192,41,0.019169329073482427,0.020469296055916127,0.015124419718358038,0.027649990010618887,0.012525570292260849,1.0,0.5008,0.40065,1,1,0.02
02_noise_sweep,36,60572961906280102494106642244907320479,20000,0.0,0.04,depolarizing,0.0,0.5,0.2,,0.11,0.95,20000,9989,1997,7992,193,45,0.01932125337871659,0.022533800701051578,0.016883262782934873,0.030017733998691558,0.013134471215756685,1.0,0.49945,0.3996,1,1,0.02
02_noise_sweep,37,167619458734521656989447993134130364622,20000,0.0,0.04,depolarizing,0.0,0.5,0.2,,0.11,0.95,20000,9971,1994,7977,213,54,0.02136194965399659,0.02708124373119358,0.020815014909009538,0.03516613330818335,0.014351118399173812,1.0,0.49855,0.39885,1,1,0.02
02_noise_sweep,38,152585668560133837217642583776885435503,20000,0.0,0.04,depolarizing,0.0,0.5,0.2,,0.11,0.95,20000,10027,2005,8022,199,40,0.01984641468036302,0.0199501246882793,0.014684930298954065,0.027051294554705566,0.012366364255751501,1.0,0.50135,0.4011,1,1,0.02
02_noise_sweep,39,65606174005300584872007869286322428686,20000,0.0,0.04,depolarizing,0.0,0.5,0.2,,0.11,0.95,20000,9986,1997,7989,194,37,0.019427198077308232,0.018527791687531298,0.013471600845211595,0.025432760356187266,0.01196115951097567,1.0,0.4993,0.39945,1,1,0.02
02_noise_sweep,40,43463273721720236833795568459186738842,20000,0.0,0.04,depolarizing,0.0,0.5,0.2,,0.11,0.95,20000,10013,2002,8011,216,52,0.021571956456606412,0.025974025974025976,0.019862171636707053,0.033901528553286014,0.014039356916578961,1.0,0.50065,0.40055,1,1,0.02
02_noise_sweep,41,245810571205459800972420629807043988388,20000,0.0,0.04,depolarizing,0.0,0.5,0.2,,0.11,0.95,20000,9836,1967,7869,210,30,0.02135014233428223,0.015251652262328419,0.010704044658377189,0.02168895100089587,0.010984906342518683,1.0,0.4918,0.39345,1,1,0.02
02_noise_sweep,42,122575420255487692736028233445454097406,20000,0.0,0.04,depolarizing,0.0,0.5,0.2,,0.11,0.95,20000,10012,2002,8010,188,32,0.018777467039552537,0.015984015984015984,0.011344868317473339,0.0224770763443847,0.011132208026911361,1.0,0.5006,0.4005,1,1,0.02
02_noise_sweep,43,218354255919341333918219078564711651372,20000,0.0,0.04,depolarizing,0.0,0.5,0.2,,0.11,0.95,20000,10046,2009,8037,207,45,0.020605216006370695,0.022399203583872575,0.016782169633634277,0.029839216471794515,0.013057046838160238,1.0,0.5023,0.40185,1,1,0.02
02_noise_sweep,44,242861387674555281607058316433592225879,20000,0.0,0.04,depolarizing,0.0,0.5,0.2,,0.11,0.95,20000,10042,2008,8034,169,30,0.016829316869149572,0.014940239043824702,0.010485079389499729,0.021247768415573767,0.010762689026074038,1.0,0.5021,0.4017,1,1,0.02
02_noise_sweep,45,151508803435376910671304104107852445998,20000,0.0,0.04,depolarizing,0.0,0.5,0.2,,0.11,0.95,20000,10066,2013,8053,218,45,0.021657063381680906,0.022354694485842028,0.01674874041734167,0.029780181531518884,0.013031441114177214,1.0,0.5033,0.40265,1,1,0.02
02_noise_sweep,46,58829767279946958976480522947557850228,20000,0.0,0.04,depolarizing,0.0,0.5,0.2,,0.11,0.95,20000,10087,2017,8070,209,44,0.020719738276990186,0.02181457610312345,0.016290106118244583,0.02915703097398936,0.012866924855744775,1.0,0.50435,0.4035,1,1,0.02
02_noise_sweep,47,16922842125044618549812991907222400634,20000,0.0,0.04,depolarizing,0.0,0.5,0.2,,0.11,0.95,20000,9938,1987,7951,216,43,0.021734755484000806,0.021640664318067437,0.016105717913188575,0.029021661980694644,0.012915944067506069,1.0,0.4969,0.39755,1,1,0.02
02_noise_sweep,48,2424798138834327778356141531870914293,20000,0.0,0.04,depolarizing,0.0,0.5,0.2,,0.11,0.95,20000,9958,1991,7967,198,40,0.019883510745129545,0.020090406830738324,0.014788425619906337,0.027240708299467557,0.01245228267956122,1.0,0.4979,0.39835,1,1,0.02
02_noise_sweep,49,287098630015665631494407545735329424520,20000,0.0,0.04,depolarizing,0.0,0.5,0.2,,0.11,0.95,20000,10019,2003,8016,183,38,0.018265295937718334,0.018971542685971045,0.013852959791454534,0.025931677141256833,0.0120787173498023,1.0,0.50095,0.4008,1,1,0.02
02_noise_sweep,50,167434608593815991661117854081281203555,20000,0.0,0.04,depolarizing,0.0,0.5,0.2,,0.11,0.95,20000,9918,1983,7935,216,41,0.021778584392014518,0.020675743822491176,0.015277316668927813,0.027927670039798312,0.012650353370870499,1.0,0.4959,0.39675,1,1,0.02
02_noise_sweep,51,80597032760822724098821127418985632854,20000,0.0,0.04,depolarizing,0.0,0.5,0.2,,0.11,0.95,20000,9951,1990,7961,182,39,0.018289619133755403,0.019597989949748745,0.014369263450232064,0.026677861163728587,0.012308597713496523,1.0,0.49755,0.39805,1,1,0.02
02_noise_sweep,52,283653802405902913924288032060613796446,20000,0.0,0.04,depolarizing,0.0,0.5,0.2,,0.11,0.95,20000,10003,2000,8003,188,46,0.018794361691492553,0.023,0.017287655978080053,0.030541207128235243,0.01325355115015519,1.0,0.50015,0.40015,1,1,0.02
02_noise_sweep,53,54705244234795600569103518849284887575,20000,0.0,0.04,depolarizing,0.0,0.5,0.2,,0.11,0.95,20000,10029,2005,8024,217,55,0.021637251969289062,0.02743142144638404,0.021135510701895212,0.03553469506313595,0.014399184361240741,1.0,0.50145,0.4012,1,1,0.02
02_noise_sweep,54,264030910066785304271754270672517042995,20000,0.0,0.04,depolarizing,0.0,0.5,0.2,,0.11,0.95,20000,9953,1990,7963,201,38,0.020194916105696775,0.019095477386934675,0.013943656493080419,0.02610037933909567,0.012156722846015253,1.0,0.49765,0.39815,1,1,0.02
02_noise_sweep,55,140616759425185440832768597940058884496,20000,0.0,0.04,depolarizing,0.0,0.5,0.2,,0.11,0.95,20000,10010,2002,8008,187,35,0.01868131868131868,0.017482517482517484,0.012597129647332051,0.024216078343746245,0.011618948696414194,1.0,0.5005,0.4004,1,1,0.02
02_noise_sweep,56,169999847636544626486671498773333655217,20000,0.0,0.04,depolarizing,0.0,0.5,0.2,,0.11,0.95,20000,9899,1979,7920,182,27,0.018385695524800485,0.013643254168772108,0.009393294610041767,0.019777700662114612,0.010384406052072845,1.0,0.49495,0.396,1,1,0.02
02_noise_sweep,57,78351200838032343059733772375844413589,20000,0.0,0.04,depolarizing,0.0,0.5,0.2,,0.11,0.95,20000,9979,1995,7984,220,48,0.022046297224170758,0.02406015037593985,0.01819516162049183,0.03175450216104694,0.013559340540555107,1.0,0.49895,0.3992,1,1,0.02
02_noise_sweep,58,40270678364965053954865150128078143570,20000,0.0,0.04,depolarizing,0.0,0.5,0.2,,0.11,0.95,20000,10046,2009,8037,177,42,0.017618952817041608,0.020905923344947737,0.015503590530073849,0.028136934875319805,0.012633344345245956,1.0,0.5023,0.40185,1,1,0.02
02_noise_sweep,59,292607459551688334895316337742190489678,20000,0.0,0.04,depolarizing,0.0,0.5,0.2,,0.11,0.95,20000,9972,1994,7978,193,36,0.019354191736863216,0.01805416248746239,0.013069282374715633,0.02489241798236004,0.011823135607644407,1.0,0.4986,0.3989,1,1,0.02
02_noise_sweep,60,38295642173125573977617962681638354528,20000,0.0,0.04,depolarizing,0.0,0.5,0.2,,0.11,0.95,20000,10058,2011,8047,211,39,0.020978325710876915,0.019393336648433616,0.014218877519533612,0.026400427022967073,0.012181549503433461,1.0,0.5029,0.40235,1,1,0.02
02_noise_sweep,61,258088320109754774078937203132633452129,20000,0.0,0.04,depolarizing,0.0,0.5,0.2,,0.11,0.95,20000,9974,1994,7980,208,32,0.020854220974533787,0.0160481444332999,0.011390473531895866,0.022566905078487097,0.011176431546591231,1.0,0.4987,0.399,1,1,0.02
02_noise_sweep,62,309835917803946180790805153012282871261,20000,0.0,0.04,depolarizing,0.0,0.5,0.2,,0.11,0.95,20000,10077,2015,8062,214,44,0.02123647911084648,0.02183622828784119,0.016306313909743162,0.029185846170198575,0.012879532260455413,1.0,0.50385,0.4031,1,1,0.02
02_noise_sweep,63,174565023353136764671889618260109899300,20000,0.0,0.04,depolarizing,0.0,0.5,0.2,,0.11,0.95,20000,10070,2014,8056,212,48,0.021052631578947368,0.023833167825223437,0.018023070688959936,0.03145626693900484,0.013433196250044906,1.0,0.5035,0.4028,1,1,0.02
02_noise_sweep,64,77771200721224917268131690450038117823,20000,0.0,0.04,depolarizing,0.0,0.5,0.2,,0.11,0.95,20000,9949,1989,7960,207,40,0.02080611116695145,0.020110608345902465,0.014803329873888089,0.027267984153424983,0.012464654279536894,1.0,0.49745,0.398,1,1,0.02
02_noise_sweep,65,216981791162828217352294468273236237935,20000,0.0,0.04,depolarizing,0.0,0.5,0.2,,0.11,0.95,20000,10034,2006,8028,191,39,0.019035280047837354,0.019441674975074777,0.014254397460628647,0.026465958098518726,0.012211560637890079,1.0,0.5017,0.4014,1,1,0.02
02_noise_sweep,66,199107543141598200953008310441312643809,20000,0.0,0.04,depolarizing,0.0,0.5,0.2,,0.11,0.95,20000,10027,2005,8022,205,45,0.020444799042585022,0.022443890274314215,0.016815732563004802,0.029898485927778676,0.013082753364773873,1.0,0.50135,0.4011,1,1,0.02
02_noise_sweep,67,26685566708391422420352358558585257897,20000,0.0,0.04,depolarizing,0.0,0.5,0.2,,0.11,0.95,20000,9973,1994,7979,183,44,0.01834954376817407,0.022066198595787363,0.016478463505401587,0.029491880345059514,0.013013416839657926,1.0,0.49865,0.39895,1,1,0.02
02_noise_sweep,68,322711090893899354707753919012351932378,20000,0.0,0.04,depolarizing,0.0,0.5,0.2,,0.11,0.95,20000,10036,2007,8029,213,40,0.02122359505779195,0.019930244145490782,0.014670263389654277,0.027024450260155264,0.012354186870500987,1.0,0.5018,0.40145,1,1,0.02
02_noise_sweep,69,39048968333035932010236639320801079178,20000,0.0,0.04,depolarizing,0.0,0.5,0.2,,0.11,0.95,20000,10028,2005,8023,189,35,0.018847227762265654,0.017456359102244388,0.012578241996651173,0.02417998921988461,0.011601747223233436,1.0,0.5014,0.40115,1,1,0.02
02_noise_sweep,70,45448077721333759259307312378411653616,20000,0.0,0.04,depolarizing,0.0,0.5,0.2,,0.11,0.95,20000,10020,2004,8016,204,40,0.02035928143712575,0.01996007984031936,0.014692274756894944,0.027064736710503686,0.012372461953608742,1.0,0.501,0.4008,1,1,0.02
02_noise_sweep,71,106346825089549829236567856491992459341,20000,0.0,0.04,depolarizing,0.0,0.5,0.2,,0.11,0.95,20000,10035,2007,8028,187,35,0.01863477827603388,0.017438963627304436,0.012565681664406443,0.024155989503046114,0.011590307838639671,1.0,0.50175,0.4014,1,1,0.02
02_noise_sweep,72,271420189882628506214494462270066370648,20000,0.0,0.04,depolarizing,0.0,0.5,0.2,,0.11,0.95,20000,10122,2024,8098,188,34,0.018573404465520648,0.016798418972332016,0.012045835997049927,0.023381716047612404,0.011335880050562477,1.0,0.5061,0.4049,1,1,0.02
02_noise_sweep,73,22528577354976923062424094145505412693,20000,0.0,0.04,depolarizing,0.0,0.5,0.2,,0.11,0.95,20000,9876,1975,7901,227,42,0.022985014175779667,0.021265822784810127,0.015771123721673816,0.028619223180115838,0.012848099458442022,1.0,0.4938,0.39505,1,1,0.02
02_noise_sweep,74,166891363796741849672797542581352857,20000,0.0,0.04,depolarizing,0.0,0.5,0.2,,0.11,0.95,20000,9871,1974,7897,201,40,0.02036267855333806,0.020263424518743668,0.014916076671306337,0.027474307273160754,0.012558230601854417,1.0,0.49355,0.39485,1,1,0.02
02_noise_sweep,75,43506175752594771998267596723156497894,20000,0.0,0.04,depolarizing,0.0,0.5,0.2,,0.11,0.95,20000,9967,1993,7974,194,44,0.019464231965486103,0.02207727044656297,0.016486751817145116,0.029506613562465124,0.013019861745320008,1.0,0.49835,0.3987,1,1,0.02
02_noise_sweep,76,101475611062835968418140333868365200183,20000,0.0,0.04,depolarizing,0.0,0.5,0.2,,0.11,0.95,20000,10040,2008,8032,203,53,0.020219123505976096,0.026394422310756973,0.020235755097769047,0.03436171745112715,0.014125962353358102,1.0,0.502,0.4016,1,1,0.02
02_noise_sweep,77,159824902697365648057405229460007986676,20000,0.0,0.04,depolarizing,0.0,0.5,0.2,,0.11,0.95,20000,10064,2012,8052,189,45,0.018779809220985693,0.022365805168986085,0.01675708522953471,0.02979491835689474,0.013037833127360031,1.0,0.5032,0.4026,1,1,0.02
02_noise_sweep,78,185045188326924303930999585114026760205,20000,0.0,0.04,depolarizing,0.0,0.5,0.2,,0.11,0.95,20000,10031,2006,8025,197,38,0.019639118731931013,0.018943170488534396,0.013832197090305247,0.02589305510323958,0.012060858012934335,1.0,0.50155,0.40125,1,1,0.02
02_noise_sweep,79,128260696842291113470648936243819122021,20000,0.0,0.04,depolarizing,0.0,0.5,0.2,,0.11,0.95,20000,9917,1983,7934,206,44,0.020772411011394574,0.022188603126575897,0.016570095831618108,0.029654759409326666,0.013084663577708558,1.0,0.49585,0.3967,1,1,0.02
02_noise_sweep,80,314583744794902391952727996204408994913,20000,0.0,0.04,depolarizing,0.0,0.5,0.2,,0.11,0.95,20000,9914,1982,7932,190,45,0.019164817429897115,0.022704339051463168,0.017011354964107467,0.030243907234125886,0.013232552270018419,1.0,0.4957,0.3966,1,1,0.02
02_noise_sweep,81,32435044096435221187175571754976315210,20000,0.0,0.04,depolarizing,0.0,0.5,0.2,,0.11,0.95,20000,9940,1988,7952,179,43,0.01800804828973843,0.021629778672032193,0.01609759696237621,0.029007126821155426,0.012909529858779217,1.0,0.497,0.3976,1,1,0.02
02_noise_sweep,82,13529781202235541109547194764883433240,20000,0.0,0.04,depolarizing,0.0,0.5,0.2,,0.11,0.95,20000,9831,1966,7865,204,37,0.020750686603600854,0.018819938962360123,0.013684488439432391,0.02583212264220069,0.0121476342027683,1.0,0.49155,0.39325,1,1,0.02
02_noise_sweep,83,86973158104702272591551463949354629078,20000,0.0,0.04,depolarizing,0.0,0.5,0.2,,0.11,0.95,20000,10089,2017,8072,199,47,0.019724452373872534,0.02330193356470005,0.017568513217908352,0.030847684101099365,0.013279170883191013,1.0,0.50445,0.4036,1,1,0.02
02_noise_sweep,84,338741326818324769339625072537071362207,20000,0.0,0.04,depolarizing,0.0,0.5,0.2,,0.11,0.95,20000,9954,1990,7964,176,31,0.01768133413703034,0.015577889447236181,0.010996058293780434,0.022026356065903738,0.011030297772123304,1.0,0.4977,0.3982,1,1,0.02
02_noise_sweep,85,194246787762190258953445351866397853428,20000,0.0,0.04,depolarizing,0.0,0.5,0.2,,0.11,0.95,20000,10033,2006,8027,188,36,0.018738164058606597,0.01794616151545364,0.012990936053083185,0.02474410940925656,0.011753173356173374,1.0,0.50165,0.40135,1,1,0.02
02_noise_sweep,86,153664207608917037271645035562226094166,20000,0.0,0.04,depolarizing,0.0,0.5,0.2,,0.11,0.95,20000,9969,1993,7976,190,41,0.019059083157789147,0.020572002007024585,0.015200483713059026,0.027788136360660225,0.0125876526476012,1.0,0.49845,0.3988,1,1,0.02
02_noise_sweep,87,126098799308311758634489356476724909709,20000,0.0,0.04,depolarizing,0.0,0.5,0.2,,0.11,0.95,20000,10076,2015,8061,184,40,0.018261214767764985,0.019851116625310174,0.014611887568090356,0.026917603742074282,0.012305716173983926,1.0,0.5038,0.40305,1,1,0.02
02_noise_sweep,88,172685984613766065050375248916132571249,20000,0.0,0.04,depolarizing,0.0,0.5,0.2,,0.11,0.95,20000,9888,1977,7911,209,40,0.02113673139158576,0.020232675771370764,0.01489339012481889,0.027432793249094152,0.012539403124275261,1.0,0.4944,0.39555,1,1,0.02
02_noise_sweep,89,198821636811497056490247588030909780493,20000,0.0,0.04,depolarizing,0.0,0.5,0.2,,0.11,0.95,20000,9960,1992,7968,188,32,0.01887550200803213,0.01606425702811245,0.011401932183676475,0.022589474559011592,0.011187542375335117,1.0,0.498,0.3984,1,1,0.02
02_noise_sweep,90,339669392644027377806622051106439656054,20000,0.0,0.04,depolarizing,0.0,0.5,0.2,,0.11,0.95,20000,9973,1994,7979,220,41,0.022059560814198336,0.020561685055165497,0.015192842901674723,0.027774259638766844,0.012581416737092121,1.0,0.49865,0.39895,1,1,0.02
02_noise_sweep,91,98262326371668910892572143522695332409,20000,0.0,0.04,depolarizing,0.0,0.5,0.2,,0.11,0.95,20000,10010,2002,8008,199,51,0.01988011988011988,0.025474525474525476,0.019428435366086565,0.03333817704749975,0.013909741681413186,1.0,0.5005,0.4004,1,1,0.02
02_noise_sweep,92,16879448879873139478415871522264579977,20000,0.0,0.04,depolarizing,0.0,0.5,0.2,,0.11,0.95,20000,9886,1977,7909,192,43,0.019421404005664576,0.02175012645422357,0.016187380368490607,0.029167818767023124,0.012980438398532516,1.0,0.4943,0.39545,1,1,0.02
02_noise_sweep,93,229045016902099800205356270309114061510,20000,0.0,0.04,depolarizing,0.0,0.5,0.2,,0.11,0.95,20000,9916,1983,7933,192,39,0.01936264622831787,0.019667170953101363,0.014420101516641626,0.02677163950393874,0.012351537987297115,1.0,0.4958,0.39665,1,1,0.02
02_noise_sweep,94,323404461946343840492007535199070803452,20000,0.0,0.04,depolarizing,0.0,0.5,0.2,,0.11,0.95,20000,9972,1994,7978,203,31,0.020356999598876855,0.015546639919759278,0.010973957720842916,0.02198234045286686,0.011008382732023946,1.0,0.4986,0.3989,1,1,0.02
02_noise_sweep,95,183780551496215045240913529013423046849,20000,0.0,0.04,depolarizing,0.0,0.5,0.2,,0.11,0.95,20000,9994,1998,7996,211,42,0.021112667600560336,0.021021021021021023,0.015589146649998761,0.028291180852281293,0.012702034202282532,1.0,0.4997,0.3998,1,1,0.02
02_noise_sweep,96,250808224372500117141397090047006580712,20000,0.0,0.04,depolarizing,0.0,0.5,0.2,,0.11,0.95,20000,10050,2010,8040,173,39,0.017213930348258705,0.019402985074626865,0.014225967338833152,0.02641350726440622,0.012187539925573067,1.0,0.5025,0.402,1,1,0.02
02_noise_sweep,97,5189788267190983811091072736492333097,20000,0.0,0.04,depolarizing,0.0,0.5,0.2,,0.11,0.95,20000,10134,2026,8108,200,40,0.019735543714229326,0.019743336623889437,0.014532375261714137,0.026772061819497463,0.012239686557783326,1.0,0.5067,0.4054,1,1,0.02
02_noise_sweep,98,197894405547791257493993730270265235248,20000,0.0,0.04,depolarizing,0.0,0.5,0.2,,0.11,0.95,20000,10002,2000,8002,207,49,0.020695860827834433,0.0245,0.01858163028213664,0.0322414816823349,0.01365985140019826,1.0,0.5001,0.4001,1,1,0.02
02_noise_sweep,99,104037273166159446502745387323680873409,20000,0.0,0.04,depolarizing,0.0,0.5,0.2,,0.11,0.95,20000,9990,1998,7992,202,34,0.02022022022022022,0.01701701701701702,0.012202908292553622,0.023684778269306626,0.011481869976753004,1.0,0.4995,0.3996,1,1,0.02
02_noise_sweep,100,3603958644402028050946053518420537839,20000,0.0,0.04,depolarizing,0.0,0.5,0.2,,0.11,0.95,20000,10065,2013,8052,228,51,0.022652757078986587,0.02533532041728763,0.019321986627170808,0.033156832844629766,0.013834846217458958,1.0,0.50325,0.4026,1,1,0.02
02_noise_sweep,101,179033142267844953865938459631271458184,20000,0.0,0.04,depolarizing,0.0,0.5,0.2,,0.11,0.95,20000,10005,2001,8004,199,37,0.019890054972513744,0.018490754622688656,0.013444612993603257,0.025382127384402854,0.011937514390799597,1.0,0.50025,0.4002,1,1,0.02
02_noise_sweep,102,330358829677510633985668052635183943613,20000,0.0,0.04,depolarizing,0.0,0.5,0.2,,0.11,0.95,20000,10065,2013,8052,191,33,0.01897665176353701,0.01639344262295082,0.01169664368834777,0.02293248321463272,0.01123583952628495,1.0,0.50325,0.4026,1,1,0.02
02_noise_sweep,103,253261962228190059278978602383752946222,20000,0.0,0.04,depolarizing,0.0,0.5,0.2,,0.11,0.95,20000,9820,1964,7856,206,29,0.020977596741344195,0.014765784114052953,0.010300423122644276,0.021125614042847216,0.01082519092020294,1.0,0.491,0.3928,1,1,0.02
02_noise_sweep,104,68343864096207218105519347207124244505,20000,0.0,0.04,depolarizing,0.0,0.5,0.2,,0.11,0.95,20000,9924,1984,7940,208,43,0.020959290608625555,0.021673387096774195,0.01613013000328228,0.02906535498976814,0.01293522498648586,1.0,0.4962,0.397,1,1,0.02
02_noise_sweep,105,177258548513527813357251338717658620927,20000,0.0,0.04,depolarizing,0.0,0.5,0.2,,0.11,0.95,20000,9949,1989,7960,219,34,0.022012262538948637,0.017094017094017096,0.012258238197856916,0.023791523062734188,0.011533284864877272,1.0,0.49745,0.398,1,1,0.02
02_noise_sweep,106,207631310045509253877653955263808805718,20000,0.0,0.04,depolarizing,0.0,0.5,0.2,,0.11,0.95,20000,10026,2005,8021,183,29,0.018252543387193298,0.014463840399002495,0.010089407826178568,0.020695231025808603,0.010605823199630035,1.0,0.5013,0.40105,1,1,0.02
02_noise_sweep,107,113530593326964649640597903345639499813,20000,0.0,0.04,depolarizing,0.0,0.5,0.2,,0.11,0.95,20000,10046,2009,8037,216,48,0.02150109496316942,0.023892483822797413,0.018068041373770598,0.03153420543169333,0.013466164057922732,1.0,0.5023,0.40185,1,1,0.02
02_noise_sweep,108,225658115297456029755757512051573123190,20000,0.0,0.04,depolarizing,0.0,0.5,0.2,,0.11,0.95,20000,10054,2010,8044,198,34,0.019693654266958426,0.01691542288557214,0.01212990741943082,0.02354393299438433,0.011414025574953508,1.0,0.5027,0.4022,1,1,0.02
02_noise_sweep,109,73502357690000899995933760925474472379,20000,0.0,0.04,depolarizing,0.0,0.5,0.2,,0.11,0.95,20000,9983,1996,7987,181,39,0.01813082239807673,0.019539078156312624,0.014325972412531023,0.026598001065324568,0.012272028652793546,1.0,0.49915,0.39935,1,1,0.02
02_noise_sweep,110,41267482541319359797552672800759955852,20000,0.0,0.04,depolarizing,0.0,0.5,0.2,,0.11,0.95,20000,10082,2016,8066,190,34,0.018845467169212458,0.016865079365079364,0.012093733541058478,0.023474136653387136,0.011380403112328658,1.0,0.5041,0.4033,1,1,0.02
02_noise_sweep,111,34484859292946045295929666226907360697,20000,0.0,0.04,depolarizing,0.0,0.5,0.2,,0.11,0.95,20000,10032,2006,8026,212,46,0.02113237639553429,0.022931206380857428,0.017235819225211772,0.030450259893153413,0.01321444066794164,1.0,0.5016,0.4013,1,1,0.02
02_noise_sweep,112,110386033633097371722573080656183063579,20000,0.0,0.04,depolarizing,0.0,0.5,0.2,,0.11,0.95,20000,10051,2010,8041,179,24,0.017809173216595364,0.011940298507462687,0.00803690571154427,0.017705666323422423,0.009668760611878153,1.0,0.50255,0.40205,1,1,0.02
02_noise_sweep,113,93950984927476889465667196146703077859,20000,0.0,0.04,depolarizing,0.0,0.5,0.2,,0.11,0.95,20000,9984,1996,7988,201,37,0.02013221153846154,0.018537074148296594,0.013478364746055831,0.025445450178051807,0.011967085431995976,1.0,0.4992,0.3994,1,1,0.02
02_noise_sweep,114,323541264731061546208534048685690171588,20000,0.0,0.04,depolarizing,0.0,0.5,0.2,,0.11,0.95,20000,10024,2004,8020,210,48,0.02094972067039106,0.023952095808383235,0.018113237042705416,0.031612531086086984,0.013499294043381568,1.0,0.5012,0.401,1,1,0.02
02_noise_sweep,115,94131480292967531355383448706870655032,20000,0.0,0.04,depolarizing,0.0,0.5,0.2,,0.11,0.95,20000,9927,1985,7942,185,47,0.018636043114737585,0.02367758186397985,0.017852457445114753,0.031342745313133406,0.013490287868018654,1.0,0.49635,0.3971,1,1,0.02
02_noise_sweep,116,191997258495108454015450111667286228302,20000,0.0,0.04,depolarizing,0.0,0.5,0.2,,0.11,0.95,20000,10023,2004,8019,215,49,0.021450663474009778,0.02445109780439122,0.018544444674375993,0.032177418037090635,0.013632973362714643,1.0,0.50115,0.40095,1,1,0.02
02_noise_sweep,117,226717504237637717522211848243230023463,20000,0.0,0.04,depolarizing,0.0,0.5,0.2,,0.11,0.95,20000,9959,1991,7968,193,43,0.019379455768651473,0.021597187343043698,0.01607328317406476,0.028963608566598385,0.012890325392533625,1.0,0.49795,0.3984,1,1,0.02
02_noise_sweep,118,37363284822787805241963060488966355476,20000,0.0,0.04,depolarizing,0.0,0.5,0.2,,0.11,0.95,20000,9907,1981,7926,174,33,0.01756333905319471,0.016658253407370014,0.011885965651629481,0.023301458769760256,0.011415493118130775,1.0,0.49535,0.3963,1,1,0.02
02_noise_sweep,119,82673238020167728085921911570328122599,20000,0.0,0.04,depolarizing,0.0,0.5,0.2,,0.11,0.95,20000,10077,2015,8062,198,37,0.01964870497171777,0.01836228287841191,0.013351001118334711,0.025206488614497105,0.011855487496162394,1.0,0.50385,0.4031,1,1,0.02
02_noise_sweep,120,332794332285081368833536576354702225342,20000,0.0,0.04,depolarizing,0.0,0.5,0.2,,0.11,0.95,20000,9984,1996,7988,208,42,0.020833333333333332,0.021042084168336674,0.015604803862666767,0.02831940744581076,0.012714603583143995,1.0,0.4992,0.3994,1,1,0.02
02_noise_sweep,121,294246977594314651969422588808145870128,20000,0.0,0.04,depolarizing,0.0,0.5,0.2,,0.11,0.95,20000,9961,1992,7969,220,50,0.022086135930127496,0.025100401606425703,0.01909098928716925,0.03293792230887112,0.013846933021701868,1.0,0.49805,0.39845,1,1,0.02
02_noise_sweep,122,6610364409624591635194467647955884912,20000,0.0,0.04,depolarizing,0.0,0.5,0.2,,0.11,0.95,20000,10013,2002,8011,200,33,0.019974033756117046,0.016483516483516484,0.011761039095281976,0.023057993342982815,0.011296954247700839,1.0,0.50065,0.40055,1,1,0.02
02_noise_sweep,123,106534075765356101734997397468729182448,20000,0.0,0.04,depolarizing,0.0,0.5,0.2,,0.11,0.95,20000,9993,1998,7995,205,41,0.020514360052036426,0.02052052052052052,0.015162356318874614,0.027718891065852957,0.012556534746978343,1.0,0.49965,0.39975,1,1,0.02
02_noise_sweep,124,255077854017757123552562586185264503372,20000,0.0,0.04,depolarizing,0.0,0.5,0.2,,0.11,0.95,20000,10027,2005,8022,174,42,0.01735314650443802,0.020947630922693267,0.01553459297211136,0.02819282933639781,0.012658236364286451,1.0,0.50135,0.4011,1,1,0.02
02_noise_sweep,125,45135862207700032155187224279957016558,20000,0.0,0.04,depolarizing,0.0,0.5,0.2,,0.11,0.95,20000,10077,2015,8062,209,43,0.02074029969236876,0.021339950372208438,0.015881385425712824,0.028620107461784644,0.01273872203607182,1.0,0.50385,0.4031,1,1,0.02
02_noise_sweep,126,261367749946175424139575668322177365534,20000,0.0,0.04,depolarizing,0.0,0.5,0.2,,0.11,0.95,20000,9997,1999,7998,193,42,0.019305791737521255,0.021010505252626314,0.015581329820249535,0.028277088645092506,0.012695758824842971,1.0,0.49985,0.3999,1,1,0.02
02_noise_sweep,127,43235024971253239618514066737739484088,20000,0.0,0.04,depolarizing,0.0,0.5,0.2,,0.11,0.95,20000,10063,2012,8051,205,39,0.020371658551127894,0.019383697813121274,0.014211794763519733,0.02638735972979689,0.012175564966277155,1.0,0.50315,0.40255,1,1,0.02
02_noise_sweep,128,95723309348218759855526439672260714673,20000,0.0,0.04,depolarizing,0.0,0.5,0.2,,0.11,0.95,20000,10085,2017,8068,179,42,0.01774913237481408,0.020823004462072386,0.015441955404717612,0.02802580820300049,0.012583852798282879,1.0,0.50425,0.4034,1,1,0.02
02_noise_sweep,129,265763249714513704083418420013104467428,20000,0.0,0.04,depolarizing,0.0,0.5,0.2,,0.11,0.95,20000,10063,2012,8051,202,47,0.020073536718672364,0.023359840954274354,0.01761228262082048,0.030924003996646576,0.013311721375826098,1.0,0.50315,0.40255,1,1,0.02
02_noise_sweep,130,40652332613915029101565168365684747316,20000,0.0,0.04,depolarizing,0.0,0.5,0.2,,0.11,0.95,20000,9995,1999,7996,204,36,0.020410205102551277,0.018009004502251125,0.013036523518396246,0.024830407229757337,0.011793883711361091,1.0,0.49975,0.3998,1,1,0.02
02_noise_sweep,131,215043424638947319329386619118538311524,20000,0.0,0.04,depolarizing,0.0,0.5,0.2,,0.11,0.95,20000,9977,1995,7982,162,35,0.016237345895559786,0.017543859649122806,0.012641422202740588,0.02430070669639691,0.011659284493656323,1.0,0.49885,0.3991,1,1,0.02
02_noise_sweep,132,45969796537276116873316659247208251783,20000,0.0,0.04,depolarizing,0.0,0.5,0.2,,0.11,0.95,20000,9859,1971,7888,187,32,0.018967440916928695,0.016235413495687467,0.011523654812032222,0.02282920856222905,0.01130555375019683,1.0,0.49295,0.3944,1,1,0.02
02_noise_sweep,133,17304183397341688305821264573461689980,20000,0.0,0.04,depolarizing,0.0,0.5,0.2,,0.11,0.95,20000,10113,2022,8091,234,56,0.0231385345594779,0.027695351137487636,0.0213892582098954,0.035792639374592324,0.014403381164696923,1.0,0.50565,0.40455,1,1,0.02
02_noise_sweep,134,18487390702537096026193992800396133014,20000,0.0,0.04,depolarizing,0.0,0.5,0.2,,0.11,0.95,20000,10002,2000,8002,185,28,0.01849630073985203,0.014,0.009703783146220179,0.02015958681115767,0.01045580366493749,1.0,0.5001,0.4001,1,1,0.02
02_noise_sweep,135,9006283182411063722661235969578859521,20000,0.0,0.04,depolarizing,0.0,0.5,0.2,,0.11,0.95,20000,10041,2008,8033,201,45,0.02001792650134449,0.022410358565737053,0.01679054779908424,0.02985401179543884,0.0130634639963546,1.0,0.50205,0.40165,1,1,0.02
02_noise_sweep,136,160525047809639021260004864073256856143,20000,0.0,0.04,depolarizing,0.0,0.5,0.2,,0.11,0.95,20000,9953,1990,7963,210,47,0.02109916608057872,0.023618090452261306,0.01780748766130163,0.031264347206935494,0.013456859545633866,1.0,0.49765,0.39815,1,1,0.02
02_noise_sweep,137,266048053035405741259126758431045744221,20000,0.0,0.04,depolarizing,0.0,0.5,0.2,,0.11,0.95,20000,10024,2004,8020,220,42,0.02194732641660016,0.020958083832335328,0.015542362966112607,0.028206837666634465,0.012664474700521858,1.0,0.5012,0.401,1,1,0.02
02_noise_sweep,138,168579847266553209933306135092092802416,20000,0.0,0.04,depolarizing,0.0,0.5,0.2,,0.11,0.95,20000,9925,1985,7940,180,36,0.0181360201511335,0.0181360201511335,0.01312866508871543,0.025004821361061795,0.011876156272346365,1.0,0.49625,0.397,1,1,0.02
02_noise_sweep,139,47775503739801657345028657839061671590,20000,0.0,0.04,depolarizing,0.0,0.5,0.2,,0.11,0.95,20000,9925,1985,7940,191,38,0.01924433249370277,0.019143576826196475,0.013978856866498773,0.026165850730273173,0.0121869938637744,1.0,0.49625,0.397,1,1,0.02
02_noise_sweep,140,84892663288165161301608583091542667566,20000,0.0,0.04,depolarizing,0.0,0.5,0.2,,0.11,0.95,20000,9962,1992,7970,202,44,0.02027705280064244,0.02208835341365462,0.016495048470880284,0.029521361507375984,0.0130263130364957,1.0,0.4981,0.3985,1,1,0.02
02_noise_sweep,141,41127586478314159222650203149513710727,20000,0.0,0.04,depolarizing,0.0,0.5,0.2,,0.11,0.95,20000,10016,2003,8013,213,38,0.021265974440894567,0.018971542685971045,0.013852959791454534,0.025931677141256833,0.0120787173498023,1.0,0.5008,0.40065,1,1,0.02
02_noise_sweep,142,27403803328278685880362763127110030234,20000,0.0,0.04,depolarizing,0.0,0.5,0.2,,0.11,0.95,20000,10023,2004,8019,203,47,0.020253417140576675,0.023453093812375248,0.01768276911539757,0.03104690443072061,0.013364135315323038,1.0,0.50115,0.40095,1,1,0.02
02_noise_sweep,143,205441539309460225505580823854150195146,20000,0.0,0.04,depolarizing,0.0,0.5,0.2,,0.11,0.95,20000,9950,1990,7960,208,41,0.020904522613065326,0.020603015075376884,0.01522345233020399,0.027829849847325776,0.012606397517121786,1.0,0.4975,0.398,1,1,0.02
02_noise_sweep,144,159313297263705813535406879452767484305,20000,0.0,0.04,depolarizing,0.0,0.5,0.2,,0.11,0.95,20000,9971,1994,7977,209,50,0.020960786280212616,0.025075225677031094,0.019071790090600504,0.032905036379899666,0.013833246289299161,1.0,0.49855,0.39885,1,1,0.02
02_noise_sweep,145,291837586188189979271312801716992035163,20000,0.0,0.04,depolarizing,0.0,0.5,0.2,,0.11,0.95,20000,10068,2013,8055,205,34,0.020361541517679778,0.01689021361152509,0.01211179347025692,0.023508983019880247,0.011397189549623328,1.0,0.5034,0.40275,1,1,0.02
02_noise_sweep,146,98401532146337903435210891845699197465,20000,0.0,0.04,depolarizing,0.0,0.5,0.2,,0.11,0.95,20000,10022,2004,8018,195,41,0.019457194172819797,0.020459081836327345,0.015116855167529072,0.027636250882543775,0.012519395715014703,1.0,0.5011,0.4009,1,1,0.02
02_noise_sweep,147,280736486934979694763576639950483931182,20000,0.0,0.04,depolarizing,0.0,0.5,0.2,,0.11,0.95,20000,9984,1996,7988,185,33,0.018529647435897436,0.016533066132264528,0.011796463622227808,0.02312703419438392,0.011330570572156112,1.0,0.4992,0.3994,1,1,0.02
02_noise_sweep,148,3139914496323618972390356688048957476,20000,0.0,0.04,depolarizing,0.0,0.5,0.2,,0.11,0.95,20000,9878,1975,7903,181,37,0.018323547276776677,0.018734177215189874,0.01362199237850392,0.025714892581994296,0.012092900203490376,1.0,0.4939,0.39515,1,1,0.02
02_noise_sweep,149,338877369946618504376228005396745579926,20000,0.0,0.04,depolarizing,0.0,0.5,0.2,,0.11,0.95,20000,9974,1994,7980,188,50,0.018849007419290156,0.025075225677031094,0.019071790090600504,0.032905036379899666,0.013833246289299161,1.0,0.4987,0.399,1,1,0.02
02_noise_sweep,0,63435555473112710431585521470434364134,20000,0.0,0.06,depolarizing,0.0,0.5,0.2,,0.11,0.95,20000,9986,1997,7989,310,61,0.031043460845183255,0.030545818728092138,0.02385328314076961,0.03904098480131196,0.015187701660542351,1.0,0.4993,0.39945,1,1,0.03
02_noise_sweep,1,324599038385548283175153372933297566993,20000,0.0,0.06,depolarizing,0.0,0.5,0.2,,0.11,0.95,20000,10051,2010,8041,294,57,0.029250820813849367,0.028358208955223882,0.02195243769809544,0.03656331998707115,0.01461088228897571,1.0,0.50255,0.40205,1,1,0.03
02_noise_sweep,2,198344774588217407144179180096253488614,20000,0.0,0.06,depolarizing,0.0,0.5,0.2,,0.11,0.95,20000,9931,1986,7945,305,63,0.030711912194139563,0.03172205438066465,0.02487268671273573,0.040379476089041653,0.015506789376305924,1.0,0.49655,0.39725,1,1,0.03
02_noise_sweep,3,39223842139183049357948897405495409181,20000,0.0,0.06,depolarizing,0.0,0.5,0.2,,0.11,0.95,20000,10123,2024,8099,302,70,0.029833053442655338,0.03458498023715415,0.027464905788584466,0.04346838053664245,0.01600347474805798,1.0,0.50615,0.40495,1,1,0.03
02_noise_sweep,4,276950738170784597921551696089435995724,20000,0.0,0.06,depolarizing,0.0,0.5,0.2,,0.11,0.95,20000,9924,1984,7940,296,54,0.029826682789197905,0.02721774193548387,0.02092022337884759,0.03534254261006842,0.014422319231220827,1.0,0.4962,0.397,1,1,0.03
02_noise_sweep,5,134285675228469253924591456825886802629,20000,0.0,0.06,depolarizing,0.0,0.5,0.2,,0.11,0.95,20000,10005,2001,8004,308,69,0.030784607696151923,0.034482758620689655,0.02733798058890928,0.04341148351292018,0.0160735029240109,1.0,0.50025,0.4002,1,1,0.03
02_noise_sweep,6,165662988109706797742361042451413749439,20000,0.0,0.06,depolarizing,0.0,0.5,0.2,,0.11,0.95,20000,10009,2001,8008,312,63,0.03117194524927565,0.031484257871064465,0.024685661806040916,0.04007829159757167,0.015392629791530752,1.0,0.50045,0.4004,1,1,0.03
02_noise_sweep,7,94309033485971633371638337849438231215,20000,0.0,0.06,depolarizing,0.0,0.5,0.2,,0.11,0.95,20000,10046,2009,8037,293,55,0.029165837149114075,0.0273768043802887,0.021093311166829422,0.03546427727204982,0.0143709661052204,1.0,0.5023,0.40185,1,1,0.03
02_noise_sweep,8,309318785370231628984547736001609883857,20000,0.0,0.06,depolarizing,0.0,0.5,0.2,,0.11,0.95,20000,10043,2008,8035,316,66,0.03146470178233596,0.03286852589641434,0.02591874922830148,0.041602206871451025,0.015683457643149545,1.0,0.50215,0.40175,1,1,0.03
02_noise_sweep,9,213891775503533107904755547485197980549,20000,0.0,0.06,depolarizing,0.0,0.5,0.2,,0.11,0.95,20000,9972,1994,7978,306,69,0.030685920577617327,0.03460381143430291,0.027434265304860914,0.04356308946242965,0.016128824157568736,1.0,0.4986,0.3989,1,1,0.03
02_noise_sweep,10,209205372688445928102556715743158869452,20000,0.0,0.06,depolarizing,0.0,0.5,0.2,,0.11,0.95,20000,9960,1992,7968,298,68,0.029919678714859437,0.03413654618473896,0.027016675936093953,0.04304974051329871,0.01603306457720476,1.0,0.498,0.3984,1,1,0.03
02_noise_sweep,11,261532738226239800097737921105933235390,20000,0.0,0.06,depolarizing,0.0,0.5,0.2,,0.11,0.95,20000,9973,1994,7979,308,64,0.03088338513987767,0.0320962888665998,0.0252150051773465,0.04077694740657816,0.01556194222923166,1.0,0.49865,0.39895,1,1,0.03
02_noise_sweep,12,144521473530936306030770145667519082067,20000,0.0,0.06,depolarizing,0.0,0.5,0.2,,0.11,0.95,20000,10054,2010,8044,310,63,0.030833499104833895,0.03134328358208955,0.02457479087357032,0.03989972783890535,0.015324936965335031,1.0,0.5027,0.4022,1,1,0.03
02_noise_sweep,13,327430711619274457506008203037325209382,20000,0.0,0.06,depolarizing,0.0,0.5,0.2,,0.11,0.95,20000,9975,1995,7980,293,63,0.0293734335839599,0.031578947368421054,0.02476013323158278,0.040198224645034364,0.015438091413451583,1.0,0.49875,0.399,1,1,0.03
02_noise_sweep,14,161723303509130045855381725636520935012,20000,0.0,0.06,depolarizing,0.0,0.5,0.2,,0.11,0.95,20000,10017,2003,8014,295,82,0.029449935110312467,0.040938592111832255,0.033103654443798806,0.05053098350080742,0.01742732905700861,1.0,0.50085,0.4007,1,1,0.03
02_noise_sweep,15,189635556786927905924956567187706441827,20000,0.0,0.06,depolarizing,0.0,0.5,0.2,,0.11,0.95,20000,10013,2002,8011,271,54,0.0270648157395386,0.026973026973026972,0.0207316069937116,0.035026268749094966,0.014294661755383367,1.0,0.50065,0.40055,1,1,0.03
02_noise_sweep,16,307525006369174043216626088725961650895,20000,0.0,0.06,depolarizing,0.0,0.5,0.2,,0.11,0.95,20000,10035,2007,8028,308,70,0.030692575984055805,0.03487792725460887,0.027698306061164926,0.0438346624827865,0.016136356421621575,1.0,0.50175,0.4014,1,1,0.03
02_noise_sweep,17,221849628108835545863535179859466756175,20000,0.0,0.06,depolarizing,0.0,0.5,0.2,,0.11,0.95,20000,10053,2010,8043,279,61,0.02775290957923008,0.03034825870646766,0.023698546021054978,0.038789719015650995,0.015091172994596017,1.0,0.50265,0.40215,1,1,0.03
02_noise_sweep,18,308238991285864723755981259090343949025,20000,0.0,0.06,depolarizing,0.0,0.5,0.2,,0.11,0.95,20000,9996,1999,7997,260,56,0.026010404161664665,0.02801400700350175,0.021636058780954696,0.03620249769116041,0.01456643891020571,1.0,0.4998,0.39985,1,1,0.03
02_noise_sweep,19,34942972939822514999575968918308587813,20000,0.0,0.06,depolarizing,0.0,0.5,0.2,,0.11,0.95,20000,10050,2010,8040,295,53,0.02935323383084577,0.0263681592039801,0.02021556499804958,0.03432768533557763,0.014112120337528053,1.0,0.5025,0.402,1,1,0.03
02_noise_sweep,20,179384939962443245392337420763358583238,20000,0.0,0.06,depolarizing,0.0,0.5,0.2,,0.11,0.95,20000,10095,2019,8076,311,63,0.030807330361565133,0.031203566121842496,0.02446491142315664,0.03972274809633482,0.015257836673178177,1.0,0.50475,0.4038,1,1,0.03
02_noise_sweep,21,73469642063199608476003067517836366311,20000,0.0,0.06,depolarizing,0.0,0.5,0.2,,0.11,0.95,20000,9989,1997,7992,294,67,0.02943237561317449,0.03355032548823235,0.026505161412637104,0.04238658321461515,0.015881421801978046,1.0,0.49945,0.3996,1,1,0.03
02_noise_sweep,22,216943939966432092871365816356311341283,20000,0.0,0.06,depolarizing,0.0,0.5,0.2,,0.11,0.95,20000,9987,1997,7990,266,59,0.02663462501251627,0.02954431647471207,0.022973414034465577,0.0379216950125591,0.01494828097809352,1.0,0.49935,0.3995,1,1,0.03
02_noise_sweep,23,205118109046347866885909784935888799202,20000,0.0,0.06,depolarizing,0.0,0.5,0.2,,0.11,0.95,20000,10068,2013,8055,307,53,0.03049264998013508,0.026328862394436166,0.020185355278992918,0.03427676336712101,0.014091408088128091,1.0,0.5034,0.40275,1,1,0.03
02_noise_sweep,24,97186592112718184347383619401724489687,20000,0.0,0.06,depolarizing,0.0,0.5,0.2,,0.11,0.95,20000,10032,2006,8026,303,55,0.030203349282296652,0.027417746759720838,0.02112494499606707,0.03551706441272101,0.014392119416653942,1.0,0.5016,0.4013,1,1,0.03
02_noise_sweep,25,324842130379163193460171873845319521401,20000,0.0,0.06,depolarizing,0.0,0.5,0.2,,0.11,0.95,20000,9945,1989,7956,290,59,0.029160382101558573,0.029663147310206132,0.023066089654599716,0.03807347480066626,0.015007385146066542,1.0,0.49725,0.3978,1,1,0.03
02_noise_sweep,26,262922651441543252517064211050595011350,20000,0.0,0.06,depolarizing,0.0,0.5,0.2,,0.11,0.95,20000,9925,1985,7940,299,59,0.03012594458438287,0.029722921914357683,0.02311270843032668,0.03814982120988977,0.015037112779563093,1.0,0.49625,0.397,1,1,0.03
02_noise_sweep,27,124248304768314621552597436427642099932,20000,0.0,0.06,depolarizing,0.0,0.5,0.2,,0.11,0.95,20000,9905,1981,7924,299,56,0.030186774356385664,0.028268551236749116,0.021833216143134403,0.036529862835235,0.0146966466921006,1.0,0.49525,0.3962,1,1,0.03
02_noise_sweep,28,73491041043848977758752393185980269032,20000,0.0,0.06,depolarizing,0.0,0.5,0.2,,0.11,0.95,20000,10011,2002,8009,307,63,0.030666267106183198,0.03146853146853147,0.0246732934344081,0.040058372296059234,0.015385078861651136,1.0,0.50055,0.40045,1,1,0.03
02_noise_sweep,29,213489583405047205904599965036360407915,20000,0.0,0.06,depolarizing,0.0,0.5,0.2,,0.11,0.95,20000,10044,2008,8036,313,63,0.031162883313420948,0.03137450199203187,0.02459934270408657,0.03993927103777601,0.01533992833368944,1.0,0.5022,0.4018,1,1,0.03
02_noise_sweep,30,47797415588778014105905152548816678920,20000,0.0,0.06,depolarizing,0.0,0.5,0.2,,0.11,0.95,20000,10007,2001,8006,285,52,0.02848006395523134,0.025987006496751622,0.019872124667235362,0.033918392456312944,0.014046267789077582,1.0,0.50035,0.4003,1,1,0.03
02_noise_sweep,31,59258359405026012534774579421340040760,20000,0.0,0.06,depolarizing,0.0,0.5,0.2,,0.11,0.95,20000,9989,1997,7992,302,57,0.030233256582240464,0.028542814221331998,0.022095755161346927,0.03680019499062086,0.01470443982927393,1.0,0.49945,0.3996,1,1,0.03
02_noise_sweep,32,251550134927508025561353759968497237366,20000,0.0,0.06,depolarizing,0.0,0.5,0.2,,0.11,0.95,20000,9925,1985,7940,298,57,0.030025188916876576,0.02871536523929471,0.022229719234373044,0.03702158925884869,0.01479187002447565,1.0,0.49625,0.397,1,1,0.03
02_noise_sweep,33,285889812860216780044414464508374582542,20000,0.0,0.06,depolarizing,0.0,0.5,0.2,,0.11,0.95,20000,9987,1997,7990,286,56,0.02863722839691599,0.028042063094641963,0.02165778913617871,0.03623858156826063,0.014580792432081921,1.0,0.49935,0.3995,1,1,0.03
02_noise_sweep,34,177078442551783494444022288087985179902,20000,0.0,0.06,depolarizing,0.0,0.5,0.2,,0.11,0.95,20000,10008,2001,8007,290,46,0.02897681854516387,0.022988505747126436,0.01727899487715194,0.030526011548179487,0.013247016671027546,1.0,0.5004,0.40035,1,1,0.03
02_noise_sweep,35,112240568655077856865944577179770561460,20000,0.0,0.06,depolarizing,0.0,0.5,0.2,,0.11,0.95,20000,10072,2014,8058,321,56,0.03187053216838761,0.027805362462760674,0.021474460714319528,0.035934142084631984,0.014459681370312456,1.0,0.5036,0.4029,1,1,0.03
02_noise_sweep,36,320096435108139553468353607134980843569,20000,0.0,0.06,depolarizing,0.0,0.5,0.2,,0.11,0.95,20000,9933,1986,7947,307,65,0.030907077418705325,0.03272910372608258,0.025761595784277683,0.04150077742007652,0.015739181635798835,1.0,0.49665,0.39735,1,1,0.03
02_noise_sweep,37,321302097678049897421260531143524225899,20000,0.0,0.06,depolarizing,0.0,0.5,0.2,,0.11,0.95,20000,10003,2000,8003,311,62,0.03109067279816055,0.031,0.02425746214164182,0.03954072820817342,0.0152832660665316,1.0,0.50015,0.40015,1,1,0.03
02_noise_sweep,38,84458582212661986938603309765973489342,20000,0.0,0.06,depolarizing,0.0,0.5,0.2,,0.11,0.95,20000,10050,2010,8040,280,40,0.027860696517412936,0.01990049751243781,0.014648317877555602,0.026984283563568617,0.012335965686013015,1.0,0.5025,0.402,1,1,0.03
02_noise_sweep,39,186185892359099232889181933392003156501,20000,0.0,0.06,depolarizing,0.0,0.5,0.2,,0.11,0.95,20000,9968,1993,7975,289,53,0.028992776886035312,0.026593075765178123,0.020388476068714124,0.034619125228569095,0.014230649159854971,1.0,0.4984,0.39875,1,1,0.03
02_noise_sweep,40,295987164197740665222098551097552631470,20000,0.0,0.06,depolarizing,0.0,0.5,0.2,,0.11,0.95,20000,9974,1994,7980,303,59,0.030378985361941047,0.02958876629889669,0.023008079987732806,0.03797847041282597,0.014970390425093162,1.0,0.4987,0.399,1,1,0.03
02_noise_sweep,41,45294560181188944130374324184326819294,20000,0.0,0.06,depolarizing,0.0,0.5,0.2,,0.11,0.95,20000,10036,2007,8029,295,65,0.029394180948585095,0.03238664673642252,0.02549119972699426,0.04106872633460017,0.015577526607605908,1.0,0.5018,0.40145,1,1,0.03
02_noise_sweep,42,28720829709989361439647201383521287090,20000,0.0,0.06,depolarizing,0.0,0.5,0.2,,0.11,0.95,20000,10037,2007,8030,305,64,0.03038756600577862,0.03188839063278525,0.025051173772260384,0.04051414379286266,0.015462970020602276,1.0,0.50185,0.4015,1,1,0.03
02_noise_sweep,43,319405203171352111932722489419152070819,20000,0.0,0.06,depolarizing,0.0,0.5,0.2,,0.11,0.95,20000,9897,1979,7918,317,60,0.03202990805294534,0.03031834259727135,0.02362667377022578,0.038829887378313804,0.015203213608088025,1.0,0.49485,0.3959,1,1,0.03
02_noise_sweep,44,122614062178588447361019004120451478994,20000,0.0,0.06,depolarizing,0.0,0.5,0.2,,0.11,0.95,20000,9923,1984,7939,299,57,0.0301320165272599,0.028729838709677418,0.022240956270160414,0.03704015908126439,0.014799202811103973,1.0,0.49615,0.39695,1,1,0.03
02_noise_sweep,45,312516927843603848332585232884488886525,20000,0.0,0.06,depolarizing,0.0,0.5,0.2,,0.11,0.95,20000,10047,2009,8038,317,63,0.031551706977207127,0.0313588850174216,0.024587060659518697,0.039919489646120895,0.015332428986602198,1.0,0.50235,0.4019,1,1,0.03
02_noise_sweep,46,48483819001581293474333862717917649319,20000,0.0,0.06,depolarizing,0.0,0.5,0.2,,0.11,0.95,20000,9927,1985,7942,254,42,0.025586783519693766,0.02115869017632242,0.015691483851513886,0.02847566603924749,0.012784182187733605,1.0,0.49635,0.3971,1,1,0.03
02_noise_sweep,47,76552546164471805234034880395376257977,20000,0.0,0.06,depolarizing,0.0,0.5,0.2,,0.11,0.95,20000,10103,2020,8083,308,64,0.03048599425913095,0.031683168316831684,0.024889457624905666,0.04025470584011152,0.015365248215205851,1.0,0.50515,0.40415,1,1,0.03
02_noise_sweep,48,210816270862260312142877355721117920079,20000,0.0,0.06,depolarizing,0.0,0.5,0.2,,0.11,0.95,20000,9929,1985,7944,279,58,0.02809950649612247,0.029219143576826197,0.02267092899699143,0.037585990069727675,0.014915061072736244,1.0,0.49645,0.3972,1,1,0.03
02_noise_sweep,49,265445536034662673460150051852662233650,20000,0.0,0.06,depolarizing,0.0,0.5,0.2,,0.11,0.95,20000,10120,2024,8096,317,60,0.03132411067193676,0.029644268774703556,0.023099831160811338,0.03797075119759208,0.014870920036780741,1.0,0.506,0.4048,1,1,0.03
02_noise_sweep,50,329145622720950211993163856368823347153,20000,0.0,0.06,depolarizing,0.0,0.5,0.2,,0.11,0.95,20000,10070,2014,8056,304,69,0.03018867924528302,0.03426017874875869,0.027160947630853423,0.04313271107095155,0.015971763440098125,1.0,0.5035,0.4028,1,1,0.03
02_noise_sweep,51,156336878295930532667483626571027210690,20000,0.0,0.06,depolarizing,0.0,0.5,0.2,,0.11,0.95,20000,9998,1999,7999,325,64,0.03250650130026005,0.032016008004002,0.02515174013406199,0.04067546662763771,0.015523726493575724,1.0,0.4999,0.39995,1,1,0.03
02_noise_sweep,52,87912573778720094709755677626649659722,20000,0.0,0.06,depolarizing,0.0,0.5,0.2,,0.11,0.95,20000,10046,2009,8037,334,69,0.03324706350786383,0.03434544549527128,0.027228765204107382,0.04323950650160248,0.016010741297495096,1.0,0.5023,0.40185,1,1,0.03
02_noise_sweep,53,314370166648418265019662106985570824787,20000,0.0,0.06,depolarizing,0.0,0.5,0.2,,0.11,0.95,20000,9984,1996,7988,309,61,0.030949519230769232,0.030561122244488977,0.023865269736898374,0.039060447832184715,0.015195178095286341,1.0,0.4992,0.3994,1,1,0.03
02_noise_sweep,54,303771934265063300337215466705379256833,20000,0.0,0.06,depolarizing,0.0,0.5,0.2,,0.11,0.95,20000,9946,1989,7957,279,62,0.02805147798109793,0.03117144293614882,0.024392026504801177,0.039758314333825796,0.015366287829024619,1.0,0.4973,0.39785,1,1,0.03
02_noise_sweep,55,166450270244645009554799871215287375237,20000,0.0,0.06,depolarizing,0.0,0.5,0.2,,0.11,0.95,20000,9854,1970,7884,298,56,0.03024152628374264,0.028426395939086295,0.0219554800002193,0.036732849958107563,0.014777369957888264,1.0,0.4927,0.3942,1,1,0.03
02_noise_sweep,56,45308974898124077020911367727856758643,20000,0.0,0.06,depolarizing,0.0,0.5,0.2,,0.11,0.95,20000,9867,1973,7894,292,60,0.029593594810986116,0.030410542321338063,0.023698740754112716,0.03894738509887959,0.015248644344766877,1.0,0.49335,0.3947,1,1,0.03
02_noise_sweep,57,16935455241746553786286290787073579874,20000,0.0,0.06,depolarizing,0.0,0.5,0.2,,0.11,0.95,20000,9918,1983,7935,288,56,0.029038112522686024,0.028240040342914774,0.021811132504895955,0.03649319686492339,0.014682064360027433,1.0,0.4959,0.39675,1,1,0.03
02_noise_sweep,58,129767468593199026460401686055553817031,20000,0.0,0.06,depolarizing,0.0,0.5,0.2,,0.11,0.95,20000,9980,1996,7984,307,64,0.030761523046092185,0.03206412825651302,0.0251896610055966,0.040736294394108426,0.015546633388511824,1.0,0.499,0.3992,1,1,0.03
02_noise_sweep,59,42443031032414903982010583220945988660,20000,0.0,0.06,depolarizing,0.0,0.5,0.2,,0.11,0.95,20000,10064,2012,8052,322,60,0.03199523052464229,0.02982107355864811,0.023238011367769908,0.038196114951441595,0.014958103583671688,1.0,0.5032,0.4026,1,1,0.03
02_noise_sweep,60,54712204758574226770954684166463464099,20000,0.0,0.06,depolarizing,0.0,0.5,0.2,,0.11,0.95,20000,10084,2016,8068,305,60,0.030245934153113843,0.02976190476190476,0.023191767976660366,0.0381206970585906,0.014928929081930234,1.0,0.5042,0.4034,1,1,0.03
02_noise_sweep,61,20317399517179580976346900864702294147,20000,0.0,0.06,depolarizing,0.0,0.5,0.2,,0.11,0.95,20000,9960,1992,7968,304,60,0.030522088353413655,0.030120481927710843,0.023472022463272294,0.03857772516240823,0.015105702699135939,1.0,0.498,0.3984,1,1,0.03
02_noise_sweep,62,117326207504565935761735181386391438724,20000,0.0,0.06,depolarizing,0.0,0.5,0.2,,0.11,0.95,20000,9997,1999,7998,303,59,0.030309092727818347,0.029514757378689346,0.02295036137611063,0.037883938954598705,0.014933577578488073,1.0,0.49985,0.3999,1,1,0.03
02_noise_sweep,63,105581267553949661275970942731559877435,20000,0.0,0.06,depolarizing,0.0,0.5,0.2,,0.11,0.95,20000,10115,2023,8092,297,53,0.02936233316856154,0.02619871478002966,0.020085305086090785,0.03410810917562693,0.014022804089536142,1.0,0.50575,0.4046,1,1,0.03
02_noise_sweep,64,40776451113112806783893471150285309118,20000,0.0,0.06,depolarizing,0.0,0.5,0.2,,0.11,0.95,20000,9908,1981,7927,310,68,0.03128784820347194,0.034326097930338216,0.027167182096173997,0.0432875427380109,0.016120360641836903,1.0,0.4954,0.39635,1,1,0.03
02_noise_sweep,65,221527386422855520352791267583977648504,20000,0.0,0.06,depolarizing,0.0,0.5,0.2,,0.11,0.95,20000,9922,1984,7938,308,68,0.031042128603104215,0.034274193548387094,0.027125968905266425,0.04322242744202396,0.016096458536757535,1.0,0.4961,0.3969,1,1,0.03
02_noise_sweep,66,223319398396592404740291286700930600091,20000,0.0,0.06,depolarizing,0.0,0.5,0.2,,0.11,0.95,20000,10003,2000,8003,295,44,0.02949115265420374,0.022,0.016428908114317704,0.029403789086560096,0.012974880972242392,1.0,0.50015,0.40015,1,1,0.03
02_noise_sweep,67,2395735534553510360666035696948594754,20000,0.0,0.06,depolarizing,0.0,0.5,0.2,,0.11,0.95,20000,9988,1997,7991,303,72,0.030336403684421306,0.03605408112168253,0.028727842890896152,0.04516179897399833,0.016433956083102177,1.0,0.4994,0.39955,1,1,0.03
02_noise_sweep,68,196074493843799943579258069611500200993,20000,0.0,0.06,depolarizing,0.0,0.5,0.2,,0.11,0.95,20000,9897,1979,7918,311,73,0.0314236637364858,0.036887316826680144,0.029439916585984667,0.0461291402108271,0.01668922362484243,1.0,0.49485,0.3959,1,1,0.03
02_noise_sweep,69,59859412848831436816030170244780807403,20000,0.0,0.06,depolarizing,0.0,0.5,0.2,,0.11,0.95,20000,10155,2031,8124,321,62,0.031610044313146235,0.03052683407188577,0.02388610118835977,0.03894014911557571,0.01505404792721594,1.0,0.50775,0.4062,1,1,0.03
02_noise_sweep,70,122186495982072657201635336516363968319,20000,0.0,0.06,depolarizing,0.0,0.5,0.2,,0.11,0.95,20000,9871,1974,7897,264,63,0.02674501063722014,0.031914893617021274,0.02502435953806806,0.04062370251545633,0.01559934297738827,1.0,0.49355,0.39485,1,1,0.03
02_noise_sweep,71,322410597752496458592606855063529188507,20000,0.0,0.06,depolarizing,0.0,0.5,0.2,,0.11,0.95,20000,10102,2020,8082,331,66,0.03276578895268264,0.032673267326732675,0.02576429351171701,0.041356309354008386,0.015592015842291376,1.0,0.5051,0.4041,1,1,0.03
02_noise_sweep,72,289217531548297814270955783206342106875,20000,0.0,0.06,depolarizing,0.0,0.5,0.2,,0.11,0.95,20000,9967,1993,7974,286,58,0.028694692485201165,0.029101856497742096,0.022579660683865264,0.0374358494565696,0.014856188772704337,1.0,0.49835,0.3987,1,1,0.03
02_noise_sweep,73,107063047011612342715657300954274911098,20000,0.0,0.06,depolarizing,0.0,0.5,0.2,,0.11,0.95,20000,10000,2000,8000,295,64,0.0295,0.032,0.02513912520329142,0.04065523105196132,0.015516105848669897,1.0,0.5,0.4,1,1,0.03
02_noise_sweep,74,106665872021501660051584167582667668329,20000,0.0,0.06,depolarizing,0.0,0.5,0.2,,0.11,0.95,20000,10062,2012,8050,318,60,0.031604054859868815,0.02982107355864811,0.023238011367769908,0.038196114951441595,0.014958103583671688,1.0,0.5031,0.4025,1,1,0.03
02_noise_sweep,75,278263110293422605966250426287594114369,20000,0.0,0.06,depolarizing,0.0,0.5,0.2,,0.11,0.95,20000,10028,2005,8023,281,58,0.02802153968887116,0.02892768079800499,0.022444127822888002,0.037212874124417476,0.014768746301529474,1.0,0.5014,0.40115,1,1,0.03
02_noise_sweep,76,233270444804452897638554417875257606950,20000,0.0,0.06,depolarizing,0.0,0.5,0.2,,0.11,0.95,20000,10175,2035,8140,316,51,0.031056511056511058,0.02506142506142506,0.01911255068256398,0.03279999914458879,0.013687448462024809,1.0,0.50875,0.407,1,1,0.03
02_noise_sweep,77,285575396011430054300838920917051428007,20000,0.0,0.06,depolarizing,0.0,0.5,0.2,,0.11,0.95,20000,9993,1998,7995,295,66,0.02952066446512559,0.03303303303303303,0.026048884118943717,0.04180936620459578,0.01576048208565206,1.0,0.49965,0.39975,1,1,0.03
02_noise_sweep,78,48321086281849197041636282626025642674,20000,0.0,0.06,depolarizing,0.0,0.5,0.2,,0.11,0.95,20000,10172,2034,8138,293,61,0.028804561541486435,0.02999016715830875,0.023418089518608565,0.03833424076007709,0.014916151241468525,1.0,0.5086,0.4069,1,1,0.03
02_noise_sweep,79,246505555482406256296977836987827085596,20000,0.0,0.06,depolarizing,0.0,0.5,0.2,,0.11,0.95,20000,9997,1999,7998,280,49,0.028008402520756228,0.02451225612806403,0.01859094999774797,0.0322575374709806,0.013666587473232628,1.0,0.49985,0.3999,1,1,0.03
02_noise_sweep,80,330428042305495051698247023525048463067,20000,0.0,0.06,depolarizing,0.0,0.5,0.2,,0.11,0.95,20000,10038,2007,8031,303,62,0.030185295875672445,0.03089187842551071,0.024172600619931928,0.03940349995224833,0.015230899332316403,1.0,0.5019,0.40155,1,1,0.03
02_noise_sweep,81,7786679006988385009684375753655953092,20000,0.0,0.06,depolarizing,0.0,0.5,0.2,,0.11,0.95,20000,9911,1982,7929,300,64,0.030269397638986985,0.03229061553985873,0.02536814772447423,0.04102257960931257,0.015654431884838338,1.0,0.49555,0.39645,1,1,0.03
02_noise_sweep,82,77317512962221832043742267225243531481,20000,0.0,0.06,depolarizing,0.0,0.5,0.2,,0.11,0.95,20000,9869,1973,7896,310,73,0.031411490525889145,0.036999493157627975,0.02952975187469469,0.04626866794905974,0.01673891607436505,1.0,0.49345,0.3948,1,1,0.03
02_noise_sweep,83,154514372165534745525304221404312209972,20000,0.0,0.06,depolarizing,0.0,0.5,0.2,,0.11,0.95,20000,9990,1998,7992,310,67,0.031031031031031032,0.033533533533533534,0.02649185308069786,0.042365477360394116,0.015873624279696255,1.0,0.4995,0.3996,1,1,0.03
02_noise_sweep,84,40373459596084325671376744505402792724,20000,0.0,0.06,depolarizing,0.0,0.5,0.2,,0.11,0.95,20000,9946,1989,7957,289,58,0.029056907299416852,0.029160382101558573,0.022625202796499433,0.03751076953097956,0.014885566734480125,1.0,0.4973,0.39785,1,1,0.03
02_noise_sweep,85,231850328648258904905592232120362135524,20000,0.0,0.06,depolarizing,0.0,0.5,0.2,,0.11,0.95,20000,9992,1998,7994,275,53,0.027522017614091274,0.026526526526526525,0.020337313583528832,0.034532895211828465,0.014195581628299633,1.0,0.4996,0.3997,1,1,0.03
02_noise_sweep,86,285323532236128462608629967863530874399,20000,0.0,0.06,depolarizing,0.0,0.5,0.2,,0.11,0.95,20000,10016,2003,8013,313,73,0.03125,0.036445332001997004,0.029085975816913603,0.04557934373889594,0.016493367921982336,1.0,0.5008,0.40065,1,1,0.03
02_noise_sweep,87,225678992905521416652409606788089163271,20000,0.0,0.06,depolarizing,0.0,0.5,0.2,,0.11,0.95,20000,9973,1994,7979,297,66,0.029780407099167752,0.033099297893681046,0.02610130472051997,0.04189280873675105,0.015791504016231084,1.0,0.49865,0.39895,1,1,0.03
02_noise_sweep,88,295963514677905441678054879375252030138,20000,0.0,0.06,depolarizing,0.0,0.5,0.2,,0.11,0.95,20000,10010,2002,8008,309,70,0.03086913086913087,0.03496503496503497,0.027767710066109508,0.043943570099205076,0.016175860033095568,1.0,0.5005,0.4004,1,1,0.03
02_noise_sweep,89,152809589735978035741251899883430943329,20000,0.0,0.06,depolarizing,0.0,0.5,0.2,,0.11,0.95,20000,9853,1970,7883,270,59,0.027402821475692684,0.029949238578680204,0.023289220006454694,0.03843886776686142,0.01514964776040673,1.0,0.49265,0.39415,1,1,0.03
02_noise_sweep,90,109843694008438481922101983288423455009,20000,0.0,0.06,depolarizing,0.0,0.5,0.2,,0.11,0.95,20000,10079,2015,8064,296,53,0.02936799285643417,0.02630272952853598,0.020165265578126652,0.03424289923381355,0.0140776336556869,1.0,0.50395,0.4032,1,1,0.03
02_noise_sweep,91,229500465490208865178747222779630793962,20000,0.0,0.06,depolarizing,0.0,0.5,0.2,,0.11,0.95,20000,9849,1969,7880,274,51,0.02782008325718347,0.02590147282884713,0.019754937346648405,0.03389430970636263,0.014139372359714228,1.0,0.49245,0.394,1,1,0.03
02_noise_sweep,92,37261857808074608705781954543824351986,20000,0.0,0.06,depolarizing,0.0,0.5,0.2,,0.11,0.95,20000,9981,1996,7985,286,61,0.02865444344254083,0.030561122244488977,0.023865269736898374,0.039060447832184715,0.015195178095286341,1.0,0.49905,0.39925,1,1,0.03
02_noise_sweep,93,232199102351464008813117518421310002087,20000,0.0,0.06,depolarizing,0.0,0.5,0.2,,0.11,0.95,20000,9921,1984,7937,321,77,0.03235560931357726,0.03881048387096774,0.03116451600114674,0.048238928433670045,0.017074412432523306,1.0,0.49605,0.39685,1,1,0.03
02_noise_sweep,94,89706967000194050623770628319791279412,20000,0.0,0.06,depolarizing,0.0,0.5,0.2,,0.11,0.95,20000,9955,1991,7964,282,60,0.028327473631341034,0.030135610246107485,0.02348384680128559,0.03859700592668331,0.015113159125397721,1.0,0.49775,0.3982,1,1,0.03
02_noise_sweep,95,232427716125025976486004384969688609735,20000,0.0,0.06,depolarizing,0.0,0.5,0.2,,0.11,0.95,20000,9914,1982,7932,278,50,0.0280411539237442,0.025227043390514632,0.019187568036696395,0.03310334288141945,0.013915774844723058,1.0,0.4957,0.3966,1,1,0.03
02_noise_sweep,96,199276121256394223317290353760197478850,20000,0.0,0.06,depolarizing,0.0,0.5,0.2,,0.11,0.95,20000,10014,2002,8012,281,44,0.0280607149990014,0.02197802197802198,0.016412455819415986,0.029374542159323072,0.012962086339907086,1.0,0.5007,0.4006,1,1,0.03
02_noise_sweep,97,153894079099760253717091455475763924715,20000,0.0,0.06,depolarizing,0.0,0.5,0.2,,0.11,0.95,20000,9883,1976,7907,296,60,0.029950419912981887,0.030364372469635626,0.02366265238922085,0.03888854749042058,0.015225895101199732,1.0,0.49415,0.39535,1,1,0.03
02_noise_sweep,98,203402538567803342792003199020714361944,20000,0.0,0.06,depolarizing,0.0,0.5,0.2,,0.11,0.95,20000,10013,2002,8011,359,70,0.035853390592230104,0.03496503496503497,0.027767710066109508,0.043943570099205076,0.016175860033095568,1.0,0.50065,0.40055,1,1,0.03
02_noise_sweep,99,213947710393908096387395894374948028303,20000,0.0,0.06,depolarizing,0.0,0.5,0.2,,0.11,0.95,20000,9961,1992,7969,303,65,0.03041863266740287,0.03263052208835342,0.025683756173099682,0.04137640946740093,0.01569265329430125,1.0,0.49805,0.39845,1,1,0.03
02_noise_sweep,100,191325272557223826682174387175484920734,20000,0.0,0.06,depolarizing,0.0,0.5,0.2,,0.11,0.95,20000,9993,1998,7995,288,63,0.02882017412188532,0.03153153153153153,0.0247228414358916,0.04013816853499047,0.015415327099098871,1.0,0.49965,0.39975,1,1,0.03
02_noise_sweep,101,235664569059224422116851560575625714069,20000,0.0,0.06,depolarizing,0.0,0.5,0.2,,0.11,0.95,20000,9935,1987,7948,306,57,0.030800201308505283,0.02868646200301963,0.022207279193568994,0.036984505415186025,0.014777226221617031,1.0,0.49675,0.3974,1,1,0.03
02_noise_sweep,102,240151816595021529612126331709382660444,20000,0.0,0.06,depolarizing,0.0,0.5,0.2,,0.11,0.95,20000,10085,2017,8068,286,65,0.028358948934060487,0.03222607833415964,0.025364424865610646,0.04086613381403967,0.015501708948429022,1.0,0.50425,0.4034,1,1,0.03
02_noise_sweep,103,275762613114012964984659272766338555814,20000,0.0,0.06,depolarizing,0.0,0.5,0.2,,0.11,0.95,20000,9985,1997,7988,278,54,0.02784176264396595,0.02704056084126189,0.020783658408832794,0.035113553400549655,0.01432989499171686,1.0,0.49925,0.3994,1,1,0.03
02_noise_sweep,104,116961665013945159799115722033130369444,20000,0.0,0.06,depolarizing,0.0,0.5,0.2,,0.11,0.95,20000,9974,1994,7980,282,59,0.02827351112893523,0.02958876629889669,0.023008079987732806,0.03797847041282597,0.014970390425093162,1.0,0.4987,0.399,1,1,0.03
02_noise_sweep,105,78538670242650982827881991011333280580,20000,0.0,0.06,depolarizing,0.0,0.5,0.2,,0.11,0.95,20000,9810,1962,7848,267,66,0.027217125382262997,0.03363914373088685,0.026528389367524836,0.04257253340077675,0.01604414403325191,1.0,0.4905,0.3924,1,1,0.03
02_noise_sweep,106,201745043541853061698258516651994128816,20000,0.0,0.06,depolarizing,0.0,0.5,0.2,,0.11,0.95,20000,9997,1999,7998,276,50,0.027608282484745422,0.02501250625312656,0.019023960623425384,0.03282310813150126,0.013799147508075874,1.0,0.49985,0.3999,1,1,0.03
02_noise_sweep,107,85699196192184542126046447666718108923,20000,0.0,0.06,depolarizing,0.0,0.5,0.2,,0.11,0.95,20000,9921,1984,7937,291,60,0.02933172059268219,0.03024193548387097,0.02356695192872524,0.03873251278520837,0.015165560856483126,1.0,0.49605,0.39685,1,1,0.03
02_noise_sweep,108,24837942447198875367811089476861156412,20000,0.0,0.06,depolarizing,0.0,0.5,0.2,,0.11,0.95,20000,9977,1995,7982,296,64,0.02966823694497344,0.03208020050125313,0.0252023267196085,0.040756610763347204,0.015554284043738705,1.0,0.49885,0.3991,1,1,0.03
02_noise_sweep,109,274257496074511657699588327072647972192,20000,0.0,0.06,depolarizing,0.0,0.5,0.2,,0.11,0.95,20000,10033,2006,8027,319,80,0.03179507624838034,0.03988035892323031,0.032159921330284925,0.04935967221856676,0.017199750888281837,1.0,0.50165,0.40135,1,1,0.03
02_noise_sweep,110,106785928337550766797051668419780815778,20000,0.0,0.06,depolarizing,0.0,0.5,0.2,,0.11,0.95,20000,9927,1985,7942,272,50,0.02740002014707364,0.02518891687657431,0.019158491964024887,0.03305354251471535,0.013895050550690465,1.0,0.49635,0.3971,1,1,0.03
02_noise_sweep,111,284190843419206280877173001113829733730,20000,0.0,0.06,depolarizing,0.0,0.5,0.2,,0.11,0.95,20000,10056,2011,8045,301,53,0.029932378679395386,0.026355047240179015,0.02020548504933946,0.034310694543761316,0.014105209494421858,1.0,0.5028,0.40225,1,1,0.03
02_noise_sweep,112,197013796738390951128797033603001078118,20000,0.0,0.06,depolarizing,0.0,0.5,0.2,,0.11,0.95,20000,9990,1998,7992,251,54,0.025125125125125124,0.02702702702702703,0.0207732272260018,0.03509606168690798,0.01432283446090618,1.0,0.4995,0.3996,1,1,0.03
02_noise_sweep,113,37773884871740338492988614790046156458,20000,0.0,0.06,depolarizing,0.0,0.5,0.2,,0.11,0.95,20000,10102,2020,8082,273,48,0.027024351613541872,0.023762376237623763,0.017969400487859374,0.03136324777149213,0.013393847283632757,1.0,0.5051,0.4041,1,1,0.03
02_noise_sweep,114,131745623855257186358080777165660981242,20000,0.0,0.06,depolarizing,0.0,0.5,0.2,,0.11,0.95,20000,10070,2014,8056,283,56,0.028103277060575967,0.027805362462760674,0.021474460714319528,0.035934142084631984,0.014459681370312456,1.0,0.5035,0.4028,1,1,0.03
02_noise_sweep,115,320019654658653800881911306048874326018,20000,0.0,0.06,depolarizing,0.0,0.5,0.2,,0.11,0.95,20000,9977,1995,7982,271,53,0.02716247368948582,0.026566416040100252,0.02036798021491266,0.0345845815983189,0.014216601383406236,1.0,0.49885,0.3991,1,1,0.03
02_noise_sweep,116,59435766119665681135719329823193389315,20000,0.0,0.06,depolarizing,0.0,0.5,0.2,,0.11,0.95,20000,10016,2003,8013,330,71,0.03294728434504792,0.03544682975536695,0.028197439604770273,0.044474698086862226,0.016277258482091952,1.0,0.5008,0.40065,1,1,0.03
02_noise_sweep,117,67166913735576427246430258560177159900,20000,0.0,0.06,depolarizing,0.0,0.5,0.2,,0.11,0.95,20000,10024,2004,8020,305,67,0.030426975259377494,0.03343313373253493,0.026412282904344525,0.0422392822952581,0.015826999390913574,1.0,0.5012,0.401,1,1,0.03
02_noise_sweep,118,308950231204262656323084749450898402105,20000,0.0,0.06,depolarizing,0.0,0.5,0.2,,0.11,0.95,20000,10007,2001,8006,299,62,0.029879084640751473,0.030984507746126936,0.024245302604649036,0.03952106568259406,0.015275763077945023,1.0,0.50035,0.4003,1,1,0.03
02_noise_sweep,119,49656807424780981607777242241605284019,20000,0.0,0.06,depolarizing,0.0,0.5,0.2,,0.11,0.95,20000,9951,1990,7961,289,61,0.02904230730579841,0.030653266331658293,0.023937443068575336,0.03917763474464563,0.015240191676070297,1.0,0.49755,0.39805,1,1,0.03
02_noise_sweep,120,116155832120346053798571163368787845237,20000,0.0,0.06,depolarizing,0.0,0.5,0.2,,0.11,0.95,20000,10149,2029,8120,279,50,0.027490393142181494,0.02464268112370626,0.018741947110452493,0.03233997980033343,0.013598032689880937,1.0,0.50745,0.406,1,1,0.03
02_noise_sweep,121,6372189036293576426888570085678397465,20000,0.0,0.06,depolarizing,0.0,0.5,0.2,,0.11,0.95,20000,10066,2013,8053,287,64,0.02851182197496523,0.031793343268753105,0.02497627519638702,0.04039398890845028,0.015417713712063259,1.0,0.5033,0.40265,1,1,0.03
02_noise_sweep,122,240567233701601628449485467317345378480,20000,0.0,0.06,depolarizing,0.0,0.5,0.2,,0.11,0.95,20000,10092,2018,8074,307,52,0.030420134760206104,0.02576808721506442,0.019704268315829214,0.03363396864148207,0.013929700325652855,1.0,0.5046,0.4037,1,1,0.03
02_noise_sweep,123,107319660716139937744025342905846360833,20000,0.0,0.06,depolarizing,0.0,0.5,0.2,,0.11,0.95,20000,9924,1984,7940,311,54,0.03133817009270456,0.02721774193548387,0.02092022337884759,0.03534254261006842,0.014422319231220827,1.0,0.4962,0.397,1,1,0.03
02_noise_sweep,124,225989828732811165685773491331684828348,20000,0.0,0.06,depolarizing,0.0,0.5,0.2,,0.11,0.95,20000,10048,2009,8039,274,79,0.027269108280254778,0.039323046291687404,0.03166590459240655,0.04873856944675377,0.01707266485434722,1.0,0.5024,0.40195,1,1,0.03
02_noise_sweep,125,166344034812054592733164477361774371646,20000,0.0,0.06,depolarizing,0.0,0.5,0.2,,0.11,0.95,20000,9947,1989,7958,286,53,0.028752387654569216,0.026646556058320763,0.02042959177533684,0.03468841991320717,0.014258828137870327,1.0,0.49735,0.3979,1,1,0.03
02_noise_sweep,126,16663362438443567915805175559319150937,20000,0.0,0.06,depolarizing,0.0,0.5,0.2,,0.11,0.95,20000,10027,2005,8022,313,64,0.03121571756258103,0.03192019950124688,0.025076239891050598,0.04055435442080349,0.015478114529752892,1.0,0.50135,0.4011,1,1,0.03
02_noise_sweep,127,302022132431409933023636409988964405084,20000,0.0,0.06,depolarizing,0.0,0.5,0.2,,0.11,0.95,20000,9941,1988,7953,299,59,0.03007745699627804,0.029678068410462777,0.02307772670843993,0.03809253274224575,0.015014806033805818,1.0,0.49705,0.39765,1,1,0.03
02_noise_sweep,128,222227897921551612433965620787328763087,20000,0.0,0.06,depolarizing,0.0,0.5,0.2,,0.11,0.95,20000,9911,1982,7929,301,55,0.030370295631116942,0.027749747729566093,0.021381472968411756,0.03594508666958657,0.014563613701174812,1.0,0.49555,0.39645,1,1,0.03
02_noise_sweep,129,316101495509918935707335094551505526709,20000,0.0,0.06,depolarizing,0.0,0.5,0.2,,0.11,0.95,20000,10013,2002,8011,302,59,0.030160790971736743,0.029470529470529472,0.02291586900575941,0.03782744561908091,0.014911576613321504,1.0,0.50065,0.40055,1,1,0.03
02_noise_sweep,130,78586947907059685680629909882171725676,20000,0.0,0.06,depolarizing,0.0,0.5,0.2,,0.11,0.95,20000,9970,1994,7976,304,70,0.03049147442326981,0.03510531594784353,0.027879482858577817,0.04411895234538592,0.0162394694868081,1.0,0.4985,0.3988,1,1,0.03
02_noise_sweep,131,42852908935369685677656827903632887726,20000,0.0,0.06,depolarizing,0.0,0.5,0.2,,0.11,0.95,20000,10077,2015,8062,311,56,0.03086235982931428,0.027791563275434243,0.021463773297376847,0.03591639309189618,0.014452619794519336,1.0,0.50385,0.4031,1,1,0.03
02_noise_sweep,132,204487426191387331888167437819414674332,20000,0.0,0.06,depolarizing,0.0,0.5,0.2,,0.11,0.95,20000,9919,1983,7936,317,68,0.031958866821252145,0.03429147755925366,0.027139692734527397,0.04324411076416653,0.016104418029639134,1.0,0.49595,0.3968,1,1,0.03
02_noise_sweep,133,125801804287514160180127779784564044306,20000,0.0,0.06,depolarizing,0.0,0.5,0.2,,0.11,0.95,20000,9951,1990,7961,287,53,0.02884132248015275,0.026633165829145728,0.020419297309750322,0.034671070249194164,0.014251772939443842,1.0,0.49755,0.39805,1,1,0.03
02_noise_sweep,134,23060742781182086489892312987458997429,20000,0.0,0.06,depolarizing,0.0,0.5,0.2,,0.11,0.95,20000,10049,2009,8040,331,74,0.03293860085580655,0.03683424589347934,0.02944236236571799,0.04599401050671711,0.016551648140999117,1.0,0.50245,0.402,1,1,0.03
02_noise_sweep,135,77205105974301804335747421608698605635,20000,0.0,0.06,depolarizing,0.0,0.5,0.2,,0.11,0.95,20000,9985,1997,7988,296,64,0.029644466700050075,0.03204807210816224,0.02517700801610598,0.04071599826856093,0.015538990252454948,1.0,0.49925,0.3994,1,1,0.03
02_noise_sweep,136,105956238698815868496003347775144369916,20000,0.0,0.06,depolarizing,0.0,0.5,0.2,,0.11,0.95,20000,10151,2030,8121,314,63,0.030932913013496207,0.03103448275862069,0.024331941479925533,0.03950856007813671,0.015176618598211178,1.0,0.50755,0.40605,1,1,0.03
02_noise_sweep,137,243310617480405247279105944612556328740,20000,0.0,0.06,depolarizing,0.0,0.5,0.2,,0.11,0.95,20000,9908,1981,7927,311,51,0.03138877674606379,0.02574457344775366,0.01963494732822486,0.033689945876888096,0.014054998548663235,1.0,0.4954,0.39635,1,1,0.03
02_noise_sweep,138,278516168680197384308825846388758867992,20000,0.0,0.06,depolarizing,0.0,0.5,0.2,,0.11,0.95,20000,9872,1974,7898,292,61,0.02957860615883306,0.03090172239108409,0.024132056850197217,0.03949359841123522,0.015361541561038,1.0,0.4936,0.3949,1,1,0.03
02_noise_sweep,139,32495764474481398289697596263903867603,20000,0.0,0.06,depolarizing,0.0,0.5,0.2,,0.11,0.95,20000,9997,1999,7998,317,65,0.031709512853856155,0.03251625812906453,0.025593535741623687,0.04123225230627409,0.015638716564650407,1.0,0.49985,0.3999,1,1,0.03
02_noise_sweep,140,307597127029134932512101987996553630061,20000,0.0,0.06,depolarizing,0.0,0.5,0.2,,0.11,0.95,20000,10085,2017,8068,303,58,0.0300446207238473,0.02875557759048091,0.022310212341078203,0.03699253914276665,0.014682326801688447,1.0,0.50425,0.4034,1,1,0.03
02_noise_sweep,141,47440851171658995054275223295196698389,20000,0.0,0.06,depolarizing,0.0,0.5,0.2,,0.11,0.95,20000,9962,1992,7970,303,67,0.03041557920096366,0.033634538152610444,0.026571904148350558,0.04249242869807808,0.015920524549727522,1.0,0.4981,0.3985,1,1,0.03
02_noise_sweep,142,314606298615291912651864655044820162002,20000,0.0,0.06,depolarizing,0.0,0.5,0.2,,0.11,0.95,20000,9997,1999,7998,295,55,0.02950885265579674,0.02751375687843922,0.021199127556989224,0.03564084762892781,0.014441720071938585,1.0,0.49985,0.3999,1,1,0.03
02_noise_sweep,143,217138076421713066222345109776949177514,20000,0.0,0.06,depolarizing,0.0,0.5,0.2,,0.11,0.95,20000,10152,2030,8122,337,64,0.033195429472025216,0.03152709359605911,0.024766474359784785,0.04005738801596856,0.015290913656183774,1.0,0.5076,0.4061,1,1,0.03
02_noise_sweep,144,20788596840964226382127796217486835974,20000,0.0,0.06,depolarizing,0.0,0.5,0.2,,0.11,0.95,20000,10092,2018,8074,290,54,0.028735632183908046,0.026759167492566897,0.02056678060125132,0.03474985084517739,0.014183070243926073,1.0,0.5046,0.4037,1,1,0.03
02_noise_sweep,145,255493385574081750054105671025415271776,20000,0.0,0.06,depolarizing,0.0,0.5,0.2,,0.11,0.95,20000,9962,1992,7970,268,52,0.02690222846817908,0.02610441767068273,0.019962152859665815,0.034070925942302585,0.01410877308263677,1.0,0.4981,0.3985,1,1,0.03
02_noise_sweep,146,266662309051773933084205706011513372603,20000,0.0,0.06,depolarizing,0.0,0.5,0.2,,0.11,0.95,20000,10016,2003,8013,300,46,0.029952076677316294,0.022965551672491265,0.017261698684831503,0.030495665704588018,0.013233967019756515,1.0,0.5008,0.40065,1,1,0.03
02_noise_sweep,147,240416502031359856669621624924979451678,20000,0.0,0.06,depolarizing,0.0,0.5,0.2,,0.11,0.95,20000,10006,2001,8005,291,52,0.02908255046971817,0.025987006496751622,0.019872124667235362,0.033918392456312944,0.014046267789077582,1.0,0.5003,0.40025,1,1,0.03
02_noise_sweep,148,160475864737959143025915612413834890322,20000,0.0,0.06,depolarizing,0.0,0.5,0.2,,0.11,0.95,20000,9958,1991,7967,336,54,0.033741715203856194,0.027122049221496736,0.020846466169642145,0.03521887091574825,0.014372404746106102,1.0,0.4979,0.39835,1,1,0.03
02_noise_sweep,149,152739967322929724858086270879161900028,20000,0.0,0.06,depolarizing,0.0,0.5,0.2,,0.11,0.95,20000,9954,1990,7964,311,68,0.03124372111713884,0.034170854271356785,0.027043916526961746,0.04309278275875115,0.016048866231789402,1.0,0.4977,0.3982,1,1,0.03
02_noise_sweep,0,78478559282171264249691147608172207981,20000,0.0,0.08,depolarizing,0.0,0.5,0.2,,0.11,0.95,20000,9946,1989,7957,382,76,0.038407399959782824,0.038210155857214684,0.03063668629977793,0.04756394432786697,0.016927258028089035,1.0,0.4973,0.39785,1,1,0.04
02_noise_sweep,1,334693770862030219789246123834697405395,20000,0.0,0.08,depolarizing,0.0,0.5,0.2,,0.11,0.95,20000,9974,1994,7980,403,77,0.040405053138159217,0.03861584754262788,0.031007676078620046,0.04799832218205593,0.016990646103435883,1.0,0.4987,0.399,1,1,0.04
02_noise_sweep,2,256158325410387380964424668759364058691,20000,0.0,0.08,depolarizing,0.0,0.5,0.2,,0.11,0.95,20000,10036,2007,8029,381,82,0.03796333200478278,0.0408570004982561,0.033037438644595296,0.05043083185701287,0.017393393212417577,1.0,0.5018,0.40145,1,1,0.04
02_noise_sweep,3,64504963669471332475902551576274296928,20000,0.0,0.08,depolarizing,0.0,0.5,0.2,,0.11,0.95,20000,9967,1993,7974,405,85,0.04063409250526738,0.04264927245358756,0.03462281106464231,0.052435406828811496,0.017812595764169187,1.0,0.49835,0.3987,1,1,0.04
02_noise_sweep,4,19680210294168587426609245132234564223,20000,0.0,0.08,depolarizing,0.0,0.5,0.2,,0.11,0.95,20000,9911,1982,7929,373,70,0.037634951064473815,0.035317860746720484,0.02804883953451008,0.04438466626313571,0.01633582672862563,1.0,0.49555,0.39645,1,1,0.04
02_noise_sweep,5,59909381544692134020959381732880054922,20000,0.0,0.08,depolarizing,0.0,0.5,0.2,,0.11,0.95,20000,9931,1986,7945,387,92,0.03896888530862955,0.04632426988922457,0.03792352815889607,0.05647668548024524,0.01855315732134917,1.0,0.49655,0.39725,1,1,0.04
02_noise_sweep,6,129588614367741175501548188862291203292,20000,0.0,0.08,depolarizing,0.0,0.5,0.2,,0.11,0.95,20000,10068,2013,8055,360,73,0.03575685339690107,0.03626428216592151,0.02894099983094398,0.045354110558303365,0.016413110727359386,1.0,0.5034,0.40275,1,1,0.04
02_noise_sweep,7,245425059605493547831335485189846183565,20000,0.0,0.08,depolarizing,0.0,0.5,0.2,,0.11,0.95,20000,10068,2013,8055,387,80,0.03843861740166865,0.03974167908594138,0.03204769026254837,0.04918896723679567,0.017141276974247305,1.0,0.5034,0.40275,1,1,0.04
02_noise_sweep,8,61333613605202777374709894748506822118,20000,0.0,0.08,depolarizing,0.0,0.5,0.2,,0.11,0.95,20000,10041,2008,8033,403,78,0.04013544467682502,0.03884462151394422,0.031236047662550406,0.04821427786876177,0.016978230206211364,1.0,0.50205,0.40165,1,1,0.04
02_noise_sweep,9,248056568122020494462490285013991375014,20000,0.0,0.08,depolarizing,0.0,0.5,0.2,,0.11,0.95,20000,9916,1983,7933,391,71,0.03943122226704316,0.03580433686333838,0.028482783997091643,0.04492088803382094,0.016438104036729295,1.0,0.4958,0.39665,1,1,0.04
02_noise_sweep,10,150503547121137022300637967491679926973,20000,0.0,0.08,depolarizing,0.0,0.5,0.2,,0.11,0.95,20000,10024,2004,8020,446,88,0.04449321628092578,0.043912175648702596,0.035779987885401536,0.05378956355035975,0.018009575664958213,1.0,0.5012,0.401,1,1,0.04
02_noise_sweep,11,47496417498089593207452942292978857791,20000,0.0,0.08,depolarizing,0.0,0.5,0.2,,0.11,0.95,20000,10065,2013,8052,446,92,0.04431197218082464,0.04570293094883259,0.03741288694284117,0.055723565602382924,0.01831067865954175,1.0,0.50325,0.4026,1,1,0.04
02_noise_sweep,12,247711958184052076836385204833962496953,20000,0.0,0.08,depolarizing,0.0,0.5,0.2,,0.11,0.95,20000,10013,2002,8011,370,93,0.03695196244881654,0.046453546453546456,0.03807084749037975,0.05657345153229012,0.01850260404191037,1.0,0.50065,0.40055,1,1,0.04
02_noise_sweep,13,28210212728728630193279770907647136382,20000,0.0,0.08,depolarizing,0.0,0.5,0.2,,0.11,0.95,20000,10023,2004,8019,414,85,0.04130499850344208,0.04241516966067864,0.03443205902000303,0.05214920866773558,0.01771714964773255,1.0,0.50115,0.40095,1,1,0.04
02_noise_sweep,14,295160531223280174869513496076034094234,20000,0.0,0.08,depolarizing,0.0,0.5,0.2,,0.11,0.95,20000,10121,2024,8097,362,62,0.03576721667819385,0.030632411067193676,0.023968959538815286,0.03907416361295283,0.015105204074137544,1.0,0.50605,0.40485,1,1,0.04
02_noise_sweep,15,188499474528628471991537091358562978011,20000,0.0,0.08,depolarizing,0.0,0.5,0.2,,0.11,0.95,20000,10049,2009,8040,380,78,0.03781470793113743,0.03882528621204579,0.031220445013722578,0.0481904087920927,0.016969963778370123,1.0,0.50245,0.402,1,1,0.04
02_noise_sweep,16,204889262706366006612805397742579570861,20000,0.0,0.08,depolarizing,0.0,0.5,0.2,,0.11,0.95,20000,10000,2000,8000,352,66,0.0352,0.033,0.026022752700289677,0.041767769460400554,0.015745016760110878,1.0,0.5,0.4,1,1,0.04
02_noise_sweep,17,299423674304458521504022703241078547652,20000,0.0,0.08,depolarizing,0.0,0.5,0.2,,0.11,0.95,20000,9920,1984,7936,370,64,0.037298387096774195,0.03225806451612903,0.025342494912499458,0.040981435618112544,0.015638940705613086,1.0,0.496,0.3968,1,1,0.04
02_noise_sweep,18,193643706428254821452455897126634058748,20000,0.0,0.08,depolarizing,0.0,0.5,0.2,,0.11,0.95,20000,9949,1989,7960,414,77,0.0416122223339029,0.038712921065862244,0.03108589820533235,0.04811832455009955,0.017032426344767204,1.0,0.49745,0.398,1,1,0.04
02_noise_sweep,19,167995751917715385212022346702428170896,20000,0.0,0.08,depolarizing,0.0,0.5,0.2,,0.11,0.95,20000,10053,2010,8043,399,84,0.03968964488212474,0.041791044776119404,0.033881580417182214,0.05144860189087522,0.017567021473693004,1.0,0.50265,0.40215,1,1,0.04
02_noise_sweep,20,168177739416343166923185607594559479416,20000,0.0,0.08,depolarizing,0.0,0.5,0.2,,0.11,0.95,20000,10001,2000,8001,397,87,0.039696030396960305,0.0435,0.035401287858544114,0.05334897630923979,0.01794768845069568,1.0,0.50005,0.40005,1,1,0.04
02_noise_sweep,21,219643883631168558683571615737031345018,20000,0.0,0.08,depolarizing,0.0,0.5,0.2,,0.11,0.95,20000,10018,2003,8015,414,90,0.04132561389498902,0.044932601098352475,0.03669855653443139,0.05490880886688299,0.018210252332451604,1.0,0.5009,0.40075,1,1,0.04
02_noise_sweep,22,13708112004317920470184775934420164395,20000,0.0,0.08,depolarizing,0.0,0.5,0.2,,0.11,0.95,20000,9989,1997,7992,400,89,0.04004404845329863,0.04456685027541312,0.036357410462287465,0.0545250820105906,0.018167671548303135,1.0,0.49945,0.3996,1,1,0.04
02_noise_sweep,23,46943671051036558770587057757268579708,20000,0.0,0.08,depolarizing,0.0,0.5,0.2,,0.11,0.95,20000,9999,1999,8000,380,82,0.038003800380038005,0.04102051025512756,0.033170136214308026,0.05063153369895706,0.017461397484649033,1.0,0.49995,0.4,1,1,0.04
02_noise_sweep,24,174282970220959674382388250216588620659,20000,0.0,0.08,depolarizing,0.0,0.5,0.2,,0.11,0.95,20000,9999,1999,8000,392,71,0.0392039203920392,0.03551775887943972,0.028254050172231808,0.04456322559285444,0.01630917542062263,1.0,0.49995,0.4,1,1,0.04
02_noise_sweep,25,55964640306827535186805988136805613676,20000,0.0,0.08,depolarizing,0.0,0.5,0.2,,0.11,0.95,20000,9972,1994,7978,418,74,0.04191736863217008,0.037111334002006016,0.02966460215352361,0.04633815479713284,0.01667355264360923,1.0,0.4986,0.3989,1,1,0.04
02_noise_sweep,26,157562415334507843956371038430088499327,20000,0.0,0.08,depolarizing,0.0,0.5,0.2,,0.11,0.95,20000,9904,1980,7924,392,79,0.0395799676898223,0.0398989898989899,0.03213136425371878,0.049448470718024246,0.017317106464305468,1.0,0.4952,0.3962,1,1,0.04
02_noise_sweep,27,50147556606815300277014652023651870846,20000,0.0,0.08,depolarizing,0.0,0.5,0.2,,0.11,0.95,20000,10011,2002,8009,414,74,0.04135451003895715,0.03696303696303696,0.029545658408233845,0.04615397286270773,0.016608314454473888,1.0,0.50055,0.40045,1,1,0.04
02_noise_sweep,28,125338317552497562647287210838507793256,20000,0.0,0.08,depolarizing,0.0,0.5,0.2,,0.11,0.95,20000,10097,2019,8078,401,76,0.03971476676240467,0.037642397226349676,0.030179896356187362,0.046860970164092915,0.016681073807905553,1.0,0.50485,0.4039,1,1,0.04
02_noise_sweep,29,163390403220439688108521758836992803684,20000,0.0,0.08,depolarizing,0.0,0.5,0.2,,0.11,0.95,20000,9984,1996,7988,418,89,0.041866987179487176,0.04458917835671343,0.03637569561913599,0.054552241702418486,0.018176546083282494,1.0,0.4992,0.3994,1,1,0.04
02_noise_sweep,30,201018285295569024479465911827493422107,20000,0.0,0.08,depolarizing,0.0,0.5,0.2,,0.11,0.95,20000,9963,1992,7971,388,68,0.03894409314463515,0.03413654618473896,0.027016675936093953,0.04304974051329871,0.01603306457720476,1.0,0.49815,0.39855,1,1,0.04
02_noise_sweep,31,295908597970945784651552695008322443900,20000,0.0,0.08,depolarizing,0.0,0.5,0.2,,0.11,0.95,20000,9954,1990,7964,388,67,0.03897930480208961,0.033668341708542715,0.026598695456572542,0.042534915047355785,0.015936219590783243,1.0,0.4977,0.3982,1,1,0.04
02_noise_sweep,32,320651458075818158401116500723521892326,20000,0.0,0.08,depolarizing,0.0,0.5,0.2,,0.11,0.95,20000,9939,1987,7952,395,66,0.039742428815776235,0.03321590337191746,0.026193550255946836,0.042039637383797186,0.01584608712785035,1.0,0.49695,0.3976,1,1,0.04
02_noise_sweep,33,255046885679291186801025806775685150218,20000,0.0,0.08,depolarizing,0.0,0.5,0.2,,0.11,0.95,20000,9963,1992,7971,368,97,0.03693666566295293,0.048694779116465865,0.040081067232264234,0.059045773703084906,0.018964706470820672,1.0,0.49815,0.39855,1,1,0.04
02_noise_sweep,34,39783145757638657218096913167683802447,20000,0.0,0.08,depolarizing,0.0,0.5,0.2,,0.11,0.95,20000,9993,1998,7995,431,91,0.043130191133793655,0.045545545545545546,0.03724265891031561,0.0555925943520358,0.018349935441720186,1.0,0.49965,0.39975,1,1,0.04
02_noise_sweep,35,206401983070438707967369394019160834541,20000,0.0,0.08,depolarizing,0.0,0.5,0.2,,0.11,0.95,20000,9994,1998,7996,389,94,0.03892335401240744,0.04704704704704705,0.03860015582000187,0.05723233779500697,0.018632181975005102,1.0,0.4997,0.3998,1,1,0.04
02_noise_sweep,36,200044862154504009677773291804252934954,20000,0.0,0.08,depolarizing,0.0,0.5,0.2,,0.11,0.95,20000,10007,2001,8006,418,93,0.04177076046767263,0.046476761619190406,0.03808994841220821,0.05660155848248877,0.018511610070280557,1.0,0.50035,0.4003,1,1,0.04
02_noise_sweep,37,174028603289263593642736172260195769383,20000,0.0,0.08,depolarizing,0.0,0.5,0.2,,0.11,0.95,20000,10037,2007,8030,426,92,0.042442961044136696,0.0458395615346288,0.037525170737885014,0.055889184728437125,0.01836401399055211,1.0,0.50185,0.4015,1,1,0.04
02_noise_sweep,38,201215430203873569926481536881142041574,20000,0.0,0.08,depolarizing,0.0,0.5,0.2,,0.11,0.95,20000,9993,1998,7995,411,81,0.04112879015310718,0.04054054054054054,0.032737799405354887,0.05010665268147177,0.017368853276116883,1.0,0.49965,0.39975,1,1,0.04
02_noise_sweep,39,148032860167512827775372261606203285079,20000,0.0,0.08,depolarizing,0.0,0.5,0.2,,0.11,0.95,20000,10018,2003,8015,429,88,0.04282291874625674,0.04393409885172242,0.035797919017854146,0.0538162645192832,0.018018345501429056,1.0,0.5009,0.40075,1,1,0.04
02_noise_sweep,40,156961952429746814064527193464093140560,20000,0.0,0.08,depolarizing,0.0,0.5,0.2,,0.11,0.95,20000,9998,1999,7999,384,83,0.03840768153630726,0.0415207603801901,0.03361925450162514,0.05118099669783802,0.017561742196212884,1.0,0.4999,0.39995,1,1,0.04
02_noise_sweep,41,188427466387052330406969627794274397779,20000,0.0,0.08,depolarizing,0.0,0.5,0.2,,0.11,0.95,20000,10051,2010,8041,388,77,0.03860312406725699,0.038308457711442784,0.030759989653711968,0.04761830478915153,0.01685831513543956,1.0,0.50255,0.40205,1,1,0.04
02_noise_sweep,42,309154345410321515834123274976241259496,20000,0.0,0.08,depolarizing,0.0,0.5,0.2,,0.11,0.95,20000,9896,1979,7917,407,91,0.04112772837510105,0.04598281960586155,0.03760162471107879,0.05612319529103291,0.018521570579954114,1.0,0.4948,0.39585,1,1,0.04
02_noise_sweep,43,62128668448774632501166122966479691326,20000,0.0,0.08,depolarizing,0.0,0.5,0.2,,0.11,0.95,20000,10010,2002,8008,417,88,0.04165834165834166,0.04395604395604396,0.0358158681324553,0.05384299200818081,0.018027123875725512,1.0,0.5005,0.4004,1,1,0.04
02_noise_sweep,44,23552724213751772914561455041845059632,20000,0.0,0.08,depolarizing,0.0,0.5,0.2,,0.11,0.95,20000,10016,2003,8013,399,76,0.03983626198083067,0.03794308537194209,0.03042180890908216,0.047233283442992956,0.016811474533910797,1.0,0.5008,0.40065,1,1,0.04
02_noise_sweep,45,91046328185320665501464608775123975210,20000,0.0,0.08,depolarizing,0.0,0.5,0.2,,0.11,0.95,20000,9937,1987,7950,404,73,0.04065613364194425,0.03673880221439356,0.029320983048953503,0.04594440694822642,0.01662342389927292,1.0,0.49685,0.3975,1,1,0.04
02_noise_sweep,46,44913450140121170446829659054785664175,20000,0.0,0.08,depolarizing,0.0,0.5,0.2,,0.11,0.95,20000,10001,2000,8001,374,84,0.037396260373962605,0.042,0.0340516147420547,0.05170440056757297,0.01765278582551827,1.0,0.50005,0.40005,1,1,0.04
02_noise_sweep,47,126781664342807265022194842228523760853,20000,0.0,0.08,depolarizing,0.0,0.5,0.2,,0.11,0.95,20000,10085,2017,8068,400,79,0.03966286564204264,0.039167079821517105,0.031539865744446394,0.048546307326814836,0.017006441582368442,1.0,0.50425,0.4034,1,1,0.04
02_noise_sweep,48,252098968419833486855158116151211273132,20000,0.0,0.08,depolarizing,0.0,0.5,0.2,,0.11,0.95,20000,10030,2006,8024,406,94,0.04047856430707877,0.04685942173479561,0.03844560750925355,0.05700543315803376,0.018559825648780212,1.0,0.5015,0.4012,1,1,0.04
02_noise_sweep,49,298507314542310816468428242484890865477,20000,0.0,0.08,depolarizing,0.0,0.5,0.2,,0.11,0.95,20000,10009,2001,8008,363,65,0.036267359376561094,0.03248375812093953,0.025567874781781887,0.04119124885456966,0.015623374072787771,1.0,0.50045,0.4004,1,1,0.04
02_noise_sweep,50,61135977594215247276810507186699559867,20000,0.0,0.08,depolarizing,0.0,0.5,0.2,,0.11,0.95,20000,9847,1969,7878,414,78,0.04204326190717985,0.03961401726764855,0.03185695737636696,0.04916397722840486,0.017307019852037905,1.0,0.49235,0.3939,1,1,0.04
02_noise_sweep,51,338208342840735309131115592467104704024,20000,0.0,0.08,depolarizing,0.0,0.5,0.2,,0.11,0.95,20000,9905,1981,7924,451,92,0.04553255931347804,0.04644119131751641,0.038019624984065546,0.05661839156175031,0.018598766577684764,1.0,0.49525,0.3962,1,1,0.04
02_noise_sweep,52,24882043661189753836848979156973540366,20000,0.0,0.08,depolarizing,0.0,0.5,0.2,,0.11,0.95,20000,10034,2006,8028,390,81,0.03886784931233805,0.04037886340977069,0.0326067695661241,0.04990792734833013,0.017301157782206034,1.0,0.5017,0.4014,1,1,0.04
02_noise_sweep,53,181503352904713961373326730272974949043,20000,0.0,0.08,depolarizing,0.0,0.5,0.2,,0.11,0.95,20000,10080,2016,8064,438,90,0.04345238095238095,0.044642857142857144,0.03646100218478859,0.054556764589853174,0.01809576240506458,1.0,0.504,0.4032,1,1,0.04
02_noise_sweep,54,21819218473234470209953162138411736101,20000,0.0,0.08,depolarizing,0.0,0.5,0.2,,0.11,0.95,20000,10026,2005,8021,376,62,0.037502493516856174,0.030922693266832918,0.024196786119832777,0.03944261073717177,0.015245824617338994,1.0,0.5013,0.40105,1,1,0.04
02_noise_sweep,55,19789909580086801137809833946893931918,20000,0.0,0.08,depolarizing,0.0,0.5,0.2,,0.11,0.95,20000,9999,1999,8000,399,69,0.039903990399039906,0.03451725862931466,0.02736542147210465,0.04345469172058544,0.01608927024848079,1.0,0.49995,0.4,1,1,0.04
02_noise_sweep,56,328244954601587861916082468463396120759,20000,0.0,0.08,depolarizing,0.0,0.5,0.2,,0.11,0.95,20000,9860,1972,7888,406,99,0.041176470588235294,0.050202839756592295,0.041409365168767136,0.06074531830526308,0.019335953136495942,1.0,0.493,0.3944,1,1,0.04
02_noise_sweep,57,337233920503694508619023871692889725375,20000,0.0,0.08,depolarizing,0.0,0.5,0.2,,0.11,0.95,20000,10011,2002,8009,406,75,0.040555389072020775,0.037462537462537464,0.029991162235311404,0.04670555681203694,0.016714394576725536,1.0,0.50055,0.40045,1,1,0.04
02_noise_sweep,58,153690517137315554928825908693592208523,20000,0.0,0.08,depolarizing,0.0,0.5,0.2,,0.11,0.95,20000,10132,2026,8106,399,75,0.03938018160284248,0.037018756169792694,0.029634680652817554,0.04615520833194759,0.016520527679130037,1.0,0.5066,0.4053,1,1,0.04
02_noise_sweep,59,192939427883709807697618148393185952410,20000,0.0,0.08,depolarizing,0.0,0.5,0.2,,0.11,0.95,20000,9987,1997,7990,371,82,0.0371482927806148,0.041061592388582875,0.03320347734010779,0.05068195900007116,0.017478481659963366,1.0,0.49935,0.3995,1,1,0.04
02_noise_sweep,60,340228117481013553661221558909254481243,20000,0.0,0.08,depolarizing,0.0,0.5,0.2,,0.11,0.95,20000,9892,1978,7914,401,71,0.04053780832996361,0.0358948432760364,0.028555024769844752,0.045033837836489995,0.016478813066645243,1.0,0.4946,0.3957,1,1,0.04
02_noise_sweep,61,326350610845087991826909519676891804779,20000,0.0,0.08,depolarizing,0.0,0.5,0.2,,0.11,0.95,20000,9918,1983,7935,394,70,0.039725751159507966,0.03530005042864347,0.028034647928714622,0.044362401258125066,0.016327753329410444,1.0,0.4959,0.39675,1,1,0.04
02_noise_sweep,62,131599731272195175581913543655430974570,20000,0.0,0.08,depolarizing,0.0,0.5,0.2,,0.11,0.95,20000,9968,1993,7975,405,78,0.04063001605136437,0.039136979427997994,0.031471973005764826,0.04857517250727666,0.01710319950151183,1.0,0.4984,0.39875,1,1,0.04
02_noise_sweep,63,116151994499303318961431282930880177282,20000,0.0,0.08,depolarizing,0.0,0.5,0.2,,0.11,0.95,20000,10052,2010,8042,399,74,0.03969359331476323,0.03681592039800995,0.029427664722029685,0.045971249207179286,0.0165435844851496,1.0,0.5026,0.4021,1,1,0.04
02_noise_sweep,64,225005662976162748302581120844279454354,20000,0.0,0.08,depolarizing,0.0,0.5,0.2,,0.11,0.95,20000,10093,2018,8075,401,79,0.03973050629148915,0.03914767096134787,0.03152418140300309,0.04852238115739346,0.016998199754390375,1.0,0.50465,0.40375,1,1,0.04
02_noise_sweep,65,2002708376344487023713559010430809791,20000,0.0,0.08,depolarizing,0.0,0.5,0.2,,0.11,0.95,20000,9945,1989,7956,399,85,0.04012066365007542,0.042735042735042736,0.03469270053588466,0.05254025924184319,0.017847558705958527,1.0,0.49725,0.3978,1,1,0.04
02_noise_sweep,66,200341602425492801536622960807365390493,20000,0.0,0.08,depolarizing,0.0,0.5,0.2,,0.11,0.95,20000,9941,1988,7953,396,89,0.03983502665727794,0.04476861167002012,0.036522641698519855,0.054770497128079666,0.01824785542955981,1.0,0.49705,0.39765,1,1,0.04
02_noise_sweep,67,73646371052346191057141122763794734580,20000,0.0,0.08,depolarizing,0.0,0.5,0.2,,0.11,0.95,20000,9966,1993,7973,429,81,0.04304635761589404,0.040642247867536375,0.03282022919029991,0.05023166162863256,0.017411432438332652,1.0,0.4983,0.39865,1,1,0.04
02_noise_sweep,68,144709737335568211995257738119174392614,20000,0.0,0.08,depolarizing,0.0,0.5,0.2,,0.11,0.95,20000,9924,1984,7940,397,94,0.04000403063280935,0.047379032258064516,0.03887362656486494,0.057633797590835034,0.018760171025970093,1.0,0.4962,0.397,1,1,0.04
02_noise_sweep,69,188676739947360328514871138813171101110,20000,0.0,0.08,depolarizing,0.0,0.5,0.2,,0.11,0.95,20000,9955,1991,7964,401,82,0.040281265695630335,0.04118533400301356,0.03330390410536427,0.05083383931205912,0.017529935206694852,1.0,0.49775,0.3982,1,1,0.04
02_noise_sweep,70,308604162806626497252372453081619792818,20000,0.0,0.08,depolarizing,0.0,0.5,0.2,,0.11,0.95,20000,9981,1996,7985,399,67,0.03997595431319507,0.03356713426853707,0.026518483122692706,0.04240771010763426,0.01588922698494155,1.0,0.49905,0.39925,1,1,0.04
02_noise_sweep,71,295044227989145946149809251092315870167,20000,0.0,0.08,depolarizing,0.0,0.5,0.2,,0.11,0.95,20000,10005,2001,8004,391,72,0.03908045977011494,0.035982008995502246,0.028670223573833684,0.04507199587710421,0.01640177230327053,1.0,0.50025,0.4002,1,1,0.04
02_noise_sweep,72,15109583103711960254685164112285524491,20000,0.0,0.08,depolarizing,0.0,0.5,0.2,,0.11,0.95,20000,10060,2012,8048,419,73,0.04165009940357853,0.03628230616302187,0.0289554323595125,0.04537653366144346,0.01642110130193096,1.0,0.503,0.4024,1,1,0.04
02_noise_sweep,73,110036604710838633512701671309191402335,20000,0.0,0.08,depolarizing,0.0,0.5,0.2,,0.11,0.95,20000,10063,2012,8051,396,85,0.03935208188412998,0.04224652087475149,0.034294645227761295,0.051943018979420316,0.01764837375165902,1.0,0.50315,0.40255,1,1,0.04
02_noise_sweep,74,117776316180720418634805336606231174011,20000,0.0,0.08,depolarizing,0.0,0.5,0.2,,0.11,0.95,20000,10010,2002,8008,421,87,0.042057942057942055,0.043456543456543456,0.03536578834236154,0.05329598402186782,0.01793019567950628,1.0,0.5005,0.4004,1,1,0.04
02_noise_sweep,75,253867537121427684523389507325683534127,20000,0.0,0.08,depolarizing,0.0,0.5,0.2,,0.11,0.95,20000,10062,2012,8050,357,88,0.035480023852116876,0.0437375745526839,0.035637182953188254,0.05357690580054977,0.01793972284736152,1.0,0.5031,0.4025,1,1,0.04
02_noise_sweep,76,188256588739471549641710431565888618343,20000,0.0,0.08,depolarizing,0.0,0.5,0.2,,0.11,0.95,20000,10123,2024,8099,430,84,0.042477526424972836,0.041501976284584984,0.03364636548985319,0.05109470638892661,0.01744834089907342,1.0,0.50615,0.40495,1,1,0.04
02_noise_sweep,77,151780610861879227170250445397841304007,20000,0.0,0.08,depolarizing,0.0,0.5,0.2,,0.11,0.95,20000,9881,1976,7905,392,76,0.039672097965792935,0.038461538461538464,0.030838951331363385,0.04787515889518079,0.017036207563817407,1.0,0.49405,0.39525,1,1,0.04
02_noise_sweep,78,80438426222078285422495054230517714173,20000,0.0,0.08,depolarizing,0.0,0.5,0.2,,0.11,0.95,20000,9983,1996,7987,422,83,0.042271862165681656,0.04158316633266533,0.03366997025815668,0.05125749140215393,0.017587521143997253,1.0,0.49915,0.39935,1,1,0.04
02_noise_sweep,79,123531139958397365258763582520981737076,20000,0.0,0.08,depolarizing,0.0,0.5,0.2,,0.11,0.95,20000,9980,1996,7984,439,74,0.043987975951903804,0.03707414829659319,0.029634776522260674,0.04629197164618414,0.01665719512392347,1.0,0.499,0.3992,1,1,0.04
02_noise_sweep,80,26007251702892957938141220564250064681,20000,0.0,0.08,depolarizing,0.0,0.5,0.2,,0.11,0.95,20000,10023,2004,8019,413,70,0.04120522797565599,0.03493013972055888,0.0277399067671452,0.04389994218048009,0.016160035413334887,1.0,0.50115,0.40095,1,1,0.04
02_noise_sweep,81,214682752459205035603650151274015320854,20000,0.0,0.08,depolarizing,0.0,0.5,0.2,,0.11,0.95,20000,9910,1982,7928,385,75,0.03884964682139253,0.037840565085771945,0.030294848180666478,0.04717430633686179,0.01687945815619531,1.0,0.4955,0.3964,1,1,0.04
02_noise_sweep,82,60030156326517506750709109399629392975,20000,0.0,0.08,depolarizing,0.0,0.5,0.2,,0.11,0.95,20000,9980,1996,7984,396,84,0.039679358717434866,0.04208416833667335,0.03412010730887188,0.05180743362831271,0.017687326319440824,1.0,0.499,0.3992,1,1,0.04
02_noise_sweep,83,266896213826954793995250698301744960493,20000,0.0,0.08,depolarizing,0.0,0.5,0.2,,0.11,0.95,20000,10041,2008,8033,412,84,0.041031769744049394,0.04183266932270916,0.03391545129229241,0.05149955895479959,0.017584107662507176,1.0,0.50205,0.40165,1,1,0.04
02_noise_sweep,84,112036431454757286304866121289777610710,20000,0.0,0.08,depolarizing,0.0,0.5,0.2,,0.11,0.95,20000,9952,1990,7962,374,78,0.03758038585209003,0.03919597989949749,0.031519586402233124,0.04864800070132537,0.017128414299092246,1.0,0.4976,0.3981,1,1,0.04
02_noise_sweep,85,262082269256290678232054958157505280723,20000,0.0,0.08,depolarizing,0.0,0.5,0.2,,0.11,0.95,20000,9959,1991,7968,398,71,0.03996385179234863,0.03566047212456052,0.02836795600197832,0.044741342070717824,0.016373386068739504,1.0,0.49795,0.3984,1,1,0.04
02_noise_sweep,86,85265050690796449297677983303139111874,20000,0.0,0.08,depolarizing,0.0,0.5,0.2,,0.11,0.95,20000,9981,1996,7985,426,78,0.04268109407874963,0.03907815631262525,0.031424503246705815,0.048502562029234905,0.01707805878252909,1.0,0.49905,0.39925,1,1,0.04
02_noise_sweep,87,50900277141233634709899501201708727029,20000,0.0,0.08,depolarizing,0.0,0.5,0.2,,0.11,0.95,20000,9968,1993,7975,426,77,0.042736757624398075,0.0386352232814852,0.0310232889938874,0.04802227475052376,0.01699898575663636,1.0,0.4984,0.39875,1,1,0.04
02_noise_sweep,88,207932095602821267259271845075870867340,20000,0.0,0.08,depolarizing,0.0,0.5,0.2,,0.11,0.95,20000,10044,2008,8036,415,97,0.041318199920350455,0.04830677290836653,0.03976040755355551,0.058578086244392806,0.018817678690837294,1.0,0.5022,0.4018,1,1,0.04
02_noise_sweep,89,6343407796548016209777209722732087188,20000,0.0,0.08,depolarizing,0.0,0.5,0.2,,0.11,0.95,20000,9982,1996,7986,362,60,0.0362652774994991,0.03006012024048096,0.02342484394788132,0.03850079434432779,0.015075950396446474,1.0,0.4991,0.3993,1,1,0.04
02_noise_sweep,90,24965405756383884476653290361152200532,20000,0.0,0.08,depolarizing,0.0,0.5,0.2,,0.11,0.95,20000,10020,2004,8016,443,83,0.04421157684630739,0.04141716566866267,0.03353506691993315,0.05105401160245702,0.017518944682523865,1.0,0.501,0.4008,1,1,0.04
02_noise_sweep,91,2955946523281628470423717030967252312,20000,0.0,0.08,depolarizing,0.0,0.5,0.2,,0.11,0.95,20000,10029,2005,8024,427,92,0.04257652806860106,0.04588528678304239,0.03756274859839097,0.05594461008135666,0.018381861482965695,1.0,0.50145,0.4012,1,1,0.04
02_noise_sweep,92,208542721829358462440450046273766033114,20000,0.0,0.08,depolarizing,0.0,0.5,0.2,,0.11,0.95,20000,10089,2017,8072,389,69,0.03855684408762018,0.034209221616261776,0.027120419003521287,0.04306888664516073,0.015948467641639444,1.0,0.50445,0.4036,1,1,0.04
02_noise_sweep,93,323182922932821921291765105924513952246,20000,0.0,0.08,depolarizing,0.0,0.5,0.2,,0.11,0.95,20000,10046,2009,8037,382,79,0.03802508461079036,0.039323046291687404,0.03166590459240655,0.04873856944675377,0.01707266485434722,1.0,0.5023,0.40185,1,1,0.04
02_noise_sweep,94,138007388351776102535563540501300452711,20000,0.0,0.08,depolarizing,0.0,0.5,0.2,,0.11,0.95,20000,10099,2019,8080,423,94,0.04188533518170116,0.04655770183259039,0.03819708906864287,0.05664052560657576,0.018443436537932886,1.0,0.50495,0.404,1,1,0.04
02_noise_sweep,95,158927449991959035623517658702559367720,20000,0.0,0.08,depolarizing,0.0,0.5,0.2,,0.11,0.95,20000,10090,2018,8072,447,91,0.044301288404360754,0.04509415262636274,0.036872131184273814,0.05504479831082729,0.01817266712655348,1.0,0.5045,0.4036,1,1,0.04
02_noise_sweep,96,90806163127037017518970424904940744734,20000,0.0,0.08,depolarizing,0.0,0.5,0.2,,0.11,0.95,20000,10139,2027,8112,392,76,0.03866258999901371,0.03749383325111001,0.03006037716955203,0.046677005822023755,0.016616628652471724,1.0,0.50695,0.4056,1,1,0.04
02_noise_sweep,97,204005219392785948945974018290587353026,20000,0.0,0.08,depolarizing,0.0,0.5,0.2,,0.11,0.95,20000,10106,2021,8085,394,76,0.038986740550168215,0.0376051459673429,0.030149927544177793,0.04681484327371091,0.016664915729533117,1.0,0.5053,0.40425,1,1,0.04
02_noise_sweep,98,176948685361915748796742794859851574849,20000,0.0,0.08,depolarizing,0.0,0.5,0.2,,0.11,0.95,20000,9941,1988,7953,392,77,0.03943265265063877,0.03873239436619718,0.03110159001509029,0.04814239706114369,0.017040807046053402,1.0,0.49705,0.39765,1,1,0.04
02_noise_sweep,99,294350046399292594165122730457147537459,20000,0.0,0.08,depolarizing,0.0,0.5,0.2,,0.11,0.95,20000,9874,1974,7900,379,76,0.03838363378569982,0.03850050658561297,0.0308703063246795,0.04792339987744249,0.017053093552762993,1.0,0.4937,0.395,1,1,0.04
02_noise_sweep,100,238796578981616540594845369165385604538,20000,0.0,0.08,depolarizing,0.0,0.5,0.2,,0.11,0.95,20000,10076,2015,8061,389,81,0.038606589916633585,0.0401985111662531,0.032460609148409134,0.049686237051970755,0.01722562790356162,1.0,0.5038,0.40305,1,1,0.04
02_noise_sweep,101,30482938710974191916817878780756597721,20000,0.0,0.08,depolarizing,0.0,0.5,0.2,,0.11,0.95,20000,10016,2003,8013,379,91,0.03783945686900959,0.0454318522216675,0.03714933055362409,0.05545462577977881,0.01830529522615472,1.0,0.5008,0.40065,1,1,0.04
02_noise_sweep,102,204065751595707973388584286050598641572,20000,0.0,0.08,depolarizing,0.0,0.5,0.2,,0.11,0.95,20000,10010,2002,8008,410,95,0.04095904095904096,0.047452547452547456,0.038974889883294006,0.057663584692189365,0.01868869480889536,1.0,0.5005,0.4004,1,1,0.04
02_noise_sweep,103,316740675844899258368654136260622304271,20000,0.0,0.08,depolarizing,0.0,0.5,0.2,,0.11,0.95,20000,9893,1978,7915,393,81,0.039725058121904376,0.04095045500505561,0.03307002817491125,0.05061045902176846,0.017540430846857205,1.0,0.49465,0.39575,1,1,0.04
02_noise_sweep,104,184761995712254159957346686838311384896,20000,0.0,0.08,depolarizing,0.0,0.5,0.2,,0.11,0.95,20000,10015,2003,8012,400,91,0.0399400898652022,0.0454318522216675,0.03714933055362409,0.05545462577977881,0.01830529522615472,1.0,0.50075,0.4006,1,1,0.04
02_noise_sweep,105,264882961332368164718663922318559286929,20000,0.0,0.08,depolarizing,0.0,0.5,0.2,,0.11,0.95,20000,10048,2009,8039,410,94,0.04080414012738853,0.0467894474863116,0.03838797049035262,0.0569208070489834,0.018532836558630778,1.0,0.5024,0.40195,1,1,0.04
02_noise_sweep,106,262242977188203988321828588560118276282,20000,0.0,0.08,depolarizing,0.0,0.5,0.2,,0.11,0.95,20000,10033,2006,8027,368,72,0.03667895943386824,0.03589232303090728,0.028598523656234193,0.044960242967797145,0.016361719311562953,1.0,0.50165,0.40135,1,1,0.04
02_noise_sweep,107,250964773766768598367549432718116673426,20000,0.0,0.08,depolarizing,0.0,0.5,0.2,,0.11,0.95,20000,10037,2007,8030,404,87,0.0402510710371625,0.043348281016442454,0.03527735026865311,0.053163962715312055,0.017886612446658942,1.0,0.50185,0.4015,1,1,0.04
02_noise_sweep,108,143723207504645168482857223518070791496,20000,0.0,0.08,depolarizing,0.0,0.5,0.2,,0.11,0.95,20000,9925,1985,7940,406,83,0.04090680100755668,0.04181360201511335,0.03385724447494597,0.05153993892920709,0.017682694454261114,1.0,0.49625,0.397,1,1,0.04
02_noise_sweep,109,305915740770809515693130632557178940206,20000,0.0,0.08,depolarizing,0.0,0.5,0.2,,0.11,0.95,20000,10047,2009,8038,440,95,0.043794167413158155,0.04728720756595321,0.03883854840778099,0.057463849364900066,0.018625300957119076,1.0,0.50235,0.4019,1,1,0.04
02_noise_sweep,110,112306674419439600380007316414836546293,20000,0.0,0.08,depolarizing,0.0,0.5,0.2,,0.11,0.95,20000,10047,2009,8038,425,96,0.04230118443316413,0.047784967645594825,0.039289405141219716,0.05800661286480639,0.018717207723586676,1.0,0.50235,0.4019,1,1,0.04
02_noise_sweep,111,166513569275422484366637707151367436241,20000,0.0,0.08,depolarizing,0.0,0.5,0.2,,0.11,0.95,20000,9841,1968,7873,388,94,0.039426887511431766,0.047764227642276426,0.03919094832731262,0.05809956048237099,0.018908612155058374,1.0,0.49205,0.39365,1,1,0.04
02_noise_sweep,112,68499951933572551898737325884996529529,20000,0.0,0.08,depolarizing,0.0,0.5,0.2,,0.11,0.95,20000,9986,1997,7989,413,79,0.04135790106148608,0.039559339008512766,0.031856863097972754,0.049029834899620844,0.01717297180164809,1.0,0.4993,0.39945,1,1,0.04
02_noise_sweep,113,330899295904026917862764994979423923082,20000,0.0,0.08,depolarizing,0.0,0.5,0.2,,0.11,0.95,20000,10043,2008,8035,395,76,0.03933087722791995,0.037848605577689244,0.030345795660981688,0.04711630163173721,0.016770505970755523,1.0,0.50215,0.40175,1,1,0.04
02_noise_sweep,114,13324081628143249346791608663170831685,20000,0.0,0.08,depolarizing,0.0,0.5,0.2,,0.11,0.95,20000,10096,2019,8077,411,73,0.04070919175911252,0.03615651312530956,0.028854705905037262,0.045220035922753296,0.016365330017716034,1.0,0.5048,0.40385,1,1,0.04
02_noise_sweep,115,310501914937174059153617238054876847436,20000,0.0,0.08,depolarizing,0.0,0.5,0.2,,0.11,0.95,20000,10035,2007,8028,356,58,0.03547583457897359,0.028898854010961636,0.022421697043713745,0.03717596954258093,0.014754272498867183,1.0,0.50175,0.4014,1,1,0.04
02_noise_sweep,116,208986329328480657320737512794992197879,20000,0.0,0.08,depolarizing,0.0,0.5,0.2,,0.11,0.95,20000,9963,1992,7971,414,73,0.04155374887082204,0.036646586345381524,0.029247136358573136,0.045829698105639596,0.01658256174706646,1.0,0.49815,0.39855,1,1,0.04
02_noise_sweep,117,104466682476850187222483982925531134366,20000,0.0,0.08,depolarizing,0.0,0.5,0.2,,0.11,0.95,20000,10016,2003,8013,424,96,0.04233226837060703,0.04792810783824263,0.03940756973850752,0.05817934125533797,0.018771771516830446,1.0,0.5008,0.40065,1,1,0.04
02_noise_sweep,118,237583407974057100359428872209298514689,20000,0.0,0.08,depolarizing,0.0,0.5,0.2,,0.11,0.95,20000,10045,2009,8036,393,90,0.03912394225983076,0.04479840716774515,0.036588532556696945,0.05474576404925889,0.018157231492561945,1.0,0.50225,0.4018,1,1,0.04
02_noise_sweep,119,235524108955642735819443627101082461176,20000,0.0,0.08,depolarizing,0.0,0.5,0.2,,0.11,0.95,20000,10026,2005,8021,410,87,0.04089367644125274,0.04339152119700748,0.0353126723657528,0.05321669267687099,0.017904020311118193,1.0,0.5013,0.40105,1,1,0.04
02_noise_sweep,120,115253745707308765168369014424796591106,20000,0.0,0.08,depolarizing,0.0,0.5,0.2,,0.11,0.95,20000,9885,1977,7908,382,72,0.03864441072331816,0.036418816388467376,0.029019448821942004,0.045616236009045144,0.01659678718710314,1.0,0.49425,0.3954,1,1,0.04
02_noise_sweep,121,221000027848675337056967285415229680238,20000,0.0,0.08,depolarizing,0.0,0.5,0.2,,0.11,0.95,20000,10050,2010,8040,428,93,0.042587064676616916,0.04626865671641791,0.03791872704540448,0.05634959680361656,0.01843086975821208,1.0,0.5025,0.402,1,1,0.04
02_noise_sweep,122,287969912463797435457943870964001668536,20000,0.0,0.08,depolarizing,0.0,0.5,0.2,,0.11,0.95,20000,10003,2000,8003,402,71,0.040187943616914926,0.0355,0.028239876230264003,0.04454106069401996,0.016301184463755957,1.0,0.50015,0.40015,1,1,0.04
02_noise_sweep,123,211022753233082689646851886450202580453,20000,0.0,0.08,depolarizing,0.0,0.5,0.2,,0.11,0.95,20000,10016,2003,8013,432,100,0.04313099041533546,0.04992511233150274,0.0412191495615759,0.06035412516062367,0.019134975599047768,1.0,0.5008,0.40065,1,1,0.04
02_noise_sweep,124,20494410654057076826349776084136140097,20000,0.0,0.08,depolarizing,0.0,0.5,0.2,,0.11,0.95,20000,9956,1991,7965,385,65,0.038670148654077946,0.03264691109994977,0.02569669675831261,0.04139708567180503,0.01570038891349242,1.0,0.4978,0.39825,1,1,0.04
02_noise_sweep,125,232526014477848900062067703996140564062,20000,0.0,0.08,depolarizing,0.0,0.5,0.2,,0.11,0.95,20000,9977,1995,7982,398,82,0.039891751027362934,0.04110275689223058,0.033236885561914856,0.0507324848351349,0.017495599273220044,1.0,0.49885,0.3991,1,1,0.04
02_noise_sweep,126,336180381923946340657099976383235792717,20000,0.0,0.08,depolarizing,0.0,0.5,0.2,,0.11,0.95,20000,10092,2018,8074,363,97,0.03596908442330559,0.04806739345887017,0.03956258787090707,0.05828952509154633,0.018726937220639256,1.0,0.5046,0.4037,1,1,0.04
02_noise_sweep,127,102397135748423356843933031955933034003,20000,0.0,0.08,depolarizing,0.0,0.5,0.2,,0.11,0.95,20000,9942,1988,7954,399,82,0.040132770066385035,0.04124748490945674,0.033354345653874504,0.05091012131834512,0.017555775664470613,1.0,0.4971,0.3977,1,1,0.04
02_noise_sweep,128,166264833457848965441435588997629034706,20000,0.0,0.08,depolarizing,0.0,0.5,0.2,,0.11,0.95,20000,9860,1972,7888,398,72,0.040365111561866125,0.036511156186612576,0.029093277682946037,0.04573127777958341,0.016638000096637375,1.0,0.493,0.3944,1,1,0.04
02_noise_sweep,129,49496632538079865842620999915309202353,20000,0.0,0.08,depolarizing,0.0,0.5,0.2,,0.11,0.95,20000,9997,1999,7998,398,65,0.039811943583074924,0.03251625812906453,0.025593535741623687,0.04123225230627409,0.015638716564650407,1.0,0.49985,0.3999,1,1,0.04
02_noise_sweep,130,169250789812688521903028194611273712595,20000,0.0,0.08,depolarizing,0.0,0.5,0.2,,0.11,0.95,20000,9989,1997,7992,401,88,0.040144158574431876,0.04406609914872309,0.03590588438685955,0.05397702863849007,0.01807114425163052,1.0,0.49945,0.3996,1,1,0.04
02_noise_sweep,131,64856815421849185595696800844749751103,20000,0.0,0.08,depolarizing,0.0,0.5,0.2,,0.11,0.95,20000,10100,2020,8080,405,72,0.0400990099009901,0.03564356435643564,0.028399658543137665,0.04465026252471234,0.016250603981574675,1.0,0.505,0.404,1,1,0.04
02_noise_sweep,132,245735959683886905256844999223740656224,20000,0.0,0.08,depolarizing,0.0,0.5,0.2,,0.11,0.95,20000,10068,2013,8055,411,78,0.04082240762812873,0.038748137108792845,0.031158189985869257,0.048095168339161436,0.01693697835329218,1.0,0.5034,0.40275,1,1,0.04
02_noise_sweep,133,180413842615660636534409322780442422093,20000,0.0,0.08,depolarizing,0.0,0.5,0.2,,0.11,0.95,20000,9968,1993,7975,407,77,0.040830658105939006,0.0386352232814852,0.0310232889938874,0.04802227475052376,0.01699898575663636,1.0,0.4984,0.39875,1,1,0.04
02_noise_sweep,134,234085636037614033738881488758636229483,20000,0.0,0.08,depolarizing,0.0,0.5,0.2,,0.11,0.95,20000,9934,1986,7948,387,77,0.0389571169720153,0.03877139979859013,0.03113302121058138,0.04819061440923375,0.01705759319865237,1.0,0.4967,0.3974,1,1,0.04
02_noise_sweep,135,99133707481374996047665528290028589840,20000,0.0,0.08,depolarizing,0.0,0.5,0.2,,0.11,0.95,20000,10039,2007,8032,390,72,0.03884849088554637,0.03587443946188341,0.028584226687080296,0.044937958849813914,0.016353732162733618,1.0,0.50195,0.4016,1,1,0.04
02_noise_sweep,136,153719008309727101806768519218661870807,20000,0.0,0.08,depolarizing,0.0,0.5,0.2,,0.11,0.95,20000,9990,1998,7992,424,97,0.04244244244244244,0.04854854854854855,0.03996021554277246,0.05886951842489381,0.01890930288212135,1.0,0.4995,0.3996,1,1,0.04
02_noise_sweep,137,11791095640285499705309501462518228585,20000,0.0,0.08,depolarizing,0.0,0.5,0.2,,0.11,0.95,20000,10042,2008,8034,382,58,0.03804023102967536,0.02888446215139442,0.02241049845916258,0.037157544686216806,0.014747046227054226,1.0,0.5021,0.4017,1,1,0.04
02_noise_sweep,138,83800247046391395103301925799808380675,20000,0.0,0.08,depolarizing,0.0,0.5,0.2,,0.11,0.95,20000,10077,2015,8062,399,86,0.03959511759452218,0.042679900744416875,0.03468992160854814,0.05241026055405312,0.017720338945504982,1.0,0.50385,0.4031,1,1,0.04
02_noise_sweep,139,267375475224316985859458270579668035192,20000,0.0,0.08,depolarizing,0.0,0.5,0.2,,0.11,0.95,20000,10126,2025,8101,381,82,0.03762591349002568,0.04049382716049383,0.032742716528017066,0.049985018599327705,0.01724230207131064,1.0,0.5063,0.40505,1,1,0.04
02_noise_sweep,140,204042226300137727720137856049549655338,20000,0.0,0.08,depolarizing,0.0,0.5,0.2,,0.11,0.95,20000,9944,1988,7956,389,64,0.03911906677393403,0.03219315895372234,0.02529134462237802,0.04089939472429331,0.01560805010191529,1.0,0.4972,0.3978,1,1,0.04
02_noise_sweep,141,328875303675948198523419160380401523829,20000,0.0,0.08,depolarizing,0.0,0.5,0.2,,0.11,0.95,20000,9962,1992,7970,408,90,0.040955631399317405,0.045180722891566265,0.03690199534124347,0.05521026037335755,0.01830826503211408,1.0,0.4981,0.3985,1,1,0.04
02_noise_sweep,142,43450840274263414851875746412043852968,20000,0.0,0.08,depolarizing,0.0,0.5,0.2,,0.11,0.95,20000,9998,1999,7999,405,80,0.04050810162032407,0.0400200100050025,0.03227294125620592,0.04953156608466301,0.017258624828457095,1.0,0.4999,0.39995,1,1,0.04
02_noise_sweep,143,268624095314241306273094164102665923662,20000,0.0,0.08,depolarizing,0.0,0.5,0.2,,0.11,0.95,20000,9906,1981,7925,398,73,0.04017767009892994,0.03685007571933367,0.029410092835712075,0.04608281777172927,0.016672724936017194,1.0,0.4953,0.39625,1,1,0.04
02_noise_sweep,144,220119427601948533460314939646465296662,20000,0.0,0.08,depolarizing,0.0,0.5,0.2,,0.11,0.95,20000,9975,1995,7980,382,80,0.038295739348370925,0.040100250626566414,0.032337881459584654,0.049630329724787973,0.01729244826520332,1.0,0.49875,0.399,1,1,0.04
02_noise_sweep,145,279149772956135524164415543660424861134,20000,0.0,0.08,depolarizing,0.0,0.5,0.2,,0.11,0.95,20000,9995,1999,7996,376,74,0.03761880940470235,0.03701850925462731,0.029590150362889114,0.04622286926079135,0.016632718897902233,1.0,0.49975,0.3998,1,1,0.04
02_noise_sweep,146,214330109117005570373365364615237640270,20000,0.0,0.08,depolarizing,0.0,0.5,0.2,,0.11,0.95,20000,9920,1984,7936,410,93,0.04133064516129032,0.046875,0.038417621949084046,0.057083685752446336,0.01866606380336229,1.0,0.496,0.3968,1,1,0.04
02_noise_sweep,147,328965961416107230725556312870757359443,20000,0.0,0.08,depolarizing,0.0,0.5,0.2,,0.11,0.95,20000,9928,1985,7943,387,75,0.03898066075745367,0.037783375314861464,0.030248903798011692,0.047103395018162506,0.016854491220150813,1.0,0.4964,0.39715,1,1,0.04
02_noise_sweep,148,85319885961218348172667435047213816601,20000,0.0,0.08,depolarizing,0.0,0.5,0.2,,0.11,0.95,20000,10114,2022,8092,395,87,0.0390547755586316,0.04302670623145401,0.03501467024573432,0.052771794014021337,0.017757123768287017,1.0,0.5057,0.4046,1,1,0.04
02_noise_sweep,149,310300331680200424858763475174999537078,20000,0.0,0.08,depolarizing,0.0,0.5,0.2,,0.11,0.95,20000,9997,1999,7998,425,73,0.042512753826147845,0.03651825912956478,0.029144373733588386,0.045670064603894014,0.01652569087030563,1.0,0.49985,0.3999,1,1,0.04
02_noise_sweep,0,130378871836389961551040015636820462117,20000,0.0,0.1,depolarizing,0.0,0.5,0.2,,0.11,0.95,20000,9892,1978,7914,485,109,0.04902951880307319,0.0551061678463094,0.045885295525314874,0.06605174052433066,0.020166444999015785,1.0,0.4946,0.3957,1,1,0.05
02_noise_sweep,1,78035198728654219930519185879115013198,20000,0.0,0.1,depolarizing,0.0,0.5,0.2,,0.11,0.95,20000,10088,2017,8071,456,103,0.04520222045995242,0.051065939514129896,0.042283795738461374,0.06155485914698999,0.01927106340852862,1.0,0.5044,0.40355,1,1,0.05
02_noise_sweep,2,286858544907342259051089336568572936017,20000,0.0,0.1,depolarizing,0.0,0.5,0.2,,0.11,0.95,20000,10010,2002,8008,531,110,0.053046953046953046,0.054945054945054944,0.04578879877291701,0.06580599244866762,0.020017193675750618,1.0,0.5005,0.4004,1,1,0.05
02_noise_sweep,3,196951303895051087477083531462386235626,20000,0.0,0.1,depolarizing,0.0,0.5,0.2,,0.11,0.95,20000,9877,1975,7902,513,108,0.05193884782828794,0.05468354430379747,0.04549328656961521,0.06560275795722138,0.020109471387606173,1.0,0.49385,0.3951,1,1,0.05
02_noise_sweep,4,287087104421514480871991439737882693289,20000,0.0,0.1,depolarizing,0.0,0.5,0.2,,0.11,0.95,20000,9934,1986,7948,501,118,0.050432856855244616,0.059415911379657606,0.04984473328949204,0.07068821558314799,0.02084348229365595,1.0,0.4967,0.3974,1,1,0.05
02_noise_sweep,5,123633228507076287262447593515319126322,20000,0.0,0.1,depolarizing,0.0,0.5,0.2,,0.11,0.95,20000,10006,2001,8005,528,110,0.05276833899660204,0.054972513743128434,0.045811782028036416,0.06583867184494172,0.0200268898169053,1.0,0.5003,0.40025,1,1,0.05
02_noise_sweep,6,328263681178819667771558609054358676579,20000,0.0,0.1,depolarizing,0.0,0.5,0.2,,0.11,0.95,20000,9969,1993,7976,517,113,0.051860768381984154,0.05669844455594581,0.04737198310429847,0.06773052431080459,0.02035854120650612,1.0,0.49845,0.3988,1,1,0.05
02_noise_sweep,7,44056745863798732113133981831843266105,20000,0.0,0.1,depolarizing,0.0,0.5,0.2,,0.11,0.95,20000,10011,2002,8009,457,78,0.04564978523624014,0.03896103896103896,0.03132999204863961,0.04835799032792898,0.017027998279289372,1.0,0.50055,0.40045,1,1,0.05
02_noise_sweep,8,78122713469127616903627605244018728713,20000,0.0,0.1,depolarizing,0.0,0.5,0.2,,0.11,0.95,20000,10068,2013,8055,524,116,0.052046086611044894,0.057625434674615006,0.0482629400537046,0.0686731025832796,0.020410162529575004,1.0,0.5034,0.40275,1,1,0.05
02_noise_sweep,9,116299366940870568331791407722283967189,20000,0.0,0.1,depolarizing,0.0,0.5,0.2,,0.11,0.95,20000,10064,2012,8052,515,98,0.0511724960254372,0.048707753479125246,0.04013176761478293,0.05900373629414313,0.018871968679360196,1.0,0.5032,0.4026,1,1,0.05
02_noise_sweep,10,42668407972112604880261959405689704191,20000,0.0,0.1,depolarizing,0.0,0.5,0.2,,0.11,0.95,20000,9953,1990,7963,523,104,0.05254697076258415,0.05226130653266332,0.04331722323637718,0.06293067219357988,0.019613448957202705,1.0,0.49765,0.39815,1,1,0.05
02_noise_sweep,11,131360386182326155245749864881431690753,20000,0.0,0.1,depolarizing,0.0,0.5,0.2,,0.11,0.95,20000,9922,1984,7938,486,116,0.04898206006853457,0.05846774193548387,0.04897162103070044,0.0696703651167307,0.020698744086030264,1.0,0.4961,0.3969,1,1,0.05
02_noise_sweep,12,7965872518165186809301430429828905666,20000,0.0,0.1,depolarizing,0.0,0.5,0.2,,0.11,0.95,20000,10009,2001,8008,507,95,0.050654411030072934,0.047476261869065464,0.038994445422394684,0.05769223170504125,0.018697786282646567,1.0,0.50045,0.4004,1,1,0.05
02_noise_sweep,13,163012116474966499428236564702447334651,20000,0.0,0.1,depolarizing,0.0,0.5,0.2,,0.11,0.95,20000,9951,1990,7961,518,106,0.05205506984222691,0.053266331658291456,0.044232567634828995,0.06402150535869718,0.01978893772386818,1.0,0.49755,0.39805,1,1,0.05
02_noise_sweep,14,200492369156444914837348670148176916738,20000,0.0,0.1,depolarizing,0.0,0.5,0.2,,0.11,0.95,20000,9985,1997,7988,466,106,0.04667000500751127,0.053079619429143715,0.04407685575210945,0.0637984873287522,0.019721631576642744,1.0,0.49925,0.3994,1,1,0.05
02_noise_sweep,15,307490433690276689619703488004784694216,20000,0.0,0.1,depolarizing,0.0,0.5,0.2,,0.11,0.95,20000,10035,2007,8028,526,100,0.05241654210264076,0.04982561036372696,0.041136660737281394,0.060234562700811914,0.01909790196353052,1.0,0.50175,0.4014,1,1,0.05
02_noise_sweep,16,3776436695873527324216445837384851312,20000,0.0,0.1,depolarizing,0.0,0.5,0.2,,0.11,0.95,20000,10079,2015,8064,482,91,0.047822204583788074,0.04516129032258064,0.03692723960546647,0.055126278519356156,0.018199038913889687,1.0,0.50395,0.4032,1,1,0.05
02_noise_sweep,17,275738519639577368674255680108968939735,20000,0.0,0.1,depolarizing,0.0,0.5,0.2,,0.11,0.95,20000,9953,1990,7963,469,98,0.047121470913292475,0.04924623115577889,0.04057725352350197,0.059652109215747706,0.019074855692245735,1.0,0.49765,0.39815,1,1,0.05
02_noise_sweep,18,95976201525469023366010909760946638012,20000,0.0,0.1,depolarizing,0.0,0.5,0.2,,0.11,0.95,20000,9850,1970,7880,441,87,0.044771573604060914,0.04416243654822335,0.03594246381385675,0.0541566968993591,0.01821423308550235,1.0,0.4925,0.394,1,1,0.05
02_noise_sweep,19,9492650425560666322330402288443673580,20000,0.0,0.1,depolarizing,0.0,0.5,0.2,,0.11,0.95,20000,10110,2022,8088,493,95,0.04876360039564787,0.046983184965380814,0.03858785734030009,0.057096559609847296,0.018508702269547206,1.0,0.5055,0.4044,1,1,0.05
02_noise_sweep,20,99197077010281448172555413335018356345,20000,0.0,0.1,depolarizing,0.0,0.5,0.2,,0.11,0.95,20000,9921,1984,7937,472,92,0.04757584920874912,0.046370967741935484,0.03796190853353524,0.05653328271382554,0.018571374180290298,1.0,0.49605,0.39685,1,1,0.05
02_noise_sweep,21,29288132025953484111893660423341401089,20000,0.0,0.1,depolarizing,0.0,0.5,0.2,,0.11,0.95,20000,9972,1994,7978,518,114,0.05194544725230646,0.05717151454363089,0.04780683263923227,0.0682391417783513,0.02043230913911903,1.0,0.4986,0.3989,1,1,0.05
02_noise_sweep,22,326745077310182303158655190761006649823,20000,0.0,0.1,depolarizing,0.0,0.5,0.2,,0.11,0.95,20000,9957,1991,7966,456,91,0.04579692678517626,0.045705675539929685,0.03737410922575269,0.05578690765553846,0.01841279842978577,1.0,0.49785,0.3983,1,1,0.05
02_noise_sweep,23,225011426750324958291328852859967442890,20000,0.0,0.1,depolarizing,0.0,0.5,0.2,,0.11,0.95,20000,10031,2006,8025,551,115,0.05492971787458877,0.05732801595214357,0.04797573679321715,0.06837247455172359,0.020396737758506436,1.0,0.50155,0.40125,1,1,0.05
02_noise_sweep,24,67588653073285923366834030257838753971,20000,0.0,0.1,depolarizing,0.0,0.5,0.2,,0.11,0.95,20000,9994,1998,7996,486,85,0.048629177506503904,0.04254254254254254,0.03453584423126617,0.05230492832577038,0.017769084094504214,1.0,0.4997,0.3998,1,1,0.05
02_noise_sweep,25,188624858403199911982343199800907299006,20000,0.0,0.1,depolarizing,0.0,0.5,0.2,,0.11,0.95,20000,9904,1980,7924,485,106,0.04897011308562197,0.05353535353535353,0.04445693144910326,0.06434282059812048,0.01988588914901722,1.0,0.4952,0.3962,1,1,0.05
02_noise_sweep,26,194861273218278768518036453211727440366,20000,0.0,0.1,depolarizing,0.0,0.5,0.2,,0.11,0.95,20000,9957,1991,7966,480,93,0.048207291352817115,0.0467101958814666,0.03828201716208647,0.056884171600064176,0.018602154437977705,1.0,0.49785,0.3983,1,1,0.05
02_noise_sweep,27,339963682318130507305780924784840976159,20000,0.0,0.1,depolarizing,0.0,0.5,0.2,,0.11,0.95,20000,9988,1997,7991,496,97,0.04965959150981177,0.0485728592889334,0.03998030685331089,0.058898821199794754,0.018918514346483867,1.0,0.4994,0.39955,1,1,0.05
02_noise_sweep,28,99445984363594570636878942667795869968,20000,0.0,0.1,depolarizing,0.0,0.5,0.2,,0.11,0.95,20000,10026,2005,8021,459,71,0.04578096947935368,0.03541147132169576,0.028169219308262664,0.04443056609556481,0.016261346787302147,1.0,0.5013,0.40105,1,1,0.05
02_noise_sweep,29,317030061532583440565072908096915884211,20000,0.0,0.1,depolarizing,0.0,0.5,0.2,,0.11,0.95,20000,9962,1992,7970,519,102,0.052097972294719935,0.05120481927710843,0.04236011897619672,0.061777139973972495,0.019417020997775772,1.0,0.4981,0.3985,1,1,0.05
02_noise_sweep,30,270016222241011017867166774145468441484,20000,0.0,0.1,depolarizing,0.0,0.5,0.2,,0.11,0.95,20000,10074,2014,8060,495,103,0.04913639070875521,0.05114200595829196,0.04234704364142565,0.06164599203707295,0.019298948395647303,1.0,0.5037,0.403,1,1,0.05
02_noise_sweep,31,118212649311133507824025667713307805016,20000,0.0,0.1,depolarizing,0.0,0.5,0.2,,0.11,0.95,20000,10095,2019,8076,459,92,0.045468053491827636,0.045567112431896976,0.03730127313060856,0.05555892508295025,0.01825765195234169,1.0,0.50475,0.4038,1,1,0.05
02_noise_sweep,32,253567659840379821747945409405403629922,20000,0.0,0.1,depolarizing,0.0,0.5,0.2,,0.11,0.95,20000,9875,1975,7900,456,102,0.046177215189873416,0.051645569620253164,0.042726282163760884,0.062305608033525986,0.019579325869765102,1.0,0.49375,0.395,1,1,0.05
02_noise_sweep,33,218586533662408949033695103244475840499,20000,0.0,0.1,depolarizing,0.0,0.5,0.2,,0.11,0.95,20000,10112,2022,8090,509,103,0.05033623417721519,0.050939663699307615,0.04217880139005085,0.061403568250488254,0.019224766860437406,1.0,0.5056,0.4045,1,1,0.05
02_noise_sweep,34,271466864180530270002837093957381206181,20000,0.0,0.1,depolarizing,0.0,0.5,0.2,,0.11,0.95,20000,9962,1992,7970,502,93,0.05039148765308171,0.046686746987951805,0.038262723161199046,0.05685578336229403,0.018593060201094982,1.0,0.4981,0.3985,1,1,0.05
02_noise_sweep,35,198286281878135943361778970712723467917,20000,0.0,0.1,depolarizing,0.0,0.5,0.2,,0.11,0.95,20000,9970,1994,7976,486,93,0.04874623871614844,0.04663991975927784,0.0382241934480892,0.05679909179935764,0.018574898351268437,1.0,0.4985,0.3988,1,1,0.05
02_noise_sweep,36,211245388627243875796090327766005097517,20000,0.0,0.1,depolarizing,0.0,0.5,0.2,,0.11,0.95,20000,9912,1982,7930,491,90,0.04953591606133979,0.045408678102926335,0.037088906992458724,0.055487193684717016,0.018398286692258292,1.0,0.4956,0.3965,1,1,0.05
02_noise_sweep,37,113664475323554762196613964581518835855,20000,0.0,0.1,depolarizing,0.0,0.5,0.2,,0.11,0.95,20000,9903,1980,7923,488,88,0.04927799656669696,0.044444444444444446,0.03621535349956058,0.05443778716400935,0.01822243366444877,1.0,0.49515,0.39615,1,1,0.05
02_noise_sweep,38,167926198593438086347102572419710243870,20000,0.0,0.1,depolarizing,0.0,0.5,0.2,,0.11,0.95,20000,9928,1985,7943,465,85,0.04683722804190169,0.042821158690176324,0.03476287274671352,0.052645531804434244,0.017882659057720726,1.0,0.4964,0.39715,1,1,0.05
02_noise_sweep,39,132521748694474700899516901291473035383,20000,0.0,0.1,depolarizing,0.0,0.5,0.2,,0.11,0.95,20000,10012,2002,8010,510,98,0.05093887335197763,0.04895104895104895,0.040333042455184064,0.05929669544951955,0.018963652994335486,1.0,0.5006,0.4005,1,1,0.05
02_noise_sweep,40,333939419997675067376538242483723415708,20000,0.0,0.1,depolarizing,0.0,0.5,0.2,,0.11,0.95,20000,9931,1986,7945,508,113,0.051152955392206226,0.05689828801611279,0.04753970395138508,0.06796771891481289,0.02042801496342781,1.0,0.49655,0.39725,1,1,0.05
02_noise_sweep,41,191158265269589578796136382132810828101,20000,0.0,0.1,depolarizing,0.0,0.5,0.2,,0.11,0.95,20000,10081,2016,8065,484,113,0.04801111000892769,0.056051587301587304,0.04682913777984685,0.0669626936616612,0.020133555881814355,1.0,0.50405,0.40325,1,1,0.05
02_noise_sweep,42,135556752562316297300851362486650251156,20000,0.0,0.1,depolarizing,0.0,0.5,0.2,,0.11,0.95,20000,9984,1996,7988,524,104,0.05248397435897436,0.052104208416833664,0.043186458769172105,0.06274266770549204,0.019556208936319937,1.0,0.4992,0.3994,1,1,0.05
02_noise_sweep,43,135710955139667378637449970976688839612,20000,0.0,0.1,depolarizing,0.0,0.5,0.2,,0.11,0.95,20000,10036,2007,8029,492,84,0.04902351534475887,0.04185351270553064,0.033932412138680174,0.051525075355870795,0.01759266321719062,1.0,0.5018,0.40145,1,1,0.05
02_noise_sweep,44,222054384456884620299900005565580184906,20000,0.0,0.1,depolarizing,0.0,0.5,0.2,,0.11,0.95,20000,10104,2020,8084,476,90,0.047110055423594616,0.04455445544554455,0.03638852606306731,0.054449349611156585,0.018060823548089272,1.0,0.5052,0.4042,1,1,0.05
02_noise_sweep,45,47772615382791410608208746891590039824,20000,0.0,0.1,depolarizing,0.0,0.5,0.2,,0.11,0.95,20000,9804,1960,7844,512,99,0.05222358221134231,0.050510204081632655,0.04166395407282057,0.06111494282545647,0.0194509887526359,1.0,0.4902,0.3922,1,1,0.05
02_noise_sweep,46,248129244452389626807983204307517980401,20000,0.0,0.1,depolarizing,0.0,0.5,0.2,,0.11,0.95,20000,9994,1998,7996,502,106,0.05023013808284971,0.05305305305305305,0.04405470065200655,0.06376675437363201,0.01971205372162546,1.0,0.4997,0.3998,1,1,0.05
02_noise_sweep,47,313917484820797976881645249560915696911,20000,0.0,0.1,depolarizing,0.0,0.5,0.2,,0.11,0.95,20000,10025,2005,8020,498,95,0.04967581047381546,0.04738154613466334,0.03891634077910351,0.05757781408291843,0.018661473303814916,1.0,0.50125,0.401,1,1,0.05
02_noise_sweep,48,256409874741531704899786133435967959019,20000,0.0,0.1,depolarizing,0.0,0.5,0.2,,0.11,0.95,20000,10065,2013,8052,508,108,0.05047193243914556,0.05365126676602087,0.04463079722290821,0.06437204871682262,0.019741251493914404,1.0,0.50325,0.4026,1,1,0.05
02_noise_sweep,49,78950708757256779683342470418867004970,20000,0.0,0.1,depolarizing,0.0,0.5,0.2,,0.11,0.95,20000,10043,2008,8035,510,104,0.05078163895250423,0.05179282868525897,0.04292728423621921,0.06237000839680558,0.019442724160586372,1.0,0.50215,0.40175,1,1,0.05
02_noise_sweep,50,174845921938358873399577199715657967667,20000,0.0,0.1,depolarizing,0.0,0.5,0.2,,0.11,0.95,20000,10032,2006,8026,508,101,0.05063795853269538,0.050348953140578266,0.04161012414335008,0.060806640083155034,0.019196515939804953,1.0,0.5016,0.4013,1,1,0.05
02_noise_sweep,51,53309455622993015639167787415022334676,20000,0.0,0.1,depolarizing,0.0,0.5,0.2,,0.11,0.95,20000,10105,2021,8084,532,116,0.05264720435428006,0.05739732805541811,0.04807103728990461,0.06840299962459667,0.02033196233469206,1.0,0.50525,0.4042,1,1,0.05
02_noise_sweep,52,263795290704958430751917268281136848718,20000,0.0,0.1,depolarizing,0.0,0.5,0.2,,0.11,0.95,20000,10014,2002,8012,493,90,0.04923107649290993,0.04495504495504495,0.03671695823091032,0.05493607746253928,0.018219119231628958,1.0,0.5007,0.4006,1,1,0.05
02_noise_sweep,53,337251362016761717453786472775745925165,20000,0.0,0.1,depolarizing,0.0,0.5,0.2,,0.11,0.95,20000,10002,2000,8002,548,114,0.054789042191561686,0.057,0.04766276887822958,0.06803573501296051,0.020372966134730927,1.0,0.5001,0.4001,1,1,0.05
02_noise_sweep,54,307308598491007170438044556981691157892,20000,0.0,0.1,depolarizing,0.0,0.5,0.2,,0.11,0.95,20000,9991,1998,7993,511,110,0.05114603142828546,0.055055055055055056,0.045880870445607895,0.06593690505024057,0.02005603460463267,1.0,0.49955,0.39965,1,1,0.05
02_noise_sweep,55,79853941597203459906674599682071582147,20000,0.0,0.1,depolarizing,0.0,0.5,0.2,,0.11,0.95,20000,10086,2017,8069,476,81,0.047194130477890145,0.04015865146256817,0.03242830683153315,0.049637239724243915,0.017208932892710763,1.0,0.5043,0.40345,1,1,0.05
02_noise_sweep,56,153881999755559090814079377489177588998,20000,0.0,0.1,depolarizing,0.0,0.5,0.2,,0.11,0.95,20000,9993,1998,7995,467,98,0.04673271289902932,0.04904904904904905,0.040414118856612204,0.05941469522860653,0.01900057637199433,1.0,0.49965,0.39975,1,1,0.05
02_noise_sweep,57,55504141326737975971496791982944197101,20000,0.0,0.1,depolarizing,0.0,0.5,0.2,,0.11,0.95,20000,9855,1971,7884,514,87,0.052156265854895995,0.0441400304414003,0.03592415816821894,0.05412937905440691,0.018205220886187964,1.0,0.49275,0.3942,1,1,0.05
02_noise_sweep,58,202789673755904097713079199515269717744,20000,0.0,0.1,depolarizing,0.0,0.5,0.2,,0.11,0.95,20000,10024,2004,8020,462,95,0.046089385474860335,0.04740518962075848,0.038935837591087936,0.057606375923392884,0.018670538332304948,1.0,0.5012,0.401,1,1,0.05
02_noise_sweep,59,177889505514714232682667621906185926605,20000,0.0,0.1,depolarizing,0.0,0.5,0.2,,0.11,0.95,20000,9986,1997,7989,493,107,0.049369116763468855,0.05358037055583375,0.044533275342714354,0.06434164718567574,0.019808371842961386,1.0,0.4993,0.39945,1,1,0.05
02_noise_sweep,60,175659251740523092673764504424348842381,20000,0.0,0.1,depolarizing,0.0,0.5,0.2,,0.11,0.95,20000,10039,2007,8032,493,102,0.049108476939934254,0.05082212257100149,0.04204220689766194,0.061318233533374164,0.01927602663571222,1.0,0.50195,0.4016,1,1,0.05
02_noise_sweep,61,41568633925191388880056880372803502789,20000,0.0,0.1,depolarizing,0.0,0.5,0.2,,0.11,0.95,20000,10060,2012,8048,504,103,0.05009940357852883,0.051192842942345926,0.04238931413850864,0.06170689734801144,0.019317583209502803,1.0,0.503,0.4024,1,1,0.05
02_noise_sweep,62,219450735320565537124476234228773762907,20000,0.0,0.1,depolarizing,0.0,0.5,0.2,,0.11,0.95,20000,9991,1998,7993,497,104,0.049744770293263935,0.05205205205205205,0.04314304589021857,0.06268024890031504,0.01953720301009647,1.0,0.49955,0.39965,1,1,0.05
02_noise_sweep,63,311709172333764221947897736095212858412,20000,0.0,0.1,depolarizing,0.0,0.5,0.2,,0.11,0.95,20000,9935,1987,7948,515,92,0.051836940110719675,0.0463009562154001,0.03790436706082905,0.05644842933510543,0.01854406227427638,1.0,0.49675,0.3974,1,1,0.05
02_noise_sweep,64,294267779813988909990971598757360251426,20000,0.0,0.1,depolarizing,0.0,0.5,0.2,,0.11,0.95,20000,9897,1979,7918,505,92,0.05102556330201071,0.046488125315816066,0.03805820022221438,0.05667527329130286,0.018617073069088483,1.0,0.49485,0.3959,1,1,0.05
02_noise_sweep,65,58817623785804862827374068725116099782,20000,0.0,0.1,depolarizing,0.0,0.5,0.2,,0.11,0.95,20000,10016,2003,8013,512,125,0.051118210862619806,0.06240639041437843,0.052627814764200975,0.0738602332602116,0.021232418496010624,1.0,0.5008,0.40065,1,1,0.05
02_noise_sweep,66,269035287355364020148046350686751265668,20000,0.0,0.1,depolarizing,0.0,0.5,0.2,,0.11,0.95,20000,9952,1990,7962,498,106,0.050040192926045016,0.053266331658291456,0.044232567634828995,0.06402150535869718,0.01978893772386818,1.0,0.4976,0.3981,1,1,0.05
02_noise_sweep,67,127116919935779118702207041167909792676,20000,0.0,0.1,depolarizing,0.0,0.5,0.2,,0.11,0.95,20000,9834,1966,7868,480,85,0.048810250152532035,0.04323499491353001,0.03510010514329488,0.05315139247965067,0.01805128733635579,1.0,0.4917,0.3934,1,1,0.05
02_noise_sweep,68,259627727978603668039264713640789792646,20000,0.0,0.1,depolarizing,0.0,0.5,0.2,,0.11,0.95,20000,10025,2005,8020,486,102,0.0484788029925187,0.05087281795511222,0.042084319176533797,0.06137902677746153,0.019294707600927732,1.0,0.50125,0.401,1,1,0.05
02_noise_sweep,69,14833215450977996045125717324917542379,20000,0.0,0.1,depolarizing,0.0,0.5,0.2,,0.11,0.95,20000,10017,2003,8014,538,112,0.05370869521812918,0.05591612581128307,0.046678006387643065,0.06685435951961874,0.020176353131975674,1.0,0.50085,0.4007,1,1,0.05
02_noise_sweep,70,270711017032218090261038211299446065086,20000,0.0,0.1,depolarizing,0.0,0.5,0.2,,0.11,0.95,20000,9948,1989,7959,492,88,0.04945717732207479,0.04424333836098542,0.03605085538682634,0.0541928807742625,0.01814202538743616,1.0,0.4974,0.39795,1,1,0.05
02_noise_sweep,71,280813808415894649693036083302944192590,20000,0.0,0.1,depolarizing,0.0,0.5,0.2,,0.11,0.95,20000,10040,2008,8032,510,100,0.05079681274900399,0.049800796812749,0.04111609009525257,0.06020474606058566,0.019088655965333087,1.0,0.502,0.4016,1,1,0.05
02_noise_sweep,72,118392859980511524110958973530918440327,20000,0.0,0.1,depolarizing,0.0,0.5,0.2,,0.11,0.95,20000,9987,1997,7990,488,97,0.04886352257935316,0.0485728592889334,0.03998030685331089,0.058898821199794754,0.018918514346483867,1.0,0.49935,0.3995,1,1,0.05
02_noise_sweep,73,319267014055703578490114678797530155562,20000,0.0,0.1,depolarizing,0.0,0.5,0.2,,0.11,0.95,20000,10085,2017,8068,492,111,0.04878532473971244,0.05503222607833416,0.04589958165854965,0.0658565671649651,0.019956985506415455,1.0,0.50425,0.4034,1,1,0.05
02_noise_sweep,74,284520851136375830306093932078348904724,20000,0.0,0.1,depolarizing,0.0,0.5,0.2,,0.11,0.95,20000,9960,1992,7968,535,99,0.053714859437751006,0.04969879518072289,0.04099189509057641,0.06013911305070077,0.019147217960124363,1.0,0.498,0.3984,1,1,0.05
02_noise_sweep,75,242376274621257628939234368256145735122,20000,0.0,0.1,depolarizing,0.0,0.5,0.2,,0.11,0.95,20000,9872,1974,7898,473,99,0.04791329011345219,0.05015197568389058,0.0413672358853706,0.06068414842580867,0.019316912540438075,1.0,0.4936,0.3949,1,1,0.05
02_noise_sweep,76,214964231040505672631236825720856583648,20000,0.0,0.1,depolarizing,0.0,0.5,0.2,,0.11,0.95,20000,10067,2013,8054,517,112,0.05135591536704082,0.05563835072031793,0.04644510190834701,0.06652434238001051,0.020079240471663498,1.0,0.50335,0.4027,1,1,0.05
02_noise_sweep,77,174204088841548476542698348190671481638,20000,0.0,0.1,depolarizing,0.0,0.5,0.2,,0.11,0.95,20000,9935,1987,7948,473,101,0.047609461499748366,0.050830397584297936,0.042009671007444245,0.06138452841947926,0.019374857412035013,1.0,0.49675,0.3974,1,1,0.05
02_noise_sweep,78,92756781955793365901565544962162349414,20000,0.0,0.1,depolarizing,0.0,0.5,0.2,,0.11,0.95,20000,9955,1991,7964,513,106,0.051531893520843794,0.053239578101456554,0.04421025575230291,0.0639895502354345,0.019779294483131586,1.0,0.49775,0.3982,1,1,0.05
02_noise_sweep,79,299296381341240019849390287419600529207,20000,0.0,0.1,depolarizing,0.0,0.5,0.2,,0.11,0.95,20000,9955,1991,7964,476,96,0.04781516825715721,0.048216976393771975,0.03964604425557957,0.05852790232786032,0.018881858072280752,1.0,0.49775,0.3982,1,1,0.05
02_noise_sweep,80,171919283459045118987541195938112497112,20000,0.0,0.1,depolarizing,0.0,0.5,0.2,,0.11,0.95,20000,10036,2007,8029,471,103,0.04693104822638501,0.05132037867463876,0.04249536052373108,0.06185968840377641,0.01936432788004533,1.0,0.5018,0.40145,1,1,0.05
02_noise_sweep,81,54751885985128564183920138975219855566,20000,0.0,0.1,depolarizing,0.0,0.5,0.2,,0.11,0.95,20000,9923,1984,7939,487,84,0.04907789982868084,0.04233870967741935,0.034327248332242384,0.0521190112817616,0.017791762949519216,1.0,0.49615,0.39695,1,1,0.05
02_noise_sweep,82,200995621267411817179009326064233512992,20000,0.0,0.1,depolarizing,0.0,0.5,0.2,,0.11,0.95,20000,9877,1975,7902,514,118,0.05204009314569201,0.05974683544303797,0.05012363846569701,0.07107932994372246,0.02095569147802545,1.0,0.49385,0.3951,1,1,0.05
02_noise_sweep,83,25168372639011431303682474518235073788,20000,0.0,0.1,depolarizing,0.0,0.5,0.2,,0.11,0.95,20000,10105,2021,8084,521,118,0.05155863433943592,0.05838693715982187,0.04897759946900891,0.06947190075032299,0.020494301281314076,1.0,0.50525,0.4042,1,1,0.05
02_noise_sweep,84,272253442747203753563167837030068871091,20000,0.0,0.1,depolarizing,0.0,0.5,0.2,,0.11,0.95,20000,9954,1990,7964,488,101,0.04902551737994776,0.05075376884422111,0.04194607528699684,0.06129255379760652,0.01934647851060968,1.0,0.4977,0.3982,1,1,0.05
02_noise_sweep,85,334177571790632231634062466657240554389,20000,0.0,0.1,depolarizing,0.0,0.5,0.2,,0.11,0.95,20000,10106,2021,8085,512,107,0.05066297249158915,0.05294408708560119,0.044002173824280115,0.06358227821848332,0.019580104394203206,1.0,0.5053,0.40425,1,1,0.05
02_noise_sweep,86,233560473604090971706539395802220459141,20000,0.0,0.1,depolarizing,0.0,0.5,0.2,,0.11,0.95,20000,9978,1995,7983,516,112,0.05171377029464823,0.056140350877192984,0.046866018669948786,0.06712073991725773,0.02025472124730894,1.0,0.4989,0.39915,1,1,0.05
02_noise_sweep,87,282779850978304401783737911544928851318,20000,0.0,0.1,depolarizing,0.0,0.5,0.2,,0.11,0.95,20000,9997,1999,7998,475,99,0.047514254276282884,0.04952476238119059,0.04084776230483815,0.05992978947379422,0.019082027168956073,1.0,0.49985,0.3999,1,1,0.05
02_noise_sweep,88,27240443436377619982117293868426036355,20000,0.0,0.1,depolarizing,0.0,0.5,0.2,,0.11,0.95,20000,10060,2012,8048,528,107,0.052485089463220676,0.053180914512922464,0.04419984563149071,0.06386493191710459,0.019665086285613878,1.0,0.503,0.4024,1,1,0.05
02_noise_sweep,89,72747289455011622331265446846821176571,20000,0.0,0.1,depolarizing,0.0,0.5,0.2,,0.11,0.95,20000,9963,1992,7971,523,119,0.05249422864599016,0.05973895582329317,0.05015414783459597,0.07101853236596153,0.020864384531365562,1.0,0.49815,0.39855,1,1,0.05
02_noise_sweep,90,68663575050458629370099029124783964303,20000,0.0,0.1,depolarizing,0.0,0.5,0.2,,0.11,0.95,20000,9893,1978,7915,488,96,0.04932780754068533,0.04853387259858443,0.039907670365115146,0.05891025371708198,0.019002583351966834,1.0,0.49465,0.39575,1,1,0.05
02_noise_sweep,91,247571501437657554747154900847711764368,20000,0.0,0.1,depolarizing,0.0,0.5,0.2,,0.11,0.95,20000,10093,2018,8075,465,91,0.046071534727038545,0.04509415262636274,0.036872131184273814,0.05504479831082729,0.01817266712655348,1.0,0.50465,0.40375,1,1,0.05
02_noise_sweep,92,3123640026510773827380141267024277510,20000,0.0,0.1,depolarizing,0.0,0.5,0.2,,0.11,0.95,20000,9972,1994,7978,506,99,0.05074207781789009,0.04964894684052156,0.04095061060234861,0.06007915726513729,0.01912854666278868,1.0,0.4986,0.3989,1,1,0.05
02_noise_sweep,93,221512563925932047384390315890002023400,20000,0.0,0.1,depolarizing,0.0,0.5,0.2,,0.11,0.95,20000,10018,2003,8015,550,109,0.05490117787981633,0.054418372441337994,0.04531009467470496,0.0652324984362913,0.019922403761586334,1.0,0.5009,0.40075,1,1,0.05
02_noise_sweep,94,31758012450023210913000266185407191460,20000,0.0,0.1,depolarizing,0.0,0.5,0.2,,0.11,0.95,20000,10111,2022,8089,485,101,0.047967560083077836,0.049950544015825916,0.04127951187155267,0.060328369596388515,0.019048857724835846,1.0,0.50555,0.40445,1,1,0.05
02_noise_sweep,95,195255336357802722689863027018243939849,20000,0.0,0.1,depolarizing,0.0,0.5,0.2,,0.11,0.95,20000,9995,1999,7996,533,130,0.05332666333166583,0.06503251625812906,0.05503548938709096,0.07669808226368177,0.021662592876590808,1.0,0.49975,0.3998,1,1,0.05
02_noise_sweep,96,183244741795103307168131670598006629919,20000,0.0,0.1,depolarizing,0.0,0.5,0.2,,0.11,0.95,20000,9979,1995,7984,506,103,0.05070648361559275,0.05162907268170426,0.04275204988603565,0.06222949224412383,0.01947744235808818,1.0,0.49895,0.3992,1,1,0.05
02_noise_sweep,97,63520442599173382835609756710254372466,20000,0.0,0.1,depolarizing,0.0,0.5,0.2,,0.11,0.95,20000,10134,2026,8108,501,93,0.049437537004144466,0.04590325765054294,0.037618104392397086,0.05590715985705273,0.018289055464655646,1.0,0.5067,0.4054,1,1,0.05
02_noise_sweep,98,217440382082336637298983589351453379181,20000,0.0,0.1,depolarizing,0.0,0.5,0.2,,0.11,0.95,20000,10050,2010,8040,511,98,0.05084577114427861,0.04875621890547264,0.04017186170591606,0.0590620963325292,0.018890234626613142,1.0,0.5025,0.402,1,1,0.05
02_noise_sweep,99,102564757007738733062781865824705091142,20000,0.0,0.1,depolarizing,0.0,0.5,0.2,,0.11,0.95,20000,9871,1974,7897,476,94,0.04822206463377571,0.047619047619047616,0.03907134739520321,0.057924019935746224,0.018852672540543014,1.0,0.49355,0.39485,1,1,0.05
02_noise_sweep,100,86286109563474918195452071039996402546,20000,0.0,0.1,depolarizing,0.0,0.5,0.2,,0.11,0.95,20000,9958,1991,7967,493,94,0.04950793331994376,0.047212456052235056,0.038736408513814956,0.05743236618876544,0.018695957674950484,1.0,0.4979,0.39835,1,1,0.05
02_noise_sweep,101,96221734865422079065076011015053519606,20000,0.0,0.1,depolarizing,0.0,0.5,0.2,,0.11,0.95,20000,10041,2008,8033,517,100,0.05148889552833383,0.049800796812749,0.04111609009525257,0.06020474606058566,0.019088655965333087,1.0,0.50205,0.40165,1,1,0.05
02_noise_sweep,102,176246577831278396785791315560149638596,20000,0.0,0.1,depolarizing,0.0,0.5,0.2,,0.11,0.95,20000,10048,2009,8039,478,95,0.04757165605095542,0.04728720756595321,0.03883854840778099,0.057463849364900066,0.018625300957119076,1.0,0.5024,0.40195,1,1,0.05
02_noise_sweep,103,18597207580771204723252480247926058305,20000,0.0,0.1,depolarizing,0.0,0.5,0.2,,0.11,0.95,20000,9889,1977,7912,493,92,0.04985337243401759,0.04653515427415276,0.03809685382152733,0.056732269420131126,0.018635415598603794,1.0,0.49445,0.3956,1,1,0.05
02_noise_sweep,104,176735736538051666358413546721562735119,20000,0.0,0.1,depolarizing,0.0,0.5,0.2,,0.11,0.95,20000,9972,1994,7978,460,93,0.04612916165262736,0.04663991975927784,0.0382241934480892,0.05679909179935764,0.018574898351268437,1.0,0.4986,0.3989,1,1,0.05
02_noise_sweep,105,170852822867473117159197252827560910497,20000,0.0,0.1,depolarizing,0.0,0.5,0.2,,0.11,0.95,20000,10009,2001,8008,470,99,0.04695773803576781,0.049475262368815595,0.040806767499374744,0.05987025009353912,0.019063482594164377,1.0,0.50045,0.4004,1,1,0.05
02_noise_sweep,106,132134884527083789288929840911281820956,20000,0.0,0.1,depolarizing,0.0,0.5,0.2,,0.11,0.95,20000,9957,1991,7966,508,103,0.05101938334839811,0.05173279758915118,0.04283830355120111,0.06235374461524705,0.019515441064045944,1.0,0.49785,0.3983,1,1,0.05
02_noise_sweep,107,2075652647185231691115763760775413340,20000,0.0,0.1,depolarizing,0.0,0.5,0.2,,0.11,0.95,20000,9881,1976,7905,492,94,0.04979253112033195,0.04757085020242915,0.03903164247964162,0.05786574188716813,0.018834099407526506,1.0,0.49405,0.39525,1,1,0.05
02_noise_sweep,108,75987796050602717743772505909208280100,20000,0.0,0.1,depolarizing,0.0,0.5,0.2,,0.11,0.95,20000,10083,2016,8067,493,99,0.04889417831994446,0.049107142857142856,0.04050190982483407,0.059427447471624935,0.018925537646790863,1.0,0.50415,0.40335,1,1,0.05
02_noise_sweep,109,18679893983291731280820822626569687635,20000,0.0,0.1,depolarizing,0.0,0.5,0.2,,0.11,0.95,20000,9955,1991,7964,507,97,0.05092918131592165,0.048719236564540434,0.040101280287838506,0.05907525223603115,0.01897397194819264,1.0,0.49775,0.3982,1,1,0.05
02_noise_sweep,110,17354718835149638668630234881373040196,20000,0.0,0.1,depolarizing,0.0,0.5,0.2,,0.11,0.95,20000,10023,2004,8019,491,115,0.048987329142971166,0.05738522954091816,0.048023832242107975,0.06844027292585729,0.020416440683749315,1.0,0.50115,0.40095,1,1,0.05
02_noise_sweep,111,117311743918183230364256472352586479707,20000,0.0,0.1,depolarizing,0.0,0.5,0.2,,0.11,0.95,20000,9983,1996,7987,516,109,0.0516878693779425,0.05460921843687375,0.04546969206504331,0.06545983079399072,0.019990138728947407,1.0,0.49915,0.39935,1,1,0.05
02_noise_sweep,112,135573751317345503055308909122643028238,20000,0.0,0.1,depolarizing,0.0,0.5,0.2,,0.11,0.95,20000,9992,1998,7994,497,91,0.04973979183346677,0.045545545545545546,0.03724265891031561,0.0555925943520358,0.018349935441720186,1.0,0.4996,0.3997,1,1,0.05
02_noise_sweep,113,275118953705291081010365924984132493110,20000,0.0,0.1,depolarizing,0.0,0.5,0.2,,0.11,0.95,20000,10007,2001,8006,524,103,0.05236334565803937,0.05147426286856572,0.04262331872323018,0.0620440393351616,0.019420720611931425,1.0,0.50035,0.4003,1,1,0.05
02_noise_sweep,114,66182334899246913575687760907720744901,20000,0.0,0.1,depolarizing,0.0,0.5,0.2,,0.11,0.95,20000,10015,2003,8012,517,92,0.05162256615077384,0.04593110334498253,0.03760040179906883,0.056000145466422596,0.018399743667353766,1.0,0.50075,0.4006,1,1,0.05
02_noise_sweep,115,160013780073235607350751825776662947778,20000,0.0,0.1,depolarizing,0.0,0.5,0.2,,0.11,0.95,20000,10061,2012,8049,528,98,0.052479872776066,0.048707753479125246,0.04013176761478293,0.05900373629414313,0.018871968679360196,1.0,0.50305,0.40245,1,1,0.05
02_noise_sweep,116,310103188077607989675555550986622116722,20000,0.0,0.1,depolarizing,0.0,0.5,0.2,,0.11,0.95,20000,9958,1991,7967,477,99,0.047901184976902995,0.049723756906077346,0.04101256856790301,0.06016913583682613,0.01915656726892312,1.0,0.4979,0.39835,1,1,0.05
02_noise_sweep,117,314812497701935450157875392253330052661,20000,0.0,0.1,depolarizing,0.0,0.5,0.2,,0.11,0.95,20000,10072,2014,8058,512,106,0.050833995234312944,0.05263157894736842,0.04370322410352449,0.06326328601409413,0.019560061910569637,1.0,0.5036,0.4029,1,1,0.05
02_noise_sweep,118,251591042945774973151682482163151028565,20000,0.0,0.1,depolarizing,0.0,0.5,0.2,,0.11,0.95,20000,10049,2009,8040,461,87,0.045875211463827247,0.04330512692882031,0.03524209876694128,0.05311133713897941,0.017869238372038132,1.0,0.50245,0.402,1,1,0.05
02_noise_sweep,119,18866580497420525790485308312127942429,20000,0.0,0.1,depolarizing,0.0,0.5,0.2,,0.11,0.95,20000,9926,1985,7941,518,102,0.05218617771509168,0.05138539042821159,0.04251012924752775,0.0619936550530751,0.019483525805547353,1.0,0.4963,0.39705,1,1,0.05
02_noise_sweep,120,52868425821894643999258732365264735040,20000,0.0,0.1,depolarizing,0.0,0.5,0.2,,0.11,0.95,20000,10020,2004,8016,535,105,0.053393213572854294,0.05239520958083832,0.04346766147369645,0.06303549786752659,0.01956783639383014,1.0,0.501,0.4008,1,1,0.05
02_noise_sweep,121,125903171120594368251086588483244099948,20000,0.0,0.1,depolarizing,0.0,0.5,0.2,,0.11,0.95,20000,9998,1999,7999,491,107,0.049109821964392876,0.053526763381690844,0.0444885276669731,0.06427767440124388,0.019789146734270777,1.0,0.4999,0.39995,1,1,0.05
02_noise_sweep,122,107351836394100902733827067149531521583,20000,0.0,0.1,depolarizing,0.0,0.5,0.2,,0.11,0.95,20000,9900,1980,7920,465,111,0.04696969696969697,0.05606060606060606,0.046761122459398737,0.06707935497217328,0.020318232512774544,1.0,0.495,0.396,1,1,0.05
02_noise_sweep,123,198362361219143029065124680639350210729,20000,0.0,0.1,depolarizing,0.0,0.5,0.2,,0.11,0.95,20000,9908,1981,7927,493,85,0.049757771497779574,0.042907622412922765,0.03483332941642384,0.05275122704683297,0.01791789763040913,1.0,0.4954,0.39635,1,1,0.05
02_noise_sweep,124,221270345456068695488370159650116349006,20000,0.0,0.1,depolarizing,0.0,0.5,0.2,,0.11,0.95,20000,9986,1997,7989,506,101,0.05067093931504106,0.05057586379569354,0.04179843147104219,0.06107901437217722,0.019280582901135032,1.0,0.4993,0.39945,1,1,0.05
02_noise_sweep,125,190612275365439829617674970319141890832,20000,0.0,0.1,depolarizing,0.0,0.5,0.2,,0.11,0.95,20000,9833,1966,7867,492,103,0.05003559442692972,0.05239064089521872,0.04338537538522357,0.06314170469071417,0.0197563293054906,1.0,0.49165,0.39335,1,1,0.05
02_noise_sweep,126,157444561801908155048013008041717930581,20000,0.0,0.1,depolarizing,0.0,0.5,0.2,,0.11,0.95,20000,9871,1974,7897,503,99,0.05095734981258231,0.05015197568389058,0.0413672358853706,0.06068414842580867,0.019316912540438075,1.0,0.49355,0.39485,1,1,0.05
02_noise_sweep,127,52713826286625320759518445951023943670,20000,0.0,0.1,depolarizing,0.0,0.5,0.2,,0.11,0.95,20000,9974,1994,7980,509,99,0.05103268498095047,0.04964894684052156,0.04095061060234861,0.06007915726513729,0.01912854666278868,1.0,0.4987,0.399,1,1,0.05
02_noise_sweep,128,150127690136680302829457705735765165635,20000,0.0,0.1,depolarizing,0.0,0.5,0.2,,0.11,0.95,20000,10126,2025,8101,500,99,0.049377839225755484,0.04888888888888889,0.040321171993187285,0.05916489575407703,0.018843723760889747,1.0,0.5063,0.40505,1,1,0.05
02_noise_sweep,129,300987333944278793218844224227862568076,20000,0.0,0.1,depolarizing,0.0,0.5,0.2,,0.11,0.95,20000,10060,2012,8048,506,97,0.050298210735586484,0.04821073558648111,0.039681042750777676,0.05846231964262957,0.018781276891851897,1.0,0.503,0.4024,1,1,0.05
02_noise_sweep,130,114653057348840436748877164940437171703,20000,0.0,0.1,depolarizing,0.0,0.5,0.2,,0.11,0.95,20000,9962,1992,7970,470,91,0.047179281268821524,0.04568273092369478,0.037355273823591564,0.05575906549397347,0.018403791670381905,1.0,0.4981,0.3985,1,1,0.05
02_noise_sweep,131,113025437255053364046886843542079393419,20000,0.0,0.1,depolarizing,0.0,0.5,0.2,,0.11,0.95,20000,10008,2001,8007,487,95,0.04866107114308553,0.047476261869065464,0.038994445422394684,0.05769223170504125,0.018697786282646567,1.0,0.5004,0.40035,1,1,0.05
02_noise_sweep,132,230921195356033923440509531733405210972,20000,0.0,0.1,depolarizing,0.0,0.5,0.2,,0.11,0.95,20000,10021,2004,8017,492,96,0.049096896517313644,0.04790419161676647,0.039387826302190225,0.05815048179496483,0.018762655492774602,1.0,0.50105,0.40085,1,1,0.05
02_noise_sweep,133,116015411612410849266239187346299041075,20000,0.0,0.1,depolarizing,0.0,0.5,0.2,,0.11,0.95,20000,10105,2021,8084,512,99,0.050667986145472535,0.048985650667986144,0.04040130036819478,0.05928129845524614,0.01887999808705136,1.0,0.50525,0.4042,1,1,0.05
02_noise_sweep,134,17039462171678412270235239208322240493,20000,0.0,0.1,depolarizing,0.0,0.5,0.2,,0.11,0.95,20000,10021,2004,8017,504,102,0.05029438179822373,0.05089820359281437,0.04210540697041207,0.061409468622788316,0.019304061652376248,1.0,0.50105,0.40085,1,1,0.05
02_noise_sweep,135,36405681929977641078450720845967622534,20000,0.0,0.1,depolarizing,0.0,0.5,0.2,,0.11,0.95,20000,9963,1992,7971,494,93,0.04958345879755094,0.046686746987951805,0.038262723161199046,0.05685578336229403,0.018593060201094982,1.0,0.49815,0.39855,1,1,0.05
02_noise_sweep,136,43281159054896095160344307988163827308,20000,0.0,0.1,depolarizing,0.0,0.5,0.2,,0.11,0.95,20000,9910,1982,7928,505,104,0.05095862764883956,0.05247225025227043,0.04349281274490751,0.06318310434793918,0.019690291603031672,1.0,0.4955,0.3964,1,1,0.05
02_noise_sweep,137,159602227386666905095572229995901045690,20000,0.0,0.1,depolarizing,0.0,0.5,0.2,,0.11,0.95,20000,10064,2012,8052,486,98,0.04829093799682035,0.048707753479125246,0.04013176761478293,0.05900373629414313,0.018871968679360196,1.0,0.5032,0.4026,1,1,0.05
02_noise_sweep,138,111617430804396168671481150930458815015,20000,0.0,0.1,depolarizing,0.0,0.5,0.2,,0.11,0.95,20000,9984,1996,7988,500,105,0.05008012820512821,0.05260521042084168,0.04364262401221733,0.06328658173932078,0.01964395772710345,1.0,0.4992,0.3994,1,1,0.05
02_noise_sweep,139,233978069188881209084587886553294855558,20000,0.0,0.1,depolarizing,0.0,0.5,0.2,,0.11,0.95,20000,9947,1989,7958,463,84,0.04654669749673268,0.042232277526395176,0.034240634679348,0.051988732970592866,0.017748098291244865,1.0,0.49735,0.3979,1,1,0.05
02_noise_sweep,140,274139882991569836123445254409528647495,20000,0.0,0.1,depolarizing,0.0,0.5,0.2,,0.11,0.95,20000,9918,1983,7935,497,88,0.05011090945755193,0.044377206253151794,0.03616035424222116,0.054355906137930406,0.018195551895709247,1.0,0.4959,0.39675,1,1,0.05
02_noise_sweep,141,232101890335078085291524164277781635757,20000,0.0,0.1,depolarizing,0.0,0.5,0.2,,0.11,0.95,20000,10094,2018,8076,522,95,0.051713889439270855,0.04707631318136769,0.0386646476593795,0.057209070813956465,0.018544423154576967,1.0,0.5047,0.4038,1,1,0.05
02_noise_sweep,142,338222214030895331243671855521161178987,20000,0.0,0.1,depolarizing,0.0,0.5,0.2,,0.11,0.95,20000,10028,2005,8023,510,115,0.050857598723573996,0.057356608478802994,0.047999772469026786,0.06840635694149054,0.020406584472463754,1.0,0.5014,0.40115,1,1,0.05
02_noise_sweep,143,17044695670080756408973503470150467194,20000,0.0,0.1,depolarizing,0.0,0.5,0.2,,0.11,0.95,20000,10064,2012,8052,479,105,0.047595389507154216,0.052186878727634195,0.04329409625731843,0.06278639826023927,0.01949230200292084,1.0,0.5032,0.4026,1,1,0.05
02_noise_sweep,144,107952816233562484307505362353593614523,20000,0.0,0.1,depolarizing,0.0,0.5,0.2,,0.11,0.95,20000,10077,2015,8062,521,106,0.05170189540537858,0.05260545905707196,0.04368144294997574,0.06323208306151101,0.019550640111535275,1.0,0.50385,0.4031,1,1,0.05
02_noise_sweep,145,83614813056117780434514391438809653742,20000,0.0,0.1,depolarizing,0.0,0.5,0.2,,0.11,0.95,20000,9994,1998,7996,479,100,0.04792875725435261,0.05005005005005005,0.0413227270009045,0.06050424731941921,0.019181520318514708,1.0,0.4997,0.3998,1,1,0.05
02_noise_sweep,146,318192329065528801154227554509750338783,20000,0.0,0.1,depolarizing,0.0,0.5,0.2,,0.11,0.95,20000,10012,2002,8010,489,104,0.04884139033160208,0.05194805194805195,0.043056481464721214,0.06255578309842291,0.0194993016337017,1.0,0.5006,0.4005,1,1,0.05
02_noise_sweep,147,7746460287406229505436170771283462691,20000,0.0,0.1,depolarizing,0.0,0.5,0.2,,0.11,0.95,20000,10066,2013,8053,475,92,0.04718855553347904,0.04570293094883259,0.03741288694284117,0.055723565602382924,0.01831067865954175,1.0,0.5033,0.40265,1,1,0.05
02_noise_sweep,148,205566271248371710610941332017784740034,20000,0.0,0.1,depolarizing,0.0,0.5,0.2,,0.11,0.95,20000,10060,2012,8048,501,109,0.04980119284294235,0.05417495029821073,0.0451065369847324,0.06494252359490049,0.01983598661016809,1.0,0.503,0.4024,1,1,0.05
02_noise_sweep,149,128924804747491004021955503207237578136,20000,0.0,0.1,depolarizing,0.0,0.5,0.2,,0.11,0.95,20000,9893,1978,7915,508,83,0.0513494389972708,0.04196157735085945,0.03397750754472033,0.051721304570028354,0.017743797025308025,1.0,0.49465,0.39575,1,1,0.05
02_noise_sweep,0,184366267371528281976105223360816950085,20000,0.0,0.12,depolarizing,0.0,0.5,0.2,,0.11,0.95,20000,9803,1960,7843,584,114,0.05957359991839233,0.058163265306122446,0.04863993180421761,0.06941514732621135,0.02077521552199374,1.0,0.49015,0.39215,1,1,0.06
02_noise_sweep,1,120936682586120120198472429043522578013,20000,0.0,0.12,depolarizing,0.0,0.5,0.2,,0.11,0.95,20000,9971,1994,7977,613,135,0.06147828703239394,0.06770310932798396,0.05748638164267467,0.07958228194504566,0.02209590030237099,1.0,0.49855,0.39885,1,1,0.06
02_noise_sweep,2,69639249719065917023946398707542900417,20000,0.0,0.12,depolarizing,0.0,0.5,0.2,,0.11,0.95,20000,9978,1995,7983,588,108,0.058929645219482865,0.05413533834586466,0.0450352310406048,0.06494920912124746,0.019913978080642665,1.0,0.4989,0.39915,1,1,0.06
02_noise_sweep,3,337266370190825792763257408248478578881,20000,0.0,0.12,depolarizing,0.0,0.5,0.2,,0.11,0.95,20000,9907,1981,7926,568,107,0.057333198748359744,0.05401312468450278,0.04489452383521886,0.06485805003036635,0.01996352619514749,1.0,0.49535,0.3963,1,1,0.06
02_noise_sweep,4,140833862334023930129425466213735775856,20000,0.0,0.12,depolarizing,0.0,0.5,0.2,,0.11,0.95,20000,9875,1975,7900,594,128,0.060151898734177214,0.06481012658227848,0.054774989811835186,0.07653490248016713,0.021759912668331945,1.0,0.49375,0.395,1,1,0.06
02_noise_sweep,5,329296796891639828039816124600096151549,20000,0.0,0.12,depolarizing,0.0,0.5,0.2,,0.11,0.95,20000,9957,1991,7966,644,124,0.06467811589836296,0.0622802611752888,0.052484853073151094,0.0737614998423218,0.02127664676917071,1.0,0.49785,0.3983,1,1,0.06
02_noise_sweep,6,308423815478176038469736559496764999013,20000,0.0,0.12,depolarizing,0.0,0.5,0.2,,0.11,0.95,20000,10038,2007,8031,634,134,0.06315999203028491,0.06676631788739412,0.056652399736144554,0.07853551258197625,0.021883112845831693,1.0,0.5019,0.40155,1,1,0.06
02_noise_sweep,7,194572753138187617217664515840423791007,20000,0.0,0.12,depolarizing,0.0,0.5,0.2,,0.11,0.95,20000,10027,2005,8022,566,121,0.056447591502942054,0.06034912718204489,0.050742542336562536,0.0716371794385034,0.02089463710194086,1.0,0.50135,0.4011,1,1,0.06
02_noise_sweep,8,154361362858078277968340976647966466230,20000,0.0,0.12,depolarizing,0.0,0.5,0.2,,0.11,0.95,20000,10106,2021,8085,622,99,0.06154759548782901,0.048985650667986144,0.04040130036819478,0.05928129845524614,0.01887999808705136,1.0,0.5053,0.40425,1,1,0.06
02_noise_sweep,9,290816468793420824466850327004504950929,20000,0.0,0.12,depolarizing,0.0,0.5,0.2,,0.11,0.95,20000,10021,2004,8017,594,112,0.059275521405049394,0.05588822355289421,0.04665461087219276,0.06682121054774984,0.020166599675557076,1.0,0.50105,0.40085,1,1,0.06
02_noise_sweep,10,133839451457908779762735966631924072568,20000,0.0,0.12,depolarizing,0.0,0.5,0.2,,0.11,0.95,20000,10068,2013,8055,636,122,0.0631704410011919,0.06060606060606061,0.05099595622353424,0.07188998393639,0.020894027712855756,1.0,0.5034,0.40275,1,1,0.06
02_noise_sweep,11,18360320076933838043102742394681869946,20000,0.0,0.12,depolarizing,0.0,0.5,0.2,,0.11,0.95,20000,10038,2007,8031,596,121,0.059374377366009166,0.06028898854010962,0.05069174218836074,0.07156625967563189,0.02087451748727115,1.0,0.5019,0.40155,1,1,0.06
02_noise_sweep,12,149539196350189135982470383460726171777,20000,0.0,0.12,depolarizing,0.0,0.5,0.2,,0.11,0.95,20000,9929,1985,7944,629,114,0.06334978346258435,0.05743073047858942,0.04802456873587587,0.06854654244669525,0.02052197371081938,1.0,0.49645,0.3972,1,1,0.06
02_noise_sweep,13,214932493912146397343833158500778637169,20000,0.0,0.12,depolarizing,0.0,0.5,0.2,,0.11,0.95,20000,9973,1994,7979,611,111,0.061265416624887194,0.055667001003009024,0.046431357025046166,0.06661137608251788,0.020180019057471715,1.0,0.49865,0.39895,1,1,0.06
02_noise_sweep,14,38449496108447454746613359761411623672,20000,0.0,0.12,depolarizing,0.0,0.5,0.2,,0.11,0.95,20000,10028,2005,8023,605,121,0.06033107299561229,0.06034912718204489,0.050742542336562536,0.0716371794385034,0.02089463710194086,1.0,0.5014,0.40115,1,1,0.06
02_noise_sweep,15,16521270372917331727760871443614505316,20000,0.0,0.12,depolarizing,0.0,0.5,0.2,,0.11,0.95,20000,9950,1990,7960,617,94,0.062010050251256284,0.04723618090452261,0.03875595175045817,0.05746105586165328,0.01870510411119511,1.0,0.4975,0.398,1,1,0.06
02_noise_sweep,16,95379682565640929756199536497057691408,20000,0.0,0.12,depolarizing,0.0,0.5,0.2,,0.11,0.95,20000,9900,1980,7920,564,108,0.05696969696969697,0.05454545454545454,0.045377901304185286,0.06543814089677777,0.020060239592592483,1.0,0.495,0.396,1,1,0.06
02_noise_sweep,17,211533013098342761720909162825066447857,20000,0.0,0.12,depolarizing,0.0,0.5,0.2,,0.11,0.95,20000,9933,1986,7947,573,83,0.05768649954696466,0.04179254783484391,0.03384013350117439,0.051514133326371225,0.017673999825196837,1.0,0.49665,0.39735,1,1,0.06
02_noise_sweep,18,205935134768943944483721125369259501592,20000,0.0,0.12,depolarizing,0.0,0.5,0.2,,0.11,0.95,20000,10020,2004,8016,562,110,0.0560878243512974,0.054890219560878244,0.045742901380286846,0.0657407308743073,0.019997829494020458,1.0,0.501,0.4008,1,1,0.06
02_noise_sweep,19,249405687884178233214750386724899604324,20000,0.0,0.12,depolarizing,0.0,0.5,0.2,,0.11,0.95,20000,10012,2002,8010,594,122,0.05932880543347983,0.060939060939060936,0.051277463664611736,0.0722823808738539,0.021004917209242163,1.0,0.5006,0.4005,1,1,0.06
02_noise_sweep,20,167285122504650720756243593630159920999,20000,0.0,0.12,depolarizing,0.0,0.5,0.2,,0.11,0.95,20000,10064,2012,8052,593,123,0.05892289348171701,0.06113320079522863,0.05147785032006334,0.07246119147683282,0.020983341156769475,1.0,0.5032,0.4026,1,1,0.06
02_noise_sweep,21,219643785640251268728880802167123889452,20000,0.0,0.12,depolarizing,0.0,0.5,0.2,,0.11,0.95,20000,9968,1993,7975,595,125,0.059691011235955056,0.06271951831409935,0.05289313735313392,0.07422835128553307,0.02133521393239915,1.0,0.4984,0.39875,1,1,0.06
02_noise_sweep,22,126820077827830332104088513482570810191,20000,0.0,0.12,depolarizing,0.0,0.5,0.2,,0.11,0.95,20000,10025,2005,8020,587,117,0.05855361596009975,0.058354114713216956,0.0489132011275569,0.06948412573780996,0.02057092461025306,1.0,0.50125,0.401,1,1,0.06
02_noise_sweep,23,202763471088542735986988411237495696293,20000,0.0,0.12,depolarizing,0.0,0.5,0.2,,0.11,0.95,20000,10025,2005,8020,638,146,0.06364089775561098,0.07281795511221945,0.06224293715456955,0.0850267528061156,0.022783815651546052,1.0,0.50125,0.401,1,1,0.06
02_noise_sweep,24,257309709366201700039091369686109002912,20000,0.0,0.12,depolarizing,0.0,0.5,0.2,,0.11,0.95,20000,9965,1993,7972,592,108,0.059407927747114904,0.054189663823381834,0.0450806210700571,0.06501397750189429,0.01993335643183719,1.0,0.49825,0.3986,1,1,0.06
02_noise_sweep,25,193373094721912959160447330218192722558,20000,0.0,0.12,depolarizing,0.0,0.5,0.2,,0.11,0.95,20000,9999,1999,8000,574,105,0.0574057405740574,0.05252626313156578,0.04357684824202196,0.06319219125379888,0.01961534301177692,1.0,0.49995,0.4,1,1,0.06
02_noise_sweep,26,89712419716170047945560899242692325723,20000,0.0,0.12,depolarizing,0.0,0.5,0.2,,0.11,0.95,20000,9946,1989,7957,589,120,0.05921978684898452,0.06033182503770739,0.05069129068110946,0.07166739356916323,0.020976102888053766,1.0,0.4973,0.39785,1,1,0.06
02_noise_sweep,27,151725079680113281373712357967327768363,20000,0.0,0.12,depolarizing,0.0,0.5,0.2,,0.11,0.95,20000,10009,2001,8008,621,120,0.06204416025576981,0.05997001499250375,0.050385887482869346,0.07124041755380359,0.02085453007093424,1.0,0.50045,0.4004,1,1,0.06
02_noise_sweep,28,124162917208058387896939378047878637080,20000,0.0,0.12,depolarizing,0.0,0.5,0.2,,0.11,0.95,20000,9945,1989,7956,566,126,0.05691302161890397,0.06334841628959276,0.05346234685328483,0.07491789016370984,0.021455543310425006,1.0,0.49725,0.3978,1,1,0.06
02_noise_sweep,29,104318036135906487472376650842411878855,20000,0.0,0.12,depolarizing,0.0,0.5,0.2,,0.11,0.95,20000,10105,2021,8084,604,108,0.059772389905987135,0.05343889163780307,0.04445337136494565,0.06411881233023312,0.019665440965287467,1.0,0.50525,0.4042,1,1,0.06
02_noise_sweep,30,150188433204699338785847740611029664091,20000,0.0,0.12,depolarizing,0.0,0.5,0.2,,0.11,0.95,20000,9934,1986,7948,593,125,0.05969398026978055,0.06294058408862034,0.05308046069792903,0.07448822458372985,0.021407763885800818,1.0,0.4967,0.3974,1,1,0.06
02_noise_sweep,31,112298420566006618354883189295564597331,20000,0.0,0.12,depolarizing,0.0,0.5,0.2,,0.11,0.95,20000,10053,2010,8043,611,109,0.06077787725057197,0.054228855721393035,0.0451516137989291,0.06500673945624946,0.019855125657320366,1.0,0.50265,0.40215,1,1,0.06
02_noise_sweep,32,233250996264724566195087578225701814992,20000,0.0,0.12,depolarizing,0.0,0.5,0.2,,0.11,0.95,20000,10076,2015,8061,563,102,0.05587534736006352,0.050620347394540945,0.041874597272912574,0.061076259968797085,0.01920166269588451,1.0,0.5038,0.40305,1,1,0.06
02_noise_sweep,33,326291715611743854798158671810712469521,20000,0.0,0.12,depolarizing,0.0,0.5,0.2,,0.11,0.95,20000,10034,2006,8028,605,109,0.06029499701016544,0.054336989032901295,0.04524203826788693,0.06513555288343853,0.019893514615551597,1.0,0.5017,0.4014,1,1,0.06
02_noise_sweep,34,225347616881817492465717067480599296689,20000,0.0,0.12,depolarizing,0.0,0.5,0.2,,0.11,0.95,20000,10125,2025,8100,616,139,0.06083950617283951,0.06864197530864198,0.05842630330333868,0.0804911353143246,0.02206483201098592,1.0,0.50625,0.405,1,1,0.06
02_noise_sweep,35,227920752585514476217225297127400874723,20000,0.0,0.12,depolarizing,0.0,0.5,0.2,,0.11,0.95,20000,9999,1999,8000,571,104,0.05710571057105711,0.05202601300650325,0.04312137216653067,0.06264908604309209,0.019527713876561423,1.0,0.49995,0.4,1,1,0.06
02_noise_sweep,36,79287301334460833627386228317025823301,20000,0.0,0.12,depolarizing,0.0,0.5,0.2,,0.11,0.95,20000,9948,1989,7959,592,125,0.05950944913550463,0.0628456510809452,0.05300001702921997,0.07437662785998772,0.02137661083076775,1.0,0.4974,0.39795,1,1,0.06
02_noise_sweep,37,107998969212429955290845453989272964380,20000,0.0,0.12,depolarizing,0.0,0.5,0.2,,0.11,0.95,20000,10119,2023,8096,609,112,0.06018381262970649,0.05536332179930796,0.04621451023513658,0.066197567102803,0.019983056867666424,1.0,0.50595,0.4048,1,1,0.06
02_noise_sweep,38,149954076549694704882728723723369175369,20000,0.0,0.12,depolarizing,0.0,0.5,0.2,,0.11,0.95,20000,10085,2017,8068,599,111,0.05939514129895885,0.05503222607833416,0.04589958165854965,0.0658565671649651,0.019956985506415455,1.0,0.50425,0.4034,1,1,0.06
02_noise_sweep,39,272315750972523217920917065586381927915,20000,0.0,0.12,depolarizing,0.0,0.5,0.2,,0.11,0.95,20000,9962,1992,7970,609,121,0.061132302750451714,0.0607429718875502,0.05107524156084887,0.07210160584563667,0.021026364284787803,1.0,0.4981,0.3985,1,1,0.06
02_noise_sweep,40,56012458449984360499246384678894560579,20000,0.0,0.12,depolarizing,0.0,0.5,0.2,,0.11,0.95,20000,9971,1994,7977,584,120,0.058569852572460133,0.06018054162487462,0.05056359052035662,0.07148886651726602,0.020925275996909402,1.0,0.49855,0.39885,1,1,0.06
02_noise_sweep,41,256061614700429175624431114859014190863,20000,0.0,0.12,depolarizing,0.0,0.5,0.2,,0.11,0.95,20000,10007,2001,8006,597,112,0.05965823923253723,0.0559720139930035,0.04672486788553458,0.06692075622018252,0.020195888334647943,1.0,0.50035,0.4003,1,1,0.06
02_noise_sweep,42,166927263301967542874659171032355644414,20000,0.0,0.12,depolarizing,0.0,0.5,0.2,,0.11,0.95,20000,9965,1993,7972,576,122,0.05780230807827396,0.061214249874560964,0.05151011029570218,0.07260663303707385,0.021096522741371665,1.0,0.49825,0.3986,1,1,0.06
02_noise_sweep,43,147729239693688327710397085478944924170,20000,0.0,0.12,depolarizing,0.0,0.5,0.2,,0.11,0.95,20000,10038,2007,8031,597,122,0.05947399880454274,0.060787244643746886,0.05114912138963379,0.07210348897083024,0.020954367581196454,1.0,0.5019,0.40155,1,1,0.06
02_noise_sweep,44,18336152566317367937320207828193249922,20000,0.0,0.12,depolarizing,0.0,0.5,0.2,,0.11,0.95,20000,10021,2004,8017,566,110,0.056481389082925854,0.054890219560878244,0.045742901380286846,0.0657407308743073,0.019997829494020458,1.0,0.50105,0.40085,1,1,0.06
02_noise_sweep,45,291818593330658273957758278513121959592,20000,0.0,0.12,depolarizing,0.0,0.5,0.2,,0.11,0.95,20000,10123,2024,8099,577,122,0.05699891336560308,0.06027667984189723,0.050717523018122664,0.0715018239345864,0.020784300916463737,1.0,0.50615,0.40495,1,1,0.06
02_noise_sweep,46,286978145790555761766692165554797149071,20000,0.0,0.12,depolarizing,0.0,0.5,0.2,,0.11,0.95,20000,9996,1999,7997,594,96,0.05942376950780312,0.048024012006003,0.03948674182215771,0.058295066097880446,0.018808324275722738,1.0,0.4998,0.39985,1,1,0.06
02_noise_sweep,47,219548528088929669472184408706294968743,20000,0.0,0.12,depolarizing,0.0,0.5,0.2,,0.11,0.95,20000,10021,2004,8017,575,111,0.05737950304360842,0.05538922155688623,0.04619864380365031,0.06628108303361807,0.02008243922996776,1.0,0.50105,0.40085,1,1,0.06
02_noise_sweep,48,201124483851205050903217200187483329210,20000,0.0,0.12,depolarizing,0.0,0.5,0.2,,0.11,0.95,20000,9915,1983,7932,611,113,0.0616238023197176,0.05698436712052446,0.047611948452567734,0.06806988302940586,0.02045793457683813,1.0,0.49575,0.3966,1,1,0.06
02_noise_sweep,49,270904560919284237126531923434359160463,20000,0.0,0.12,depolarizing,0.0,0.5,0.2,,0.11,0.95,20000,10033,2006,8027,607,123,0.060500348848798964,0.0613160518444666,0.05163254397804471,0.07267649429171637,0.021043950313671657,1.0,0.50165,0.40135,1,1,0.06
02_noise_sweep,50,183832603642689279866368485524429958612,20000,0.0,0.12,depolarizing,0.0,0.5,0.2,,0.11,0.95,20000,10056,2011,8045,585,112,0.05817422434367542,0.0556936847339632,0.04649149667063243,0.06659008492142589,0.020098588250793456,1.0,0.5028,0.40225,1,1,0.06
02_noise_sweep,51,173098580048817459328614434539525195145,20000,0.0,0.12,depolarizing,0.0,0.5,0.2,,0.11,0.95,20000,9958,1991,7967,599,130,0.060152641092588874,0.06529382219989954,0.05525770845263133,0.07700416010542002,0.02174645165278869,1.0,0.4979,0.39835,1,1,0.06
02_noise_sweep,52,83650708671428427250413631714041264067,20000,0.0,0.12,depolarizing,0.0,0.5,0.2,,0.11,0.95,20000,10014,2002,8012,640,124,0.06391052526462952,0.061938061938061936,0.05219511256934299,0.07335890752193618,0.021163794952593185,1.0,0.5007,0.4006,1,1,0.06
02_noise_sweep,53,309684206450731496278317649592327416345,20000,0.0,0.12,depolarizing,0.0,0.5,0.2,,0.11,0.95,20000,10015,2003,8012,617,129,0.06160758861707439,0.06440339490763854,0.0544652333646052,0.07600917838816144,0.021543945023556242,1.0,0.50075,0.4006,1,1,0.06
02_noise_sweep,54,52632591684998075814360991023783840221,20000,0.0,0.12,depolarizing,0.0,0.5,0.2,,0.11,0.95,20000,9980,1996,7984,574,117,0.057515030060120244,0.05861723446893788,0.049134759084047325,0.06979539798997852,0.0206606389059312,1.0,0.499,0.3992,1,1,0.06
02_noise_sweep,55,338861831224044689276962659392402156756,20000,0.0,0.12,depolarizing,0.0,0.5,0.2,,0.11,0.95,20000,10094,2018,8076,607,132,0.06013473350505251,0.06541129831516353,0.05542809325310152,0.0770459232689068,0.021617830015805285,1.0,0.5047,0.4038,1,1,0.06
02_noise_sweep,56,245949217921911348743117702028432790698,20000,0.0,0.12,depolarizing,0.0,0.5,0.2,,0.11,0.95,20000,10004,2000,8004,577,105,0.05767692922830868,0.0525,0.04355496702511128,0.06316079029161006,0.019605823266498783,1.0,0.5002,0.4002,1,1,0.06
02_noise_sweep,57,81544168213120672114942791430816560260,20000,0.0,0.12,depolarizing,0.0,0.5,0.2,,0.11,0.95,20000,10116,2023,8093,582,130,0.05753262158956109,0.06426099851705389,0.054379429072620944,0.07579427428857277,0.021414845215951828,1.0,0.5058,0.40465,1,1,0.06
02_noise_sweep,58,128243607094335187305101691875173672652,20000,0.0,0.12,depolarizing,0.0,0.5,0.2,,0.11,0.95,20000,10083,2016,8067,603,116,0.059803629872061885,0.057539682539682536,0.04819079722158086,0.06857156439386625,0.02038076717228539,1.0,0.50415,0.40335,1,1,0.06
02_noise_sweep,59,30659207642150781100009084923141160668,20000,0.0,0.12,depolarizing,0.0,0.5,0.2,,0.11,0.95,20000,10057,2011,8046,592,113,0.05886447250671174,0.05619094977623073,0.04694608660002898,0.06712812892421506,0.020182042324186078,1.0,0.50285,0.4023,1,1,0.06
02_noise_sweep,60,19103333285441908943827674127756800035,20000,0.0,0.12,depolarizing,0.0,0.5,0.2,,0.11,0.95,20000,10080,2016,8064,639,140,0.06339285714285714,0.06944444444444445,0.05914698646535277,0.08137961654160697,0.0222326300762542,1.0,0.504,0.4032,1,1,0.06
02_noise_sweep,61,158805982009787733030215440667299238823,20000,0.0,0.12,depolarizing,0.0,0.5,0.2,,0.11,0.95,20000,9952,1990,7962,593,106,0.059586012861736336,0.053266331658291456,0.044232567634828995,0.06402150535869718,0.01978893772386818,1.0,0.4976,0.3981,1,1,0.06
02_noise_sweep,62,270680622586009421145288289828853583744,20000,0.0,0.12,depolarizing,0.0,0.5,0.2,,0.11,0.95,20000,10096,2019,8077,601,139,0.05952852614896989,0.06884596334819218,0.05860080590200307,0.08072867916056146,0.022127873258558396,1.0,0.5048,0.40385,1,1,0.06
02_noise_sweep,63,265216610398135103859508510930925303953,20000,0.0,0.12,depolarizing,0.0,0.5,0.2,,0.11,0.95,20000,10017,2003,8014,567,103,0.05660377358490566,0.05142286570144783,0.042580580449756766,0.06198246706870837,0.019401886618951605,1.0,0.50085,0.4007,1,1,0.06
02_noise_sweep,64,331258368225130189851144118584751522015,20000,0.0,0.12,depolarizing,0.0,0.5,0.2,,0.11,0.95,20000,10144,2028,8116,629,121,0.06200709779179811,0.059664694280078895,0.05016441826588552,0.07082999188035866,0.02066557361447314,1.0,0.5072,0.4058,1,1,0.06
02_noise_sweep,65,300362081048404789507608167255563426896,20000,0.0,0.12,depolarizing,0.0,0.5,0.2,,0.11,0.95,20000,9944,1988,7956,573,119,0.05762268704746581,0.05985915492957746,0.050255529469412044,0.0711604887331013,0.02090495926368925,1.0,0.4972,0.3978,1,1,0.06
02_noise_sweep,66,45662524717167191899936650664362886336,20000,0.0,0.12,depolarizing,0.0,0.5,0.2,,0.11,0.95,20000,9916,1983,7933,573,129,0.057785397337636143,0.06505295007564296,0.05501724063555774,0.07677055635158195,0.021753315716024207,1.0,0.4958,0.39665,1,1,0.06
02_noise_sweep,67,270899415176660175067821362167867814445,20000,0.0,0.12,depolarizing,0.0,0.5,0.2,,0.11,0.95,20000,10120,2024,8096,636,121,0.06284584980237154,0.059782608695652176,0.0502640133379138,0.07096906321811293,0.020705049880199132,1.0,0.506,0.4048,1,1,0.06
02_noise_sweep,68,277587049922380562563283279307510472417,20000,0.0,0.12,depolarizing,0.0,0.5,0.2,,0.11,0.95,20000,9930,1986,7944,604,113,0.0608257804632427,0.05689828801611279,0.04753970395138508,0.06796771891481289,0.02042801496342781,1.0,0.4965,0.3972,1,1,0.06
02_noise_sweep,69,132705767727660183585207342545777377265,20000,0.0,0.12,depolarizing,0.0,0.5,0.2,,0.11,0.95,20000,9975,1995,7980,612,122,0.06135338345864662,0.061152882205513785,0.05145822877863989,0.0725343258719522,0.02107609709331231,1.0,0.49875,0.399,1,1,0.06
02_noise_sweep,70,141629337739784010539411082832812280460,20000,0.0,0.12,depolarizing,0.0,0.5,0.2,,0.11,0.95,20000,9938,1987,7951,585,129,0.058864962769168847,0.06492199295420231,0.0549059457793771,0.07661706307728997,0.021711117297912863,1.0,0.4969,0.39755,1,1,0.06
02_noise_sweep,71,43937283223126324282046835903482993452,20000,0.0,0.12,depolarizing,0.0,0.5,0.2,,0.11,0.95,20000,10087,2017,8070,553,126,0.054823039555863984,0.06246901338621715,0.05271666815907619,0.07388478179830738,0.021168113639231184,1.0,0.50435,0.4035,1,1,0.06
02_noise_sweep,72,266633153802380077074818469813411756689,20000,0.0,0.12,depolarizing,0.0,0.5,0.2,,0.11,0.95,20000,10117,2023,8094,586,135,0.05792230898487694,0.06673257538309442,0.05665824396391384,0.07844924440373935,0.021791000439825507,1.0,0.50585,0.4047,1,1,0.06
02_noise_sweep,73,80421026568198469078482138786297215736,20000,0.0,0.12,depolarizing,0.0,0.5,0.2,,0.11,0.95,20000,10064,2012,8052,636,133,0.06319554848966613,0.06610337972166998,0.056052469245390917,0.07780798770669325,0.021755518461302338,1.0,0.5032,0.4026,1,1,0.06
02_noise_sweep,74,147089612228232819040280710360248170873,20000,0.0,0.12,depolarizing,0.0,0.5,0.2,,0.11,0.95,20000,10025,2005,8020,575,119,0.057356608478802994,0.059351620947630926,0.049827464246608305,0.0705610600736081,0.020733595826999796,1.0,0.50125,0.401,1,1,0.06
02_noise_sweep,75,126469813073872970098747370741259023598,20000,0.0,0.12,depolarizing,0.0,0.5,0.2,,0.11,0.95,20000,10065,2013,8052,634,130,0.06299056135121708,0.06458022851465474,0.05465087703109138,0.0761682598260862,0.02151738279499482,1.0,0.50325,0.4026,1,1,0.06
02_noise_sweep,76,13214655643983160528248616454291089960,20000,0.0,0.12,depolarizing,0.0,0.5,0.2,,0.11,0.95,20000,9992,1998,7994,620,119,0.06204963971176942,0.059559559559559556,0.05000284007160178,0.07080665648221897,0.02080381641061719,1.0,0.4996,0.3997,1,1,0.06
02_noise_sweep,77,275257252378410550591263154180818847858,20000,0.0,0.12,depolarizing,0.0,0.5,0.2,,0.11,0.95,20000,9961,1992,7969,616,128,0.06184118060435699,0.0642570281124498,0.054305268195252276,0.07588616443198137,0.021580896236729097,1.0,0.49805,0.39845,1,1,0.06
02_noise_sweep,78,126483003930549017079857260996943737711,20000,0.0,0.12,depolarizing,0.0,0.5,0.2,,0.11,0.95,20000,10190,2038,8152,600,113,0.058881256133464184,0.05544651619234544,0.04632141046638605,0.06624436090033095,0.019922950433944903,1.0,0.5095,0.4076,1,1,0.06
02_noise_sweep,79,336496284509994708545603278663141690283,20000,0.0,0.12,depolarizing,0.0,0.5,0.2,,0.11,0.95,20000,9992,1998,7994,604,105,0.06044835868694956,0.052552552552552555,0.04359875145670468,0.06322362345138141,0.019624871994676732,1.0,0.4996,0.3997,1,1,0.06
02_noise_sweep,80,91103650515984989564463193425986785651,20000,0.0,0.12,depolarizing,0.0,0.5,0.2,,0.11,0.95,20000,9961,1992,7969,596,127,0.05983335006525449,0.06375502008032129,0.05384326294068132,0.07534608608358834,0.021502823142907017,1.0,0.49805,0.39845,1,1,0.06
02_noise_sweep,81,246555005617959542910525487740899334828,20000,0.0,0.12,depolarizing,0.0,0.5,0.2,,0.11,0.95,20000,9995,1999,7996,583,111,0.05832916458229115,0.05552776388194097,0.04631470807443174,0.06644581913857757,0.020131111064145828,1.0,0.49975,0.3998,1,1,0.06
02_noise_sweep,82,245733933750699899206483354338436743589,20000,0.0,0.12,depolarizing,0.0,0.5,0.2,,0.11,0.95,20000,10220,2044,8176,588,124,0.057534246575342465,0.060665362035225046,0.05111765085633209,0.07186133159171541,0.020743680735383324,1.0,0.511,0.4088,1,1,0.06
02_noise_sweep,83,282330476459575728538967110898058750397,20000,0.0,0.12,depolarizing,0.0,0.5,0.2,,0.11,0.95,20000,10003,2000,8003,604,121,0.06038188543436969,0.0605,0.050869989310639914,0.0718150952495814,0.020945105938941493,1.0,0.50015,0.40015,1,1,0.06
02_noise_sweep,84,184585415190978252146613700114610624075,20000,0.0,0.12,depolarizing,0.0,0.5,0.2,,0.11,0.95,20000,9969,1993,7976,580,113,0.058180359113251076,0.05669844455594581,0.04737198310429847,0.06773052431080459,0.02035854120650612,1.0,0.49845,0.3988,1,1,0.06
02_noise_sweep,85,301580172418721947562175868247372221564,20000,0.0,0.12,depolarizing,0.0,0.5,0.2,,0.11,0.95,20000,9935,1987,7948,644,138,0.06482133870156014,0.06945143432310015,0.05908425948480407,0.08148015240285199,0.022395892918047916,1.0,0.49675,0.3974,1,1,0.06
02_noise_sweep,86,337051297534271856805338268614158784555,20000,0.0,0.12,depolarizing,0.0,0.5,0.2,,0.11,0.95,20000,10141,2028,8113,608,104,0.05995463958189528,0.05128205128205128,0.04250217141102408,0.06175864967865362,0.019256478267629537,1.0,0.50705,0.40565,1,1,0.06
02_noise_sweep,87,116689138645264037368971881678619552070,20000,0.0,0.12,depolarizing,0.0,0.5,0.2,,0.11,0.95,20000,9973,1994,7979,590,121,0.05915973127444099,0.06068204613841525,0.0510237733632916,0.07202976411100423,0.02100599074771263,1.0,0.49865,0.39895,1,1,0.06
02_noise_sweep,88,126879240028750655911581840092215719968,20000,0.0,0.12,depolarizing,0.0,0.5,0.2,,0.11,0.95,20000,9969,1993,7976,569,124,0.057076938509379074,0.06221776216758655,0.052431933941215175,0.07368797292882148,0.021256038987606307,1.0,0.49845,0.3988,1,1,0.06
02_noise_sweep,89,64474394960456053294420796964228623160,20000,0.0,0.12,depolarizing,0.0,0.5,0.2,,0.11,0.95,20000,9908,1981,7927,609,120,0.06146548243843359,0.06057546693589096,0.05089695812862624,0.07195489874742572,0.02105794061879948,1.0,0.4954,0.39635,1,1,0.06
02_noise_sweep,90,334357120127254148752902628950256587562,20000,0.0,0.12,depolarizing,0.0,0.5,0.2,,0.11,0.95,20000,10077,2015,8062,642,125,0.06370943733253945,0.062034739454094295,0.05231292050770214,0.07342328216022581,0.021110361652523668,1.0,0.50385,0.4031,1,1,0.06
02_noise_sweep,91,230348239938886292274507368011231319484,20000,0.0,0.12,depolarizing,0.0,0.5,0.2,,0.11,0.95,20000,10108,2021,8087,561,124,0.05550059358923625,0.061355764473033154,0.05170211592946594,0.07267377420435785,0.020971658274891905,1.0,0.5054,0.40435,1,1,0.06
02_noise_sweep,92,21288424398219918999898802861405024726,20000,0.0,0.12,depolarizing,0.0,0.5,0.2,,0.11,0.95,20000,10020,2004,8016,587,105,0.058582834331337326,0.05239520958083832,0.04346766147369645,0.06303549786752659,0.01956783639383014,1.0,0.501,0.4008,1,1,0.06
02_noise_sweep,93,178038155053202522955378622120830133027,20000,0.0,0.12,depolarizing,0.0,0.5,0.2,,0.11,0.95,20000,9902,1980,7922,583,112,0.058876994546556254,0.05656565656565657,0.04722265528208015,0.06762596722636154,0.020403311944281383,1.0,0.4951,0.3961,1,1,0.06
02_noise_sweep,94,175999740817443841956243738925272740191,20000,0.0,0.12,depolarizing,0.0,0.5,0.2,,0.11,0.95,20000,10013,2002,8011,613,132,0.06122041346249875,0.06593406593406594,0.05587325065743218,0.077657471645101,0.02178422098766883,1.0,0.50065,0.40055,1,1,0.06
02_noise_sweep,95,62947691109759945830845179074834950322,20000,0.0,0.12,depolarizing,0.0,0.5,0.2,,0.11,0.95,20000,10047,2009,8038,587,124,0.05842540061709963,0.06172224987555998,0.05201239213998658,0.0731049923997008,0.02109260025971421,1.0,0.50235,0.4019,1,1,0.06
02_noise_sweep,96,250597543905148684837906551056752348658,20000,0.0,0.12,depolarizing,0.0,0.5,0.2,,0.11,0.95,20000,10014,2002,8012,586,115,0.0585180746954264,0.05744255744255744,0.04807202422519466,0.06850820587842373,0.020436181653229066,1.0,0.5007,0.4006,1,1,0.06
02_noise_sweep,97,106926120504148390307045318703261000804,20000,0.0,0.12,depolarizing,0.0,0.5,0.2,,0.11,0.95,20000,9900,1980,7920,621,123,0.06272727272727273,0.06212121212121212,0.05231376924150019,0.0736244491125077,0.021310679871007515,1.0,0.495,0.396,1,1,0.06
02_noise_sweep,98,82290350185869192996794922112511937291,20000,0.0,0.12,depolarizing,0.0,0.5,0.2,,0.11,0.95,20000,9910,1982,7928,580,120,0.05852674066599395,0.060544904137235116,0.05087115846976789,0.07191883452670278,0.02104767605693489,1.0,0.4955,0.3964,1,1,0.06
02_noise_sweep,99,13154666503099374387676392768143807287,20000,0.0,0.12,depolarizing,0.0,0.5,0.2,,0.11,0.95,20000,10065,2013,8052,603,103,0.059910581222056634,0.05116741182314953,0.042368168346123614,0.06167642965782387,0.019308261311700256,1.0,0.50325,0.4026,1,1,0.06
02_noise_sweep,100,271604597174819137200250749702356591013,20000,0.0,0.12,depolarizing,0.0,0.5,0.2,,0.11,0.95,20000,9998,1999,7999,613,124,0.061312262452490496,0.062031015507753876,0.05227381494761458,0.07346826898596973,0.021194454038355147,1.0,0.4999,0.39995,1,1,0.06
02_noise_sweep,101,155626129882821788754197835442204232439,20000,0.0,0.12,depolarizing,0.0,0.5,0.2,,0.11,0.95,20000,9875,1975,7900,597,126,0.06045569620253165,0.06379746835443038,0.05384315392627961,0.07544535358920615,0.021602199662926536,1.0,0.49375,0.395,1,1,0.06
02_noise_sweep,102,326253212821014363839560239258270131201,20000,0.0,0.12,depolarizing,0.0,0.5,0.2,,0.11,0.95,20000,9979,1995,7984,633,106,0.06343320974045495,0.053132832080200504,0.04412123287435361,0.06386204807482156,0.01974081520046795,1.0,0.49895,0.3992,1,1,0.06
02_noise_sweep,103,78186260564993385614637629434066207564,20000,0.0,0.12,depolarizing,0.0,0.5,0.2,,0.11,0.95,20000,9998,1999,7999,595,128,0.059511902380476094,0.064032016008004,0.054114186948643395,0.07562222212973319,0.02150803518108979,1.0,0.4999,0.39995,1,1,0.06
02_noise_sweep,104,287098269463573734417604803903698151366,20000,0.0,0.12,depolarizing,0.0,0.5,0.2,,0.11,0.95,20000,9950,1990,7960,599,113,0.060201005025125626,0.05678391959798995,0.04744371832679884,0.06783197613921925,0.02038825781242041,1.0,0.4975,0.398,1,1,0.06
02_noise_sweep,105,286493678086275198949266410646652673034,20000,0.0,0.12,depolarizing,0.0,0.5,0.2,,0.11,0.95,20000,9898,1979,7919,620,111,0.06263891695291979,0.056088933804951994,0.04678485647556399,0.06711303375465874,0.02032817727909475,1.0,0.4949,0.39595,1,1,0.06
02_noise_sweep,106,174949589969890263176574360869430352742,20000,0.0,0.12,depolarizing,0.0,0.5,0.2,,0.11,0.95,20000,10072,2014,8058,629,139,0.06245035742652899,0.06901688182720954,0.05874702305553405,0.08092770589240487,0.022180682836870823,1.0,0.5036,0.4029,1,1,0.06
02_noise_sweep,107,308457570814402031654503734336438115330,20000,0.0,0.12,depolarizing,0.0,0.5,0.2,,0.11,0.95,20000,10128,2025,8103,628,127,0.06200631911532385,0.06271604938271605,0.05296165867095969,0.07412636868558391,0.021164710014624215,1.0,0.5064,0.40515,1,1,0.06
02_noise_sweep,108,242832282579138696318820072883684306762,20000,0.0,0.12,depolarizing,0.0,0.5,0.2,,0.11,0.95,20000,10002,2000,8002,594,111,0.0593881223755249,0.0555,0.04629144858684902,0.06641280644618483,0.02012135785933581,1.0,0.5001,0.4001,1,1,0.06
02_noise_sweep,109,128181033011878040856076415217073636629,20000,0.0,0.12,depolarizing,0.0,0.5,0.2,,0.11,0.95,20000,10036,2007,8029,636,121,0.06337186129932244,0.06028898854010962,0.05069174218836074,0.07156625967563189,0.02087451748727115,1.0,0.5018,0.40145,1,1,0.06
02_noise_sweep,110,68203618992588487827753687841162339292,20000,0.0,0.12,depolarizing,0.0,0.5,0.2,,0.11,0.95,20000,10019,2003,8016,598,116,0.05968659546860964,0.05791313030454318,0.04850498408609781,0.06901374554951807,0.02050876146342026,1.0,0.50095,0.4008,1,1,0.06
02_noise_sweep,111,316045968072858919271956728432527192499,20000,0.0,0.12,depolarizing,0.0,0.5,0.2,,0.11,0.95,20000,10011,2002,8009,590,125,0.05893517131155729,0.06243756243756244,0.05265422717165161,0.07389688069603428,0.021242653524382676,1.0,0.50055,0.40045,1,1,0.06
02_noise_sweep,112,224689166495631831953726891196239604258,20000,0.0,0.12,depolarizing,0.0,0.5,0.2,,0.11,0.95,20000,9971,1994,7977,612,117,0.06137799618894795,0.058676028084252756,0.0491842670543936,0.06986494867320953,0.02068068161881593,1.0,0.49855,0.39885,1,1,0.06
02_noise_sweep,113,63217439265301615136406938572595881538,20000,0.0,0.12,depolarizing,0.0,0.5,0.2,,0.11,0.95,20000,9996,1999,7997,607,113,0.06072428971588636,0.05652826413206603,0.04722916152470282,0.06752852826070263,0.02029936673599981,1.0,0.4998,0.39985,1,1,0.06
02_noise_sweep,114,305025819905460682805217469450669669272,20000,0.0,0.12,depolarizing,0.0,0.5,0.2,,0.11,0.95,20000,9994,1998,7996,616,131,0.061636982189313586,0.06556556556556556,0.05552432479708094,0.0772741331673695,0.02174980837028856,1.0,0.4997,0.3998,1,1,0.06
02_noise_sweep,115,31610892893462490486677002486677283643,20000,0.0,0.12,depolarizing,0.0,0.5,0.2,,0.11,0.95,20000,10029,2005,8024,594,115,0.0592282381094825,0.057356608478802994,0.047999772469026786,0.06840635694149054,0.020406584472463754,1.0,0.50145,0.4012,1,1,0.06
02_noise_sweep,116,152769731763492583980172197587145464436,20000,0.0,0.12,depolarizing,0.0,0.5,0.2,,0.11,0.95,20000,9933,1986,7947,551,112,0.05547166012282291,0.05639476334340383,0.047079351235304365,0.06742296642960517,0.020343615194300807,1.0,0.49665,0.39735,1,1,0.06
02_noise_sweep,117,170004138440937108076291536037666716944,20000,0.0,0.12,depolarizing,0.0,0.5,0.2,,0.11,0.95,20000,9981,1996,7985,629,126,0.06301973750125238,0.06312625250501001,0.053273956309139885,0.07465691425675174,0.02138295794761185,1.0,0.49905,0.39925,1,1,0.06
02_noise_sweep,118,31702045036879302874663927142822603806,20000,0.0,0.12,depolarizing,0.0,0.5,0.2,,0.11,0.95,20000,9941,1988,7953,605,125,0.06085906850417463,0.06287726358148893,0.05302680447790992,0.07441378959978617,0.021386985121876256,1.0,0.49705,0.39765,1,1,0.06
02_noise_sweep,119,334516740618761354334186248191657384930,20000,0.0,0.12,depolarizing,0.0,0.5,0.2,,0.11,0.95,20000,9961,1992,7969,582,109,0.058427868687882745,0.05471887550200803,0.045561396416210695,0.06559044775470665,0.02002905133849596,1.0,0.49805,0.39845,1,1,0.06
02_noise_sweep,120,112850775611474854580038919001475251750,20000,0.0,0.12,depolarizing,0.0,0.5,0.2,,0.11,0.95,20000,9964,1992,7972,534,109,0.053592934564431954,0.05471887550200803,0.045561396416210695,0.06559044775470665,0.02002905133849596,1.0,0.4982,0.3986,1,1,0.06
02_noise_sweep,121,289895043111516251724928645214192256586,20000,0.0,0.12,depolarizing,0.0,0.5,0.2,,0.11,0.95,20000,9929,1985,7944,638,135,0.06425621915600765,0.06801007556675064,0.05774833510848182,0.07994059811753382,0.022192263009052,1.0,0.49645,0.3972,1,1,0.06
02_noise_sweep,122,48814375929080907326086467398089123109,20000,0.0,0.12,depolarizing,0.0,0.5,0.2,,0.11,0.95,20000,9953,1990,7963,594,131,0.05968049834220838,0.06582914572864322,0.0557486361468227,0.07758265639131746,0.021834020244494767,1.0,0.49765,0.39815,1,1,0.06
02_noise_sweep,123,214625724983000228479974123045586152661,20000,0.0,0.12,depolarizing,0.0,0.5,0.2,,0.11,0.95,20000,9926,1985,7941,622,131,0.06266371146483982,0.06599496221662468,0.055889753498167674,0.07777673743385853,0.021886983935690857,1.0,0.4963,0.39705,1,1,0.06
02_noise_sweep,124,275369475927440293009910599272275995516,20000,0.0,0.12,depolarizing,0.0,0.5,0.2,,0.11,0.95,20000,10105,2021,8084,588,118,0.058189015338941115,0.05838693715982187,0.04897759946900891,0.06947190075032299,0.020494301281314076,1.0,0.50525,0.4042,1,1,0.06
02_noise_sweep,125,1607439510840255888048744995381431913,20000,0.0,0.12,depolarizing,0.0,0.5,0.2,,0.11,0.95,20000,9993,1998,7995,620,133,0.062043430401280894,0.06656656656656657,0.05644717148726282,0.07834944671229259,0.02190227522502977,1.0,0.49965,0.39975,1,1,0.06
02_noise_sweep,126,340258263962220347010924534686756933408,20000,0.0,0.12,depolarizing,0.0,0.5,0.2,,0.11,0.95,20000,9997,1999,7998,592,142,0.05921776532959888,0.07103551775887944,0.06057797968241614,0.08313856740273352,0.022560587720317382,1.0,0.49985,0.3999,1,1,0.06
02_noise_sweep,127,118733096423334270907878636434191440391,20000,0.0,0.12,depolarizing,0.0,0.5,0.2,,0.11,0.95,20000,10091,2018,8073,597,126,0.05916162917451194,0.062438057482656094,0.05269042132883745,0.07384841172581862,0.021157990396981165,1.0,0.50455,0.40365,1,1,0.06
02_noise_sweep,128,276447261783691837027502339209846404509,20000,0.0,0.12,depolarizing,0.0,0.5,0.2,,0.11,0.95,20000,10073,2014,8059,639,130,0.06343691055296337,0.06454816285998013,0.05462361033631805,0.07613069529426078,0.021507084957942728,1.0,0.50365,0.40295,1,1,0.06
02_noise_sweep,129,3172502007334600131528178369756511017,20000,0.0,0.12,depolarizing,0.0,0.5,0.2,,0.11,0.95,20000,10095,2019,8076,593,126,0.058741951461119365,0.06240713224368499,0.05266420062341074,0.07381207743836499,0.021147876814954246,1.0,0.50475,0.4038,1,1,0.06
02_noise_sweep,130,173344142058131550840625302545157464721,20000,0.0,0.12,depolarizing,0.0,0.5,0.2,,0.11,0.95,20000,9974,1994,7980,624,123,0.06256266292360137,0.06168505516549649,0.051944737547974296,0.07311096079966786,0.021166223251693567,1.0,0.4987,0.399,1,1,0.06
02_noise_sweep,131,67277119289030037888892876423863960496,20000,0.0,0.12,depolarizing,0.0,0.5,0.2,,0.11,0.95,20000,10070,2014,8056,637,125,0.06325719960278053,0.062065541211519366,0.05233901768521546,0.07345949721349666,0.0211204795282812,1.0,0.5035,0.4028,1,1,0.06
02_noise_sweep,132,319868252103767364232751210101085055853,20000,0.0,0.12,depolarizing,0.0,0.5,0.2,,0.11,0.95,20000,10005,2001,8004,612,136,0.061169415292353826,0.06796601699150424,0.057745611569122515,0.07984205532946208,0.022096443760339562,1.0,0.50025,0.4002,1,1,0.06
02_noise_sweep,133,316910653837857826664020440232941412569,20000,0.0,0.12,depolarizing,0.0,0.5,0.2,,0.11,0.95,20000,10038,2007,8031,613,121,0.0610679418210799,0.06028898854010962,0.05069174218836074,0.07156625967563189,0.02087451748727115,1.0,0.5019,0.40155,1,1,0.06
02_noise_sweep,134,205438157998875720525710745893770902201,20000,0.0,0.12,depolarizing,0.0,0.5,0.2,,0.11,0.95,20000,10081,2016,8065,625,131,0.06199781767681778,0.06498015873015874,0.05502616544010393,0.07658884704503859,0.021562681604934658,1.0,0.50405,0.40325,1,1,0.06
02_noise_sweep,135,206779388869310631857641865400551571801,20000,0.0,0.12,depolarizing,0.0,0.5,0.2,,0.11,0.95,20000,10122,2024,8098,586,113,0.05789369689784628,0.055830039525691696,0.04664322688594716,0.06669968649662077,0.020056459610673608,1.0,0.5061,0.4049,1,1,0.06
02_noise_sweep,136,213750360449708420844746441142546413715,20000,0.0,0.12,depolarizing,0.0,0.5,0.2,,0.11,0.95,20000,9958,1991,7967,578,114,0.058043783892347864,0.05725765946760422,0.04787919161744912,0.06834130189372628,0.02046211027627716,1.0,0.4979,0.39835,1,1,0.06
02_noise_sweep,137,249906367434604922401481876388369106007,20000,0.0,0.12,depolarizing,0.0,0.5,0.2,,0.11,0.95,20000,9920,1984,7936,590,112,0.059475806451612906,0.056451612903225805,0.04712702250733768,0.06749049782341507,0.020363475316077385,1.0,0.496,0.3968,1,1,0.06
02_noise_sweep,138,161066714285806360241455976514971335153,20000,0.0,0.12,depolarizing,0.0,0.5,0.2,,0.11,0.95,20000,10018,2003,8015,572,113,0.05709722499500899,0.056415376934598103,0.04713442464554929,0.06739453219380105,0.020260107548251763,1.0,0.5009,0.40075,1,1,0.06
02_noise_sweep,139,202648726889372290313758905590373176085,20000,0.0,0.12,depolarizing,0.0,0.5,0.2,,0.11,0.95,20000,9926,1985,7941,599,129,0.06034656457787629,0.06498740554156171,0.054961536860947804,0.07669373292408367,0.021732196063135867,1.0,0.4963,0.39705,1,1,0.06
02_noise_sweep,140,110248003135741407968205789689793691491,20000,0.0,0.12,depolarizing,0.0,0.5,0.2,,0.11,0.95,20000,10084,2016,8068,605,138,0.05999603332011107,0.06845238095238096,0.05823007423143625,0.08031617532623078,0.02208610109479453,1.0,0.5042,0.4034,1,1,0.06
02_noise_sweep,141,300750221002825436580145633870856777107,20000,0.0,0.12,depolarizing,0.0,0.5,0.2,,0.11,0.95,20000,10001,2000,8001,597,118,0.059694030596940305,0.059,0.049494220850167074,0.07019661485189799,0.020702394001730913,1.0,0.50005,0.40005,1,1,0.06
02_noise_sweep,142,64058399167310152855144777637496398896,20000,0.0,0.12,depolarizing,0.0,0.5,0.2,,0.11,0.95,20000,9955,1991,7964,579,127,0.058161727774987446,0.06378704168759418,0.05387043667053104,0.07538367406623112,0.021513237395700074,1.0,0.49775,0.3982,1,1,0.06
02_noise_sweep,143,71433253501247360071102552961410815329,20000,0.0,0.12,depolarizing,0.0,0.5,0.2,,0.11,0.95,20000,10043,2008,8035,619,127,0.06163496963058847,0.06324701195219123,0.053412182058454084,0.07474973531839339,0.02133755325993931,1.0,0.50215,0.40175,1,1,0.06
02_noise_sweep,144,333452155219142996678393737499211603030,20000,0.0,0.12,depolarizing,0.0,0.5,0.2,,0.11,0.95,20000,9943,1988,7955,605,118,0.06084682691340642,0.059356136820925554,0.049794356415594265,0.07061756580772195,0.020823209392127687,1.0,0.49715,0.39775,1,1,0.06
02_noise_sweep,145,269229246311313251554511373593708254858,20000,0.0,0.12,depolarizing,0.0,0.5,0.2,,0.11,0.95,20000,9910,1982,7928,610,114,0.0615539858728557,0.05751765893037336,0.048097588880838066,0.06864962565177361,0.020552036770935547,1.0,0.4955,0.3964,1,1,0.06
02_noise_sweep,146,179524547561810850291257548334015450133,20000,0.0,0.12,depolarizing,0.0,0.5,0.2,,0.11,0.95,20000,10041,2008,8033,619,120,0.061647246290210136,0.05976095617529881,0.05020942921633383,0.07099368932543718,0.020784260109103343,1.0,0.50205,0.40165,1,1,0.06
02_noise_sweep,147,53020537614535664894529661916635890646,20000,0.0,0.12,depolarizing,0.0,0.5,0.2,,0.11,0.95,20000,9963,1992,7971,595,113,0.05972096758004617,0.056726907630522086,0.04739587072824032,0.06776430785453308,0.020368437126292757,1.0,0.49815,0.39855,1,1,0.06
02_noise_sweep,148,155507375610393243920128384750637606503,20000,0.0,0.12,depolarizing,0.0,0.5,0.2,,0.11,0.95,20000,10045,2009,8036,585,108,0.05823792931806869,0.05375808860129418,0.044720042363182375,0.06449941844298428,0.019779376079801902,1.0,0.50225,0.4018,1,1,0.06
02_noise_sweep,149,153635516767892826945514084465474997062,20000,0.0,0.12,depolarizing,0.0,0.5,0.2,,0.11,0.95,20000,10102,2020,8082,601,119,0.0594931696693724,0.05891089108910891,0.04945577079550019,0.07004047618899273,0.02058470539349254,1.0,0.5051,0.4041,1,1,0.06
02_noise_sweep,0,1647674792105601019190441722135547930,20000,0.0,0.14,depolarizing,0.0,0.5,0.2,,0.11,0.95,20000,10009,2001,8008,681,134,0.06803876511139974,0.06696651674162919,0.05682311471257394,0.07876938195327172,0.021946267240697787,1.0,0.50045,0.4004,1,1,0.07
02_noise_sweep,1,276742973766137799957497202427376609638,20000,0.0,0.14,depolarizing,0.0,0.5,0.2,,0.11,0.95,20000,10018,2003,8015,698,138,0.06967458574565781,0.06889665501747379,0.058609910441880776,0.08083381969968256,0.022223909257801787,1.0,0.5009,0.40075,1,1,0.07
02_noise_sweep,2,137882694749526607757759627372927023837,20000,0.0,0.14,depolarizing,0.0,0.5,0.2,,0.11,0.95,20000,10077,2015,8062,750,145,0.07442691277165824,0.07196029776674938,0.061472719175203985,0.08407682734160947,0.022604108166405484,1.0,0.50385,0.4031,1,1,0.07
02_noise_sweep,3,263551269158325049597291282821152375482,20000,0.0,0.14,depolarizing,0.0,0.5,0.2,,0.11,0.95,20000,9932,1986,7946,746,128,0.07511075312122432,0.06445115810674723,0.05447012951764827,0.07611387136787583,0.021643741850227556,1.0,0.4966,0.3973,1,1,0.07
02_noise_sweep,4,73968025388212806977561369240658842528,20000,0.0,0.14,depolarizing,0.0,0.5,0.2,,0.11,0.95,20000,10026,2005,8021,755,157,0.07530420905645323,0.07830423940149626,0.06733505496241743,0.0908862209999402,0.023551166037522775,1.0,0.5013,0.40105,1,1,0.07
02_noise_sweep,5,157360296650050921141341598559582339462,20000,0.0,0.14,depolarizing,0.0,0.5,0.2,,0.11,0.95,20000,10014,2002,8012,741,167,0.07399640503295386,0.08341658341658342,0.0720873838624008,0.09634141061436868,0.02425402675196789,1.0,0.5007,0.4006,1,1,0.07
02_noise_sweep,6,54165898231530262154709520309468670554,20000,0.0,0.14,depolarizing,0.0,0.5,0.2,,0.11,0.95,20000,10119,2023,8096,685,133,0.06769443620911157,0.0657439446366782,0.05574619756327544,0.07738777680179394,0.021641579238518505,1.0,0.50595,0.4048,1,1,0.07
02_noise_sweep,7,283304963644125587233312082536666895657,20000,0.0,0.14,depolarizing,0.0,0.5,0.2,,0.11,0.95,20000,10124,2024,8100,659,137,0.06509284867641249,0.06768774703557312,0.0575423821799234,0.07947102072302094,0.02192863854309754,1.0,0.5062,0.405,1,1,0.07
02_noise_sweep,8,3978556112820932555659785574223914394,20000,0.0,0.14,depolarizing,0.0,0.5,0.2,,0.11,0.95,20000,9949,1989,7960,688,149,0.06915267866117197,0.07491201608848667,0.06414451653985946,0.08731833941623611,0.02317382287637665,1.0,0.49745,0.398,1,1,0.07
02_noise_sweep,9,186793924572286277418773322873648202053,20000,0.0,0.14,depolarizing,0.0,0.5,0.2,,0.11,0.95,20000,9909,1981,7928,738,151,0.07447774750227067,0.07622412922766279,0.06534166162792461,0.08874694704231735,0.02340528541439274,1.0,0.49545,0.3964,1,1,0.07
02_noise_sweep,10,178767319156912476496059204479081711208,20000,0.0,0.14,depolarizing,0.0,0.5,0.2,,0.11,0.95,20000,9989,1997,7992,751,132,0.07518270097106818,0.06609914872308463,0.05601383254187595,0.07785057617472532,0.02183674363284937,1.0,0.49945,0.3996,1,1,0.07
02_noise_sweep,11,99276414500073400433180160390282445882,20000,0.0,0.14,depolarizing,0.0,0.5,0.2,,0.11,0.95,20000,9989,1997,7992,690,155,0.06907598358194013,0.07761642463695544,0.06667539452390098,0.09017934148585455,0.02350394696195357,1.0,0.49945,0.3996,1,1,0.07
02_noise_sweep,12,16803833415463201196165890230382960750,20000,0.0,0.14,depolarizing,0.0,0.5,0.2,,0.11,0.95,20000,10058,2011,8047,706,127,0.07019288128852655,0.06315266036797614,0.05333212176144491,0.07463896881339921,0.0213068470519543,1.0,0.5029,0.40235,1,1,0.07
02_noise_sweep,13,128900692526817278827108630923496914595,20000,0.0,0.14,depolarizing,0.0,0.5,0.2,,0.11,0.95,20000,10042,2008,8034,709,135,0.07060346544513045,0.06723107569721115,0.057083589460206655,0.07903124087101394,0.02194765141080729,1.0,0.5021,0.4017,1,1,0.07
02_noise_sweep,14,284187733793183193199717753829355083937,20000,0.0,0.14,depolarizing,0.0,0.5,0.2,,0.11,0.95,20000,10009,2001,8008,709,151,0.07083624737736037,0.07546226886556721,0.06468507898998628,0.08786636465414051,0.023181285664154228,1.0,0.50045,0.4004,1,1,0.07
02_noise_sweep,15,159908038914347120167368542852794419817,20000,0.0,0.14,depolarizing,0.0,0.5,0.2,,0.11,0.95,20000,9976,1995,7981,695,123,0.06966720128307939,0.061654135338345864,0.051918577282345495,0.07307455697458515,0.021155979692239653,1.0,0.4988,0.39905,1,1,0.07
02_noise_sweep,16,309582701805654953034525922477942783226,20000,0.0,0.14,depolarizing,0.0,0.5,0.2,,0.11,0.95,20000,10105,2021,8084,709,144,0.07016328550222663,0.07125185551707075,0.06083109081231064,0.0832994323698194,0.022468341557508764,1.0,0.50525,0.4042,1,1,0.07
02_noise_sweep,17,106632502771152068630893946050993665128,20000,0.0,0.14,depolarizing,0.0,0.5,0.2,,0.11,0.95,20000,9923,1984,7939,725,157,0.07306258188047969,0.07913306451612903,0.0680517138622406,0.09184104690614411,0.023789333043903516,1.0,0.49615,0.39695,1,1,0.07
02_noise_sweep,18,166724979435092666189418583318555549375,20000,0.0,0.14,depolarizing,0.0,0.5,0.2,,0.11,0.95,20000,9998,1999,7999,716,135,0.07161432286457292,0.06753376688344172,0.05734187633418307,0.07938460174758007,0.022042725413396996,1.0,0.4999,0.39995,1,1,0.07
02_noise_sweep,19,67637887989283619539170007934172789616,20000,0.0,0.14,depolarizing,0.0,0.5,0.2,,0.11,0.95,20000,9935,1987,7948,684,147,0.0688475088072471,0.07398087569199799,0.06327616309326886,0.08632965182537622,0.023053488732107358,1.0,0.49675,0.3974,1,1,0.07
02_noise_sweep,20,262110747028894398139934791046576122523,20000,0.0,0.14,depolarizing,0.0,0.5,0.2,,0.11,0.95,20000,9880,1976,7904,697,132,0.07054655870445344,0.06680161943319839,0.05661208480637231,0.07867221163433144,0.02206012682795913,1.0,0.494,0.3952,1,1,0.07
02_noise_sweep,21,84360831662172499577198551462889615002,20000,0.0,0.14,depolarizing,0.0,0.5,0.2,,0.11,0.95,20000,9974,1994,7980,677,137,0.06787647884499699,0.0687061183550652,0.058412484874518854,0.08065833958654783,0.02224585471202898,1.0,0.4987,0.399,1,1,0.07
02_noise_sweep,22,97977823442567825312251326189494767721,20000,0.0,0.14,depolarizing,0.0,0.5,0.2,,0.11,0.95,20000,10027,2005,8022,720,163,0.07180612346664007,0.08129675810473816,0.07011977329722649,0.09407509502967976,0.023955321732453266,1.0,0.50135,0.4011,1,1,0.07
02_noise_sweep,23,230803133057642417176975935767976437019,20000,0.0,0.14,depolarizing,0.0,0.5,0.2,,0.11,0.95,20000,10052,2010,8042,666,125,0.06625547154795065,0.06218905472636816,0.052443667316267734,0.07360471534506835,0.021161048028800616,1.0,0.5026,0.4021,1,1,0.07
02_noise_sweep,24,216802013314516410974929054787808056219,20000,0.0,0.14,depolarizing,0.0,0.5,0.2,,0.11,0.95,20000,10041,2008,8033,724,149,0.07210437207449458,0.07420318725099602,0.06353436439614633,0.08649806360522723,0.022963699209080896,1.0,0.50205,0.40165,1,1,0.07
02_noise_sweep,25,187996581824785532197860885734371084628,20000,0.0,0.14,depolarizing,0.0,0.5,0.2,,0.11,0.95,20000,10156,2031,8125,708,144,0.06971248523040567,0.07090103397341212,0.06053004714490284,0.08289216275533812,0.022362115610435274,1.0,0.5078,0.40625,1,1,0.07
02_noise_sweep,26,176112059681272467601794259680273309489,20000,0.0,0.14,depolarizing,0.0,0.5,0.2,,0.11,0.95,20000,10114,2022,8092,698,121,0.06901324896183508,0.05984174085064293,0.050313959331984195,0.0710388038619363,0.020724844529952102,1.0,0.5057,0.4046,1,1,0.07
02_noise_sweep,27,297125060791369306499036011977965569792,20000,0.0,0.14,depolarizing,0.0,0.5,0.2,,0.11,0.95,20000,9975,1995,7980,714,138,0.07157894736842105,0.06917293233082707,0.05884612897785642,0.08115569937415258,0.022309570396296163,1.0,0.49875,0.399,1,1,0.07
02_noise_sweep,28,50269782578000683196144288412922867163,20000,0.0,0.14,depolarizing,0.0,0.5,0.2,,0.11,0.95,20000,9829,1965,7864,720,140,0.0732526197985553,0.07124681933842239,0.0606900726988817,0.08347666939659955,0.022786596697717848,1.0,0.49145,0.3932,1,1,0.07
02_noise_sweep,29,212451953248841282171057200617202980788,20000,0.0,0.14,depolarizing,0.0,0.5,0.2,,0.11,0.95,20000,10007,2001,8006,728,146,0.07274907564704707,0.07296351824087956,0.062368012154229054,0.08519550590805033,0.02282749375382128,1.0,0.50035,0.4003,1,1,0.07
02_noise_sweep,30,35910977764710146925668254579137649682,20000,0.0,0.14,depolarizing,0.0,0.5,0.2,,0.11,0.95,20000,10175,2035,8140,694,131,0.0682063882063882,0.06437346437346438,0.05450993795188505,0.07587855187922818,0.021368613927343127,1.0,0.50875,0.407,1,1,0.07
02_noise_sweep,31,234541739184983436545352224243063527666,20000,0.0,0.14,depolarizing,0.0,0.5,0.2,,0.11,0.95,20000,9871,1974,7897,699,127,0.07081349407354878,0.06433637284701114,0.054336623254435897,0.07602845614603052,0.02169183289159462,1.0,0.49355,0.39485,1,1,0.07
02_noise_sweep,32,168534025622304548603917513415074069292,20000,0.0,0.14,depolarizing,0.0,0.5,0.2,,0.11,0.95,20000,10061,2012,8049,683,155,0.06788589603419143,0.07703777335984095,0.06617562496904147,0.08951194532445639,0.023336320355414913,1.0,0.50305,0.40245,1,1,0.07
02_noise_sweep,33,286558027424558697342214020153785012473,20000,0.0,0.14,depolarizing,0.0,0.5,0.2,,0.11,0.95,20000,10084,2016,8068,678,129,0.06723522411741373,0.06398809523809523,0.05411233064983547,0.0755223283860143,0.021409997736178833,1.0,0.5042,0.4034,1,1,0.07
02_noise_sweep,34,209404521693006525994114554128779542002,20000,0.0,0.14,depolarizing,0.0,0.5,0.2,,0.11,0.95,20000,10085,2017,8068,708,128,0.07020327218641546,0.06346058502726822,0.05362895491737854,0.07495186852452088,0.021322913607142335,1.0,0.50425,0.4034,1,1,0.07
02_noise_sweep,35,131702419233247921051514207909125885155,20000,0.0,0.14,depolarizing,0.0,0.5,0.2,,0.11,0.95,20000,10039,2007,8032,709,136,0.07062456419962147,0.06776283009466866,0.057572117150872244,0.07960501216019136,0.02203289500931912,1.0,0.50195,0.4016,1,1,0.07
02_noise_sweep,36,11945039862981269015958416054742150246,20000,0.0,0.14,depolarizing,0.0,0.5,0.2,,0.11,0.95,20000,10026,2005,8021,696,144,0.06941950927588271,0.07182044887780549,0.061319039727722326,0.0839594527781133,0.022640413050390974,1.0,0.5013,0.40105,1,1,0.07
02_noise_sweep,37,171618857620520138518809252859242774741,20000,0.0,0.14,depolarizing,0.0,0.5,0.2,,0.11,0.95,20000,9965,1993,7972,686,132,0.06884094330155545,0.06623181133968892,0.056126808471761803,0.07800575254731752,0.02187894407555572,1.0,0.49825,0.3986,1,1,0.07
02_noise_sweep,38,312287348852002933770384885228253318329,20000,0.0,0.14,depolarizing,0.0,0.5,0.2,,0.11,0.95,20000,10079,2015,8064,725,155,0.07193173925984721,0.07692307692307693,0.06607656886439091,0.0893796495768653,0.02330308071247439,1.0,0.50395,0.4032,1,1,0.07
02_noise_sweep,39,319693031166778875891393999008603749567,20000,0.0,0.14,depolarizing,0.0,0.5,0.2,,0.11,0.95,20000,9890,1978,7912,710,143,0.0717896865520728,0.07229524772497473,0.06169238026960945,0.08455617938720887,0.02286379911759942,1.0,0.4945,0.3956,1,1,0.07
02_noise_sweep,40,257856019758784096033919616014575078948,20000,0.0,0.14,depolarizing,0.0,0.5,0.2,,0.11,0.95,20000,9938,1987,7951,684,132,0.06882672569933589,0.06643180674383492,0.056297129525414914,0.07823968034158182,0.02194255081616691,1.0,0.4969,0.39755,1,1,0.07
02_noise_sweep,41,107349578258608754294162584710204211500,20000,0.0,0.14,depolarizing,0.0,0.5,0.2,,0.11,0.95,20000,10066,2013,8053,658,136,0.06536856745479833,0.06756085444610035,0.05739966221621466,0.07936937216390298,0.02196970994768832,1.0,0.5033,0.40265,1,1,0.07
02_noise_sweep,42,168490528077242389182456421393326655510,20000,0.0,0.14,depolarizing,0.0,0.5,0.2,,0.11,0.95,20000,9991,1998,7993,685,132,0.06856170553498149,0.06606606606606606,0.055985659594044154,0.07781187848795877,0.021826218893914617,1.0,0.49955,0.39965,1,1,0.07
02_noise_sweep,43,871249754602849730752543196209589209,20000,0.0,0.14,depolarizing,0.0,0.5,0.2,,0.11,0.95,20000,9963,1992,7971,668,126,0.06704807788818629,0.06325301204819277,0.05338144513207839,0.07480582028922723,0.021424375157148845,1.0,0.49815,0.39855,1,1,0.07
02_noise_sweep,44,258560577429152592282941782662382713455,20000,0.0,0.14,depolarizing,0.0,0.5,0.2,,0.11,0.95,20000,10066,2013,8053,724,146,0.07192529306576595,0.07252856433184302,0.0619942862717154,0.08469124397996891,0.022696957708253508,1.0,0.5033,0.40265,1,1,0.07
02_noise_sweep,45,57459204827907133686240957277784281790,20000,0.0,0.14,depolarizing,0.0,0.5,0.2,,0.11,0.95,20000,9986,1997,7989,684,156,0.06849589425195274,0.07811717576364546,0.06714076716486192,0.09071354829242204,0.023572781127560116,1.0,0.4993,0.39945,1,1,0.07
02_noise_sweep,46,145452923331260397854211118393879526967,20000,0.0,0.14,depolarizing,0.0,0.5,0.2,,0.11,0.95,20000,9913,1982,7931,700,131,0.0706143447997579,0.06609485368314834,0.055974767384034764,0.07789365279617738,0.021918885412142618,1.0,0.49565,0.39655,1,1,0.07
02_noise_sweep,47,93962138170325971196947747789028357749,20000,0.0,0.14,depolarizing,0.0,0.5,0.2,,0.11,0.95,20000,9884,1976,7908,718,131,0.0726426547956293,0.06629554655870445,0.05614557347818349,0.07812854106583884,0.021982967587655354,1.0,0.4942,0.3954,1,1,0.07
02_noise_sweep,48,98416882495995834678702723176043994370,20000,0.0,0.14,depolarizing,0.0,0.5,0.2,,0.11,0.95,20000,9954,1990,7964,671,128,0.06741008639742817,0.06432160804020101,0.05436011096489034,0.07596191522789615,0.021601804263005814,1.0,0.4977,0.3982,1,1,0.07
02_noise_sweep,49,276417914724764493874263517889180882547,20000,0.0,0.14,depolarizing,0.0,0.5,0.2,,0.11,0.95,20000,9831,1966,7865,666,139,0.06774488861763808,0.07070193285859613,0.06018874781351983,0.08288949716840226,0.022700749354882428,1.0,0.49155,0.39325,1,1,0.07
02_noise_sweep,50,87328470313470572574502330173544878712,20000,0.0,0.14,depolarizing,0.0,0.5,0.2,,0.11,0.95,20000,10076,2015,8061,697,132,0.06917427550615324,0.06550868486352357,0.055511019096476585,0.0771598539185613,0.02164883482208471,1.0,0.5038,0.40305,1,1,0.07
02_noise_sweep,51,42277240305240589100003063509679048456,20000,0.0,0.14,depolarizing,0.0,0.5,0.2,,0.11,0.95,20000,10092,2018,8074,681,127,0.06747919143876338,0.06293359762140734,0.053146244582620863,0.07438178571659392,0.02123554113397305,1.0,0.5046,0.4037,1,1,0.07
02_noise_sweep,52,111706510188325532423689709524534575772,20000,0.0,0.14,depolarizing,0.0,0.5,0.2,,0.11,0.95,20000,9923,1984,7939,647,140,0.06520205582989015,0.07056451612903226,0.060105876662203114,0.08268290438529842,0.022577027723095305,1.0,0.49615,0.39695,1,1,0.07
02_noise_sweep,53,297805609595565387941750683560184479227,20000,0.0,0.14,depolarizing,0.0,0.5,0.2,,0.11,0.95,20000,9946,1989,7957,686,136,0.06897245123667806,0.06837606837606838,0.058095756681249916,0.08032040161361473,0.022224644932364812,1.0,0.4973,0.39785,1,1,0.07
02_noise_sweep,54,315042692967533228331228479046052808867,20000,0.0,0.14,depolarizing,0.0,0.5,0.2,,0.11,0.95,20000,9993,1998,7995,693,139,0.06934854398078655,0.06956956956956957,0.05921986121737739,0.08157123768749287,0.02235137647011548,1.0,0.49965,0.39975,1,1,0.07
02_noise_sweep,55,130420187588923380393350350080035686139,20000,0.0,0.14,depolarizing,0.0,0.5,0.2,,0.11,0.95,20000,10051,2010,8041,687,137,0.06835140782011741,0.0681592039800995,0.05794518140547547,0.08002072331047877,0.0220755419050033,1.0,0.50255,0.40205,1,1,0.07
02_noise_sweep,56,226776911300298169021088701558380125833,20000,0.0,0.14,depolarizing,0.0,0.5,0.2,,0.11,0.95,20000,10028,2005,8023,694,141,0.069206222576785,0.07032418952618454,0.05993437092200123,0.08235732540156007,0.02242295447955884,1.0,0.5014,0.40115,1,1,0.07
02_noise_sweep,57,123769097008686588695451956888267094500,20000,0.0,0.14,depolarizing,0.0,0.5,0.2,,0.11,0.95,20000,9994,1998,7996,737,135,0.07374424654792876,0.06756756756756757,0.057370719241880454,0.07942405919277992,0.02205333995089947,1.0,0.4997,0.3998,1,1,0.07
02_noise_sweep,58,249198770267205538453748546492979674594,20000,0.0,0.14,depolarizing,0.0,0.5,0.2,,0.11,0.95,20000,10087,2017,8070,684,149,0.06781005254287698,0.07387208725830441,0.0632493786488668,0.08611486638044898,0.022865487731582174,1.0,0.50435,0.4035,1,1,0.07
02_noise_sweep,59,93499074300052186819432845551689630876,20000,0.0,0.14,depolarizing,0.0,0.5,0.2,,0.11,0.95,20000,9950,1990,7960,667,122,0.06703517587939699,0.061306532663316586,0.05158812903929983,0.0727153644627793,0.021127235423479475,1.0,0.4975,0.398,1,1,0.07
02_noise_sweep,60,250264066334285350968203590350076095131,20000,0.0,0.14,depolarizing,0.0,0.5,0.2,,0.11,0.95,20000,10125,2025,8100,673,127,0.06646913580246913,0.06271604938271605,0.05296165867095969,0.07412636868558391,0.021164710014624215,1.0,0.50625,0.405,1,1,0.07
02_noise_sweep,61,204055873056344216493980259413131019492,20000,0.0,0.14,depolarizing,0.0,0.5,0.2,,0.11,0.95,20000,10001,2000,8001,746,129,0.0745925407459254,0.0645,0.05454732717628902,0.07612242100568228,0.021575093829393266,1.0,0.50005,0.40005,1,1,0.07
02_noise_sweep,62,129544259255459477039493424332040151869,20000,0.0,0.14,depolarizing,0.0,0.5,0.2,,0.11,0.95,20000,9966,1993,7973,712,136,0.07144290587999197,0.0682388359257401,0.057978570745693805,0.08016031734790684,0.02218174660221303,1.0,0.4983,0.39865,1,1,0.07
02_noise_sweep,63,197231622313109290978033883581300668344,20000,0.0,0.14,depolarizing,0.0,0.5,0.2,,0.11,0.95,20000,10053,2010,8043,689,131,0.0685367551974535,0.06517412935323383,0.055191222287471434,0.07681592140117373,0.021624699113702295,1.0,0.50265,0.40215,1,1,0.07
02_noise_sweep,64,21658808407554801455433241084864842947,20000,0.0,0.14,depolarizing,0.0,0.5,0.2,,0.11,0.95,20000,10046,2009,8037,723,127,0.07196894286283098,0.06321553011448482,0.05338546859654139,0.07471277664318113,0.021327308046639737,1.0,0.5023,0.40185,1,1,0.07
02_noise_sweep,65,339884520638398419636674272450471453818,20000,0.0,0.14,depolarizing,0.0,0.5,0.2,,0.11,0.95,20000,9872,1974,7898,718,162,0.07273095623987035,0.08206686930091185,0.07075539238579595,0.09500180587627938,0.024246413490483426,1.0,0.4936,0.3949,1,1,0.07
02_noise_sweep,66,8781901504479058117785125854896247250,20000,0.0,0.14,depolarizing,0.0,0.5,0.2,,0.11,0.95,20000,10072,2014,8058,715,135,0.0709888800635425,0.06703078450844091,0.05691268713112022,0.0787974092313253,0.021884722100205083,1.0,0.5036,0.4029,1,1,0.07
02_noise_sweep,67,204575947899407908374289622490002172227,20000,0.0,0.14,depolarizing,0.0,0.5,0.2,,0.11,0.95,20000,9920,1984,7936,702,152,0.07076612903225807,0.07661290322580645,0.06571019382970943,0.0891519846678273,0.02344179083811787,1.0,0.496,0.3968,1,1,0.07
02_noise_sweep,68,117095479296393166831705666892903966175,20000,0.0,0.14,depolarizing,0.0,0.5,0.2,,0.11,0.95,20000,10106,2021,8085,676,130,0.0668909558678013,0.06432459178624443,0.05443350270945476,0.07586877733886088,0.02143527462940612,1.0,0.5053,0.40425,1,1,0.07
02_noise_sweep,69,229969029782161119669362759340172586635,20000,0.0,0.14,depolarizing,0.0,0.5,0.2,,0.11,0.95,20000,10053,2010,8043,674,141,0.06704466328459166,0.07014925373134329,0.0597845203377622,0.08215389172973141,0.022369371391969206,1.0,0.50265,0.40215,1,1,0.07
02_noise_sweep,70,122403487736890861269635751616892454965,20000,0.0,0.14,depolarizing,0.0,0.5,0.2,,0.11,0.95,20000,10107,2021,8086,718,152,0.07103987335510042,0.0752102919346858,0.06450079251536016,0.08753158388609243,0.023030791370732273,1.0,0.50535,0.4043,1,1,0.07
02_noise_sweep,71,3767294272781657563916600513858543874,20000,0.0,0.14,depolarizing,0.0,0.5,0.2,,0.11,0.95,20000,9998,1999,7999,727,133,0.07271454290858172,0.06653326663331666,0.056418794201566515,0.07831052130780047,0.02189172710623396,1.0,0.4999,0.39995,1,1,0.07
02_noise_sweep,72,133765855518157425434072405047371423111,20000,0.0,0.14,depolarizing,0.0,0.5,0.2,,0.11,0.95,20000,9995,1999,7996,686,142,0.06863431715857929,0.07103551775887944,0.06057797968241614,0.08313856740273352,0.022560587720317382,1.0,0.49975,0.3998,1,1,0.07
02_noise_sweep,73,135404167698899143944481289294885439074,20000,0.0,0.14,depolarizing,0.0,0.5,0.2,,0.11,0.95,20000,9966,1993,7973,664,124,0.06662653020268915,0.06221776216758655,0.052431933941215175,0.07368797292882148,0.021256038987606307,1.0,0.4983,0.39865,1,1,0.07
02_noise_sweep,74,222350320690727617352816711785483710827,20000,0.0,0.14,depolarizing,0.0,0.5,0.2,,0.11,0.95,20000,10116,2023,8093,713,154,0.07048240411229735,0.07612456747404844,0.0653546627704114,0.0885012086217878,0.023146545851376404,1.0,0.5058,0.40465,1,1,0.07
02_noise_sweep,75,88099159114107058921841949049926260405,20000,0.0,0.14,depolarizing,0.0,0.5,0.2,,0.11,0.95,20000,9986,1997,7989,754,156,0.07550570799118766,0.07811717576364546,0.06714076716486192,0.09071354829242204,0.023572781127560116,1.0,0.4993,0.39945,1,1,0.07
02_noise_sweep,76,217482462718052206381590137944431378222,20000,0.0,0.14,depolarizing,0.0,0.5,0.2,,0.11,0.95,20000,10078,2015,8063,687,123,0.06816828735860289,0.06104218362282878,0.051400850599404184,0.07235401768363521,0.020953167084231027,1.0,0.5039,0.40315,1,1,0.07
02_noise_sweep,77,118688507413123244636027600278117976014,20000,0.0,0.14,depolarizing,0.0,0.5,0.2,,0.11,0.95,20000,10010,2002,8008,711,152,0.07102897102897103,0.07592407592407592,0.06511622205145674,0.08835625577921145,0.02324003372775471,1.0,0.5005,0.4004,1,1,0.07
02_noise_sweep,78,222520837945546530009030435817445436189,20000,0.0,0.14,depolarizing,0.0,0.5,0.2,,0.11,0.95,20000,10046,2009,8037,674,140,0.06709137965359346,0.06968641114982578,0.05935411997427811,0.08166118829892999,0.022307068324651874,1.0,0.5023,0.40185,1,1,0.07
02_noise_sweep,79,215918311850415870911669536219736256578,20000,0.0,0.14,depolarizing,0.0,0.5,0.2,,0.11,0.95,20000,9996,1999,7997,714,147,0.07142857142857142,0.0735367683841921,0.06289431683058853,0.0858151366855515,0.02292081985496297,1.0,0.4998,0.39985,1,1,0.07
02_noise_sweep,80,311108688161976221752801603078720311752,20000,0.0,0.14,depolarizing,0.0,0.5,0.2,,0.11,0.95,20000,10068,2013,8055,746,155,0.07409614620580056,0.07699950322901143,0.06614257328119166,0.08946780325490272,0.02332522997371106,1.0,0.5034,0.40275,1,1,0.07
02_noise_sweep,81,244248396772820640498744882897871425579,20000,0.0,0.14,depolarizing,0.0,0.5,0.2,,0.11,0.95,20000,10002,2000,8002,696,142,0.06958608278344332,0.071,0.06054753478172682,0.08309729178558818,0.02254975700386136,1.0,0.5001,0.4001,1,1,0.07
02_noise_sweep,82,282015879309821189988668236997065795156,20000,0.0,0.14,depolarizing,0.0,0.5,0.2,,0.11,0.95,20000,10088,2017,8071,662,115,0.06562252180808882,0.05701536936043629,0.04771292448141362,0.06800197131113281,0.020289046829719187,1.0,0.5044,0.40355,1,1,0.07
02_noise_sweep,83,84132337277969142700355335088021998569,20000,0.0,0.14,depolarizing,0.0,0.5,0.2,,0.11,0.95,20000,9912,1982,7930,666,147,0.0671912832929782,0.07416750756811302,0.06343663774500605,0.08654585833883008,0.02310922059382403,1.0,0.4956,0.3965,1,1,0.07
02_noise_sweep,84,15883457909688130290504198649933307963,20000,0.0,0.14,depolarizing,0.0,0.5,0.2,,0.11,0.95,20000,9977,1995,7982,727,127,0.07286759546958003,0.06365914786967418,0.0537619060019138,0.07523354668037105,0.02147164067845725,1.0,0.49885,0.3991,1,1,0.07
02_noise_sweep,85,198361328190699556437535418820136599269,20000,0.0,0.14,depolarizing,0.0,0.5,0.2,,0.11,0.95,20000,9921,1984,7937,690,144,0.06954944058058664,0.07258064516129033,0.06197147995125553,0.0848417669129244,0.022870286961668873,1.0,0.49605,0.39685,1,1,0.07
02_noise_sweep,86,61275636040133601872280234118044085477,20000,0.0,0.14,depolarizing,0.0,0.5,0.2,,0.11,0.95,20000,9911,1982,7929,703,139,0.0709312884673595,0.07013118062563067,0.05970037334830812,0.082225084783716,0.02252471143540788,1.0,0.49555,0.39645,1,1,0.07
02_noise_sweep,87,17734212982976337466385647020046805283,20000,0.0,0.14,depolarizing,0.0,0.5,0.2,,0.11,0.95,20000,9966,1993,7973,702,130,0.07043949428055388,0.06522829904666332,0.055201985604990095,0.07692741187682856,0.02172542627183846,1.0,0.4983,0.39865,1,1,0.07
02_noise_sweep,88,295385706925993365607554164332215303572,20000,0.0,0.14,depolarizing,0.0,0.5,0.2,,0.11,0.95,20000,10018,2003,8015,707,131,0.07057296865641845,0.0654018971542686,0.055385044626915805,0.07708254899002788,0.021697504363112075,1.0,0.5009,0.40075,1,1,0.07
02_noise_sweep,89,306398667283688259781701383056291552283,20000,0.0,0.14,depolarizing,0.0,0.5,0.2,,0.11,0.95,20000,10040,2008,8032,657,136,0.0654382470119522,0.06772908366533864,0.05754330272834899,0.07956564172216822,0.02202233899381923,1.0,0.502,0.4016,1,1,0.07
02_noise_sweep,90,49787809759048631096871149466154811245,20000,0.0,0.14,depolarizing,0.0,0.5,0.2,,0.11,0.95,20000,9989,1997,7992,736,133,0.07368104915406948,0.06659989984977466,0.05647557733597474,0.07838841082815495,0.021912833492180213,1.0,0.49945,0.3996,1,1,0.07
02_noise_sweep,91,224318777825005660039756333889258460395,20000,0.0,0.14,depolarizing,0.0,0.5,0.2,,0.11,0.95,20000,10155,2031,8124,718,156,0.0707040866568193,0.07680945347119646,0.06601075494639151,0.08920598562647951,0.023195230680087997,1.0,0.50775,0.4062,1,1,0.07
02_noise_sweep,92,150383838472300753665823767428111408992,20000,0.0,0.14,depolarizing,0.0,0.5,0.2,,0.11,0.95,20000,10001,2000,8001,725,135,0.0724927507249275,0.0675,0.057313062415804306,0.07934518348247949,0.02203212106667518,1.0,0.50005,0.40005,1,1,0.07
02_noise_sweep,93,156936018215191477493309199362988916860,20000,0.0,0.14,depolarizing,0.0,0.5,0.2,,0.11,0.95,20000,10111,2022,8089,728,137,0.07200079121748591,0.06775469831849654,0.05759958169647675,0.0795490868782272,0.021949505181750456,1.0,0.50555,0.40445,1,1,0.07
02_noise_sweep,94,300134397348681519388008078295618110780,20000,0.0,0.14,depolarizing,0.0,0.5,0.2,,0.11,0.95,20000,9938,1987,7951,702,141,0.07063795532300261,0.07096124811273276,0.060480110241581966,0.08309810265640376,0.02261799241482179,1.0,0.4969,0.39755,1,1,0.07
02_noise_sweep,95,299457599981100880304634720950743576074,20000,0.0,0.14,depolarizing,0.0,0.5,0.2,,0.11,0.95,20000,10004,2000,8004,704,153,0.0703718512594962,0.0765,0.06564592724758744,0.0889778117996338,0.02333188455204635,1.0,0.5002,0.4002,1,1,0.07
02_noise_sweep,96,10258092321899456609690386021554982414,20000,0.0,0.14,depolarizing,0.0,0.5,0.2,,0.11,0.95,20000,10141,2028,8113,740,155,0.07297110738585938,0.07642998027613412,0.06565073080361267,0.08881085745576445,0.02316012665215178,1.0,0.50705,0.40565,1,1,0.07
02_noise_sweep,97,73228426168465092441101314235770839221,20000,0.0,0.14,depolarizing,0.0,0.5,0.2,,0.11,0.95,20000,10000,2000,8000,701,144,0.0701,0.072,0.06147313331726136,0.08416785915549113,0.02269472583822977,1.0,0.5,0.4,1,1,0.07
02_noise_sweep,98,206955806472887381346758360487224650538,20000,0.0,0.14,depolarizing,0.0,0.5,0.2,,0.11,0.95,20000,9911,1982,7929,694,118,0.07002320653818989,0.05953582240161453,0.04994579347656193,0.07082994003195574,0.020884146555393807,1.0,0.49555,0.39645,1,1,0.07
02_noise_sweep,99,132159401982098710797653429248608431570,20000,0.0,0.14,depolarizing,0.0,0.5,0.2,,0.11,0.95,20000,10044,2008,8036,697,149,0.06939466348068499,0.07420318725099602,0.06353436439614633,0.08649806360522723,0.022963699209080896,1.0,0.5022,0.4018,1,1,0.07
02_noise_sweep,100,30050949080505873634708297240613327389,20000,0.0,0.14,depolarizing,0.0,0.5,0.2,,0.11,0.95,20000,10047,2009,8038,741,141,0.07375335921170499,0.07018417122946739,0.05981443047284883,0.08219449803370431,0.022380067560855477,1.0,0.50235,0.4019,1,1,0.07
02_noise_sweep,101,155878978193562011436940044331665750758,20000,0.0,0.14,depolarizing,0.0,0.5,0.2,,0.11,0.95,20000,9890,1978,7912,706,153,0.07138523761375126,0.07735085945399393,0.0663800470778704,0.08996013716929285,0.02358009009142245,1.0,0.4945,0.3956,1,1,0.07
02_noise_sweep,102,319240692949390407031158297841856588478,20000,0.0,0.14,depolarizing,0.0,0.5,0.2,,0.11,0.95,20000,10090,2018,8072,702,140,0.06957383548067393,0.06937561942517344,0.059088070760619296,0.08129952371785874,0.022211452957239447,1.0,0.5045,0.4036,1,1,0.07
02_noise_sweep,103,167731017553181964548106132041212973632,20000,0.0,0.14,depolarizing,0.0,0.5,0.2,,0.11,0.95,20000,9994,1998,7996,698,142,0.06984190514308586,0.07107107107107107,0.06060845521847605,0.08317988403905163,0.022571428820575584,1.0,0.4997,0.3998,1,1,0.07
02_noise_sweep,104,180297088467093226483670502757449801906,20000,0.0,0.14,depolarizing,0.0,0.5,0.2,,0.11,0.95,20000,10107,2021,8086,699,130,0.06915998812704066,0.06432459178624443,0.05443350270945476,0.07586877733886088,0.02143527462940612,1.0,0.50535,0.4043,1,1,0.07
02_noise_sweep,105,299550441841931212805571153096937904386,20000,0.0,0.14,depolarizing,0.0,0.5,0.2,,0.11,0.95,20000,9867,1973,7894,693,125,0.07023411371237458,0.06335529650278764,0.05343189065381539,0.07497570505298752,0.021543814399172127,1.0,0.49335,0.3947,1,1,0.07
02_noise_sweep,106,310114535552065089810309181176986905480,20000,0.0,0.14,depolarizing,0.0,0.5,0.2,,0.11,0.95,20000,10125,2025,8100,649,130,0.06409876543209876,0.06419753086419754,0.05432546277016842,0.0757199174016551,0.021394454631486676,1.0,0.50625,0.405,1,1,0.07
02_noise_sweep,107,22103666932410551183909088445900730945,20000,0.0,0.14,depolarizing,0.0,0.5,0.2,,0.11,0.95,20000,10091,2018,8073,700,145,0.0693687444257259,0.07185332011892963,0.06138086039359049,0.08395272030768113,0.022571859914090636,1.0,0.50455,0.40365,1,1,0.07
02_noise_sweep,108,254051325471885297106421384965609581568,20000,0.0,0.14,depolarizing,0.0,0.5,0.2,,0.11,0.95,20000,10002,2000,8002,702,139,0.07018596280743851,0.0695,0.059160340573897574,0.08149023713526121,0.022329896561363638,1.0,0.5001,0.4001,1,1,0.07
02_noise_sweep,109,114103576634581596144396338800688560952,20000,0.0,0.14,depolarizing,0.0,0.5,0.2,,0.11,0.95,20000,9887,1977,7910,698,146,0.07059775462728836,0.0738492665655033,0.06312914810626712,0.08622225884420388,0.023093110737936767,1.0,0.49435,0.3955,1,1,0.07
02_noise_sweep,110,85588650548077933445725688843801145520,20000,0.0,0.14,depolarizing,0.0,0.5,0.2,,0.11,0.95,20000,10041,2008,8033,696,132,0.0693158051986854,0.06573705179282868,0.05570548114458004,0.07742700682875066,0.02172152568417062,1.0,0.50205,0.40165,1,1,0.07
02_noise_sweep,111,335693402864890346607415303514352692089,20000,0.0,0.14,depolarizing,0.0,0.5,0.2,,0.11,0.95,20000,9897,1979,7918,697,126,0.07042538142871577,0.06366851945426984,0.05373379942360856,0.07529389347769747,0.02156009405408891,1.0,0.49485,0.3959,1,1,0.07
02_noise_sweep,112,235515743031840674090661384416237676774,20000,0.0,0.14,depolarizing,0.0,0.5,0.2,,0.11,0.95,20000,10050,2010,8040,781,154,0.07771144278606965,0.07661691542288557,0.0657796316190477,0.0890694293409489,0.023289797721901206,1.0,0.5025,0.402,1,1,0.07
02_noise_sweep,113,123809050272221476418430141541501481729,20000,0.0,0.14,depolarizing,0.0,0.5,0.2,,0.11,0.95,20000,9812,1962,7850,642,138,0.0654300856094578,0.07033639143730887,0.059840999466350714,0.0825109982316583,0.022669998765307592,1.0,0.4906,0.3925,1,1,0.07
02_noise_sweep,114,26856326731496031600602798748841410402,20000,0.0,0.14,depolarizing,0.0,0.5,0.2,,0.11,0.95,20000,10000,2000,8000,713,149,0.0713,0.0745,0.06378984993294572,0.08684155730340053,0.02305170737045481,1.0,0.5,0.4,1,1,0.07
02_noise_sweep,115,286392264094172393209731453430494698447,20000,0.0,0.14,depolarizing,0.0,0.5,0.2,,0.11,0.95,20000,10038,2007,8031,729,145,0.0726240286909743,0.07224713502740408,0.06171902559850795,0.0844095801807982,0.022690554582290245,1.0,0.5019,0.40155,1,1,0.07
02_noise_sweep,116,189609325647811571896936292418369020256,20000,0.0,0.14,depolarizing,0.0,0.5,0.2,,0.11,0.95,20000,9928,1985,7943,702,134,0.07070910556003224,0.06750629722921915,0.05728342581366,0.07939989683885829,0.022116471025198287,1.0,0.4964,0.39715,1,1,0.07
02_noise_sweep,117,462610015995297541644198480271113069,20000,0.0,0.14,depolarizing,0.0,0.5,0.2,,0.11,0.95,20000,10056,2011,8045,739,164,0.0734884645982498,0.08155146693187469,0.07037258739951462,0.09432595866620118,0.023953371266686563,1.0,0.5028,0.40225,1,1,0.07
02_noise_sweep,118,237572225507020566631024422366553105336,20000,0.0,0.14,depolarizing,0.0,0.5,0.2,,0.11,0.95,20000,9966,1993,7973,694,123,0.06963676500100341,0.06171600602107376,0.051970924191703544,0.07314740090970279,0.021176476717999243,1.0,0.4983,0.39865,1,1,0.07
02_noise_sweep,119,38077641387898965446556756649863750205,20000,0.0,0.14,depolarizing,0.0,0.5,0.2,,0.11,0.95,20000,9918,1983,7935,657,120,0.0662431941923775,0.060514372163388806,0.05084538495527529,0.07188280643520847,0.021037421479933184,1.0,0.4959,0.39675,1,1,0.07
02_noise_sweep,120,87095241428914434171928333174270635170,20000,0.0,0.14,depolarizing,0.0,0.5,0.2,,0.11,0.95,20000,9970,1994,7976,675,136,0.06770310932798396,0.06820461384152457,0.057949348099288554,0.08012039592510495,0.022171047825816394,1.0,0.4985,0.3988,1,1,0.07
02_noise_sweep,121,20165849222121950386014427371986383986,20000,0.0,0.14,depolarizing,0.0,0.5,0.2,,0.11,0.95,20000,9992,1998,7994,752,137,0.07526020816653323,0.06856856856856856,0.05829495375124238,0.08049798491852293,0.022203031167280556,1.0,0.4996,0.3997,1,1,0.07
02_noise_sweep,122,10759034343917881899682422204365527853,20000,0.0,0.14,depolarizing,0.0,0.5,0.2,,0.11,0.95,20000,9912,1982,7930,698,134,0.07041969330104923,0.06760847628657922,0.05737056573968136,0.0795192436724603,0.022148677932778936,1.0,0.4956,0.3965,1,1,0.07
02_noise_sweep,123,336389510576922004534958580329231672882,20000,0.0,0.14,depolarizing,0.0,0.5,0.2,,0.11,0.95,20000,10057,2011,8046,678,128,0.06741573033707865,0.06364992541024365,0.05378972906550231,0.07517399544152753,0.021384266376025217,1.0,0.50285,0.4023,1,1,0.07
02_noise_sweep,124,62773702629692872693086100280613418430,20000,0.0,0.14,depolarizing,0.0,0.5,0.2,,0.11,0.95,20000,9963,1992,7971,691,136,0.06935661949212085,0.06827309236947791,0.05800782288238017,0.08020027856856564,0.02219245568618547,1.0,0.49815,0.39855,1,1,0.07
02_noise_sweep,125,158671176294439612799509929022625430928,20000,0.0,0.14,depolarizing,0.0,0.5,0.2,,0.11,0.95,20000,9959,1991,7968,689,147,0.06918365297720655,0.07383224510296334,0.06314836681988491,0.08615746272547224,0.023009095905587335,1.0,0.49795,0.3984,1,1,0.07
02_noise_sweep,126,297703340264556555653075238176264683162,20000,0.0,0.14,depolarizing,0.0,0.5,0.2,,0.11,0.95,20000,10032,2006,8026,685,135,0.06828149920255183,0.06729810568295115,0.05714078524089512,0.07910949341609651,0.021968708175201385,1.0,0.5016,0.4013,1,1,0.07
02_noise_sweep,127,240521215865318669652471781985503791139,20000,0.0,0.14,depolarizing,0.0,0.5,0.2,,0.11,0.95,20000,9946,1989,7957,689,149,0.06927408003217374,0.07491201608848667,0.06414451653985946,0.08731833941623611,0.02317382287637665,1.0,0.4973,0.39785,1,1,0.07
02_noise_sweep,128,157478034299701324351200607111365664872,20000,0.0,0.14,depolarizing,0.0,0.5,0.2,,0.11,0.95,20000,10007,2001,8006,724,161,0.07234935545118418,0.08045977011494253,0.06933007609577221,0.09319721871204939,0.023867142616277176,1.0,0.50035,0.4003,1,1,0.07
02_noise_sweep,129,193200128969848325305754997654288839683,20000,0.0,0.14,depolarizing,0.0,0.5,0.2,,0.11,0.95,20000,9950,1990,7960,667,127,0.06703517587939699,0.06381909547738693,0.05389763784463589,0.075421299566366,0.02152366172173012,1.0,0.4975,0.398,1,1,0.07
02_noise_sweep,130,63369544487159422383019864558762498526,20000,0.0,0.14,depolarizing,0.0,0.5,0.2,,0.11,0.95,20000,9951,1990,7961,697,139,0.07004321173751382,0.06984924623115578,0.05945914640663258,0.08189685638578406,0.022437709979151482,1.0,0.49755,0.39805,1,1,0.07
02_noise_sweep,131,169603312504596513978219565280842933772,20000,0.0,0.14,depolarizing,0.0,0.5,0.2,,0.11,0.95,20000,10038,2007,8031,661,138,0.06584977087069137,0.0687593423019432,0.05849251098078413,0.08067383532322224,0.022181324342438108,1.0,0.5019,0.40155,1,1,0.07
02_noise_sweep,132,319895651162166915213677578654225704173,20000,0.0,0.14,depolarizing,0.0,0.5,0.2,,0.11,0.95,20000,9860,1972,7888,710,144,0.0720081135902637,0.07302231237322515,0.06235057536212146,0.08535432146441002,0.023003746102288558,1.0,0.493,0.3944,1,1,0.07
02_noise_sweep,133,263196056344758314926267134280441987216,20000,0.0,0.14,depolarizing,0.0,0.5,0.2,,0.11,0.95,20000,9979,1995,7984,674,145,0.06754183785950496,0.07268170426065163,0.06209220882524173,0.08491367677113719,0.022821467945895457,1.0,0.49895,0.3992,1,1,0.07
02_noise_sweep,134,245748497770442641614347988612151649087,20000,0.0,0.14,depolarizing,0.0,0.5,0.2,,0.11,0.95,20000,10082,2016,8066,691,120,0.06853798849434636,0.05952380952380952,0.05000927012324442,0.07071379839078813,0.02070452826754371,1.0,0.5041,0.4033,1,1,0.07
02_noise_sweep,135,38206492146128064759265163773446079801,20000,0.0,0.14,depolarizing,0.0,0.5,0.2,,0.11,0.95,20000,9973,1994,7979,672,122,0.06738193121427855,0.06118355065195587,0.051484156465706025,0.072570461445263,0.02108630497955697,1.0,0.49865,0.39895,1,1,0.07
02_noise_sweep,136,205834459126077035636966695771713348972,20000,0.0,0.14,depolarizing,0.0,0.5,0.2,,0.11,0.95,20000,10048,2009,8039,729,138,0.07255175159235669,0.06869089099054256,0.058433987458906586,0.08059408034761141,0.022160092888704824,1.0,0.5024,0.40195,1,1,0.07
02_noise_sweep,137,165052069051806358805783513084331528254,20000,0.0,0.14,depolarizing,0.0,0.5,0.2,,0.11,0.95,20000,10125,2025,8100,691,107,0.06824691358024691,0.05283950617283951,0.04391488612261601,0.06345745579872808,0.019542569676112072,1.0,0.50625,0.405,1,1,0.07
02_noise_sweep,138,40238460032896811028039224152897801071,20000,0.0,0.14,depolarizing,0.0,0.5,0.2,,0.11,0.95,20000,9913,1982,7931,677,149,0.0682941591849087,0.0751765893037336,0.06437227438580242,0.08762448118598665,0.023252206800184222,1.0,0.49565,0.39655,1,1,0.07
02_noise_sweep,139,242926638492201394492488578505110563476,20000,0.0,0.14,depolarizing,0.0,0.5,0.2,,0.11,0.95,20000,9958,1991,7967,678,128,0.06808596103635269,0.06428930185836264,0.05433267573952995,0.07592402093766194,0.021591345198131995,1.0,0.4979,0.39835,1,1,0.07
02_noise_sweep,140,32459398004912680330997700764990055808,20000,0.0,0.14,depolarizing,0.0,0.5,0.2,,0.11,0.95,20000,9892,1978,7914,692,129,0.06995551961180752,0.06521739130434782,0.0551569953588306,0.0769632898715048,0.021806294512674206,1.0,0.4946,0.3957,1,1,0.07
02_noise_sweep,141,240007083206077282482839030596939508462,20000,0.0,0.14,depolarizing,0.0,0.5,0.2,,0.11,0.95,20000,9991,1998,7993,637,131,0.06375738164347913,0.06556556556556556,0.05552432479708094,0.0772741331673695,0.02174980837028856,1.0,0.49955,0.39965,1,1,0.07
02_noise_sweep,142,182404696719817591091784624860963842366,20000,0.0,0.14,depolarizing,0.0,0.5,0.2,,0.11,0.95,20000,10075,2015,8060,707,132,0.07017369727047146,0.06550868486352357,0.055511019096476585,0.0771598539185613,0.02164883482208471,1.0,0.50375,0.403,1,1,0.07
02_noise_sweep,143,99793549085131582791676588613288275144,20000,0.0,0.14,depolarizing,0.0,0.5,0.2,,0.11,0.95,20000,10113,2022,8091,663,122,0.06555918125185405,0.06033630069238378,0.05076792084767817,0.07157208643254129,0.020804165584863116,1.0,0.50565,0.40455,1,1,0.07
02_noise_sweep,144,303608497211229024722669432998507278805,20000,0.0,0.14,depolarizing,0.0,0.5,0.2,,0.11,0.95,20000,10025,2005,8020,680,133,0.06783042394014963,0.06633416458852869,0.056249127905190946,0.07807777859897223,0.021828650693781287,1.0,0.50125,0.401,1,1,0.07
02_noise_sweep,145,113890469157933932467402942671254251433,20000,0.0,0.14,depolarizing,0.0,0.5,0.2,,0.11,0.95,20000,10157,2031,8126,745,153,0.07334842965442552,0.07533234859675036,0.06463862624546136,0.08762948165925212,0.022990855413790756,1.0,0.50785,0.4063,1,1,0.07
02_noise_sweep,146,229857705622455668915278802332092623693,20000,0.0,0.14,depolarizing,0.0,0.5,0.2,,0.11,0.95,20000,9965,1993,7972,642,117,0.06442548921224285,0.05870546914199699,0.049209058474060124,0.06989977601556424,0.020690717541504117,1.0,0.49825,0.3986,1,1,0.07
02_noise_sweep,147,337636734594610232308402814337137470439,20000,0.0,0.14,depolarizing,0.0,0.5,0.2,,0.11,0.95,20000,9984,1996,7988,686,127,0.0687099358974359,0.06362725450901803,0.05373484163475311,0.0751961082080125,0.021461266573259384,1.0,0.4992,0.3994,1,1,0.07
02_noise_sweep,148,208176669770158734042677602566796536231,20000,0.0,0.14,depolarizing,0.0,0.5,0.2,,0.11,0.95,20000,10029,2005,8024,679,131,0.06770365938777545,0.06533665835411472,0.05532952803067969,0.07700618101863393,0.021676652987954244,1.0,0.50145,0.4012,1,1,0.07
02_noise_sweep,149,190635434489197478685812880757832794798,20000,0.0,0.14,depolarizing,0.0,0.5,0.2,,0.11,0.95,20000,9985,1997,7988,697,151,0.06980470706059089,0.0756134201301953,0.06481533765552501,0.08804108056411673,0.023225742908591723,1.0,0.49925,0.3994,1,1,0.07
02_noise_sweep,0,113964848637680193329468812166826982667,20000,0.0,0.16,depolarizing,0.0,0.5,0.2,,0.11,0.95,20000,9999,1999,8000,759,155,0.07590759075907591,0.07753876938469234,0.066608322826574,0.09008978097915066,0.023481458152576656,1.0,0.49995,0.4,1,1,0.08
02_noise_sweep,1,306849383635975902196710129952132598434,20000,0.0,0.16,depolarizing,0.0,0.5,0.2,,0.11,0.95,20000,10117,2023,8094,799,179,0.0789759810220421,0.08848245180425111,0.07687409803958262,0.101650698384914,0.024776600345331384,1.0,0.50585,0.4047,1,1,0.08
02_noise_sweep,2,224499092474151805411991942031784913543,20000,0.0,0.16,depolarizing,0.0,0.5,0.2,,0.11,0.95,20000,10037,2007,8030,803,185,0.08000398525455814,0.09217737917289487,0.08028885970568944,0.10562408593247258,0.025335226226783136,1.0,0.50185,0.4015,1,1,0.08
02_noise_sweep,3,63409317804541598879065740126704309896,20000,0.0,0.16,depolarizing,0.0,0.5,0.2,,0.11,0.95,20000,10013,2002,8011,787,147,0.07859782283032059,0.07342657342657342,0.06279957434408623,0.08568746460454821,0.02288789026046198,1.0,0.50065,0.40055,1,1,0.08
02_noise_sweep,4,43946902309502162408559988978242340998,20000,0.0,0.16,depolarizing,0.0,0.5,0.2,,0.11,0.95,20000,9999,1999,8000,829,155,0.08290829082908291,0.07753876938469234,0.066608322826574,0.09008978097915066,0.023481458152576656,1.0,0.49995,0.4,1,1,0.08
02_noise_sweep,5,151239279665376313192907480948643466589,20000,0.0,0.16,depolarizing,0.0,0.5,0.2,,0.11,0.95,20000,9896,1979,7917,777,149,0.07851657235246565,0.07529055078322384,0.06447038082110074,0.08775634284253295,0.02328596202143221,1.0,0.4948,0.39585,1,1,0.08
02_noise_sweep,6,330641582299533988254054507887100222034,20000,0.0,0.16,depolarizing,0.0,0.5,0.2,,0.11,0.95,20000,9926,1985,7941,791,182,0.07968970380818054,0.09168765743073048,0.07976884581222919,0.10518378436816227,0.025414938555933075,1.0,0.4963,0.39705,1,1,0.08
02_noise_sweep,7,271664094870007941385866037715817598880,20000,0.0,0.16,depolarizing,0.0,0.5,0.2,,0.11,0.95,20000,10078,2015,8063,835,174,0.08285374082159158,0.08635235732009926,0.07486172803633254,0.09941716706136486,0.024555439025032322,1.0,0.5039,0.40315,1,1,0.08
02_noise_sweep,8,204620380678961292460541319445716689000,20000,0.0,0.16,depolarizing,0.0,0.5,0.2,,0.11,0.95,20000,9873,1974,7899,804,141,0.08143421452446065,0.07142857142857142,0.06088047777332232,0.08364144917178763,0.022760971398465314,1.0,0.49365,0.39495,1,1,0.08
02_noise_sweep,9,26303717366935042807921143365466247795,20000,0.0,0.16,depolarizing,0.0,0.5,0.2,,0.11,0.95,20000,10032,2006,8026,827,186,0.08243620414673046,0.09272183449651047,0.08079613554434956,0.10620441475837183,0.025408279214022278,1.0,0.5016,0.4013,1,1,0.08
02_noise_sweep,10,103702494227303416430167040426038120460,20000,0.0,0.16,depolarizing,0.0,0.5,0.2,,0.11,0.95,20000,9908,1981,7927,771,160,0.07781590633831248,0.08076728924785462,0.06956410010121034,0.09359324296089325,0.02402914285968291,1.0,0.4954,0.39635,1,1,0.08
02_noise_sweep,11,168324464184576445516398792311241295513,20000,0.0,0.16,depolarizing,0.0,0.5,0.2,,0.11,0.95,20000,9953,1990,7963,800,150,0.08037777554506179,0.07537688442211055,0.06457825964620606,0.0878117197458407,0.023233460099634645,1.0,0.49765,0.39815,1,1,0.08
02_noise_sweep,12,321099652298976822008706373635126301131,20000,0.0,0.16,depolarizing,0.0,0.5,0.2,,0.11,0.95,20000,10023,2004,8019,806,158,0.08041504539559015,0.07884231536926148,0.06783285160423391,0.0914633206187229,0.02363046901448898,1.0,0.50115,0.40095,1,1,0.08
02_noise_sweep,13,140128883603210313921649560684815945067,20000,0.0,0.16,depolarizing,0.0,0.5,0.2,,0.11,0.95,20000,10033,2006,8027,838,166,0.08352436958038473,0.08275174476570289,0.07147807928113008,0.0956204037095404,0.024142324428410328,1.0,0.50165,0.40135,1,1,0.08
02_noise_sweep,14,115908273561369996352345867234562294226,20000,0.0,0.16,depolarizing,0.0,0.5,0.2,,0.11,0.95,20000,10115,2023,8092,754,115,0.0745427582797825,0.056846267918932276,0.04757078240079738,0.06780156594101788,0.020230783540220502,1.0,0.50575,0.4046,1,1,0.08
02_noise_sweep,15,46262083440956774304402905927632139033,20000,0.0,0.16,depolarizing,0.0,0.5,0.2,,0.11,0.95,20000,10103,2020,8083,793,168,0.07849153716717806,0.08316831683168317,0.07190301970235939,0.09601599259948469,0.0241129728971253,1.0,0.50515,0.40415,1,1,0.08
02_noise_sweep,16,292035466113056448743769909816916163409,20000,0.0,0.16,depolarizing,0.0,0.5,0.2,,0.11,0.95,20000,9858,1971,7887,760,152,0.07709474538445932,0.07711821410451547,0.06614595800589967,0.08973564831024797,0.023589690304348293,1.0,0.4929,0.39435,1,1,0.08
02_noise_sweep,17,306343922689718423088503144736340862377,20000,0.0,0.16,depolarizing,0.0,0.5,0.2,,0.11,0.95,20000,9879,1975,7904,797,158,0.0806761817997773,0.08,0.06883443101841097,0.09279623292133998,0.023961801902929014,1.0,0.49395,0.3952,1,1,0.08
02_noise_sweep,18,215033771239914064471677696167083608118,20000,0.0,0.16,depolarizing,0.0,0.5,0.2,,0.11,0.95,20000,10044,2008,8036,815,165,0.08114297092791717,0.08217131474103585,0.07094233468100684,0.09499591922911292,0.024053584548106077,1.0,0.5022,0.4018,1,1,0.08
02_noise_sweep,19,19340786485319862847421003452604959602,20000,0.0,0.16,depolarizing,0.0,0.5,0.2,,0.11,0.95,20000,9873,1974,7899,761,153,0.07707890205611263,0.07750759878419453,0.06651529126719039,0.0901410764304712,0.023625785163280816,1.0,0.49365,0.39495,1,1,0.08
02_noise_sweep,20,111872181340713857805396863632710672203,20000,0.0,0.16,depolarizing,0.0,0.5,0.2,,0.11,0.95,20000,10013,2002,8011,770,148,0.07690002996105064,0.07392607392607392,0.06326260474509393,0.08622152197994726,0.022958917234853327,1.0,0.50065,0.40055,1,1,0.08
02_noise_sweep,21,15874524144777194945570080335828628530,20000,0.0,0.16,depolarizing,0.0,0.5,0.2,,0.11,0.95,20000,9876,1975,7901,799,154,0.08090319967598218,0.0779746835443038,0.06695174127938594,0.09063615310733186,0.023684411827945923,1.0,0.4938,0.39505,1,1,0.08
02_noise_sweep,22,124372866953081522826530767033485039404,20000,0.0,0.16,depolarizing,0.0,0.5,0.2,,0.11,0.95,20000,9990,1998,7992,767,154,0.07677677677677677,0.07707707707707707,0.06617684610060191,0.08960045456755551,0.0234236084669536,1.0,0.4995,0.3996,1,1,0.08
02_noise_sweep,23,313834157366873552550143858561736571422,20000,0.0,0.16,depolarizing,0.0,0.5,0.2,,0.11,0.95,20000,10030,2006,8024,819,172,0.08165503489531406,0.08574277168494517,0.07426844215221842,0.09880066103206733,0.02453221887984891,1.0,0.5015,0.4012,1,1,0.08
02_noise_sweep,24,67270636559821428812207960830230943673,20000,0.0,0.16,depolarizing,0.0,0.5,0.2,,0.11,0.95,20000,10043,2008,8035,802,151,0.07985661654883999,0.075199203187251,0.06445838185709499,0.08756227438287184,0.023103892525776853,1.0,0.50215,0.40175,1,1,0.08
02_noise_sweep,25,45804616557846048386696852604755210581,20000,0.0,0.16,depolarizing,0.0,0.5,0.2,,0.11,0.95,20000,10158,2031,8127,810,154,0.07974010632014177,0.0758247168882324,0.06509586222606528,0.08815512323470073,0.02305926100863545,1.0,0.5079,0.40635,1,1,0.08
02_noise_sweep,26,55994789401536267256393087128867018388,20000,0.0,0.16,depolarizing,0.0,0.5,0.2,,0.11,0.95,20000,9973,1994,7979,766,153,0.07680737992579965,0.07673019057171515,0.06584452633924964,0.0892435851085879,0.02339905876933826,1.0,0.49865,0.39895,1,1,0.08
02_noise_sweep,27,169772115965402419851393590933919454661,20000,0.0,0.16,depolarizing,0.0,0.5,0.2,,0.11,0.95,20000,9899,1979,7920,825,160,0.08334175169209011,0.0808489135927236,0.06963479668478158,0.09368711560431321,0.024052318919531634,1.0,0.49495,0.396,1,1,0.08
02_noise_sweep,28,27563143435005348943600098927707869704,20000,0.0,0.16,depolarizing,0.0,0.5,0.2,,0.11,0.95,20000,10034,2006,8028,788,152,0.07853298784133944,0.07577268195413758,0.06498568382188229,0.08818135205035259,0.0231956682284703,1.0,0.5017,0.4014,1,1,0.08
02_noise_sweep,29,32238994364084889261040293784790177683,20000,0.0,0.16,depolarizing,0.0,0.5,0.2,,0.11,0.95,20000,9925,1985,7940,797,156,0.0803022670025189,0.07858942065491184,0.06754888926509148,0.09125786600436867,0.023708976739277188,1.0,0.49625,0.397,1,1,0.08
02_noise_sweep,30,160567771848335635153937874175903098372,20000,0.0,0.16,depolarizing,0.0,0.5,0.2,,0.11,0.95,20000,10061,2012,8049,819,168,0.081403439021966,0.08349900596421471,0.0721905411912013,0.09639486880404102,0.02420432761283972,1.0,0.50305,0.40245,1,1,0.08
02_noise_sweep,31,68310211355598192186063557141674839718,20000,0.0,0.16,depolarizing,0.0,0.5,0.2,,0.11,0.95,20000,10045,2009,8036,802,148,0.07984071677451468,0.07366849178695868,0.06304101848908392,0.08592325165088455,0.02288223316180063,1.0,0.50225,0.4018,1,1,0.08
02_noise_sweep,32,102714392708947046622926179695425896439,20000,0.0,0.16,depolarizing,0.0,0.5,0.2,,0.11,0.95,20000,10030,2006,8024,816,176,0.08135593220338982,0.08773678963110668,0.07613115242803167,0.10091836421866426,0.02478721179063259,1.0,0.5015,0.4012,1,1,0.08
02_noise_sweep,33,130999689380152793078284181208131246520,20000,0.0,0.16,depolarizing,0.0,0.5,0.2,,0.11,0.95,20000,10022,2004,8018,784,166,0.07822789862302934,0.08283433133732535,0.07154981878015425,0.09571511010419632,0.024165291324042076,1.0,0.5011,0.4009,1,1,0.08
02_noise_sweep,34,62970050766997527988283574932506224005,20000,0.0,0.16,depolarizing,0.0,0.5,0.2,,0.11,0.95,20000,10019,2003,8016,782,161,0.07805170176664337,0.08037943085371942,0.06926046494617215,0.09310485663342712,0.023844391687254968,1.0,0.50095,0.4008,1,1,0.08
02_noise_sweep,35,279936000409981170772891791398735950796,20000,0.0,0.16,depolarizing,0.0,0.5,0.2,,0.11,0.95,20000,9965,1993,7972,787,158,0.0789764174611139,0.07927747114902157,0.0682093104851921,0.0919643765182758,0.023755066033083694,1.0,0.49825,0.3986,1,1,0.08
02_noise_sweep,36,287801617048230710403391051319357593028,20000,0.0,0.16,depolarizing,0.0,0.5,0.2,,0.11,0.95,20000,10021,2004,8017,801,168,0.07993214250074843,0.08383233532934131,0.07248037165530163,0.09677674639439737,0.02429637473909574,1.0,0.50105,0.40085,1,1,0.08
02_noise_sweep,37,22744326184155972600428482234093655445,20000,0.0,0.16,depolarizing,0.0,0.5,0.2,,0.11,0.95,20000,9948,1989,7959,790,170,0.0794129473260957,0.08547008547008547,0.07396827078217544,0.09857001985744704,0.0246017490752716,1.0,0.4974,0.39795,1,1,0.08
02_noise_sweep,38,315379835873752036101121464479750557243,20000,0.0,0.16,depolarizing,0.0,0.5,0.2,,0.11,0.95,20000,9946,1989,7957,784,164,0.07882565855620349,0.0824534942182001,0.07115537649354843,0.09536136137935207,0.02420598488580364,1.0,0.4973,0.39785,1,1,0.08
02_noise_sweep,39,211334491093556373644884072311033026262,20000,0.0,0.16,depolarizing,0.0,0.5,0.2,,0.11,0.95,20000,9970,1994,7976,787,150,0.07893681043129389,0.07522567703109329,0.06444802217475755,0.08763684796306047,0.02318882578830292,1.0,0.4985,0.3988,1,1,0.08
02_noise_sweep,40,50083262915501155357392275927404182519,20000,0.0,0.16,depolarizing,0.0,0.5,0.2,,0.11,0.95,20000,9978,1995,7983,816,170,0.08177991581479255,0.08521303258145363,0.07374452449904047,0.09827585125580242,0.02453132675676195,1.0,0.4989,0.39915,1,1,0.08
02_noise_sweep,41,149837256734440227824973134544564262182,20000,0.0,0.16,depolarizing,0.0,0.5,0.2,,0.11,0.95,20000,9919,1983,7936,759,142,0.0765198104647646,0.07160867372667676,0.061069296189743764,0.08380459777034338,0.022735301580599616,1.0,0.49595,0.3968,1,1,0.08
02_noise_sweep,42,221684496092289183408727889406863283666,20000,0.0,0.16,depolarizing,0.0,0.5,0.2,,0.11,0.95,20000,10166,2033,8133,822,154,0.08085776116466653,0.07575012297097884,0.0650314820683691,0.08806902434082702,0.02303754227245791,1.0,0.5083,0.40665,1,1,0.08
02_noise_sweep,43,171613178976665785858193267829345780965,20000,0.0,0.16,depolarizing,0.0,0.5,0.2,,0.11,0.95,20000,9919,1983,7936,788,146,0.07944349228752899,0.07362581946545638,0.06293712757491482,0.08596325776146385,0.023026130186549032,1.0,0.49595,0.3968,1,1,0.08
02_noise_sweep,44,32106037714605516254319893796281031923,20000,0.0,0.16,depolarizing,0.0,0.5,0.2,,0.11,0.95,20000,10003,2000,8003,744,142,0.0743776866939918,0.071,0.06054753478172682,0.08309729178558818,0.02254975700386136,1.0,0.50015,0.40015,1,1,0.08
02_noise_sweep,45,84748708951943197141446048547616597541,20000,0.0,0.16,depolarizing,0.0,0.5,0.2,,0.11,0.95,20000,9816,1963,7853,780,148,0.07946210268948656,0.07539480387162506,0.06452624547973698,0.08792196404726638,0.023395718567529394,1.0,0.4908,0.39265,1,1,0.08
02_noise_sweep,46,305494027832005643873934237123670997580,20000,0.0,0.16,depolarizing,0.0,0.5,0.2,,0.11,0.95,20000,9959,1991,7968,773,143,0.07761823476252636,0.0718232044198895,0.06128747447534484,0.08400801130829329,0.022720536832948446,1.0,0.49795,0.3984,1,1,0.08
02_noise_sweep,47,258932901639439685328776981854547109314,20000,0.0,0.16,depolarizing,0.0,0.5,0.2,,0.11,0.95,20000,10213,2042,8171,859,150,0.08410848918045628,0.07345739471106758,0.06292518257808632,0.08559143756893164,0.02266625499084532,1.0,0.51065,0.40855,1,1,0.08
02_noise_sweep,48,234641485984796668282595392691147813575,20000,0.0,0.16,depolarizing,0.0,0.5,0.2,,0.11,0.95,20000,9870,1974,7896,815,165,0.08257345491388045,0.08358662613981763,0.07217124223137657,0.09661956621883667,0.024448323987460108,1.0,0.4935,0.3948,1,1,0.08
02_noise_sweep,49,5784133944915505831485322775803084210,20000,0.0,0.16,depolarizing,0.0,0.5,0.2,,0.11,0.95,20000,10037,2007,8030,766,165,0.07631762478828336,0.08221225710014948,0.07097788129522757,0.09504289441350654,0.024065013118278966,1.0,0.50185,0.4015,1,1,0.08
02_noise_sweep,50,77634514620847176490944417073363437883,20000,0.0,0.16,depolarizing,0.0,0.5,0.2,,0.11,0.95,20000,9919,1983,7936,807,153,0.08135900796451255,0.07715582450832073,0.06621176337404693,0.08973498187084193,0.023523218496795006,1.0,0.49595,0.3968,1,1,0.08
02_noise_sweep,51,254460998925730973510780359186646635564,20000,0.0,0.16,depolarizing,0.0,0.5,0.2,,0.11,0.95,20000,10001,2000,8001,818,179,0.0817918208179182,0.0895,0.07776341044149375,0.10281048537641489,0.025047074934921143,1.0,0.50005,0.40005,1,1,0.08
02_noise_sweep,52,278002831762431405675164838294721936611,20000,0.0,0.16,depolarizing,0.0,0.5,0.2,,0.11,0.95,20000,10070,2014,8056,803,156,0.07974180734856008,0.07745779543197617,0.06657096550258355,0.08995345193370217,0.02338248643111862,1.0,0.5035,0.4028,1,1,0.08
02_noise_sweep,53,292563254268603913039593363041236439863,20000,0.0,0.16,depolarizing,0.0,0.5,0.2,,0.11,0.95,20000,10011,2002,8009,794,183,0.07931275596843472,0.09140859140859141,0.07955503161509578,0.1048271672841817,0.025272135669085927,1.0,0.50055,0.40045,1,1,0.08
02_noise_sweep,54,246588254601209350310597421795358065524,20000,0.0,0.16,depolarizing,0.0,0.5,0.2,,0.11,0.95,20000,9985,1997,7988,820,163,0.08212318477716575,0.08162243365047571,0.07040225253607231,0.09444911905391078,0.024046866517838467,1.0,0.49925,0.3994,1,1,0.08
02_noise_sweep,55,144401699507579152170287938490629130247,20000,0.0,0.16,depolarizing,0.0,0.5,0.2,,0.11,0.95,20000,9994,1998,7996,827,176,0.08274964978987392,0.08808808808808809,0.07643777872302653,0.10131928453128537,0.024881505808258847,1.0,0.4997,0.3998,1,1,0.08
02_noise_sweep,56,260840709917527417887878536597919328119,20000,0.0,0.16,depolarizing,0.0,0.5,0.2,,0.11,0.95,20000,9966,1993,7973,777,147,0.07796508127633955,0.07375815353738083,0.06308466208655499,0.08607162546197929,0.022986963375424302,1.0,0.4983,0.39865,1,1,0.08
02_noise_sweep,57,68244312674033607102502581233960158570,20000,0.0,0.16,depolarizing,0.0,0.5,0.2,,0.11,0.95,20000,9995,1999,7996,812,150,0.08124062031015508,0.0750375187593797,0.06428596227319092,0.08741923510154337,0.023133272828352452,1.0,0.49975,0.3998,1,1,0.08
02_noise_sweep,58,148262984257323226034461884608326813888,20000,0.0,0.16,depolarizing,0.0,0.5,0.2,,0.11,0.95,20000,9979,1995,7984,776,149,0.07776330293616594,0.07468671679197995,0.06395057454832667,0.08705762947340648,0.023107054925079806,1.0,0.49895,0.3992,1,1,0.08
02_noise_sweep,59,271350567555985309515070401991551737702,20000,0.0,0.16,depolarizing,0.0,0.5,0.2,,0.11,0.95,20000,9970,1994,7976,854,158,0.08565697091273822,0.07923771313941826,0.06817491435037153,0.09191859928083189,0.023743684930460363,1.0,0.4985,0.3988,1,1,0.08
02_noise_sweep,60,139449729992626092417566450310768037758,20000,0.0,0.16,depolarizing,0.0,0.5,0.2,,0.11,0.95,20000,9922,1984,7938,824,154,0.08304777262648659,0.07762096774193548,0.06664636984249647,0.09022804156337944,0.023581671720882963,1.0,0.4961,0.3969,1,1,0.08
02_noise_sweep,61,209172514410318101487027075263788909206,20000,0.0,0.16,depolarizing,0.0,0.5,0.2,,0.11,0.95,20000,9989,1997,7992,778,159,0.07788567424166583,0.07961942914371557,0.06853772536220694,0.09231532843766237,0.023777603075455428,1.0,0.49945,0.3996,1,1,0.08
02_noise_sweep,62,62279062950675883639386732918678323938,20000,0.0,0.16,depolarizing,0.0,0.5,0.2,,0.11,0.95,20000,10145,2029,8116,789,165,0.07777230162641695,0.08132084770823066,0.07020399578276183,0.09402005492818959,0.023816059145427754,1.0,0.50725,0.4058,1,1,0.08
02_noise_sweep,63,121184911410805492260926494569772467075,20000,0.0,0.16,depolarizing,0.0,0.5,0.2,,0.11,0.95,20000,10111,2022,8089,822,163,0.08129759667688656,0.08061325420375866,0.06952696871818499,0.09329004610029208,0.02376307738210709,1.0,0.50555,0.40445,1,1,0.08
02_noise_sweep,64,72597901776595173240780668520954359032,20000,0.0,0.16,depolarizing,0.0,0.5,0.2,,0.11,0.95,20000,9930,1986,7944,802,156,0.08076535750251762,0.07854984894259819,0.06751468965770453,0.0912122568638951,0.023697567206190567,1.0,0.4965,0.3972,1,1,0.08
02_noise_sweep,65,269879438819162923676706242545009371456,20000,0.0,0.16,depolarizing,0.0,0.5,0.2,,0.11,0.95,20000,10049,2009,8040,779,167,0.07752015125883173,0.08312593330014932,0.07183478370647031,0.09600827086705399,0.02417348716058368,1.0,0.50245,0.402,1,1,0.08
02_noise_sweep,66,218005273691975831018723427160482810818,20000,0.0,0.16,depolarizing,0.0,0.5,0.2,,0.11,0.95,20000,9894,1978,7916,825,161,0.08338386901152213,0.08139534883720931,0.07014078043498505,0.09427270348445414,0.024131923049469095,1.0,0.4947,0.3958,1,1,0.08
02_noise_sweep,67,331705606041061298672385796676020805853,20000,0.0,0.16,depolarizing,0.0,0.5,0.2,,0.11,0.95,20000,10050,2010,8040,783,166,0.07791044776119403,0.08258706467661692,0.07133503105125912,0.09543155196335563,0.02409652091209652,1.0,0.5025,0.402,1,1,0.08
02_noise_sweep,68,202373208275719698283306661609321542804,20000,0.0,0.16,depolarizing,0.0,0.5,0.2,,0.11,0.95,20000,9969,1993,7976,827,163,0.08295716721837697,0.08178625188158554,0.07054434746440472,0.09463724838221482,0.024092900917810106,1.0,0.49845,0.3988,1,1,0.08
02_noise_sweep,69,212782997021491028325186522238214097527,20000,0.0,0.16,depolarizing,0.0,0.5,0.2,,0.11,0.95,20000,9957,1991,7966,793,149,0.07964246258913327,0.07483676544450026,0.06407973862415871,0.08723126280205794,0.02315152417789923,1.0,0.49785,0.3983,1,1,0.08
02_noise_sweep,70,121976356200557407811139641652516098526,20000,0.0,0.16,depolarizing,0.0,0.5,0.2,,0.11,0.95,20000,9957,1991,7966,744,138,0.07472130159686653,0.06931190356604722,0.058964953786908636,0.08131760229458077,0.02235264850767213,1.0,0.49785,0.3983,1,1,0.08
02_noise_sweep,71,172745427235437484361519139394552897179,20000,0.0,0.16,depolarizing,0.0,0.5,0.2,,0.11,0.95,20000,10109,2021,8088,797,169,0.07884063705608864,0.08362196932211777,0.07232875727224122,0.09649505722027171,0.02416629994803049,1.0,0.50545,0.4044,1,1,0.08
02_noise_sweep,72,271932570127833395787623821219329475367,20000,0.0,0.16,depolarizing,0.0,0.5,0.2,,0.11,0.95,20000,9900,1980,7920,803,165,0.0811111111111111,0.08333333333333333,0.07195129148404975,0.09632902009848371,0.024377728614433963,1.0,0.495,0.396,1,1,0.08
02_noise_sweep,73,306674480497243503392480399194362491234,20000,0.0,0.16,depolarizing,0.0,0.5,0.2,,0.11,0.95,20000,10030,2006,8024,771,152,0.07686939182452641,0.07577268195413758,0.06498568382188229,0.08818135205035259,0.0231956682284703,1.0,0.5015,0.4012,1,1,0.08
02_noise_sweep,74,287907697413076621434587692240710673725,20000,0.0,0.16,depolarizing,0.0,0.5,0.2,,0.11,0.95,20000,10080,2016,8064,829,162,0.08224206349206349,0.08035714285714286,0.06927314573478452,0.09303734521439513,0.023764199479610615,1.0,0.504,0.4032,1,1,0.08
02_noise_sweep,75,139226665880341941342237761387442993465,20000,0.0,0.16,depolarizing,0.0,0.5,0.2,,0.11,0.95,20000,9938,1987,7951,767,163,0.07717850674179916,0.08203321590337191,0.07075856873538704,0.09492085157168294,0.0241622828362959,1.0,0.4969,0.39755,1,1,0.08
02_noise_sweep,76,153910921335001738204597128085864074707,20000,0.0,0.16,depolarizing,0.0,0.5,0.2,,0.11,0.95,20000,10011,2002,8009,773,146,0.07721506343022676,0.07292707292707293,0.062336696298121594,0.08515325487410609,0.022816558575984497,1.0,0.50055,0.40045,1,1,0.08
02_noise_sweep,77,89362739647378839548720905458313710337,20000,0.0,0.16,depolarizing,0.0,0.5,0.2,,0.11,0.95,20000,9945,1989,7956,804,166,0.08084464555052791,0.08345902463549522,0.07209249054646089,0.09643143158201359,0.024338941035552702,1.0,0.49725,0.3978,1,1,0.08
02_noise_sweep,78,66753321233897780307376796480706571470,20000,0.0,0.16,depolarizing,0.0,0.5,0.2,,0.11,0.95,20000,10011,2002,8009,779,152,0.07781440415542903,0.07592407592407592,0.06511622205145674,0.08835625577921145,0.02324003372775471,1.0,0.50055,0.40045,1,1,0.08
02_noise_sweep,79,148975799758959896727008630111831854625,20000,0.0,0.16,depolarizing,0.0,0.5,0.2,,0.11,0.95,20000,9957,1991,7966,730,134,0.07331525559907602,0.06730286288297338,0.05710993776543649,0.07916227455433389,0.022052336788897398,1.0,0.49785,0.3983,1,1,0.08
02_noise_sweep,80,202453501637785995644791556463616682413,20000,0.0,0.16,depolarizing,0.0,0.5,0.2,,0.11,0.95,20000,10010,2002,8008,814,161,0.08131868131868132,0.08041958041958042,0.06929525303676579,0.09315101478156315,0.023855761744797366,1.0,0.5005,0.4004,1,1,0.08
02_noise_sweep,81,162424243631489603745814625296906416209,20000,0.0,0.16,depolarizing,0.0,0.5,0.2,,0.11,0.95,20000,10122,2024,8098,828,173,0.08180201541197392,0.08547430830039526,0.07406548364654852,0.0984536535369604,0.02438816989041187,1.0,0.5061,0.4049,1,1,0.08
02_noise_sweep,82,290968922131665550055319247998272514188,20000,0.0,0.16,depolarizing,0.0,0.5,0.2,,0.11,0.95,20000,9936,1987,7949,821,179,0.08262882447665057,0.09008555611474585,0.07827522813821644,0.10347779755727846,0.025202569419062015,1.0,0.4968,0.39745,1,1,0.08
02_noise_sweep,83,324176587176615502882444717902769911662,20000,0.0,0.16,depolarizing,0.0,0.5,0.2,,0.11,0.95,20000,10120,2024,8096,824,162,0.08142292490118577,0.0800395256916996,0.06899782702100654,0.09267233579899653,0.02367450877798999,1.0,0.506,0.4048,1,1,0.08
02_noise_sweep,84,52450485509868763839751793445928346969,20000,0.0,0.16,depolarizing,0.0,0.5,0.2,,0.11,0.95,20000,9948,1989,7959,812,157,0.08162444712505026,0.07893413775766717,0.06787970044975716,0.09161189252863436,0.023732192078877196,1.0,0.4974,0.39795,1,1,0.08
02_noise_sweep,85,222318739013590416416328055489125639096,20000,0.0,0.16,depolarizing,0.0,0.5,0.2,,0.11,0.95,20000,10028,2005,8023,785,157,0.07828081372157958,0.07830423940149626,0.06733505496241743,0.0908862209999402,0.023551166037522775,1.0,0.5014,0.40115,1,1,0.08
02_noise_sweep,86,15959863576836743977239585945184853337,20000,0.0,0.16,depolarizing,0.0,0.5,0.2,,0.11,0.95,20000,9985,1997,7988,783,154,0.0784176264396595,0.0771156735102654,0.06621016398125222,0.08964499258097484,0.023434828599722624,1.0,0.49925,0.3994,1,1,0.08
02_noise_sweep,87,39445048185554876137680596081806511528,20000,0.0,0.16,depolarizing,0.0,0.5,0.2,,0.11,0.95,20000,10099,2019,8080,834,161,0.08258243390434697,0.07974244675581971,0.0687085685581489,0.09237249758267362,0.023663929024524716,1.0,0.50495,0.404,1,1,0.08
02_noise_sweep,88,270024031640154417930826246325861332878,20000,0.0,0.16,depolarizing,0.0,0.5,0.2,,0.11,0.95,20000,9969,1993,7976,784,162,0.07864379576687731,0.08128449573507275,0.07007706957070944,0.09410294450727977,0.024025874936570324,1.0,0.49845,0.3988,1,1,0.08
02_noise_sweep,89,3225790162204563301515401524163267456,20000,0.0,0.16,depolarizing,0.0,0.5,0.2,,0.11,0.95,20000,10016,2003,8013,777,158,0.0775758785942492,0.07888167748377434,0.06786690331866196,0.09150864546467175,0.02364174214600978,1.0,0.5008,0.40065,1,1,0.08
02_noise_sweep,90,111604928283333189279303054736900387158,20000,0.0,0.16,depolarizing,0.0,0.5,0.2,,0.11,0.95,20000,10079,2015,8064,763,156,0.07570195455898403,0.07741935483870968,0.06653774882779095,0.0899091368059095,0.023371387978118552,1.0,0.50395,0.4032,1,1,0.08
02_noise_sweep,91,96972567899368006389056469376500099911,20000,0.0,0.16,depolarizing,0.0,0.5,0.2,,0.11,0.95,20000,10076,2015,8061,768,161,0.07622072250893211,0.07990074441687345,0.06884571633528976,0.09255450526063207,0.02370878892534231,1.0,0.5038,0.40305,1,1,0.08
02_noise_sweep,92,148497639081228250879137411585699486598,20000,0.0,0.16,depolarizing,0.0,0.5,0.2,,0.11,0.95,20000,10016,2003,8013,732,159,0.07308306709265176,0.07938092860708937,0.06833128746435996,0.09204085225106229,0.02370956478670233,1.0,0.5008,0.40065,1,1,0.08
02_noise_sweep,93,319699218067724154128455088425114874394,20000,0.0,0.16,depolarizing,0.0,0.5,0.2,,0.11,0.95,20000,9957,1991,7966,767,140,0.07703123430752234,0.07031642390758412,0.059893471863612616,0.08239425609873625,0.02250078423512364,1.0,0.49785,0.3983,1,1,0.08
02_noise_sweep,94,314690960623871572096968788239083325645,20000,0.0,0.16,depolarizing,0.0,0.5,0.2,,0.11,0.95,20000,9993,1998,7995,811,175,0.08115680976683678,0.08758758758758758,0.07597003767941071,0.1007879454573487,0.024817907777937992,1.0,0.49965,0.39975,1,1,0.08
02_noise_sweep,95,69736686522381891206905485817738050343,20000,0.0,0.16,depolarizing,0.0,0.5,0.2,,0.11,0.95,20000,9962,1992,7970,790,147,0.07930134511142341,0.07379518072289157,0.06311649837694955,0.08611452270660044,0.022998024329650896,1.0,0.4981,0.3985,1,1,0.08
02_noise_sweep,96,257994200880519869488093740677680131353,20000,0.0,0.16,depolarizing,0.0,0.5,0.2,,0.11,0.95,20000,10133,2026,8107,768,149,0.07579196684101451,0.07354392892398816,0.06296693837315018,0.0857350489219853,0.022768110548835124,1.0,0.50665,0.40535,1,1,0.08
02_noise_sweep,97,320320530745399902875470824916525292278,20000,0.0,0.16,depolarizing,0.0,0.5,0.2,,0.11,0.95,20000,10132,2026,8106,810,188,0.07994472956968023,0.09279368213228036,0.0809187815205416,0.10620985218141069,0.02529107066086908,1.0,0.5066,0.4053,1,1,0.08
02_noise_sweep,98,137524608652197104660083532030538413672,20000,0.0,0.16,depolarizing,0.0,0.5,0.2,,0.11,0.95,20000,10034,2006,8028,821,148,0.08182180586007574,0.07377866400797607,0.0631357936475539,0.0860508287622708,0.022915035114716903,1.0,0.5017,0.4014,1,1,0.08
02_noise_sweep,99,176477283891770656813514438891850961462,20000,0.0,0.16,depolarizing,0.0,0.5,0.2,,0.11,0.95,20000,9957,1991,7966,783,166,0.07863814401928292,0.08337518834756404,0.07201965911459428,0.0963353032989281,0.024315644184333823,1.0,0.49785,0.3983,1,1,0.08
02_noise_sweep,100,297294084110822565894106931917029844298,20000,0.0,0.16,depolarizing,0.0,0.5,0.2,,0.11,0.95,20000,10022,2004,8018,850,165,0.0848134104969068,0.08233532934131736,0.07108473521960504,0.09518409908207132,0.024099363862466278,1.0,0.5011,0.4009,1,1,0.08
02_noise_sweep,101,147531368334815660489355146753092259446,20000,0.0,0.16,depolarizing,0.0,0.5,0.2,,0.11,0.95,20000,10048,2009,8039,861,179,0.08568869426751592,0.08909905425584869,0.07741297889053313,0.10235351848313175,0.02494053959259862,1.0,0.5024,0.40195,1,1,0.08
02_noise_sweep,102,260259187487201777060461722928771969163,20000,0.0,0.16,depolarizing,0.0,0.5,0.2,,0.11,0.95,20000,9990,1998,7992,818,148,0.08188188188188188,0.07407407407407407,0.0633899263325573,0.08639289363028524,0.02300296729772794,1.0,0.4995,0.3996,1,1,0.08
02_noise_sweep,103,108995072890733885278269457625226579878,20000,0.0,0.16,depolarizing,0.0,0.5,0.2,,0.11,0.95,20000,9903,1980,7923,806,165,0.08138947793597899,0.08333333333333333,0.07195129148404975,0.09632902009848371,0.024377728614433963,1.0,0.49515,0.39615,1,1,0.08
02_noise_sweep,104,98348363313576027220831527566648052443,20000,0.0,0.16,depolarizing,0.0,0.5,0.2,,0.11,0.95,20000,10019,2003,8016,781,164,0.07795189140632798,0.08187718422366451,0.07065523697114458,0.09469985740472027,0.024044620433575692,1.0,0.50095,0.4008,1,1,0.08
02_noise_sweep,105,69142436336272725762332317355822972181,20000,0.0,0.16,depolarizing,0.0,0.5,0.2,,0.11,0.95,20000,10059,2011,8048,795,171,0.07903370116313749,0.08503232222774738,0.07361851543987023,0.09802846815114562,0.024409952711275384,1.0,0.50295,0.4024,1,1,0.08
02_noise_sweep,106,38460386654477525797712592308001401503,20000,0.0,0.16,depolarizing,0.0,0.5,0.2,,0.11,0.95,20000,9912,1982,7930,784,144,0.07909604519774012,0.07265388496468214,0.0620343420343554,0.08492676481755121,0.02289242278319581,1.0,0.4956,0.3965,1,1,0.08
02_noise_sweep,107,110367847402989554252207742087637495264,20000,0.0,0.16,depolarizing,0.0,0.5,0.2,,0.11,0.95,20000,9970,1994,7976,840,180,0.08425275827482448,0.09027081243731194,0.07846796159464416,0.1036493216433692,0.025181360048725038,1.0,0.4985,0.3988,1,1,0.08
02_noise_sweep,108,1942783988772717302161094425714221608,20000,0.0,0.16,depolarizing,0.0,0.5,0.2,,0.11,0.95,20000,9962,1992,7970,791,177,0.07940172656093154,0.08885542168674698,0.07713865750190095,0.10215487167056954,0.025016214168668588,1.0,0.4981,0.3985,1,1,0.08
02_noise_sweep,109,112850403580922538959107101346871067845,20000,0.0,0.16,depolarizing,0.0,0.5,0.2,,0.11,0.95,20000,9941,1988,7953,813,157,0.08178251684941153,0.0789738430583501,0.06791403352161732,0.09165763189038689,0.023743598368769575,1.0,0.49705,0.39765,1,1,0.08
02_noise_sweep,110,97342966106182060280223530351607328946,20000,0.0,0.16,depolarizing,0.0,0.5,0.2,,0.11,0.95,20000,10097,2019,8078,810,173,0.08022184807368525,0.08568598315998019,0.07424996277642001,0.0986956021343614,0.02444563935794139,1.0,0.50485,0.4039,1,1,0.08
02_noise_sweep,111,250992067454952736030908223574905003629,20000,0.0,0.16,depolarizing,0.0,0.5,0.2,,0.11,0.95,20000,10081,2016,8065,801,171,0.07945640313460967,0.08482142857142858,0.07343488262935353,0.09778719884164337,0.024352316212289837,1.0,0.50405,0.40325,1,1,0.08
02_noise_sweep,112,219753361101887238049874408039484102235,20000,0.0,0.16,depolarizing,0.0,0.5,0.2,,0.11,0.95,20000,9971,1994,7977,828,145,0.08304081837328252,0.07271815446339017,0.06212351125773594,0.08495595669671614,0.0228324454389802,1.0,0.49855,0.39885,1,1,0.08
02_noise_sweep,113,333508258725773619533847869001174998346,20000,0.0,0.16,depolarizing,0.0,0.5,0.2,,0.11,0.95,20000,10051,2010,8041,792,177,0.07879812953934932,0.0880597014925373,0.07644380150539806,0.10124717672594999,0.024803375220551926,1.0,0.50255,0.40205,1,1,0.08
02_noise_sweep,114,215920129330767299626163725548298219136,20000,0.0,0.16,depolarizing,0.0,0.5,0.2,,0.11,0.95,20000,9888,1977,7911,773,135,0.07817556634304207,0.06828528072837632,0.05798319514958772,0.08026182067501403,0.02227862552542631,1.0,0.4944,0.39555,1,1,0.08
02_noise_sweep,115,185621785312942613856610853519415722468,20000,0.0,0.16,depolarizing,0.0,0.5,0.2,,0.11,0.95,20000,10074,2014,8060,824,169,0.08179471907881676,0.08391261171797418,0.07258158072123394,0.09682789261790523,0.024246311896671285,1.0,0.5037,0.403,1,1,0.08
02_noise_sweep,116,288468312675832981269267355021030819782,20000,0.0,0.16,depolarizing,0.0,0.5,0.2,,0.11,0.95,20000,10052,2010,8042,795,159,0.07908873855949065,0.0791044776119403,0.06809200969465333,0.09172268545476749,0.023630675760114156,1.0,0.5026,0.4021,1,1,0.08
02_noise_sweep,117,294815983426069462017756979595239436909,20000,0.0,0.16,depolarizing,0.0,0.5,0.2,,0.11,0.95,20000,9978,1995,7983,772,176,0.07737021447183805,0.08822055137844612,0.07655340141770244,0.10147045197517181,0.024917050557469372,1.0,0.4989,0.39915,1,1,0.08
02_noise_sweep,118,71245622440886094064873659479554749227,20000,0.0,0.16,depolarizing,0.0,0.5,0.2,,0.11,0.95,20000,10016,2003,8013,799,157,0.0797723642172524,0.0783824263604593,0.06740265713787472,0.09097630071337048,0.023573643575495767,1.0,0.5008,0.40065,1,1,0.08
02_noise_sweep,119,130593021754064966963627895781274123856,20000,0.0,0.16,depolarizing,0.0,0.5,0.2,,0.11,0.95,20000,9984,1996,7988,799,164,0.08002804487179487,0.08216432865731463,0.07090442467356342,0.09502945841353935,0.024125033739975932,1.0,0.4992,0.3994,1,1,0.08
02_noise_sweep,120,24876245963930857553482382161887307864,20000,0.0,0.16,depolarizing,0.0,0.5,0.2,,0.11,0.95,20000,9824,1964,7860,796,146,0.08102605863192182,0.07433808553971487,0.06354923936525428,0.08678881632241717,0.02323957695716289,1.0,0.4912,0.393,1,1,0.08
02_noise_sweep,121,277551681356838459642349539557397537237,20000,0.0,0.16,depolarizing,0.0,0.5,0.2,,0.11,0.95,20000,9900,1980,7920,822,148,0.08303030303030302,0.07474747474747474,0.06396927420406066,0.08717257107168862,0.023203296867627954,1.0,0.495,0.396,1,1,0.08
02_noise_sweep,122,29385657942335584623475576943086940334,20000,0.0,0.16,depolarizing,0.0,0.5,0.2,,0.11,0.95,20000,10044,2008,8036,809,170,0.08054559936280366,0.0846613545816733,0.07326435491375428,0.09764446959284868,0.0243801146790944,1.0,0.5022,0.4018,1,1,0.08
02_noise_sweep,123,255567034573450436735058155708856037469,20000,0.0,0.16,depolarizing,0.0,0.5,0.2,,0.11,0.95,20000,9926,1985,7941,784,161,0.07898448519040903,0.08110831234256927,0.06989204412145583,0.09394276401549109,0.02405071989403526,1.0,0.4963,0.39705,1,1,0.08
02_noise_sweep,124,171789938175699375225057561152348038430,20000,0.0,0.16,depolarizing,0.0,0.5,0.2,,0.11,0.95,20000,10058,2011,8047,815,162,0.08103002585006959,0.08055693684733964,0.06944633861073965,0.09326693959060472,0.023820600979865075,1.0,0.5029,0.40235,1,1,0.08
02_noise_sweep,125,233046597711614958830407618508529227914,20000,0.0,0.16,depolarizing,0.0,0.5,0.2,,0.11,0.95,20000,9947,1989,7958,793,164,0.079722529405851,0.0824534942182001,0.07115537649354843,0.09536136137935207,0.02420598488580364,1.0,0.49735,0.3979,1,1,0.08
02_noise_sweep,126,66313399326860073156749438590096408674,20000,0.0,0.16,depolarizing,0.0,0.5,0.2,,0.11,0.95,20000,9998,1999,7999,771,156,0.07711542308461693,0.07803901950975488,0.06707322585262819,0.09062345923929453,0.02355023338666634,1.0,0.4999,0.39995,1,1,0.08
02_noise_sweep,127,19601673299447072739742883415296821810,20000,0.0,0.16,depolarizing,0.0,0.5,0.2,,0.11,0.95,20000,10078,2015,8063,840,170,0.08334987100615202,0.08436724565756824,0.07300838335175924,0.09730784297616107,0.02429945962440183,1.0,0.5039,0.40315,1,1,0.08
02_noise_sweep,128,82908424010900013863163059717674492704,20000,0.0,0.16,depolarizing,0.0,0.5,0.2,,0.11,0.95,20000,10059,2011,8048,815,170,0.08102197037478874,0.08453505718547986,0.07315443333309171,0.09749991632573843,0.024345482992646716,1.0,0.50295,0.4024,1,1,0.08
02_noise_sweep,129,46085816623616491645599710203656195167,20000,0.0,0.16,depolarizing,0.0,0.5,0.2,,0.11,0.95,20000,10032,2006,8026,756,151,0.07535885167464115,0.07527417746759721,0.06452299014603335,0.08764894236059897,0.02312595221456562,1.0,0.5016,0.4013,1,1,0.08
02_noise_sweep,130,24666925538796810150391560734520911783,20000,0.0,0.16,depolarizing,0.0,0.5,0.2,,0.11,0.95,20000,10079,2015,8064,777,151,0.07709098124813969,0.0749379652605459,0.06423326832039931,0.08726028135107976,0.023027013030680443,1.0,0.50395,0.4032,1,1,0.08
02_noise_sweep,131,92661937867253898943072859950462434134,20000,0.0,0.16,depolarizing,0.0,0.5,0.2,,0.11,0.95,20000,9975,1995,7980,740,140,0.07418546365914787,0.07017543859649122,0.05977277041153192,0.0822302171531542,0.022457446741622283,1.0,0.49875,0.399,1,1,0.08
02_noise_sweep,132,320445868791471601421277136171174206070,20000,0.0,0.16,depolarizing,0.0,0.5,0.2,,0.11,0.95,20000,9941,1988,7953,805,170,0.08097776883613318,0.08551307847082495,0.07400569391479414,0.09861921922677272,0.02461352531197858,1.0,0.49705,0.39765,1,1,0.08
02_noise_sweep,133,99201561772744175227988867607860268990,20000,0.0,0.16,depolarizing,0.0,0.5,0.2,,0.11,0.95,20000,9986,1997,7989,784,153,0.07850991387943121,0.07661492238357537,0.0657450767979588,0.08911050031673984,0.023365423518781042,1.0,0.4993,0.39945,1,1,0.08
02_noise_sweep,134,92336919325713855883590296912956759977,20000,0.0,0.16,depolarizing,0.0,0.5,0.2,,0.11,0.95,20000,9931,1986,7945,746,140,0.07511831638304299,0.07049345417925479,0.060045035989760215,0.08260022731122485,0.022555191321464635,1.0,0.49655,0.39725,1,1,0.08
02_noise_sweep,135,8728854970527076617566082219574050470,20000,0.0,0.16,depolarizing,0.0,0.5,0.2,,0.11,0.95,20000,9996,1999,7997,769,167,0.07693077230892358,0.08354177088544272,0.07219618578544318,0.09648489345465838,0.024288707669215204,1.0,0.4998,0.39985,1,1,0.08
02_noise_sweep,136,177623352960375141718089358275795496904,20000,0.0,0.16,depolarizing,0.0,0.5,0.2,,0.11,0.95,20000,10120,2024,8096,808,170,0.07984189723320158,0.08399209486166008,0.07268189383234103,0.09687843216112083,0.0241965383287798,1.0,0.506,0.4048,1,1,0.08
02_noise_sweep,137,269504779686726194534207337555925147651,20000,0.0,0.16,depolarizing,0.0,0.5,0.2,,0.11,0.95,20000,10128,2025,8103,778,166,0.07681674565560821,0.0819753086419753,0.07080366220225026,0.09472995175293228,0.023926289550682017,1.0,0.5064,0.40515,1,1,0.08
02_noise_sweep,138,133045631581240727666454506772704250364,20000,0.0,0.16,depolarizing,0.0,0.5,0.2,,0.11,0.95,20000,9907,1981,7926,807,163,0.08145755526395478,0.08228167592125189,0.07097409517904683,0.09520615934701061,0.02423206416796378,1.0,0.49535,0.3963,1,1,0.08
02_noise_sweep,139,280231975609336229800877804861105038276,20000,0.0,0.16,depolarizing,0.0,0.5,0.2,,0.11,0.95,20000,10095,2019,8076,823,169,0.08152550767706786,0.08370480435859336,0.07240081261485043,0.09658991937261135,0.024189106757760925,1.0,0.50475,0.4038,1,1,0.08
02_noise_sweep,140,60862756501412802234470897633138622582,20000,0.0,0.16,depolarizing,0.0,0.5,0.2,,0.11,0.95,20000,10013,2002,8011,837,183,0.08359133126934984,0.09140859140859141,0.07955503161509578,0.1048271672841817,0.025272135669085927,1.0,0.50065,0.40055,1,1,0.08
02_noise_sweep,141,271465542916394112878219055447330055481,20000,0.0,0.16,depolarizing,0.0,0.5,0.2,,0.11,0.95,20000,10096,2019,8077,847,167,0.0838946117274168,0.08271421495789995,0.07147698229283182,0.09553633323297013,0.024059350940138308,1.0,0.5048,0.40385,1,1,0.08
02_noise_sweep,142,171193589373798943482759710113124623372,20000,0.0,0.16,depolarizing,0.0,0.5,0.2,,0.11,0.95,20000,9869,1973,7896,777,158,0.07873138109230925,0.08008109477952356,0.06890459695305169,0.09288959114107041,0.02398499418801872,1.0,0.49345,0.3948,1,1,0.08
02_noise_sweep,143,128518535398600848333938033193118469795,20000,0.0,0.16,depolarizing,0.0,0.5,0.2,,0.11,0.95,20000,10004,2000,8004,800,160,0.07996801279488205,0.08,0.06889957451773436,0.09271074519851809,0.023811170680783728,1.0,0.5002,0.4002,1,1,0.08
02_noise_sweep,144,113861197435456112829230109545006604742,20000,0.0,0.16,depolarizing,0.0,0.5,0.2,,0.11,0.95,20000,10018,2003,8015,799,167,0.07975643841086046,0.08337493759360959,0.07205118940202114,0.09629367777010926,0.024242488368088122,1.0,0.5009,0.40075,1,1,0.08
02_noise_sweep,145,283548630857689550438723892122469929321,20000,0.0,0.16,depolarizing,0.0,0.5,0.2,,0.11,0.95,20000,9971,1994,7977,819,167,0.08213820078226858,0.08375125376128385,0.07237825410450609,0.09672498345675594,0.024346729352249852,1.0,0.49855,0.39885,1,1,0.08
02_noise_sweep,146,20258133631019687684664392893344416706,20000,0.0,0.16,depolarizing,0.0,0.5,0.2,,0.11,0.95,20000,9968,1993,7975,795,167,0.07975521669341894,0.08379327646763673,0.07241477803406933,0.09677314488707157,0.024358366853002245,1.0,0.4984,0.39875,1,1,0.08
02_noise_sweep,147,117304650075937218669764193091076429890,20000,0.0,0.16,depolarizing,0.0,0.5,0.2,,0.11,0.95,20000,9977,1995,7982,815,162,0.08168788212889647,0.081203007518797,0.07000642307934023,0.0940093158247942,0.024002892745453974,1.0,0.49885,0.3991,1,1,0.08
02_noise_sweep,148,130054479774053253702390792004253238860,20000,0.0,0.16,depolarizing,0.0,0.5,0.2,,0.11,0.95,20000,10129,2025,8104,777,156,0.07671043538355218,0.07703703703703704,0.06620739636923173,0.0894683748683511,0.023260978499119372,1.0,0.50645,0.4052,1,1,0.08
02_noise_sweep,149,253740402756031275191555122868284669388,20000,0.0,0.16,depolarizing,0.0,0.5,0.2,,0.11,0.95,20000,9946,1989,7957,823,170,0.0827468328976473,0.08547008547008547,0.07396827078217544,0.09857001985744704,0.0246017490752716,1.0,0.4973,0.39785,1,1,0.08
02_noise_sweep,0,124649399562265538954909191325493232012,20000,0.0,0.18,depolarizing,0.0,0.5,0.2,,0.11,0.95,20000,9862,1972,7890,869,168,0.08811600081119449,0.08519269776876268,0.0736633486974032,0.09833499525046231,0.024671646553059118,1.0,0.4931,0.3945,1,1,0.09
02_noise_sweep,1,9841525949163135540648026332683017963,20000,0.0,0.18,depolarizing,0.0,0.5,0.2,,0.11,0.95,20000,9967,1993,7974,928,152,0.09310725393799539,0.07626693426994481,0.0654118594321485,0.08875233695953744,0.023340477527388936,1.0,0.49835,0.3987,1,1,0.09
02_noise_sweep,2,35206837977534418037025249466565284050,20000,0.0,0.18,depolarizing,0.0,0.5,0.2,,0.11,0.95,20000,10025,2005,8020,911,181,0.09087281795511222,0.09027431421446384,0.07850157848818576,0.10361406693236636,0.025112488444180597,1.0,0.50125,0.401,1,1,0.09
02_noise_sweep,3,330231902594358566510887391504567983992,20000,0.0,0.18,depolarizing,0.0,0.5,0.2,,0.11,0.95,20000,9827,1965,7862,818,182,0.08324005291543705,0.0926208651399491,0.08058571612889069,0.10624571063364073,0.02565999450475004,1.0,0.49135,0.3931,1,1,0.09
02_noise_sweep,4,129537313102147716062880430708173398848,20000,0.0,0.18,depolarizing,0.0,0.5,0.2,,0.11,0.95,20000,10029,2005,8024,898,187,0.08954033303420082,0.09326683291770574,0.08130403266863037,0.10678520511647036,0.025481172447839984,1.0,0.50145,0.4012,1,1,0.09
02_noise_sweep,5,231065758634263515360927291101138329129,20000,0.0,0.18,depolarizing,0.0,0.5,0.2,,0.11,0.95,20000,9997,1999,7998,882,168,0.08822646794038211,0.08404202101050526,0.07266270061326265,0.09701695991303701,0.02435425929977436,1.0,0.49985,0.3999,1,1,0.09
02_noise_sweep,6,336798682420787374283298398898678407321,20000,0.0,0.18,depolarizing,0.0,0.5,0.2,,0.11,0.95,20000,9957,1991,7966,936,180,0.09400421813799337,0.09040683073832245,0.0785869051100597,0.10380426046947919,0.02521735535941949,1.0,0.49785,0.3983,1,1,0.09
02_noise_sweep,7,253120526616752418692091441012665850314,20000,0.0,0.18,depolarizing,0.0,0.5,0.2,,0.11,0.95,20000,10052,2010,8042,960,196,0.0955033824114604,0.09751243781094528,0.08530101521841574,0.11125937293274438,0.02595835771432864,1.0,0.5026,0.4021,1,1,0.09
02_noise_sweep,8,283112069746589588603023765532392054455,20000,0.0,0.18,depolarizing,0.0,0.5,0.2,,0.11,0.95,20000,9895,1979,7916,917,183,0.09267306720565942,0.09247094492167761,0.08048526360532572,0.10603567944609672,0.025550415840771,1.0,0.49475,0.3958,1,1,0.09
02_noise_sweep,9,261191008952113812368930952265922486121,20000,0.0,0.18,depolarizing,0.0,0.5,0.2,,0.11,0.95,20000,10002,2000,8002,908,188,0.09078184363127374,0.094,0.08197718067883394,0.10757946171354343,0.02560228103470949,1.0,0.5001,0.4001,1,1,0.09
02_noise_sweep,10,323661377710529598418998610917019696762,20000,0.0,0.18,depolarizing,0.0,0.5,0.2,,0.11,0.95,20000,10047,2009,8038,919,175,0.09147009057430079,0.08710801393728224,0.0755516446578087,0.100240371782476,0.024688727124667298,1.0,0.50235,0.4019,1,1,0.09
02_noise_sweep,11,14375689979941172918789454387205453190,20000,0.0,0.18,depolarizing,0.0,0.5,0.2,,0.11,0.95,20000,10002,2000,8002,922,175,0.09218156368726255,0.0875,0.07589362184323717,0.10068794216379648,0.02479432032055931,1.0,0.5001,0.4001,1,1,0.09
02_noise_sweep,12,92180630463490505329702399611379087789,20000,0.0,0.18,depolarizing,0.0,0.5,0.2,,0.11,0.95,20000,10111,2022,8089,910,161,0.09000098902185738,0.07962413452027696,0.0686060658236874,0.09223646082219174,0.023630394998504334,1.0,0.50555,0.40445,1,1,0.09
02_noise_sweep,13,297032628738711547231126903240635156836,20000,0.0,0.18,depolarizing,0.0,0.5,0.2,,0.11,0.95,20000,10033,2006,8027,889,190,0.08860759493670886,0.09471585244267199,0.08266526867922985,0.10831569508590169,0.02565042640667184,1.0,0.50165,0.40135,1,1,0.09
02_noise_sweep,14,224364441704917453983908847739249342245,20000,0.0,0.18,depolarizing,0.0,0.5,0.2,,0.11,0.95,20000,10050,2010,8040,886,192,0.08815920398009951,0.0955223880597015,0.08343308403516865,0.1091547967644521,0.025721712729283447,1.0,0.5025,0.402,1,1,0.09
02_noise_sweep,15,93074549027241403644750557678632615318,20000,0.0,0.18,depolarizing,0.0,0.5,0.2,,0.11,0.95,20000,10003,2000,8003,904,166,0.09037288813355993,0.083,0.07169373071300193,0.095905086719563,0.024211356006561074,1.0,0.50015,0.40015,1,1,0.09
02_noise_sweep,16,200583336220079752226297122563064591649,20000,0.0,0.18,depolarizing,0.0,0.5,0.2,,0.11,0.95,20000,10015,2003,8012,878,174,0.08766849725411882,0.08686969545681478,0.07531284345879123,0.10000816023795879,0.02469531677916756,1.0,0.50075,0.4006,1,1,0.09
02_noise_sweep,17,35769679102788113645858858729102075949,20000,0.0,0.18,depolarizing,0.0,0.5,0.2,,0.11,0.95,20000,10061,2012,8049,950,194,0.09442401351754298,0.09642147117296222,0.0842824558104506,0.11009863358828062,0.02581617777783002,1.0,0.50305,0.40245,1,1,0.09
02_noise_sweep,18,80251336153988642294291364670175136494,20000,0.0,0.18,depolarizing,0.0,0.5,0.2,,0.11,0.95,20000,10148,2029,8119,897,162,0.08839180134016555,0.07984228684080828,0.0688268615234627,0.09244565552313655,0.023618793999673843,1.0,0.5074,0.40595,1,1,0.09
02_noise_sweep,19,11983885600223843347148776618754351832,20000,0.0,0.18,depolarizing,0.0,0.5,0.2,,0.11,0.95,20000,9964,1992,7972,926,187,0.09293456443195504,0.09387550200803213,0.0818378905738883,0.10747647462822235,0.025638584054334057,1.0,0.4982,0.3986,1,1,0.09
02_noise_sweep,20,150558018751196030111762501793238890348,20000,0.0,0.18,depolarizing,0.0,0.5,0.2,,0.11,0.95,20000,10000,2000,8000,844,173,0.0844,0.0865,0.07495944584682306,0.0996259522547731,0.02466650640795004,1.0,0.5,0.4,1,1,0.09
02_noise_sweep,21,170257144685374582135742777735250046733,20000,0.0,0.18,depolarizing,0.0,0.5,0.2,,0.11,0.95,20000,9953,1990,7963,940,182,0.0944438862654476,0.0914572864321608,0.07956720968445374,0.10492161072469897,0.025354401040245222,1.0,0.49765,0.39815,1,1,0.09
02_noise_sweep,22,154391965546118321772653852669691162855,20000,0.0,0.18,depolarizing,0.0,0.5,0.2,,0.11,0.95,20000,9976,1995,7981,873,172,0.08751002405773857,0.0862155388471178,0.0746803252775702,0.09934120968994982,0.024660884412379624,1.0,0.4988,0.39905,1,1,0.09
02_noise_sweep,23,302793822922905767175675774950982147185,20000,0.0,0.18,depolarizing,0.0,0.5,0.2,,0.11,0.95,20000,9926,1985,7941,913,188,0.0919806568607697,0.0947103274559194,0.08260048776939505,0.10838580585198054,0.025785318082585496,1.0,0.4963,0.39705,1,1,0.09
02_noise_sweep,24,19113132923341459047654611904891356227,20000,0.0,0.18,depolarizing,0.0,0.5,0.2,,0.11,0.95,20000,10107,2021,8086,897,148,0.08875037102997922,0.07323107372587828,0.06266474655935672,0.08541670323243461,0.02275195667307789,1.0,0.50535,0.4043,1,1,0.09
02_noise_sweep,25,10675428627621467736709964473923572596,20000,0.0,0.18,depolarizing,0.0,0.5,0.2,,0.11,0.95,20000,9936,1987,7949,864,164,0.08695652173913043,0.0825364871665828,0.07122740365973572,0.09545661698411083,0.02422921332437511,1.0,0.4968,0.39745,1,1,0.09
02_noise_sweep,26,197537791701489038471503753056998234484,20000,0.0,0.18,depolarizing,0.0,0.5,0.2,,0.11,0.95,20000,10034,2006,8028,892,168,0.08889774765796292,0.08374875373878365,0.07240769605310507,0.09668099366877053,0.024273297615665462,1.0,0.5017,0.4014,1,1,0.09
02_noise_sweep,27,7664904391107349667291615713490957513,20000,0.0,0.18,depolarizing,0.0,0.5,0.2,,0.11,0.95,20000,9825,1965,7860,887,167,0.09027989821882952,0.08498727735368956,0.07345263046400016,0.09814140891744191,0.02468877845344175,1.0,0.49125,0.393,1,1,0.09
02_noise_sweep,28,275285568184550759712759900353681856432,20000,0.0,0.18,depolarizing,0.0,0.5,0.2,,0.11,0.95,20000,10015,2003,8012,910,183,0.090863704443335,0.09136295556665003,0.07951507435102166,0.10477524773452505,0.025260173383503393,1.0,0.50075,0.4006,1,1,0.09
02_noise_sweep,29,88335504168809348881714020583206228909,20000,0.0,0.18,depolarizing,0.0,0.5,0.2,,0.11,0.95,20000,9971,1994,7977,891,161,0.0893591415103801,0.08074222668004012,0.06957482106942561,0.09352193387179736,0.023947112802371745,1.0,0.49855,0.39885,1,1,0.09
02_noise_sweep,30,167129239337486955401941715757952500760,20000,0.0,0.18,depolarizing,0.0,0.5,0.2,,0.11,0.95,20000,9949,1989,7960,873,172,0.08774751231279526,0.08647561588738059,0.07490692047142573,0.09963855442377072,0.024731633952344984,1.0,0.49745,0.398,1,1,0.09
02_noise_sweep,31,326153580106013428957308746001695434783,20000,0.0,0.18,depolarizing,0.0,0.5,0.2,,0.11,0.95,20000,9989,1997,7992,967,202,0.09680648713584944,0.10115172759138708,0.08868322014039623,0.11515174990319624,0.026468529762800008,1.0,0.49945,0.3996,1,1,0.09
02_noise_sweep,32,132813122252900573969853020443022466858,20000,0.0,0.18,depolarizing,0.0,0.5,0.2,,0.11,0.95,20000,9972,1994,7978,897,200,0.08995186522262334,0.10030090270812438,0.08787453167423984,0.11426436029723708,0.02638982862299724,1.0,0.4986,0.3989,1,1,0.09
02_noise_sweep,33,70005633355743340775556766174548091614,20000,0.0,0.18,depolarizing,0.0,0.5,0.2,,0.11,0.95,20000,9962,1992,7970,871,165,0.08743224252158201,0.08283132530120482,0.07151538808888909,0.09575313784801322,0.024237749759124128,1.0,0.4981,0.3985,1,1,0.09
02_noise_sweep,34,94022710032921079994603404795644697870,20000,0.0,0.18,depolarizing,0.0,0.5,0.2,,0.11,0.95,20000,9926,1985,7941,935,189,0.09419705823090872,0.09521410579345088,0.08307281860279812,0.10891908559207482,0.025846266989276695,1.0,0.4963,0.39705,1,1,0.09
02_noise_sweep,35,16622367430144482692110634648852676227,20000,0.0,0.18,depolarizing,0.0,0.5,0.2,,0.11,0.95,20000,9893,1978,7915,894,166,0.09036692610937026,0.0839231547017189,0.07249571156242347,0.09696358465218817,0.024467873089764697,1.0,0.49465,0.39575,1,1,0.09
02_noise_sweep,36,159994444772696532309043754796391735865,20000,0.0,0.18,depolarizing,0.0,0.5,0.2,,0.11,0.95,20000,10088,2017,8071,944,186,0.09357652656621729,0.09221616261774913,0.08035283914315348,0.10562981534970543,0.02527697620655195,1.0,0.5044,0.40355,1,1,0.09
02_noise_sweep,37,157878773144946144936708124217299264504,20000,0.0,0.18,depolarizing,0.0,0.5,0.2,,0.11,0.95,20000,10022,2004,8018,868,172,0.08660945918978248,0.08582834331337326,0.07434299167708829,0.09889850470330762,0.024555513026219333,1.0,0.5011,0.4009,1,1,0.09
02_noise_sweep,38,33262716119632638980473256216154691478,20000,0.0,0.18,depolarizing,0.0,0.5,0.2,,0.11,0.95,20000,9874,1974,7900,879,164,0.0890216730808183,0.08308004052684904,0.0716991585804582,0.09608044647370909,0.02438128789325089,1.0,0.4937,0.395,1,1,0.09
02_noise_sweep,39,259336498038386863651257543929623174099,20000,0.0,0.18,depolarizing,0.0,0.5,0.2,,0.11,0.95,20000,10082,2016,8066,938,190,0.09303709581432255,0.09424603174603174,0.08225270985379604,0.10778272938548167,0.025530019531685627,1.0,0.5041,0.4033,1,1,0.09
02_noise_sweep,40,330386251719174339643288744790762849984,20000,0.0,0.18,depolarizing,0.0,0.5,0.2,,0.11,0.95,20000,10008,2001,8007,904,174,0.0903277378097522,0.08695652173913043,0.0753885585466256,0.10010734277399921,0.024718784227373614,1.0,0.5004,0.40035,1,1,0.09
02_noise_sweep,41,247174496842408388816349337743574429237,20000,0.0,0.18,depolarizing,0.0,0.5,0.2,,0.11,0.95,20000,10090,2018,8072,925,207,0.09167492566897918,0.10257680872150644,0.09008530217228768,0.11657850769162416,0.026493205519336482,1.0,0.5045,0.4036,1,1,0.09
02_noise_sweep,42,121091025870614365191857005061773276906,20000,0.0,0.18,depolarizing,0.0,0.5,0.2,,0.11,0.95,20000,10008,2001,8007,894,167,0.08932853717026379,0.08345827086456771,0.0721236147098087,0.09638919079622975,0.024265576086421048,1.0,0.5004,0.40035,1,1,0.09
02_noise_sweep,43,108779413405595679087107347551416755565,20000,0.0,0.18,depolarizing,0.0,0.5,0.2,,0.11,0.95,20000,9929,1985,7944,906,173,0.09124785980461275,0.0871536523929471,0.07552921565644856,0.10037291936246666,0.0248437037060181,1.0,0.49645,0.3972,1,1,0.09
02_noise_sweep,44,338798570858684234813759321787194948757,20000,0.0,0.18,depolarizing,0.0,0.5,0.2,,0.11,0.95,20000,9956,1991,7965,857,182,0.08607874648453194,0.09141135107985937,0.07952700474017882,0.10486933272021959,0.02534232798004077,1.0,0.4978,0.39825,1,1,0.09
02_noise_sweep,45,4305678705411974032410954779482820339,20000,0.0,0.18,depolarizing,0.0,0.5,0.2,,0.11,0.95,20000,10012,2002,8010,933,173,0.09318817419097083,0.08641358641358642,0.07488412547570464,0.09952719565950532,0.024643070183800686,1.0,0.5006,0.4005,1,1,0.09
02_noise_sweep,46,320748545098551298651372393078231075932,20000,0.0,0.18,depolarizing,0.0,0.5,0.2,,0.11,0.95,20000,9938,1987,7951,862,180,0.08673777420004025,0.09058882737795672,0.07874605860745999,0.10401156742481145,0.025265508817351456,1.0,0.4969,0.39755,1,1,0.09
02_noise_sweep,47,275475313766094461303592515614331075953,20000,0.0,0.18,depolarizing,0.0,0.5,0.2,,0.11,0.95,20000,10131,2026,8105,888,178,0.0876517619188629,0.087857847976308,0.0762980306930375,0.10097761675075662,0.02467958605771911,1.0,0.50655,0.40525,1,1,0.09
02_noise_sweep,48,323168123837128590403688995099660249002,20000,0.0,0.18,depolarizing,0.0,0.5,0.2,,0.11,0.95,20000,10037,2007,8030,929,195,0.09255753711268307,0.09715994020926756,0.08496147699884513,0.11089755360403084,0.02593607660518571,1.0,0.50185,0.4015,1,1,0.09
02_noise_sweep,49,335866996247207005745934290908831935143,20000,0.0,0.18,depolarizing,0.0,0.5,0.2,,0.11,0.95,20000,10110,2022,8088,913,181,0.09030662710187932,0.08951533135509397,0.07783766393821864,0.10274974443363982,0.02491208049542118,1.0,0.5055,0.4044,1,1,0.09
02_noise_sweep,50,330830191711954130978449097976529450336,20000,0.0,0.18,depolarizing,0.0,0.5,0.2,,0.11,0.95,20000,9919,1983,7936,951,187,0.09587660046375643,0.09430156328794756,0.08221161084794693,0.1079603110954199,0.025748700247472972,1.0,0.49595,0.3968,1,1,0.09
02_noise_sweep,51,238744073925135984963944912133914557409,20000,0.0,0.18,depolarizing,0.0,0.5,0.2,,0.11,0.95,20000,10095,2019,8076,949,180,0.09400693412580485,0.08915304606240713,0.07749059509559827,0.10237592743099252,0.02488533233539425,1.0,0.50475,0.4038,1,1,0.09
02_noise_sweep,52,89453355139718023986216942035777877339,20000,0.0,0.18,depolarizing,0.0,0.5,0.2,,0.11,0.95,20000,10030,2006,8024,923,205,0.09202392821535393,0.10219341974077767,0.08968944509554731,0.11621806915362241,0.0265286240580751,1.0,0.5015,0.4012,1,1,0.09
02_noise_sweep,53,208575007601580502415749509424037195720,20000,0.0,0.18,depolarizing,0.0,0.5,0.2,,0.11,0.95,20000,9995,1999,7996,966,205,0.09664832416208104,0.1025512756378189,0.09000555203631624,0.11662161607931221,0.026616064042995963,1.0,0.49975,0.3998,1,1,0.09
02_noise_sweep,54,141490345247029132993458545088142406331,20000,0.0,0.18,depolarizing,0.0,0.5,0.2,,0.11,0.95,20000,10105,2021,8084,922,196,0.09124195942602673,0.09698169223156854,0.08483384070552163,0.11065872840220478,0.025824887696683146,1.0,0.50525,0.4042,1,1,0.09
02_noise_sweep,55,54968426735182028753164166164967906057,20000,0.0,0.18,depolarizing,0.0,0.5,0.2,,0.11,0.95,20000,10173,2034,8139,879,181,0.08640519020937776,0.08898721730580138,0.07737574045560028,0.10214826384668133,0.024772523391081047,1.0,0.50865,0.40695,1,1,0.09
02_noise_sweep,56,241687403764669417899307127183709001882,20000,0.0,0.18,depolarizing,0.0,0.5,0.2,,0.11,0.95,20000,9902,1980,7922,886,192,0.0894768733589174,0.09696969696969697,0.08470516583536086,0.11079506282265333,0.02608989698729247,1.0,0.4951,0.3961,1,1,0.09
02_noise_sweep,57,92596001220197140190068345167043937181,20000,0.0,0.18,depolarizing,0.0,0.5,0.2,,0.11,0.95,20000,9928,1985,7943,864,155,0.08702659145850121,0.07808564231738035,0.0670806788837601,0.0907204658122027,0.023639786928442597,1.0,0.4964,0.39715,1,1,0.09
02_noise_sweep,58,260958250903604695502511116851858369717,20000,0.0,0.18,depolarizing,0.0,0.5,0.2,,0.11,0.95,20000,9964,1992,7972,872,185,0.08751505419510237,0.0928714859437751,0.08089713313436657,0.10641306486181605,0.02551593172744948,1.0,0.4982,0.3986,1,1,0.09
02_noise_sweep,59,117312098197914011313562773277716959181,20000,0.0,0.18,depolarizing,0.0,0.5,0.2,,0.11,0.95,20000,9861,1972,7889,921,192,0.09339823547307576,0.0973630831643002,0.08505096672224352,0.11124082434695601,0.026189857624712487,1.0,0.49305,0.39445,1,1,0.09
02_noise_sweep,60,61413038636019998627280381960376630894,20000,0.0,0.18,depolarizing,0.0,0.5,0.2,,0.11,0.95,20000,10047,2009,8038,895,165,0.08908131780631035,0.0821304131408661,0.0709068236577485,0.09494899044908572,0.02404216679133722,1.0,0.50235,0.4019,1,1,0.09
02_noise_sweep,61,141787967499980636877270107826499538651,20000,0.0,0.18,depolarizing,0.0,0.5,0.2,,0.11,0.95,20000,9946,1989,7957,902,187,0.09068972451236679,0.09401709401709402,0.08196208583967847,0.10763727097232291,0.02567518513264444,1.0,0.4973,0.39785,1,1,0.09
02_noise_sweep,62,273732891266438999842353427283152435383,20000,0.0,0.18,depolarizing,0.0,0.5,0.2,,0.11,0.95,20000,10101,2020,8081,939,189,0.09296109296109296,0.09356435643564356,0.08162466204477792,0.10704696396450233,0.025422301919724416,1.0,0.50505,0.40405,1,1,0.09
02_noise_sweep,63,208078442544016169131584817256653670881,20000,0.0,0.18,depolarizing,0.0,0.5,0.2,,0.11,0.95,20000,10081,2016,8065,889,178,0.08818569586350561,0.0882936507936508,0.07667871873819283,0.1014745998053286,0.02479588106713576,1.0,0.50405,0.40325,1,1,0.09
02_noise_sweep,64,45610146055551442603607407248518530075,20000,0.0,0.18,depolarizing,0.0,0.5,0.2,,0.11,0.95,20000,9957,1991,7966,886,192,0.08898262528874158,0.09643395278754395,0.08423425617711165,0.11018794068758424,0.025953684510472586,1.0,0.49785,0.3983,1,1,0.09
02_noise_sweep,65,222279657029598797307586885763747645289,20000,0.0,0.18,depolarizing,0.0,0.5,0.2,,0.11,0.95,20000,10005,2001,8004,841,168,0.08405797101449275,0.08395802098950525,0.07258965904817302,0.09692073157423495,0.024331072526061925,1.0,0.50025,0.4002,1,1,0.09
02_noise_sweep,66,113171451311321015494644262718284111290,20000,0.0,0.18,depolarizing,0.0,0.5,0.2,,0.11,0.95,20000,9993,1998,7995,843,176,0.08435905133593516,0.08808808808808809,0.07643777872302653,0.10131928453128537,0.024881505808258847,1.0,0.49965,0.39975,1,1,0.09
02_noise_sweep,67,63193727999328822501652372494220911344,20000,0.0,0.18,depolarizing,0.0,0.5,0.2,,0.11,0.95,20000,10008,2001,8007,902,183,0.09012789768185452,0.09145427286356822,0.07959502906334509,0.10487913830460507,0.025284109241259983,1.0,0.5004,0.40035,1,1,0.09
02_noise_sweep,68,329336592801477289038122021878309909286,20000,0.0,0.18,depolarizing,0.0,0.5,0.2,,0.11,0.95,20000,9938,1987,7951,884,182,0.08895149929563292,0.09159536990437846,0.07968806883210974,0.10507875787371482,0.025390689041605075,1.0,0.4969,0.39755,1,1,0.09
02_noise_sweep,69,87836981248727993754921219014391585432,20000,0.0,0.18,depolarizing,0.0,0.5,0.2,,0.11,0.95,20000,9867,1973,7894,903,171,0.09151717847370021,0.08667004561581348,0.0750447234703655,0.09990175859451875,0.024857035124153243,1.0,0.49335,0.3947,1,1,0.09
02_noise_sweep,70,202593337684726247798630052352008501970,20000,0.0,0.18,depolarizing,0.0,0.5,0.2,,0.11,0.95,20000,10030,2006,8024,935,191,0.09322033898305085,0.09521435692921236,0.08313282232615937,0.10884324480457472,0.025710422478415346,1.0,0.5015,0.4012,1,1,0.09
02_noise_sweep,71,230616608442192070370482788450408385142,20000,0.0,0.18,depolarizing,0.0,0.5,0.2,,0.11,0.95,20000,9927,1985,7942,859,173,0.08653168127329505,0.0871536523929471,0.07552921565644856,0.10037291936246666,0.0248437037060181,1.0,0.49635,0.3971,1,1,0.09
02_noise_sweep,72,208774263170274270326216485711498782758,20000,0.0,0.18,depolarizing,0.0,0.5,0.2,,0.11,0.95,20000,10042,2008,8034,862,186,0.08583947420832504,0.09262948207171315,0.0807151726981842,0.10609947771716499,0.025384305018980785,1.0,0.5021,0.4017,1,1,0.09
02_noise_sweep,73,231438817226943087701883899764577371622,20000,0.0,0.18,depolarizing,0.0,0.5,0.2,,0.11,0.95,20000,10029,2005,8024,897,183,0.08944062219563266,0.0912718204488778,0.07943528013337398,0.10467156274202766,0.025236282608653682,1.0,0.50145,0.4012,1,1,0.09
02_noise_sweep,74,247292513528962487190743617004132263493,20000,0.0,0.18,depolarizing,0.0,0.5,0.2,,0.11,0.95,20000,10104,2020,8084,900,183,0.08907363420427554,0.09059405940594059,0.07884189084818422,0.1039004169589714,0.025058526110787183,1.0,0.5052,0.4042,1,1,0.09
02_noise_sweep,75,223011566211856907785958410413016864728,20000,0.0,0.18,depolarizing,0.0,0.5,0.2,,0.11,0.95,20000,10008,2001,8007,929,187,0.09282573940847322,0.09345327336331834,0.081467553188152,0.10699695464527605,0.02552940145712404,1.0,0.5004,0.40035,1,1,0.09
02_noise_sweep,76,305460409813908785922607903815032009532,20000,0.0,0.18,depolarizing,0.0,0.5,0.2,,0.11,0.95,20000,10166,2033,8133,960,205,0.0944324217981507,0.10083620265617314,0.08849070022003151,0.11468734146235997,0.026196641242328456,1.0,0.5083,0.40665,1,1,0.09
02_noise_sweep,77,128624224670838037565977883361840786376,20000,0.0,0.18,depolarizing,0.0,0.5,0.2,,0.11,0.95,20000,10040,2008,8032,942,178,0.09382470119521913,0.08864541832669323,0.07698601571398939,0.1018757217469867,0.02488970603299731,1.0,0.502,0.4016,1,1,0.09
02_noise_sweep,78,5642861020053894984296719071910142355,20000,0.0,0.18,depolarizing,0.0,0.5,0.2,,0.11,0.95,20000,10102,2020,8082,860,164,0.08513165709760444,0.08118811881188119,0.07005729795681609,0.09390883554361157,0.02385153758679548,1.0,0.5051,0.4041,1,1,0.09
02_noise_sweep,79,273444612002259578450954388081404614868,20000,0.0,0.18,depolarizing,0.0,0.5,0.2,,0.11,0.95,20000,10088,2017,8071,862,174,0.08544805709754164,0.08626673277144274,0.07478706709339525,0.09931934649236862,0.024532279398973372,1.0,0.5044,0.40355,1,1,0.09
02_noise_sweep,80,15398620759919903449670632798979377134,20000,0.0,0.18,depolarizing,0.0,0.5,0.2,,0.11,0.95,20000,10050,2010,8040,908,194,0.09034825870646766,0.09651741293532339,0.08436684122917201,0.11020729324621842,0.025840452017046406,1.0,0.5025,0.402,1,1,0.09
02_noise_sweep,81,106947192163653969936897251980182844365,20000,0.0,0.18,depolarizing,0.0,0.5,0.2,,0.11,0.95,20000,10014,2002,8012,889,178,0.08877571400039944,0.08891108891108891,0.07721810991988017,0.10217865009736356,0.024960540177483392,1.0,0.5007,0.4006,1,1,0.09
02_noise_sweep,82,305059812961819962539889258925220690805,20000,0.0,0.18,depolarizing,0.0,0.5,0.2,,0.11,0.95,20000,9928,1985,7943,883,193,0.08894037066881547,0.09722921914357682,0.08496322894527272,0.11105111754358965,0.026087888598316927,1.0,0.4964,0.39715,1,1,0.09
02_noise_sweep,83,217633867707691498275060999775251794633,20000,0.0,0.18,depolarizing,0.0,0.5,0.2,,0.11,0.95,20000,9972,1994,7978,908,182,0.09105495387083835,0.09127382146439318,0.0794066333590721,0.10471281075228762,0.02530617739321553,1.0,0.4986,0.3989,1,1,0.09
02_noise_sweep,84,302079983583137928284177965756201746592,20000,0.0,0.18,depolarizing,0.0,0.5,0.2,,0.11,0.95,20000,9814,1962,7852,860,184,0.08762991644589362,0.09378185524974515,0.08166428858716304,0.10748700698260347,0.025822718395440425,1.0,0.4907,0.3926,1,1,0.09
02_noise_sweep,85,62651565261324449670286823037817218939,20000,0.0,0.18,depolarizing,0.0,0.5,0.2,,0.11,0.95,20000,10003,2000,8003,898,169,0.08977306807957612,0.0845,0.07309256807381255,0.09750049821690863,0.024407930143096085,1.0,0.50015,0.40015,1,1,0.09
02_noise_sweep,86,308201747731506921851789505206942152312,20000,0.0,0.18,depolarizing,0.0,0.5,0.2,,0.11,0.95,20000,9942,1988,7954,853,161,0.08579762623214644,0.08098591549295775,0.06978598213887784,0.09380206718991486,0.02401608505103703,1.0,0.4971,0.3977,1,1,0.09
02_noise_sweep,87,324452177263591945781191882682041483973,20000,0.0,0.18,depolarizing,0.0,0.5,0.2,,0.11,0.95,20000,10061,2012,8049,831,162,0.08259616340324023,0.0805168986083499,0.0694116307807434,0.09322093012138609,0.023809299340642687,1.0,0.50305,0.40245,1,1,0.09
02_noise_sweep,88,193755009930003863082669322211986528175,20000,0.0,0.18,depolarizing,0.0,0.5,0.2,,0.11,0.95,20000,10010,2002,8008,927,167,0.0926073926073926,0.08341658341658342,0.0720873838624008,0.09634141061436868,0.02425402675196789,1.0,0.5005,0.4004,1,1,0.09
02_noise_sweep,89,249289342185287964634146605873037719908,20000,0.0,0.18,depolarizing,0.0,0.5,0.2,,0.11,0.95,20000,10018,2003,8015,955,191,0.09532840886404471,0.09535696455317025,0.08325810548417839,0.10900494405807648,0.02574683857389809,1.0,0.5009,0.40075,1,1,0.09
02_noise_sweep,90,52865472941502444738870001340527281843,20000,0.0,0.18,depolarizing,0.0,0.5,0.2,,0.11,0.95,20000,10049,2009,8040,931,174,0.09264603443128669,0.08661025385764062,0.07508660809386392,0.09971178811307574,0.024625180019211823,1.0,0.50245,0.402,1,1,0.09
02_noise_sweep,91,151564655492575006746250256542024233517,20000,0.0,0.18,depolarizing,0.0,0.5,0.2,,0.11,0.95,20000,10006,2001,8005,877,167,0.08764741155306816,0.08345827086456771,0.0721236147098087,0.09638919079622975,0.024265576086421048,1.0,0.5003,0.40025,1,1,0.09
02_noise_sweep,92,202437073143370904590226994453352083053,20000,0.0,0.18,depolarizing,0.0,0.5,0.2,,0.11,0.95,20000,9920,1984,7936,887,181,0.08941532258064516,0.09122983870967742,0.07933751358812324,0.10470204208033185,0.025364528492208605,1.0,0.496,0.3968,1,1,0.09
02_noise_sweep,93,64752378682694725765916155778614411841,20000,0.0,0.18,depolarizing,0.0,0.5,0.2,,0.11,0.95,20000,9918,1983,7935,868,173,0.08751764468642871,0.08724155320221887,0.07560584015727483,0.10047336196907165,0.024867521811796828,1.0,0.4959,0.39675,1,1,0.09
02_noise_sweep,94,309879056693428508222459124510200025118,20000,0.0,0.18,depolarizing,0.0,0.5,0.2,,0.11,0.95,20000,10060,2012,8048,909,187,0.09035785288270377,0.09294234592445327,0.08101944601137669,0.10641665277872288,0.025397206767346192,1.0,0.503,0.4024,1,1,0.09
02_noise_sweep,95,309507542040187047684892926886527050514,20000,0.0,0.18,depolarizing,0.0,0.5,0.2,,0.11,0.95,20000,9966,1993,7973,886,169,0.08890226771021473,0.08479678876066232,0.07335076971798392,0.09784031674041764,0.024489547022433722,1.0,0.4983,0.39865,1,1,0.09
02_noise_sweep,96,229322522931239118661059086328097234599,20000,0.0,0.18,depolarizing,0.0,0.5,0.2,,0.11,0.95,20000,10034,2006,8028,894,176,0.08909706996212877,0.08773678963110668,0.07613115242803167,0.10091836421866426,0.02478721179063259,1.0,0.5017,0.4014,1,1,0.09
02_noise_sweep,97,261253643502544951045927870418947957387,20000,0.0,0.18,depolarizing,0.0,0.5,0.2,,0.11,0.95,20000,10053,2010,8043,971,209,0.09658808315925595,0.10398009950248756,0.09138292796970064,0.11808810907396246,0.026705181104261816,1.0,0.50265,0.40215,1,1,0.09
02_noise_sweep,98,96168098703284024370094198584197762627,20000,0.0,0.18,depolarizing,0.0,0.5,0.2,,0.11,0.95,20000,10090,2018,8072,943,180,0.09345887016848364,0.08919722497522299,0.07752922198593541,0.10242626227489117,0.024897040288955757,1.0,0.5045,0.4036,1,1,0.09
02_noise_sweep,99,229154983008756882341754740149295440088,20000,0.0,0.18,depolarizing,0.0,0.5,0.2,,0.11,0.95,20000,10021,2004,8017,886,170,0.08841432990719489,0.08483033932135728,0.07341143197550845,0.09783787523953899,0.02442644326403054,1.0,0.50105,0.40085,1,1,0.09
02_noise_sweep,100,318638995149952176031362601770366757926,20000,0.0,0.18,depolarizing,0.0,0.5,0.2,,0.11,0.95,20000,9986,1997,7989,883,174,0.0884237933106349,0.0871306960440661,0.07554044642215417,0.10030629909064183,0.02476585266848766,1.0,0.4993,0.39945,1,1,0.09
02_noise_sweep,101,242352023089199630731876730639338698775,20000,0.0,0.18,depolarizing,0.0,0.5,0.2,,0.11,0.95,20000,9838,1967,7871,891,172,0.09056718845293758,0.08744280630401627,0.07574966802284606,0.10074421344280686,0.024994545419960795,1.0,0.4919,0.39355,1,1,0.09
02_noise_sweep,102,21166300429172513875441495116738869901,20000,0.0,0.18,depolarizing,0.0,0.5,0.2,,0.11,0.95,20000,10067,2013,8054,885,192,0.08791099632462501,0.09538002980625931,0.08330797445996349,0.10899343680092774,0.02568546234096425,1.0,0.50335,0.4027,1,1,0.09
02_noise_sweep,103,332172203481331954912420336016526078875,20000,0.0,0.18,depolarizing,0.0,0.5,0.2,,0.11,0.95,20000,9953,1990,7963,916,184,0.09203255299909575,0.09246231155778895,0.08050824544643237,0.10598675252628945,0.025478507079857077,1.0,0.49765,0.39815,1,1,0.09
02_noise_sweep,104,57805415899773499427890451608115883154,20000,0.0,0.18,depolarizing,0.0,0.5,0.2,,0.11,0.95,20000,9965,1993,7972,907,177,0.09101856497742097,0.08881083793276467,0.07709972311218782,0.10210401749525636,0.02500429438306853,1.0,0.49825,0.3986,1,1,0.09
02_noise_sweep,105,134663425660174512337025246405894659780,20000,0.0,0.18,depolarizing,0.0,0.5,0.2,,0.11,0.95,20000,10011,2002,8009,916,184,0.09149935071421436,0.0919080919080919,0.08002275885075831,0.1053565278249259,0.025333768974167586,1.0,0.50055,0.40045,1,1,0.09
02_noise_sweep,106,159629853441986643330870231081856215163,20000,0.0,0.18,depolarizing,0.0,0.5,0.2,,0.11,0.95,20000,10019,2003,8016,896,174,0.08943008284259907,0.08686969545681478,0.07531284345879123,0.10000816023795879,0.02469531677916756,1.0,0.50095,0.4008,1,1,0.09
02_noise_sweep,107,116600021296927439396175828760249840306,20000,0.0,0.18,depolarizing,0.0,0.5,0.2,,0.11,0.95,20000,9883,1976,7907,878,166,0.08883942122837195,0.0840080971659919,0.07256950963147975,0.09706097129639231,0.02449146166491256,1.0,0.49415,0.39535,1,1,0.09
02_noise_sweep,108,314102311325466523800827625014954417597,20000,0.0,0.18,depolarizing,0.0,0.5,0.2,,0.11,0.95,20000,10152,2030,8122,889,182,0.08756895193065406,0.0896551724137931,0.07799009588540695,0.10287034297789752,0.024880247092490565,1.0,0.5076,0.4061,1,1,0.09
02_noise_sweep,109,103760948391430367204064194949200825176,20000,0.0,0.18,depolarizing,0.0,0.5,0.2,,0.11,0.95,20000,9967,1993,7974,928,170,0.09310725393799539,0.08529854490717512,0.073818956019648,0.09837371220738389,0.024554756187735893,1.0,0.49835,0.3987,1,1,0.09
02_noise_sweep,110,22178367080895296091849333929205183622,20000,0.0,0.18,depolarizing,0.0,0.5,0.2,,0.11,0.95,20000,10111,2022,8089,896,164,0.08861635842152112,0.08110781404549951,0.06998761696663496,0.09381664193814108,0.02382902497150613,1.0,0.50555,0.40445,1,1,0.09
02_noise_sweep,111,191530006119882776986318772027316572189,20000,0.0,0.18,depolarizing,0.0,0.5,0.2,,0.11,0.95,20000,10030,2006,8024,880,168,0.08773678963110668,0.08374875373878365,0.07240769605310507,0.09668099366877053,0.024273297615665462,1.0,0.5015,0.4012,1,1,0.09
02_noise_sweep,112,79155364557636487867518255572828149654,20000,0.0,0.18,depolarizing,0.0,0.5,0.2,,0.11,0.95,20000,10069,2013,8056,911,176,0.09047571754891251,0.08743169398907104,0.07586486563328147,0.10057015223310302,0.024705286599821547,1.0,0.50345,0.4028,1,1,0.09
02_noise_sweep,113,209896600411439178239427241859599718151,20000,0.0,0.18,depolarizing,0.0,0.5,0.2,,0.11,0.95,20000,9955,1991,7964,928,172,0.09321948769462582,0.08638874937217479,0.07483123608815147,0.09953924196794943,0.024708005879797962,1.0,0.49775,0.3982,1,1,0.09
02_noise_sweep,114,93033684223272112408723989775431418781,20000,0.0,0.18,depolarizing,0.0,0.5,0.2,,0.11,0.95,20000,10104,2020,8084,900,177,0.08907363420427554,0.08762376237623762,0.07606315337382677,0.10074983623120423,0.024686682857377462,1.0,0.5052,0.4042,1,1,0.09
02_noise_sweep,115,116203773541664300168060705859109470760,20000,0.0,0.18,depolarizing,0.0,0.5,0.2,,0.11,0.95,20000,10012,2002,8010,910,174,0.09089093088294047,0.08691308691308691,0.07535068197980194,0.10005772693181478,0.02470704495201284,1.0,0.5006,0.4005,1,1,0.09
02_noise_sweep,116,279798722026929992781192666825578215018,20000,0.0,0.18,depolarizing,0.0,0.5,0.2,,0.11,0.95,20000,9943,1988,7955,887,186,0.08920848838378759,0.09356136820925554,0.08153217790521539,0.10715827090350552,0.025626092998290134,1.0,0.49715,0.39775,1,1,0.09
02_noise_sweep,117,7956674133442201013462753011586958471,20000,0.0,0.18,depolarizing,0.0,0.5,0.2,,0.11,0.95,20000,9951,1990,7961,886,170,0.08903627776102904,0.08542713567839195,0.07393088548364682,0.09852086954409117,0.024589984060444353,1.0,0.49755,0.39805,1,1,0.09
02_noise_sweep,118,197824661446112380505929117297406918021,20000,0.0,0.18,depolarizing,0.0,0.5,0.2,,0.11,0.95,20000,10017,2003,8014,983,201,0.09813317360487171,0.10034947578632052,0.08794646891119123,0.11428248995194884,0.026336021040757607,1.0,0.50085,0.4007,1,1,0.09
02_noise_sweep,119,250956090814024027278856201196605595158,20000,0.0,0.18,depolarizing,0.0,0.5,0.2,,0.11,0.95,20000,9949,1989,7960,904,196,0.09086340335712131,0.09854198089492207,0.08620733615027172,0.11242434981181261,0.02621701366154089,1.0,0.49745,0.398,1,1,0.09
02_noise_sweep,120,261096707696743063493552097449497186228,20000,0.0,0.18,depolarizing,0.0,0.5,0.2,,0.11,0.95,20000,10027,2005,8022,941,179,0.0938466141418171,0.08927680798004987,0.07756833548764969,0.10255611247805288,0.024987776990403193,1.0,0.50135,0.4011,1,1,0.09
02_noise_sweep,121,319506126732027879220458801943381015479,20000,0.0,0.18,depolarizing,0.0,0.5,0.2,,0.11,0.95,20000,9980,1996,7984,849,173,0.08507014028056112,0.08667334669338678,0.07511054212222365,0.09982405445674494,0.024713512334521293,1.0,0.499,0.3992,1,1,0.09
02_noise_sweep,122,122362689415813204684468198958237795656,20000,0.0,0.18,depolarizing,0.0,0.5,0.2,,0.11,0.95,20000,9953,1990,7963,879,176,0.08831508088013665,0.08844221105527639,0.07674688529574009,0.10172340242270528,0.024976517126965192,1.0,0.49765,0.39815,1,1,0.09
02_noise_sweep,123,225704046764798798404082741164899180622,20000,0.0,0.18,depolarizing,0.0,0.5,0.2,,0.11,0.95,20000,10066,2013,8053,902,194,0.08960858334989072,0.09637357178340784,0.08424032638275267,0.1100443840524519,0.025804057669699232,1.0,0.5033,0.40265,1,1,0.09
02_noise_sweep,124,267415895547574013844898579819116302594,20000,0.0,0.18,depolarizing,0.0,0.5,0.2,,0.11,0.95,20000,9905,1981,7924,859,151,0.0867238768298839,0.07622412922766279,0.06534166162792461,0.08874694704231735,0.02340528541439274,1.0,0.49525,0.3962,1,1,0.09
02_noise_sweep,125,147281305044183296930324872544602880045,20000,0.0,0.18,depolarizing,0.0,0.5,0.2,,0.11,0.95,20000,9905,1981,7924,897,186,0.090560323069157,0.09389197375063099,0.08182205170971915,0.10753385737331794,0.02571180566359879,1.0,0.49525,0.3962,1,1,0.09
02_noise_sweep,126,11091326680656372320233327610144767426,20000,0.0,0.18,depolarizing,0.0,0.5,0.2,,0.11,0.95,20000,10050,2010,8040,878,192,0.08736318407960199,0.0955223880597015,0.08343308403516865,0.1091547967644521,0.025721712729283447,1.0,0.5025,0.402,1,1,0.09
02_noise_sweep,127,58998754082098058569252464195779538880,20000,0.0,0.18,depolarizing,0.0,0.5,0.2,,0.11,0.95,20000,10187,2037,8150,884,170,0.08677726514184746,0.08345606283750613,0.07221542063654586,0.09626481938140431,0.024049398744858452,1.0,0.50935,0.4075,1,1,0.09
02_noise_sweep,128,211995058567068041212953800623441828152,20000,0.0,0.18,depolarizing,0.0,0.5,0.2,,0.11,0.95,20000,10066,2013,8053,891,177,0.08851579574806279,0.08792846497764531,0.07632920758025498,0.10109745987328618,0.0247682522930312,1.0,0.5033,0.40265,1,1,0.09
02_noise_sweep,129,55606683589049194818142836825193297026,20000,0.0,0.18,depolarizing,0.0,0.5,0.2,,0.11,0.95,20000,9950,1990,7960,888,167,0.0892462311557789,0.08391959798994975,0.07252457135761467,0.09691791732476962,0.02439334596715495,1.0,0.4975,0.398,1,1,0.09
02_noise_sweep,130,157665225809749793201707848517805924634,20000,0.0,0.18,depolarizing,0.0,0.5,0.2,,0.11,0.95,20000,9963,1992,7971,872,166,0.08752383820134498,0.08333333333333333,0.0719832985612824,0.09628731097858391,0.024304012417301513,1.0,0.49815,0.39855,1,1,0.09
02_noise_sweep,131,48646722235492416333616222606129347669,20000,0.0,0.18,depolarizing,0.0,0.5,0.2,,0.11,0.95,20000,9986,1997,7989,897,195,0.08982575605848188,0.09764646970455683,0.08538959876862029,0.11144831514227307,0.026058716373652785,1.0,0.4993,0.39945,1,1,0.09
02_noise_sweep,132,230782827128314638566837406916817540568,20000,0.0,0.18,depolarizing,0.0,0.5,0.2,,0.11,0.95,20000,9910,1982,7928,916,175,0.09243188698284562,0.08829465186680122,0.07658694993917745,0.1015951789760006,0.02500822903682315,1.0,0.4955,0.3964,1,1,0.09
02_noise_sweep,133,209451129068969678222661992264483605734,20000,0.0,0.18,depolarizing,0.0,0.5,0.2,,0.11,0.95,20000,10044,2008,8036,944,214,0.09398645957785742,0.10657370517928287,0.09382042033859983,0.12082942541705527,0.02700900507845544,1.0,0.5022,0.4018,1,1,0.09
02_noise_sweep,134,184674768938547605244748519141735936696,20000,0.0,0.18,depolarizing,0.0,0.5,0.2,,0.11,0.95,20000,9914,1982,7932,880,179,0.08876336493847085,0.09031281533804238,0.07847387986781237,0.10373676802327164,0.025262888155459268,1.0,0.4957,0.3966,1,1,0.09
02_noise_sweep,135,137827995018054297923819725627089100756,20000,0.0,0.18,depolarizing,0.0,0.5,0.2,,0.11,0.95,20000,9945,1989,7956,888,192,0.08929110105580694,0.09653092006033183,0.08431948620626986,0.1102978312446665,0.025978345038396633,1.0,0.49725,0.3978,1,1,0.09
02_noise_sweep,136,152698607429605742460632754029006106269,20000,0.0,0.18,depolarizing,0.0,0.5,0.2,,0.11,0.95,20000,10033,2006,8027,893,179,0.08900627927838134,0.08923230309072781,0.07752943790094782,0.10250538884255572,0.0249759509416079,1.0,0.50165,0.40135,1,1,0.09
02_noise_sweep,137,15534486477746947359625552939568353613,20000,0.0,0.18,depolarizing,0.0,0.5,0.2,,0.11,0.95,20000,10045,2009,8036,911,176,0.09069188651070184,0.08760577401692385,0.07601680092930178,0.10076883574432798,0.02475203481502619,1.0,0.50225,0.4018,1,1,0.09
02_noise_sweep,138,4552436939301075492521915430799466884,20000,0.0,0.18,depolarizing,0.0,0.5,0.2,,0.11,0.95,20000,10029,2005,8024,865,166,0.08624987536145179,0.0827930174563591,0.0715139310369434,0.09566773347223714,0.024153802435293747,1.0,0.50145,0.4012,1,1,0.09
02_noise_sweep,139,75615481899175152441915769435294531315,20000,0.0,0.18,depolarizing,0.0,0.5,0.2,,0.11,0.95,20000,9808,1961,7847,903,177,0.09206769983686787,0.09026007139214687,0.07836544076214132,0.10375686595845894,0.025391425196317624,1.0,0.4904,0.39235,1,1,0.09
02_noise_sweep,140,76980908943699974691702630830211886431,20000,0.0,0.18,depolarizing,0.0,0.5,0.2,,0.11,0.95,20000,10028,2005,8023,900,166,0.08974870362983646,0.0827930174563591,0.0715139310369434,0.09566773347223714,0.024153802435293747,1.0,0.5014,0.40115,1,1,0.09
02_noise_sweep,141,234702735198095736330157934952417058531,20000,0.0,0.18,depolarizing,0.0,0.5,0.2,,0.11,0.95,20000,10058,2011,8047,885,171,0.08798965997216146,0.08503232222774738,0.07361851543987023,0.09802846815114562,0.024409952711275384,1.0,0.5029,0.40235,1,1,0.09
02_noise_sweep,142,50534071498945098997454488574791750231,20000,0.0,0.18,depolarizing,0.0,0.5,0.2,,0.11,0.95,20000,9872,1974,7898,919,180,0.09309157212317666,0.0911854103343465,0.07926778963186362,0.10469106975903913,0.025423280127175513,1.0,0.4936,0.3949,1,1,0.09
02_noise_sweep,143,162922157254708927555578935383158635783,20000,0.0,0.18,depolarizing,0.0,0.5,0.2,,0.11,0.95,20000,10006,2001,8005,866,159,0.08654807115730562,0.07946026986506746,0.06839996176462212,0.0921321628104605,0.02373220104583837,1.0,0.5003,0.40025,1,1,0.09
02_noise_sweep,144,219199066877798571034395054252366404661,20000,0.0,0.18,depolarizing,0.0,0.5,0.2,,0.11,0.95,20000,10098,2019,8079,869,162,0.0860566448801743,0.08023774145616643,0.06916964408905178,0.09290013028260065,0.023730486193548866,1.0,0.5049,0.40395,1,1,0.09
02_noise_sweep,145,157811069200012415008462449758420857278,20000,0.0,0.18,depolarizing,0.0,0.5,0.2,,0.11,0.95,20000,10054,2010,8044,867,159,0.08623433459319674,0.0791044776119403,0.06809200969465333,0.09172268545476749,0.023630675760114156,1.0,0.5027,0.4022,1,1,0.09
02_noise_sweep,146,294483615909179631893827778576673024097,20000,0.0,0.18,depolarizing,0.0,0.5,0.2,,0.11,0.95,20000,10024,2004,8020,904,176,0.09018355945730247,0.08782435129740519,0.07620757811018958,0.10101829660090322,0.024810718490713646,1.0,0.5012,0.401,1,1,0.09
02_noise_sweep,147,164043804126911900476152680443088330740,20000,0.0,0.18,depolarizing,0.0,0.5,0.2,,0.11,0.95,20000,9955,1991,7964,836,183,0.08397790055248619,0.09191361125062783,0.0799972270810621,0.10540169631976604,0.02540446923870393,1.0,0.49775,0.3982,1,1,0.09
02_noise_sweep,148,178152502058904833546144938157497490956,20000,0.0,0.18,depolarizing,0.0,0.5,0.2,,0.11,0.95,20000,9961,1992,7969,890,182,0.08934845899006123,0.09136546184738956,0.07948684041218701,0.10481710677510356,0.025330266362916548,1.0,0.49805,0.39845,1,1,0.09
02_noise_sweep,149,148726806275102625780228087496964188121,20000,0.0,0.18,depolarizing,0.0,0.5,0.2,,0.11,0.95,20000,10003,2000,8003,940,185,0.09397180845746277,0.0925,0.08057157812198121,0.10599081541223992,0.025419237290258717,1.0,0.50015,0.40015,1,1,0.09
02_noise_sweep,0,116017796109694430482476608116569431266,20000,0.0,0.2,depolarizing,0.0,0.5,0.2,,0.11,0.95,20000,10058,2011,8047,1015,188,0.10091469477033208,0.09348582794629537,0.08152603550594213,0.10699572493223096,0.025469689426288827,1.0,0.5029,0.40235,1,1,0.1
02_noise_sweep,1,140866847726922945045742301329247796751,20000,0.0,0.2,depolarizing,0.0,0.5,0.2,,0.11,0.95,20000,9965,1993,7972,1008,213,0.10115403913697943,0.10687405920722529,0.09405833363790209,0.12120235064023399,0.027144017002331905,1.0,0.49825,0.3986,1,1,0.1
02_noise_sweep,2,242798664151753236225433184470682959201,20000,0.0,0.2,depolarizing,0.0,0.5,0.2,,0.11,0.95,20000,10022,2004,8018,1013,192,0.1010776292157254,0.09580838323353294,0.0836844340805483,0.10947895395333206,0.02579451987278375,1.0,0.5011,0.4009,1,1,0.1
02_noise_sweep,3,340036342609450397051226829019366335909,20000,0.0,0.2,depolarizing,0.0,0.5,0.2,,0.11,0.95,20000,10060,2012,8048,1020,203,0.10139165009940358,0.10089463220675944,0.08848521685672314,0.1148251461816773,0.02633992932495416,1.0,0.503,0.4024,1,1,0.1
02_noise_sweep,4,174839177688279262118902175617977313375,20000,0.0,0.2,depolarizing,0.0,0.5,0.2,,0.11,0.95,20000,9961,1992,7969,1006,216,0.10099387611685574,0.10843373493975904,0.09552565734952859,0.12284913233853856,0.02732347498900997,1.0,0.49805,0.39845,1,1,0.1
02_noise_sweep,5,148056543256131338766828536859664102377,20000,0.0,0.2,depolarizing,0.0,0.5,0.2,,0.11,0.95,20000,10078,2015,8063,1056,205,0.10478269497916254,0.10173697270471464,0.08928627041112445,0.11570330765234545,0.026417037241220992,1.0,0.5039,0.40315,1,1,0.1
02_noise_sweep,6,306068502308469247883639199324415396128,20000,0.0,0.2,depolarizing,0.0,0.5,0.2,,0.11,0.95,20000,9871,1974,7897,987,208,0.09998986931415257,0.10536980749746708,0.0925835137048291,0.11968904077536081,0.02710552707053171,1.0,0.49355,0.39485,1,1,0.1
02_noise_sweep,7,318642259824074841157607706318130295827,20000,0.0,0.2,depolarizing,0.0,0.5,0.2,,0.11,0.95,20000,10040,2008,8032,1026,199,0.10219123505976095,0.09910358565737051,0.08678995006064466,0.11294818390556083,0.026158233844916168,1.0,0.502,0.4016,1,1,0.1
02_noise_sweep,8,76144384275134978438714448857086749984,20000,0.0,0.2,depolarizing,0.0,0.5,0.2,,0.11,0.95,20000,10017,2003,8014,996,194,0.09943096735549566,0.09685471792311533,0.08466352578794392,0.1105892965505765,0.025925770762632583,1.0,0.50085,0.4007,1,1,0.1
02_noise_sweep,9,41051331775000846363210089207595801199,20000,0.0,0.2,depolarizing,0.0,0.5,0.2,,0.11,0.95,20000,10006,2001,8005,1026,193,0.10253847691385169,0.09645177411294353,0.08427962450724248,0.11017039402440247,0.02589076951715999,1.0,0.5003,0.40025,1,1,0.1
02_noise_sweep,10,251023520836043801212571024884526110986,20000,0.0,0.2,depolarizing,0.0,0.5,0.2,,0.11,0.95,20000,9942,1988,7954,1048,208,0.10541138603902635,0.10462776659959759,0.09192722328070749,0.11885333707035023,0.02692611378964274,1.0,0.4971,0.3977,1,1,0.1
02_noise_sweep,11,182451562860257767685749650007461066179,20000,0.0,0.2,depolarizing,0.0,0.5,0.2,,0.11,0.95,20000,10124,2024,8100,988,202,0.0975898854207823,0.09980237154150198,0.08749268786611097,0.11362829082118608,0.02613560295507511,1.0,0.5062,0.405,1,1,0.1
02_noise_sweep,12,238181067079828563412183998837001766383,20000,0.0,0.2,depolarizing,0.0,0.5,0.2,,0.11,0.95,20000,10119,2023,8096,1003,206,0.09912046644925387,0.10182896688087,0.08939602173584006,0.11577121372353773,0.026375191987697666,1.0,0.50595,0.4048,1,1,0.1
02_noise_sweep,13,280168627944901997237500607561607427540,20000,0.0,0.2,depolarizing,0.0,0.5,0.2,,0.11,0.95,20000,9921,1984,7937,941,219,0.09484930954540872,0.11038306451612903,0.0973398474089545,0.12493213351794537,0.027592286108990866,1.0,0.49605,0.39685,1,1,0.1
02_noise_sweep,14,32764026830165372577656164486579223848,20000,0.0,0.2,depolarizing,0.0,0.5,0.2,,0.11,0.95,20000,10012,2002,8010,976,190,0.09748302037554935,0.09490509490509491,0.08283145352637243,0.10853035980775232,0.025698906281379885,1.0,0.5006,0.4005,1,1,0.1
02_noise_sweep,15,49556310565382041078807798758660720418,20000,0.0,0.2,depolarizing,0.0,0.5,0.2,,0.11,0.95,20000,9935,1987,7948,991,219,0.09974836436839457,0.11021640664318068,0.09719188201832941,0.12474515714822774,0.02755327512989833,1.0,0.49675,0.3974,1,1,0.1
02_noise_sweep,16,47463416623782400646758864698223907887,20000,0.0,0.2,depolarizing,0.0,0.5,0.2,,0.11,0.95,20000,9948,1989,7959,964,196,0.09690390028146362,0.09854198089492207,0.08620733615027172,0.11242434981181261,0.02621701366154089,1.0,0.4974,0.39795,1,1,0.1
02_noise_sweep,17,109351211028667591775413905368637574347,20000,0.0,0.2,depolarizing,0.0,0.5,0.2,,0.11,0.95,20000,10020,2004,8016,1080,191,0.10778443113772455,0.09530938123752496,0.0832163024892539,0.10895099096195222,0.02573468847269833,1.0,0.501,0.4008,1,1,0.1
02_noise_sweep,18,3462058979034235598894998971155816948,20000,0.0,0.2,depolarizing,0.0,0.5,0.2,,0.11,0.95,20000,10048,2009,8039,1023,203,0.10181130573248408,0.10104529616724739,0.08861819726748145,0.11499518570646451,0.026376988438983062,1.0,0.5024,0.40195,1,1,0.1
02_noise_sweep,19,92942967902843555167757145063773062989,20000,0.0,0.2,depolarizing,0.0,0.5,0.2,,0.11,0.95,20000,9963,1992,7971,997,213,0.10007025996185888,0.10692771084337349,0.09410586660367143,0.12126267227550366,0.027156805671832235,1.0,0.49815,0.39855,1,1,0.1
02_noise_sweep,20,42488310838761295438682034290759995368,20000,0.0,0.2,depolarizing,0.0,0.5,0.2,,0.11,0.95,20000,9995,1999,7996,1020,210,0.10205102551275638,0.10505252626313157,0.09236020923022115,0.1192598653163977,0.02689965608617656,1.0,0.49975,0.3998,1,1,0.1
02_noise_sweep,21,236353237741797749793128560679308570889,20000,0.0,0.2,depolarizing,0.0,0.5,0.2,,0.11,0.95,20000,9955,1991,7964,983,193,0.09874434957307886,0.09693621295831241,0.08470558144148495,0.1107192013636407,0.026013619922155756,1.0,0.49775,0.3982,1,1,0.1
02_noise_sweep,22,242376868311679775244748684542511635397,20000,0.0,0.2,depolarizing,0.0,0.5,0.2,,0.11,0.95,20000,9961,1992,7969,980,203,0.09838369641602249,0.10190763052208836,0.08937936904520255,0.11596833380433239,0.026588964759129835,1.0,0.49805,0.39845,1,1,0.1
02_noise_sweep,23,189288497870207981345569612640560216409,20000,0.0,0.2,depolarizing,0.0,0.5,0.2,,0.11,0.95,20000,10057,2011,8046,1002,200,0.09963209704683305,0.09945300845350571,0.08712696916961478,0.11330639845478697,0.026179429285172195,1.0,0.50285,0.4023,1,1,0.1
02_noise_sweep,24,74756107971191704443248480164380934636,20000,0.0,0.2,depolarizing,0.0,0.5,0.2,,0.11,0.95,20000,10075,2015,8060,967,178,0.0959801488833747,0.08833746898263027,0.07671699661447248,0.10152456725300202,0.024807570638529536,1.0,0.50375,0.403,1,1,0.1
02_noise_sweep,25,241121500208098596696047363019632632500,20000,0.0,0.2,depolarizing,0.0,0.5,0.2,,0.11,0.95,20000,9975,1995,7980,988,202,0.09904761904761905,0.1012531328320802,0.08877269812207075,0.11526622503560602,0.026493526913535265,1.0,0.49875,0.399,1,1,0.1
02_noise_sweep,26,295453005891095234892311486768742604217,20000,0.0,0.2,depolarizing,0.0,0.5,0.2,,0.11,0.95,20000,10156,2031,8125,967,219,0.09521465143757385,0.10782865583456426,0.09507228765667956,0.12206573894749935,0.026993451290819787,1.0,0.5078,0.40625,1,1,0.1
02_noise_sweep,27,259970641487637181698261235238447926106,20000,0.0,0.2,depolarizing,0.0,0.5,0.2,,0.11,0.95,20000,10009,2001,8008,1019,189,0.1018083724647817,0.0944527736131934,0.08240447849261183,0.10805519957355521,0.02565072108094338,1.0,0.50045,0.4004,1,1,0.1
02_noise_sweep,28,278290650071757020646443968704881827200,20000,0.0,0.2,depolarizing,0.0,0.5,0.2,,0.11,0.95,20000,10108,2021,8087,1016,203,0.10051444400474871,0.10044532409698169,0.08808865991324748,0.11431803076138612,0.026229370848138645,1.0,0.5054,0.40435,1,1,0.1
02_noise_sweep,29,16820903427760203631416466019367198552,20000,0.0,0.2,depolarizing,0.0,0.5,0.2,,0.11,0.95,20000,9933,1986,7947,1016,195,0.10228531158763716,0.09818731117824774,0.08586554472513881,0.11206050464670887,0.02619495992157006,1.0,0.49665,0.39735,1,1,0.1
02_noise_sweep,30,307530925155124104474229194225696799383,20000,0.0,0.2,depolarizing,0.0,0.5,0.2,,0.11,0.95,20000,9977,1995,7982,1011,203,0.10133306605191941,0.10175438596491228,0.08924409572771681,0.1157954070362985,0.026551311308581682,1.0,0.49885,0.3991,1,1,0.1
02_noise_sweep,31,176390864139010454255585241977514593943,20000,0.0,0.2,depolarizing,0.0,0.5,0.2,,0.11,0.95,20000,10152,2030,8122,1002,208,0.09869976359338062,0.10246305418719212,0.0900130258354776,0.11641479428779575,0.026401768452318147,1.0,0.5076,0.4061,1,1,0.1
02_noise_sweep,32,217180083665592493210747545591453500901,20000,0.0,0.2,depolarizing,0.0,0.5,0.2,,0.11,0.95,20000,10021,2004,8017,1006,197,0.10038918271629578,0.09830339321357286,0.08602666772903707,0.11211719321821438,0.026090525489177313,1.0,0.50105,0.40085,1,1,0.1
02_noise_sweep,33,132518135968924693022462248582862561979,20000,0.0,0.2,depolarizing,0.0,0.5,0.2,,0.11,0.95,20000,9996,1999,7997,1064,203,0.10644257703081232,0.10155077538769385,0.08906436708125351,0.11556563846197879,0.026501271380725278,1.0,0.4998,0.39985,1,1,0.1
02_noise_sweep,34,198117380964677765295220017110462445238,20000,0.0,0.2,depolarizing,0.0,0.5,0.2,,0.11,0.95,20000,9906,1981,7925,1030,212,0.10397738744195437,0.10701665825340737,0.09415618524589422,0.12139828985807641,0.027242104612182183,1.0,0.4953,0.39625,1,1,0.1
02_noise_sweep,35,178431466252550289031503998075278198189,20000,0.0,0.2,depolarizing,0.0,0.5,0.2,,0.11,0.95,20000,10015,2003,8012,1016,208,0.10144782825761357,0.1038442336495257,0.09123430408631014,0.11797079130144955,0.02673648721513941,1.0,0.50075,0.4006,1,1,0.1
02_noise_sweep,36,181746926972973731271672283511536957241,20000,0.0,0.2,depolarizing,0.0,0.5,0.2,,0.11,0.95,20000,9963,1992,7971,1010,224,0.10137508782495232,0.11244979919678715,0.09931574620753394,0.12707571230424533,0.027759966096711386,1.0,0.49815,0.39855,1,1,0.1
02_noise_sweep,37,256446211013872597260453370010966850940,20000,0.0,0.2,depolarizing,0.0,0.5,0.2,,0.11,0.95,20000,10196,2039,8157,1043,202,0.10229501765398195,0.09906817067189799,0.08684499304749274,0.11279921187095243,0.02595421882345969,1.0,0.5098,0.40785,1,1,0.1
02_noise_sweep,38,208640261483299488408892449732178388412,20000,0.0,0.2,depolarizing,0.0,0.5,0.2,,0.11,0.95,20000,10139,2027,8112,978,200,0.09645921688529441,0.0986679822397632,0.08643490957276849,0.11241934222845489,0.025984432655686396,1.0,0.50695,0.4056,1,1,0.1
02_noise_sweep,39,246451338201181195801043658684761292363,20000,0.0,0.2,depolarizing,0.0,0.5,0.2,,0.11,0.95,20000,10031,2006,8025,1001,187,0.09979064898813678,0.09322033898305085,0.08126325507061652,0.10673239859770739,0.02546914352709087,1.0,0.50155,0.40125,1,1,0.1
02_noise_sweep,40,191470857506894353724899435347254159301,20000,0.0,0.2,depolarizing,0.0,0.5,0.2,,0.11,0.95,20000,10058,2011,8047,985,203,0.0979319944322927,0.1009448035803083,0.08852949928576703,0.11488177013519188,0.026352270849424847,1.0,0.5029,0.40235,1,1,0.1
02_noise_sweep,41,339183108173177801002217814069504429765,20000,0.0,0.2,depolarizing,0.0,0.5,0.2,,0.11,0.95,20000,10083,2016,8067,998,183,0.09897847862739265,0.09077380952380952,0.07899925929883918,0.10410494286791401,0.025105683569074833,1.0,0.50415,0.40335,1,1,0.1
02_noise_sweep,42,105681050445522076440041127931114864823,20000,0.0,0.2,depolarizing,0.0,0.5,0.2,,0.11,0.95,20000,9956,1991,7965,991,225,0.09953796705504218,0.11300853842290307,0.09984037156680074,0.1276671613320769,0.027826789765276153,1.0,0.4978,0.39825,1,1,0.1
02_noise_sweep,43,110493703723102248623566415296453938155,20000,0.0,0.2,depolarizing,0.0,0.5,0.2,,0.11,0.95,20000,9927,1985,7942,973,193,0.09801551324670092,0.09722921914357682,0.08496322894527272,0.11105111754358965,0.026087888598316927,1.0,0.49635,0.3971,1,1,0.1
02_noise_sweep,44,119312680309026363319989288941559629892,20000,0.0,0.2,depolarizing,0.0,0.5,0.2,,0.11,0.95,20000,9952,1990,7962,958,181,0.0962620578778135,0.09095477386934674,0.0790968635829309,0.10438886804443724,0.02529200446150634,1.0,0.4976,0.3981,1,1,0.1
02_noise_sweep,45,133290683723292308762740452384068387302,20000,0.0,0.2,depolarizing,0.0,0.5,0.2,,0.11,0.95,20000,9915,1983,7932,928,188,0.09359556227937468,0.09480584972264246,0.08268431237825166,0.10849423240918801,0.02580992003093635,1.0,0.49575,0.3966,1,1,0.1
02_noise_sweep,46,142398059380033852092921028294428419444,20000,0.0,0.2,depolarizing,0.0,0.5,0.2,,0.11,0.95,20000,9868,1973,7895,1019,193,0.10326307255776246,0.0978205778003041,0.08548325562097919,0.11172095470211788,0.026237699081138682,1.0,0.4934,0.39475,1,1,0.1
02_noise_sweep,47,23122141219156479635895797167163311227,20000,0.0,0.2,depolarizing,0.0,0.5,0.2,,0.11,0.95,20000,9989,1997,7992,984,184,0.09850835919511462,0.09213820731096645,0.08022433145867465,0.1056182085294058,0.025393877070731152,1.0,0.49945,0.3996,1,1,0.1
02_noise_sweep,48,179571689191517751673190541909277243637,20000,0.0,0.2,depolarizing,0.0,0.5,0.2,,0.11,0.95,20000,9947,1989,7958,982,214,0.09872323313561877,0.10759175465057819,0.09472264681757708,0.12197369744467318,0.027251050627096096,1.0,0.49735,0.3979,1,1,0.1
02_noise_sweep,49,147901834868409748197061600585386832933,20000,0.0,0.2,depolarizing,0.0,0.5,0.2,,0.11,0.95,20000,9940,1988,7952,993,202,0.09989939637826961,0.10160965794768612,0.08908729826088692,0.115668686214988,0.026581387954101088,1.0,0.497,0.3976,1,1,0.1
02_noise_sweep,50,154925101878970672427820897476680918972,20000,0.0,0.2,depolarizing,0.0,0.5,0.2,,0.11,0.95,20000,10049,2009,8040,1023,204,0.10180117424619366,0.101543056246889,0.08908637462303427,0.11552062858425675,0.02643425396122248,1.0,0.50245,0.402,1,1,0.1
02_noise_sweep,51,117318116805232504975175576863102834906,20000,0.0,0.2,depolarizing,0.0,0.5,0.2,,0.11,0.95,20000,10063,2012,8051,1070,224,0.10633012024247242,0.11133200795228629,0.09832178416389557,0.12582355070039977,0.0275017665365042,1.0,0.50315,0.40255,1,1,0.1
02_noise_sweep,52,216464366592141487243092988042643148519,20000,0.0,0.2,depolarizing,0.0,0.5,0.2,,0.11,0.95,20000,9989,1997,7992,991,204,0.09920913004304735,0.10215322984476716,0.08962516032686621,0.11620896861178318,0.026583808284916965,1.0,0.49945,0.3996,1,1,0.1
02_noise_sweep,53,35451223165463007675759169445780401882,20000,0.0,0.2,depolarizing,0.0,0.5,0.2,,0.11,0.95,20000,10030,2006,8024,985,181,0.09820538384845463,0.09022931206380858,0.07846221128891928,0.10356282218578938,0.0251006108968701,1.0,0.5015,0.4012,1,1,0.1
02_noise_sweep,54,326063920565792896241151799938162155874,20000,0.0,0.2,depolarizing,0.0,0.5,0.2,,0.11,0.95,20000,10036,2007,8029,939,180,0.09356317257871662,0.08968609865470852,0.07795667374405821,0.10298322941174681,0.025026555667688605,1.0,0.5018,0.40145,1,1,0.1
02_noise_sweep,55,54616502299456122358213796969762979448,20000,0.0,0.2,depolarizing,0.0,0.5,0.2,,0.11,0.95,20000,10031,2006,8025,962,208,0.09590270162496262,0.1036889332003988,0.09109697211542087,0.1177958522305565,0.02669888011513563,1.0,0.50155,0.40125,1,1,0.1
02_noise_sweep,56,252361128782072494847016706655639782891,20000,0.0,0.2,depolarizing,0.0,0.5,0.2,,0.11,0.95,20000,10012,2002,8010,1005,205,0.10037954454654414,0.1023976023976024,0.08986980515280306,0.11644832482742294,0.026578519674619883,1.0,0.5006,0.4005,1,1,0.1
02_noise_sweep,57,81035047258037800307541436805959702459,20000,0.0,0.2,depolarizing,0.0,0.5,0.2,,0.11,0.95,20000,9961,1992,7969,942,178,0.09456881839172773,0.0893574297188755,0.07760805956191853,0.10268755321351598,0.02507949365159745,1.0,0.49805,0.39845,1,1,0.1
02_noise_sweep,58,290242302043124829788389258552730168825,20000,0.0,0.2,depolarizing,0.0,0.5,0.2,,0.11,0.95,20000,10079,2015,8064,1022,200,0.10139894830836392,0.09925558312655088,0.08695291720769151,0.11308332489355703,0.026130407685865525,1.0,0.50395,0.4032,1,1,0.1
02_noise_sweep,59,91088365045381176771445080612630945022,20000,0.0,0.2,depolarizing,0.0,0.5,0.2,,0.11,0.95,20000,9926,1985,7941,997,194,0.10044328027402781,0.09773299748110831,0.08543609951636619,0.11158385754599354,0.02614775802962735,1.0,0.4963,0.39705,1,1,0.1
02_noise_sweep,60,23154803986587072527101491233446969750,20000,0.0,0.2,depolarizing,0.0,0.5,0.2,,0.11,0.95,20000,9956,1991,7965,965,198,0.09692647649658498,0.09944751381215469,0.08706378452939381,0.11337392797788057,0.026310143448486756,1.0,0.4978,0.39825,1,1,0.1
02_noise_sweep,61,246976726930565148950514904332480345785,20000,0.0,0.2,depolarizing,0.0,0.5,0.2,,0.11,0.95,20000,9975,1995,7980,1031,209,0.10335839598997494,0.10476190476190476,0.09207453748921934,0.11896844291282732,0.026893905423607978,1.0,0.49875,0.399,1,1,0.1
02_noise_sweep,62,109310633493182275249841845711864930616,20000,0.0,0.2,depolarizing,0.0,0.5,0.2,,0.11,0.95,20000,9963,1992,7971,961,205,0.09645689049483087,0.10291164658634538,0.09032389548096437,0.1170279745744986,0.026704079093534228,1.0,0.49815,0.39855,1,1,0.1
02_noise_sweep,63,309924565901873566306776262642783386853,20000,0.0,0.2,depolarizing,0.0,0.5,0.2,,0.11,0.95,20000,9951,1990,7961,951,182,0.09556828459451311,0.0914572864321608,0.07956720968445374,0.10492161072469897,0.025354401040245222,1.0,0.49755,0.39805,1,1,0.1
02_noise_sweep,64,1242368905336675876962364899057529608,20000,0.0,0.2,depolarizing,0.0,0.5,0.2,,0.11,0.95,20000,9963,1992,7971,999,189,0.1002710027100271,0.09487951807228916,0.08277909034341634,0.10853944206462236,0.025760351721206026,1.0,0.49815,0.39855,1,1,0.1
02_noise_sweep,65,106719080819760299787800293461721624503,20000,0.0,0.2,depolarizing,0.0,0.5,0.2,,0.11,0.95,20000,10020,2004,8016,1041,206,0.10389221556886227,0.1027944111776447,0.09024908692314214,0.1168596252681773,0.026610538345035156,1.0,0.501,0.4008,1,1,0.1
02_noise_sweep,66,74503062305048722653862057308157850356,20000,0.0,0.2,depolarizing,0.0,0.5,0.2,,0.11,0.95,20000,10029,2005,8024,1027,200,0.10240303120949247,0.09975062344139651,0.08738935776050882,0.1136426634811139,0.02625330572060508,1.0,0.50145,0.4012,1,1,0.1
02_noise_sweep,67,249121246441971093839965384073277680607,20000,0.0,0.2,depolarizing,0.0,0.5,0.2,,0.11,0.95,20000,9987,1997,7990,1038,218,0.10393511565034545,0.10916374561842764,0.09622946768873335,0.12359877351531427,0.027369305826580925,1.0,0.49935,0.3995,1,1,0.1
02_noise_sweep,68,141440906611694645832844486715743566483,20000,0.0,0.2,depolarizing,0.0,0.5,0.2,,0.11,0.95,20000,9958,1991,7967,994,215,0.09981924081140792,0.10798593671521849,0.0951003631243472,0.12238131037023293,0.02728094724588573,1.0,0.4979,0.39835,1,1,0.1
02_noise_sweep,69,188675696589411239237829549159652748572,20000,0.0,0.2,depolarizing,0.0,0.5,0.2,,0.11,0.95,20000,10044,2008,8036,1003,188,0.09986061330147351,0.09362549800796813,0.08164858182799528,0.10715429682594718,0.0255057149979519,1.0,0.5022,0.4018,1,1,0.1
02_noise_sweep,70,41545910739999614959276534444123075644,20000,0.0,0.2,depolarizing,0.0,0.5,0.2,,0.11,0.95,20000,9930,1986,7944,970,184,0.09768378650553877,0.09264853977844914,0.08067138622155254,0.1061985059361226,0.025527119714570057,1.0,0.4965,0.3972,1,1,0.1
02_noise_sweep,71,102668190386764745648312110719738393587,20000,0.0,0.2,depolarizing,0.0,0.5,0.2,,0.11,0.95,20000,9890,1978,7912,978,203,0.09888776541961578,0.10262891809908999,0.09001610639959876,0.11678220079928917,0.02676609439969041,1.0,0.4945,0.3956,1,1,0.1
02_noise_sweep,72,62554028147411807829587560874880747614,20000,0.0,0.2,depolarizing,0.0,0.5,0.2,,0.11,0.95,20000,10105,2021,8084,1007,210,0.09965363681345868,0.10390895596239486,0.09134825722780336,0.11797255501373745,0.026624297785934087,1.0,0.50525,0.4042,1,1,0.1
02_noise_sweep,73,128822792690300167169426551571065305916,20000,0.0,0.2,depolarizing,0.0,0.5,0.2,,0.11,0.95,20000,10054,2010,8044,992,197,0.09866719713546847,0.09800995024875622,0.08576825673887925,0.11178525825016572,0.02601700151128647,1.0,0.5027,0.4022,1,1,0.1
02_noise_sweep,74,3501689325940280290688379909649851170,20000,0.0,0.2,depolarizing,0.0,0.5,0.2,,0.11,0.95,20000,10098,2019,8079,1000,193,0.09902951079421668,0.09559187716691431,0.08352360257878795,0.10919612694859164,0.02567252436980369,1.0,0.5049,0.40395,1,1,0.1
02_noise_sweep,75,264381305835678245464497511451010673644,20000,0.0,0.2,depolarizing,0.0,0.5,0.2,,0.11,0.95,20000,10057,2011,8046,993,211,0.0987371979715621,0.10492292391844853,0.09227384809794395,0.11907849278050073,0.026804644682556777,1.0,0.50285,0.4023,1,1,0.1
02_noise_sweep,76,250663487000704806329753173883731315928,20000,0.0,0.2,depolarizing,0.0,0.5,0.2,,0.11,0.95,20000,10104,2020,8084,1008,189,0.0997624703087886,0.09356435643564356,0.08162466204477792,0.10704696396450233,0.025422301919724416,1.0,0.5052,0.4042,1,1,0.1
02_noise_sweep,77,143405942129097377365524727155183082955,20000,0.0,0.2,depolarizing,0.0,0.5,0.2,,0.11,0.95,20000,9985,1997,7988,1010,206,0.10115172759138708,0.10315473209814723,0.09056749336263693,0.11726579447106934,0.02669830110843241,1.0,0.49925,0.3994,1,1,0.1
02_noise_sweep,78,26067716157504669342909642017708847987,20000,0.0,0.2,depolarizing,0.0,0.5,0.2,,0.11,0.95,20000,10101,2020,8081,1003,204,0.0992970992970993,0.100990099009901,0.0885981481682931,0.11489677334629873,0.02629862517800563,1.0,0.50505,0.40405,1,1,0.1
02_noise_sweep,79,6813568950975228879006966579396810099,20000,0.0,0.2,depolarizing,0.0,0.5,0.2,,0.11,0.95,20000,10009,2001,8008,984,179,0.0983115196323309,0.08945527236381809,0.07772431698455032,0.1027595099179219,0.025035192933371586,1.0,0.50045,0.4004,1,1,0.1
02_noise_sweep,80,276501012060832137744723312973085452362,20000,0.0,0.2,depolarizing,0.0,0.5,0.2,,0.11,0.95,20000,10062,2012,8050,990,229,0.09838998211091235,0.11381709741550695,0.10066960522907648,0.12843643721281287,0.02776683198373639,1.0,0.5031,0.4025,1,1,0.1
02_noise_sweep,81,149988162234076424287138570147887040715,20000,0.0,0.2,depolarizing,0.0,0.5,0.2,,0.11,0.95,20000,9953,1990,7963,1052,213,0.10569677484175626,0.10703517587939698,0.09420107683585045,0.1213834958086236,0.027182418972773154,1.0,0.49765,0.39815,1,1,0.1
02_noise_sweep,82,86023739794201839134810690884533481081,20000,0.0,0.2,depolarizing,0.0,0.5,0.2,,0.11,0.95,20000,10022,2004,8018,1051,226,0.10486928756735182,0.11277445109780439,0.09965963402647156,0.12737096981833232,0.02771133579186076,1.0,0.5011,0.4009,1,1,0.1
02_noise_sweep,83,222932392011114313231455057946769791411,20000,0.0,0.2,depolarizing,0.0,0.5,0.2,,0.11,0.95,20000,10131,2026,8105,990,228,0.09771986970684039,0.1125370187561698,0.09950273762815554,0.12703784110642938,0.027535103478273842,1.0,0.50655,0.40525,1,1,0.1
02_noise_sweep,84,228780334049336737637437072918616634276,20000,0.0,0.2,depolarizing,0.0,0.5,0.2,,0.11,0.95,20000,9805,1961,7844,962,189,0.09811320754716982,0.09637939826619071,0.08409590959476138,0.11024112309889772,0.026145213504136344,1.0,0.49025,0.3922,1,1,0.1
02_noise_sweep,85,298259000352681918453882378586720990139,20000,0.0,0.2,depolarizing,0.0,0.5,0.2,,0.11,0.95,20000,9903,1980,7923,988,185,0.0997677471473291,0.09343434343434344,0.08139042935631478,0.10705278376361181,0.025662354407297028,1.0,0.49515,0.39615,1,1,0.1
02_noise_sweep,86,336547736326456584204199782165834459737,20000,0.0,0.2,depolarizing,0.0,0.5,0.2,,0.11,0.95,20000,9946,1989,7957,983,205,0.09883370199075005,0.10306686777275012,0.0904610189218762,0.11720299619029108,0.026741977268414874,1.0,0.4973,0.39785,1,1,0.1
02_noise_sweep,87,36193118716105159836728832692170886712,20000,0.0,0.2,depolarizing,0.0,0.5,0.2,,0.11,0.95,20000,10023,2004,8019,990,184,0.09877282250823106,0.09181636726546906,0.07994241319063186,0.1052522181818547,0.025309804991222845,1.0,0.50115,0.40095,1,1,0.1
02_noise_sweep,88,152975952088044739307820053641537540450,20000,0.0,0.2,depolarizing,0.0,0.5,0.2,,0.11,0.95,20000,10041,2008,8033,1017,195,0.10128473259635494,0.09711155378486055,0.08491890085686729,0.11084277663215164,0.02592387577528435,1.0,0.50205,0.40165,1,1,0.1
02_noise_sweep,89,159164918854411344605100990208118803639,20000,0.0,0.2,depolarizing,0.0,0.5,0.2,,0.11,0.95,20000,10025,2005,8020,1006,191,0.10034912718204489,0.09526184538653366,0.08317454145763596,0.10889709123716383,0.02572254977952787,1.0,0.50125,0.401,1,1,0.1
02_noise_sweep,90,273050424660880807663362241327769531903,20000,0.0,0.2,depolarizing,0.0,0.5,0.2,,0.11,0.95,20000,9920,1984,7936,979,213,0.09868951612903226,0.10735887096774194,0.09448786721143153,0.12174741499045073,0.027259547779019205,1.0,0.496,0.3968,1,1,0.1
02_noise_sweep,91,175202340111404738868697189093076471950,20000,0.0,0.2,depolarizing,0.0,0.5,0.2,,0.11,0.95,20000,9991,1998,7993,961,176,0.09618656791112001,0.08808808808808809,0.07643777872302653,0.10131928453128537,0.024881505808258847,1.0,0.49955,0.39965,1,1,0.1
02_noise_sweep,92,66688621037942572187262009965553956345,20000,0.0,0.2,depolarizing,0.0,0.5,0.2,,0.11,0.95,20000,10007,2001,8006,997,204,0.09963025881882683,0.10194902548725637,0.08944484230272294,0.11597861250898629,0.026533770206263352,1.0,0.50035,0.4003,1,1,0.1
02_noise_sweep,93,216605870416840990005147581349477783652,20000,0.0,0.2,depolarizing,0.0,0.5,0.2,,0.11,0.95,20000,9912,1982,7930,968,189,0.09765940274414851,0.09535822401614531,0.08319934132786141,0.10908260400298761,0.025883262675126195,1.0,0.4956,0.3965,1,1,0.1
02_noise_sweep,94,244839522788503798503077206080267935134,20000,0.0,0.2,depolarizing,0.0,0.5,0.2,,0.11,0.95,20000,10055,2011,8044,970,182,0.09646941819990054,0.09050223769269021,0.07873135418140832,0.10383460266365048,0.025103248482242158,1.0,0.50275,0.4022,1,1,0.1
02_noise_sweep,95,25564490260932656153694529798858543310,20000,0.0,0.2,depolarizing,0.0,0.5,0.2,,0.11,0.95,20000,10021,2004,8017,1051,223,0.10487975251970862,0.11127744510978044,0.09824576963756074,0.12579655045922047,0.027550780821659737,1.0,0.50105,0.40085,1,1,0.1
02_noise_sweep,96,210313301078934797805097951785563488238,20000,0.0,0.2,depolarizing,0.0,0.5,0.2,,0.11,0.95,20000,9924,1984,7940,1021,207,0.10288190245868602,0.10433467741935484,0.09163925348481759,0.11855932999204709,0.026920076507229496,1.0,0.4962,0.397,1,1,0.1
02_noise_sweep,97,161378973634043798636151918726541480139,20000,0.0,0.2,depolarizing,0.0,0.5,0.2,,0.11,0.95,20000,10006,2001,8005,980,197,0.0979412352588447,0.09845077461269365,0.08615645812856834,0.11228390086855453,0.026127442739986184,1.0,0.5003,0.40025,1,1,0.1
02_noise_sweep,98,7556405042763843338575284037928221366,20000,0.0,0.2,depolarizing,0.0,0.5,0.2,,0.11,0.95,20000,9973,1994,7979,1022,215,0.10247668705504863,0.1078234704112337,0.0949563243574447,0.12219877416412991,0.02724244980668522,1.0,0.49865,0.39895,1,1,0.1
02_noise_sweep,99,133427589205982267823764678971700961279,20000,0.0,0.2,depolarizing,0.0,0.5,0.2,,0.11,0.95,20000,9937,1987,7950,998,206,0.10043272617490188,0.10367388022143935,0.09102627756393458,0.11785095722452732,0.026824679660592737,1.0,0.49685,0.3975,1,1,0.1
02_noise_sweep,100,245931915766578909000934782929093491239,20000,0.0,0.2,depolarizing,0.0,0.5,0.2,,0.11,0.95,20000,10094,2018,8076,1008,215,0.09986130374479889,0.10654112983151635,0.09381953675977905,0.1207578510606025,0.02693831430082344,1.0,0.5047,0.4038,1,1,0.1
02_noise_sweep,101,111496056579400159240766749388061091366,20000,0.0,0.2,depolarizing,0.0,0.5,0.2,,0.11,0.95,20000,10045,2009,8036,1030,213,0.10253857640617223,0.10602289696366352,0.09330428551369987,0.12024529979369655,0.026941014279996678,1.0,0.50225,0.4018,1,1,0.1
02_noise_sweep,102,1925360411207756620207148519861091691,20000,0.0,0.2,depolarizing,0.0,0.5,0.2,,0.11,0.95,20000,10056,2011,8045,1027,209,0.10212808273667462,0.10392839383391347,0.09133718997164628,0.11802988304242695,0.026692693070780676,1.0,0.5028,0.40225,1,1,0.1
02_noise_sweep,103,86969094545634966411012884459547637423,20000,0.0,0.2,depolarizing,0.0,0.5,0.2,,0.11,0.95,20000,9883,1976,7907,1051,217,0.10634422746129718,0.10981781376518218,0.09678171511114741,0.1243680425474771,0.02758632743632969,1.0,0.49415,0.39535,1,1,0.1
02_noise_sweep,104,132665223586162327990366776113372097926,20000,0.0,0.2,depolarizing,0.0,0.5,0.2,,0.11,0.95,20000,9988,1997,7991,990,197,0.09911894273127753,0.09864797195793691,0.0863301225371798,0.11250695026877046,0.026176827731590663,1.0,0.4994,0.39955,1,1,0.1
02_noise_sweep,105,61261152670101446927359449363346867722,20000,0.0,0.2,depolarizing,0.0,0.5,0.2,,0.11,0.95,20000,9953,1990,7963,993,198,0.09976891389530795,0.09949748743718594,0.0871078141157578,0.11343042680194787,0.026322612686190072,1.0,0.49765,0.39815,1,1,0.1
02_noise_sweep,106,235438809390050899562916420362783310917,20000,0.0,0.2,depolarizing,0.0,0.5,0.2,,0.11,0.95,20000,10000,2000,8000,998,204,0.0998,0.102,0.08948985374022951,0.11603611589564782,0.026546262155418304,1.0,0.5,0.4,1,1,0.1
02_noise_sweep,107,248362617072441551427641690279433235139,20000,0.0,0.2,depolarizing,0.0,0.5,0.2,,0.11,0.95,20000,9967,1993,7974,980,211,0.0983244707534865,0.1058705469141997,0.09311275050122103,0.12014477023965439,0.02703201973843336,1.0,0.49835,0.3987,1,1,0.1
02_noise_sweep,108,274408325473533681541440766099148547611,20000,0.0,0.2,depolarizing,0.0,0.5,0.2,,0.11,0.95,20000,9957,1991,7966,943,184,0.09470724113688862,0.09241587142139629,0.08046756331549486,0.10593394602576305,0.025466382710268187,1.0,0.49785,0.3983,1,1,0.1
02_noise_sweep,109,216460154878304266778459979643550337903,20000,0.0,0.2,depolarizing,0.0,0.5,0.2,,0.11,0.95,20000,10034,2006,8028,959,179,0.09557504484751844,0.08923230309072781,0.07752943790094782,0.10250538884255572,0.0249759509416079,1.0,0.5017,0.4014,1,1,0.1
02_noise_sweep,110,188007603586484848417219582358170035037,20000,0.0,0.2,depolarizing,0.0,0.5,0.2,,0.11,0.95,20000,9976,1995,7981,995,187,0.0997393744987971,0.093734335839599,0.08171407117766846,0.10731615788492993,0.025602086707261468,1.0,0.4988,0.39905,1,1,0.1
02_noise_sweep,111,270352190024767885553062362679336201820,20000,0.0,0.2,depolarizing,0.0,0.5,0.2,,0.11,0.95,20000,9940,1988,7952,971,192,0.0976861167002012,0.096579476861167,0.08436216594239937,0.11035285874150427,0.025990692799104903,1.0,0.497,0.3976,1,1,0.1
02_noise_sweep,112,280062523398586721487276824514566666387,20000,0.0,0.2,depolarizing,0.0,0.5,0.2,,0.11,0.95,20000,10112,2022,8090,1033,205,0.10215585443037975,0.10138476755687438,0.08897518779676279,0.11530607864627083,0.026330890849508043,1.0,0.5056,0.4045,1,1,0.1
02_noise_sweep,113,92287603760637544565470842027930925102,20000,0.0,0.2,depolarizing,0.0,0.5,0.2,,0.11,0.95,20000,9879,1975,7904,971,199,0.09828930053649154,0.10075949367088607,0.0882494571480925,0.1148195947102482,0.026570137562155705,1.0,0.49395,0.3952,1,1,0.1
02_noise_sweep,114,39679844047831652257296152604057853726,20000,0.0,0.2,depolarizing,0.0,0.5,0.2,,0.11,0.95,20000,10052,2010,8042,950,190,0.09450855551134103,0.0945273631840796,0.08249974943552807,0.10810187768832297,0.025602128252794898,1.0,0.5026,0.4021,1,1,0.1
02_noise_sweep,115,46809800387300243912745480309557325175,20000,0.0,0.2,depolarizing,0.0,0.5,0.2,,0.11,0.95,20000,10026,2005,8021,1011,193,0.10083782166367444,0.09625935162094763,0.08411043904025416,0.10995239110939518,0.025841952069141028,1.0,0.5013,0.40105,1,1,0.1
02_noise_sweep,116,237308338397902428565971790199751939416,20000,0.0,0.2,depolarizing,0.0,0.5,0.2,,0.11,0.95,20000,9917,1983,7934,952,197,0.09599677321770697,0.09934442763489662,0.08694350143297934,0.11329464895111628,0.02635114751813694,1.0,0.49585,0.3967,1,1,0.1
02_noise_sweep,117,176564297020194432980878234638460498936,20000,0.0,0.2,depolarizing,0.0,0.5,0.2,,0.11,0.95,20000,10128,2025,8103,1031,223,0.10179699842022116,0.11012345679012346,0.09722004829118538,0.12450326915431564,0.02728322086313026,1.0,0.5064,0.40515,1,1,0.1
02_noise_sweep,118,112058813865849644565340451459807247840,20000,0.0,0.2,depolarizing,0.0,0.5,0.2,,0.11,0.95,20000,9869,1973,7896,1011,187,0.1024419900699159,0.09477952356817029,0.08263087985595603,0.10850304094217388,0.025872161086217843,1.0,0.49345,0.3948,1,1,0.1
02_noise_sweep,119,151724664030964182397296018615093237729,20000,0.0,0.2,depolarizing,0.0,0.5,0.2,,0.11,0.95,20000,9982,1996,7986,987,197,0.09887798036465638,0.09869739478957916,0.08637364810468845,0.1125628511192556,0.026189203014567147,1.0,0.4991,0.3993,1,1,0.1
02_noise_sweep,120,152258963620752225607634694365303954117,20000,0.0,0.2,depolarizing,0.0,0.5,0.2,,0.11,0.95,20000,10078,2015,8063,1007,187,0.09992061917047033,0.09280397022332507,0.08089808935736001,0.10625947924211296,0.02536138988475295,1.0,0.5039,0.40315,1,1,0.1
02_noise_sweep,121,267553521690641550791865372317492099399,20000,0.0,0.2,depolarizing,0.0,0.5,0.2,,0.11,0.95,20000,9965,1993,7972,1064,220,0.10677370797792272,0.11038635223281486,0.09737077452291033,0.12490098213563806,0.02753020761272773,1.0,0.49825,0.3986,1,1,0.1
02_noise_sweep,122,196539437703016547770801277780227395867,20000,0.0,0.2,depolarizing,0.0,0.5,0.2,,0.11,0.95,20000,9990,1998,7992,1010,206,0.1011011011011011,0.1031031031031031,0.09052186921757265,0.11720759756331355,0.0266857283457409,1.0,0.4995,0.3996,1,1,0.1
02_noise_sweep,123,202055358572218653625816644466201995181,20000,0.0,0.2,depolarizing,0.0,0.5,0.2,,0.11,0.95,20000,9906,1981,7925,977,212,0.09862709469008682,0.10701665825340737,0.09415618524589422,0.12139828985807641,0.027242104612182183,1.0,0.4953,0.39625,1,1,0.1
02_noise_sweep,124,42900579816939635071139553325197580640,20000,0.0,0.2,depolarizing,0.0,0.5,0.2,,0.11,0.95,20000,9961,1992,7969,965,197,0.09687782351169562,0.09889558232931726,0.0865481902276892,0.1127870110040616,0.026238820776372407,1.0,0.49805,0.39845,1,1,0.1
02_noise_sweep,125,122337831402263145330105090339146844681,20000,0.0,0.2,depolarizing,0.0,0.5,0.2,,0.11,0.95,20000,10033,2006,8027,1012,187,0.10086713844313765,0.09322033898305085,0.08126325507061652,0.10673239859770739,0.02546914352709087,1.0,0.50165,0.40135,1,1,0.1
02_noise_sweep,126,143003770960613995537631931359041643172,20000,0.0,0.2,depolarizing,0.0,0.5,0.2,,0.11,0.95,20000,9951,1990,7961,969,191,0.09737714802532409,0.09597989949748743,0.08380539205189148,0.10971122739332224,0.02590583534143076,1.0,0.49755,0.39805,1,1,0.1
02_noise_sweep,127,246772189180774084358104651615545906877,20000,0.0,0.2,depolarizing,0.0,0.5,0.2,,0.11,0.95,20000,10102,2020,8082,975,202,0.09651554147693527,0.1,0.08766704166973226,0.11385144044415137,0.02618439877441911,1.0,0.5051,0.4041,1,1,0.1
02_noise_sweep,128,256764522682915726894364079752799586953,20000,0.0,0.2,depolarizing,0.0,0.5,0.2,,0.11,0.95,20000,10064,2012,8052,959,197,0.09529014308426073,0.09791252485089463,0.08568246444465934,0.1116750495006283,0.025992585055968964,1.0,0.5032,0.4026,1,1,0.1
02_noise_sweep,129,198747162513309254990829323923306822690,20000,0.0,0.2,depolarizing,0.0,0.5,0.2,,0.11,0.95,20000,10047,2009,8038,959,194,0.09545137852095152,0.09656545545047288,0.08440909734701925,0.11026170352682131,0.025852606179802062,1.0,0.50235,0.4019,1,1,0.1
02_noise_sweep,130,88668014425771613721820227660125562605,20000,0.0,0.2,depolarizing,0.0,0.5,0.2,,0.11,0.95,20000,10088,2017,8071,1071,207,0.10616574147501982,0.10262766484878533,0.09013025388278943,0.11663582219748587,0.026505568314696443,1.0,0.5044,0.40355,1,1,0.1
02_noise_sweep,131,38577893430241733170496182279388926114,20000,0.0,0.2,depolarizing,0.0,0.5,0.2,,0.11,0.95,20000,9957,1991,7966,997,185,0.10013056141408054,0.09291813159216473,0.0809380126147957,0.1064660826668919,0.025528070052096202,1.0,0.49785,0.3983,1,1,0.1
02_noise_sweep,132,186950774943016801851751491606807322516,20000,0.0,0.2,depolarizing,0.0,0.5,0.2,,0.11,0.95,20000,9997,1999,7998,1040,211,0.10403120936280884,0.1055527763881941,0.09283142631240758,0.11978722952040936,0.026955803208001783,1.0,0.49985,0.3999,1,1,0.1
02_noise_sweep,133,109387551132765246899048329861422244690,20000,0.0,0.2,depolarizing,0.0,0.5,0.2,,0.11,0.95,20000,9936,1987,7949,922,163,0.0927938808373591,0.08203321590337191,0.07075856873538704,0.09492085157168294,0.0241622828362959,1.0,0.4968,0.39745,1,1,0.1
02_noise_sweep,134,109830129438299651035822714693143276253,20000,0.0,0.2,depolarizing,0.0,0.5,0.2,,0.11,0.95,20000,9922,1984,7938,982,209,0.09897198145535174,0.10534274193548387,0.0925884095647032,0.11962240682050067,0.02703399725579747,1.0,0.4961,0.3969,1,1,0.1
02_noise_sweep,135,303841577413873892120777377022046043935,20000,0.0,0.2,depolarizing,0.0,0.5,0.2,,0.11,0.95,20000,9892,1978,7914,1039,206,0.10503437120905783,0.10414560161779575,0.09144317641268941,0.11838261816330199,0.02693944175061258,1.0,0.4946,0.3957,1,1,0.1
02_noise_sweep,136,155997738509681672123405345153842437982,20000,0.0,0.2,depolarizing,0.0,0.5,0.2,,0.11,0.95,20000,9957,1991,7966,1042,215,0.10464999497840716,0.10798593671521849,0.0951003631243472,0.12238131037023293,0.02728094724588573,1.0,0.49785,0.3983,1,1,0.1
02_noise_sweep,137,310300754206751633844955801742863455768,20000,0.0,0.2,depolarizing,0.0,0.5,0.2,,0.11,0.95,20000,9909,1981,7928,980,205,0.0988999899081643,0.10348308934881373,0.09082872553592947,0.11767228948548214,0.026843563949552673,1.0,0.49545,0.3964,1,1,0.1
02_noise_sweep,138,214660169236706705662085119269522449451,20000,0.0,0.2,depolarizing,0.0,0.5,0.2,,0.11,0.95,20000,10070,2014,8056,1020,188,0.1012909632571996,0.09334657398212512,0.08140385654864588,0.10683762157158677,0.025433765022940896,1.0,0.5035,0.4028,1,1,0.1
02_noise_sweep,139,169395773897929868804518037783764923752,20000,0.0,0.2,depolarizing,0.0,0.5,0.2,,0.11,0.95,20000,10116,2023,8093,1054,224,0.10419137999209174,0.11072664359861592,0.09778354075450935,0.1251453207281226,0.02736177997361325,1.0,0.5058,0.40465,1,1,0.1
02_noise_sweep,140,241301571996852199634656905151501884875,20000,0.0,0.2,depolarizing,0.0,0.5,0.2,,0.11,0.95,20000,9975,1995,7980,968,192,0.09704260651629072,0.0962406015037594,0.08406431206251007,0.10996881503178112,0.025904502969271048,1.0,0.49875,0.399,1,1,0.1
02_noise_sweep,141,268150755531225780160498979591564622591,20000,0.0,0.2,depolarizing,0.0,0.5,0.2,,0.11,0.95,20000,9936,1987,7949,1025,213,0.10316022544283414,0.10719677906391545,0.09434425403278254,0.12156518311311526,0.027220929080332718,1.0,0.4968,0.39745,1,1,0.1
02_noise_sweep,142,314513426019805843725944152767482942483,20000,0.0,0.2,depolarizing,0.0,0.5,0.2,,0.11,0.95,20000,10037,2007,8030,971,201,0.09674205439872471,0.10014947683109118,0.08777007133659798,0.11405661024510638,0.026286538908508406,1.0,0.50185,0.4015,1,1,0.1
02_noise_sweep,143,119570556327409644055341643254701724387,20000,0.0,0.2,depolarizing,0.0,0.5,0.2,,0.11,0.95,20000,9862,1972,7890,949,187,0.09622794564996957,0.09482758620689655,0.08267304211853378,0.10855761413372116,0.025884572015187374,1.0,0.4931,0.3945,1,1,0.1
02_noise_sweep,144,271870588814973263483245588787356554195,20000,0.0,0.2,depolarizing,0.0,0.5,0.2,,0.11,0.95,20000,9989,1997,7992,1024,200,0.10251276404044449,0.100150225338007,0.08774167795877069,0.11409413318976488,0.026352455230994193,1.0,0.49945,0.3996,1,1,0.1
02_noise_sweep,145,155427059141994178779410155263018135796,20000,0.0,0.2,depolarizing,0.0,0.5,0.2,,0.11,0.95,20000,10023,2004,8019,1035,182,0.1032624962586052,0.09081836327345309,0.0790080142745454,0.10419442793259273,0.02518641365804733,1.0,0.50115,0.40095,1,1,0.1
02_noise_sweep,146,332541257567615162694268740950525830416,20000,0.0,0.2,depolarizing,0.0,0.5,0.2,,0.11,0.95,20000,9978,1995,7983,1024,198,0.10262577670875928,0.09924812030075188,0.08688811046686264,0.11314849426545988,0.026260383798597242,1.0,0.4989,0.39915,1,1,0.1
02_noise_sweep,147,32824377565965315806943030269356182180,20000,0.0,0.2,depolarizing,0.0,0.5,0.2,,0.11,0.95,20000,10062,2012,8050,997,208,0.09908566885311071,0.10337972166998012,0.09082354500600803,0.11744752560998645,0.026623980603978414,1.0,0.5031,0.4025,1,1,0.1
02_noise_sweep,148,282132927015336078921904987164995482669,20000,0.0,0.2,depolarizing,0.0,0.5,0.2,,0.11,0.95,20000,10037,2007,8030,992,188,0.09883431304174554,0.09367214748380667,0.08168951252518916,0.10720725860238703,0.025517746077197867,1.0,0.50185,0.4015,1,1,0.1
02_noise_sweep,149,22510317010364278877003289099811297680,20000,0.0,0.2,depolarizing,0.0,0.5,0.2,,0.11,0.95,20000,9941,1988,7953,996,199,0.1001911276531536,0.10010060362173039,0.08766867748102568,0.11407501905725788,0.0264063415762322,1.0,0.49705,0.39765,1,1,0.1
02_noise_sweep,0,36046508131672862464218573045197029333,20000,0.0,0.0,readout_flip,0.0,0.5,0.2,,0.11,0.95,20000,10068,2013,8055,0,0,0.0,0.0,0.0,0.0019046905268103405,0.0019046905268103405,1.0,0.5034,0.40275,0,1,0.0
02_noise_sweep,1,159078717871577244789025488749034818867,20000,0.0,0.0,readout_flip,0.0,0.5,0.2,,0.11,0.95,20000,9913,1982,7931,0,0,0.0,0.0,0.0,0.0019344237192909656,0.0019344237192909656,1.0,0.49565,0.39655,0,1,0.0
02_noise_sweep,2,138189068572866934120802491541687724732,20000,0.0,0.0,readout_flip,0.0,0.5,0.2,,0.11,0.95,20000,10008,2001,8007,0,0,0.0,0.0,1.0842021724855044e-19,0.001916091072335356,0.001916091072335356,1.0,0.5004,0.40035,0,1,0.0
02_noise_sweep,3,218487533126425455131273166696374115809,20000,0.0,0.0,readout_flip,0.0,0.5,0.2,,0.11,0.95,20000,10006,2001,8005,0,0,0.0,0.0,1.0842021724855044e-19,0.001916091072335356,0.001916091072335356,1.0,0.5003,0.40025,0,1,0.0
02_noise_sweep,4,285337494601298459263213120813253807376,20000,0.0,0.0,readout_flip,0.0,0.5,0.2,,0.11,0.95,20000,10063,2012,8051,0,0,0.0,0.0,0.0,0.0019056353880832723,0.0019056353880832723,1.0,0.50315,0.40255,0,1,0.0
02_noise_sweep,5,75437670622192524199901934204378775420,20000,0.0,0.0,readout_flip,0.0,0.5,0.2,,0.11,0.95,20000,10171,2034,8137,0,0,0.0,0.0,1.0842021724855044e-19,0.0018850626500243983,0.0018850626500243983,1.0,0.50855,0.40685,0,1,0.0
02_noise_sweep,6,20592571934169642992715471378423117249,20000,0.0,0.0,readout_flip,0.0,0.5,0.2,,0.11,0.95,20000,9928,1985,7943,0,0,0.0,0.0,1.0842021724855044e-19,0.0019315058038723507,0.0019315058038723507,1.0,0.4964,0.39715,0,1,0.0
02_noise_sweep,7,4506927912811752369184253520043564047,20000,0.0,0.0,readout_flip,0.0,0.5,0.2,,0.11,0.95,20000,9979,1995,7984,0,0,0.0,0.0,1.0842021724855044e-19,0.0019218426772879544,0.0019218426772879544,1.0,0.49895,0.3992,0,1,0.0
02_noise_sweep,8,203801897805299425901408144769810135617,20000,0.0,0.0,readout_flip,0.0,0.5,0.2,,0.11,0.95,20000,10027,2005,8022,0,0,0.0,0.0,0.0,0.001912275756668862,0.001912275756668862,1.0,0.50135,0.4011,0,1,0.0
02_noise_sweep,9,43798561334180572282232744451351529246,20000,0.0,0.0,readout_flip,0.0,0.5,0.2,,0.11,0.95,20000,10046,2009,8037,0,0,0.0,0.0,1.0842021724855044e-19,0.0019084756049017391,0.0019084756049017391,1.0,0.5023,0.40185,0,1,0.0
02_noise_sweep,10,39043951074675594830836863544627230414,20000,0.0,0.0,readout_flip,0.0,0.5,0.2,,0.11,0.95,20000,9937,1987,7950,0,0,0.0,0.0,0.0,0.0019295654124912949,0.0019295654124912949,1.0,0.49685,0.3975,0,1,0.0
02_noise_sweep,11,165282608293446723885411459453792582483,20000,0.0,0.0,readout_flip,0.0,0.5,0.2,,0.11,0.95,20000,9947,1989,7958,0,0,0.0,0.0,1.0842021724855044e-19,0.0019276289158332684,0.0019276289158332684,1.0,0.49735,0.3979,0,1,0.0
02_noise_sweep,12,337266288100265092471951541367737049702,20000,0.0,0.0,readout_flip,0.0,0.5,0.2,,0.11,0.95,20000,10038,2007,8031,0,0,0.0,0.0,0.0,0.0019103737909536827,0.0019103737909536827,1.0,0.5019,0.40155,0,1,0.0
02_noise_sweep,13,122003601880548344676264880843518502343,20000,0.0,0.0,readout_flip,0.0,0.5,0.2,,0.11,0.95,20000,9992,1998,7994,0,0,0.0,0.0,0.0,0.0019189625650760413,0.0019189625650760413,1.0,0.4996,0.3997,0,1,0.0
02_noise_sweep,14,334729879626749303308716285456808132667,20000,0.0,0.0,readout_flip,0.0,0.5,0.2,,0.11,0.95,20000,10049,2009,8040,0,0,0.0,0.0,1.0842021724855044e-19,0.0019084756049017391,0.0019084756049017391,1.0,0.50245,0.402,0,1,0.0
02_noise_sweep,15,233826414266626615015965106424084633037,20000,0.0,0.0,readout_flip,0.0,0.5,0.2,,0.11,0.95,20000,9896,1979,7917,0,0,0.0,0.0,0.0,0.0019373504642064793,0.0019373504642064793,1.0,0.4948,0.39585,0,1,0.0
02_noise_sweep,16,196256551859574970899292240891569992734,20000,0.0,0.0,readout_flip,0.0,0.5,0.2,,0.11,0.95,20000,9926,1985,7941,0,0,0.0,0.0,1.0842021724855044e-19,0.0019315058038723507,0.0019315058038723507,1.0,0.4963,0.39705,0,1,0.0
02_noise_sweep,17,332273966107723118562767309020000962988,20000,0.0,0.0,readout_flip,0.0,0.5,0.2,,0.11,0.95,20000,9961,1992,7969,0,0,0.0,0.0,1.0842021724855044e-19,0.0019247314478395348,0.0019247314478395348,1.0,0.49805,0.39845,0,1,0.0
02_noise_sweep,18,298804428985490907184983707665401944044,20000,0.0,0.0,readout_flip,0.0,0.5,0.2,,0.11,0.95,20000,10091,2018,8073,0,0,0.0,0.0,0.0,0.0018999802402581956,0.0018999802402581956,1.0,0.50455,0.40365,0,1,0.0
02_noise_sweep,19,272382504294685816148331382704170200559,20000,0.0,0.0,readout_flip,0.0,0.5,0.2,,0.11,0.95,20000,10149,2029,8120,0,0,0.0,0.0,0.0,0.0018896991715835316,0.0018896991715835316,1.0,0.50745,0.406,0,1,0.0
02_noise_sweep,20,132669503450229122486357699763969128721,20000,0.0,0.0,readout_flip,0.0,0.5,0.2,,0.11,0.95,20000,9981,1996,7985,0,0,0.0,0.0,0.0,0.001920881679770471,0.001920881679770471,1.0,0.49905,0.39925,0,1,0.0
02_noise_sweep,21,43744600476206054367777133640974179139,20000,0.0,0.0,readout_flip,0.0,0.5,0.2,,0.11,0.95,20000,10042,2008,8034,0,0,0.0,0.0,0.0,0.0019094242261743224,0.0019094242261743224,1.0,0.5021,0.4017,0,1,0.0
02_noise_sweep,22,192899144847658154861332673684917704666,20000,0.0,0.0,readout_flip,0.0,0.5,0.2,,0.11,0.95,20000,9856,1971,7885,0,0,0.0,0.0,0.0,0.001945198589758242,0.001945198589758242,1.0,0.4928,0.39425,0,1,0.0
02_noise_sweep,23,224223535105878108011163810256795520912,20000,0.0,0.0,readout_flip,0.0,0.5,0.2,,0.11,0.95,20000,10059,2011,8048,0,0,0.0,0.0,1.0842021724855044e-19,0.0019065811872575654,0.0019065811872575654,1.0,0.50295,0.4024,0,1,0.0
02_noise_sweep,24,36726542391840027958458513926815805576,20000,0.0,0.0,readout_flip,0.0,0.5,0.2,,0.11,0.95,20000,10081,2016,8065,0,0,0.0,0.0,1.0842021724855044e-19,0.0019018615564693874,0.0019018615564693874,1.0,0.50405,0.40325,0,1,0.0
02_noise_sweep,25,336656542473259196627293537493943300572,20000,0.0,0.0,readout_flip,0.0,0.5,0.2,,0.11,0.95,20000,9928,1985,7943,0,0,0.0,0.0,1.0842021724855044e-19,0.0019315058038723507,0.0019315058038723507,1.0,0.4964,0.39715,0,1,0.0
02_noise_sweep,26,290706152383465323745509489261024090145,20000,0.0,0.0,readout_flip,0.0,0.5,0.2,,0.11,0.95,20000,9912,1982,7930,0,0,0.0,0.0,0.0,0.0019344237192909656,0.0019344237192909656,1.0,0.4956,0.3965,0,1,0.0
02_noise_sweep,27,140947145183726188615795800939339043796,20000,0.0,0.0,readout_flip,0.0,0.5,0.2,,0.11,0.95,20000,9962,1992,7970,0,0,0.0,0.0,1.0842021724855044e-19,0.0019247314478395348,0.0019247314478395348,1.0,0.4981,0.3985,0,1,0.0
02_noise_sweep,28,73332591516015987338585583848086990427,20000,0.0,0.0,readout_flip,0.0,0.5,0.2,,0.11,0.95,20000,10041,2008,8033,0,0,0.0,0.0,0.0,0.0019094242261743224,0.0019094242261743224,1.0,0.50205,0.40165,0,1,0.0
02_noise_sweep,29,166440985037390108520834498038086990781,20000,0.0,0.0,readout_flip,0.0,0.5,0.2,,0.11,0.95,20000,10059,2011,8048,0,0,0.0,0.0,1.0842021724855044e-19,0.0019065811872575654,0.0019065811872575654,1.0,0.50295,0.4024,0,1,0.0
02_noise_sweep,30,56960926794989607105758250978753705444,20000,0.0,0.0,readout_flip,0.0,0.5,0.2,,0.11,0.95,20000,10017,2003,8014,0,0,0.0,0.0,0.0,0.0019141815133476112,0.0019141815133476112,1.0,0.50085,0.4007,0,1,0.0
02_noise_sweep,31,249795042455658932512465745263502385774,20000,0.0,0.0,readout_flip,0.0,0.5,0.2,,0.11,0.95,20000,9891,1978,7913,0,0,0.0,0.0,1.0842021724855044e-19,0.0019383280148857138,0.0019383280148857138,1.0,0.49455,0.39565,0,1,0.0
02_noise_sweep,32,246530097738546485132029510250307150234,20000,0.0,0.0,readout_flip,0.0,0.5,0.2,,0.11,0.95,20000,9975,1995,7980,0,0,0.0,0.0,1.0842021724855044e-19,0.0019218426772879544,0.0019218426772879544,1.0,0.49875,0.399,0,1,0.0
02_noise_sweep,33,92192726567835947805373968057634069716,20000,0.0,0.0,readout_flip,0.0,0.5,0.2,,0.11,0.95,20000,10103,2020,8083,0,0,0.0,0.0,0.0,0.0018981026423544893,0.0018981026423544893,1.0,0.50515,0.40415,0,1,0.0
02_noise_sweep,34,167794739650416685055975848015551531141,20000,0.0,0.0,readout_flip,0.0,0.5,0.2,,0.11,0.95,20000,9978,1995,7983,0,0,0.0,0.0,1.0842021724855044e-19,0.0019218426772879544,0.0019218426772879544,1.0,0.4989,0.39915,0,1,0.0
02_noise_sweep,35,122496342531066022000249246137327116421,20000,0.0,0.0,readout_flip,0.0,0.5,0.2,,0.11,0.95,20000,10080,2016,8064,0,0,0.0,0.0,1.0842021724855044e-19,0.0019018615564693874,0.0019018615564693874,1.0,0.504,0.4032,0,1,0.0
02_noise_sweep,36,331719097430912573825812355834208440902,20000,0.0,0.0,readout_flip,0.0,0.5,0.2,,0.11,0.95,20000,10064,2012,8052,0,0,0.0,0.0,0.0,0.0019056353880832723,0.0019056353880832723,1.0,0.5032,0.4026,0,1,0.0
02_noise_sweep,37,286209893741439054929176417845241395569,20000,0.0,0.0,readout_flip,0.0,0.5,0.2,,0.11,0.95,20000,10000,2000,8000,0,0,0.0,0.0,1.0842021724855044e-19,0.0019170472812529331,0.0019170472812529331,1.0,0.5,0.4,0,1,0.0
02_noise_sweep,38,270746041439134877779479320597269033562,20000,0.0,0.0,readout_flip,0.0,0.5,0.2,,0.11,0.95,20000,10043,2008,8035,0,0,0.0,0.0,0.0,0.0019094242261743224,0.0019094242261743224,1.0,0.50215,0.40175,0,1,0.0
02_noise_sweep,39,235857766111053881652729159619505915686,20000,0.0,0.0,readout_flip,0.0,0.5,0.2,,0.11,0.95,20000,10038,2007,8031,0,0,0.0,0.0,0.0,0.0019103737909536827,0.0019103737909536827,1.0,0.5019,0.40155,0,1,0.0
02_noise_sweep,40,248244874843419277259856558554167311732,20000,0.0,0.0,readout_flip,0.0,0.5,0.2,,0.11,0.95,20000,10081,2016,8065,0,0,0.0,0.0,1.0842021724855044e-19,0.0019018615564693874,0.0019018615564693874,1.0,0.50405,0.40325,0,1,0.0
02_noise_sweep,41,227602705368747348796661043782348717638,20000,0.0,0.0,readout_flip,0.0,0.5,0.2,,0.11,0.95,20000,9945,1989,7956,0,0,0.0,0.0,1.0842021724855044e-19,0.0019276289158332684,0.0019276289158332684,1.0,0.49725,0.3978,0,1,0.0
02_noise_sweep,42,267917163377241017894562970130175987555,20000,0.0,0.0,readout_flip,0.0,0.5,0.2,,0.11,0.95,20000,10076,2015,8061,0,0,0.0,0.0,0.0,0.00190280361239367,0.00190280361239367,1.0,0.5038,0.40305,0,1,0.0
02_noise_sweep,43,276928491539795776201093254597313811885,20000,0.0,0.0,readout_flip,0.0,0.5,0.2,,0.11,0.95,20000,9976,1995,7981,0,0,0.0,0.0,1.0842021724855044e-19,0.0019218426772879544,0.0019218426772879544,1.0,0.4988,0.39905,0,1,0.0
02_noise_sweep,44,147304512826713526604720270818830541304,20000,0.0,0.0,readout_flip,0.0,0.5,0.2,,0.11,0.95,20000,10019,2003,8016,0,0,0.0,0.0,0.0,0.0019141815133476112,0.0019141815133476112,1.0,0.50095,0.4008,0,1,0.0
02_noise_sweep,45,78706366427164146501176052873726219144,20000,0.0,0.0,readout_flip,0.0,0.5,0.2,,0.11,0.95,20000,10038,2007,8031,0,0,0.0,0.0,0.0,0.0019103737909536827,0.0019103737909536827,1.0,0.5019,0.40155,0,1,0.0
02_noise_sweep,46,194733729730384805467029527305522780569,20000,0.0,0.0,readout_flip,0.0,0.5,0.2,,0.11,0.95,20000,10016,2003,8013,0,0,0.0,0.0,0.0,0.0019141815133476112,0.0019141815133476112,1.0,0.5008,0.40065,0,1,0.0
02_noise_sweep,47,91793773536171775812906845010138819414,20000,0.0,0.0,readout_flip,0.0,0.5,0.2,,0.11,0.95,20000,10043,2008,8035,0,0,0.0,0.0,0.0,0.0019094242261743224,0.0019094242261743224,1.0,0.50215,0.40175,0,1,0.0
02_noise_sweep,48,238617628550225813924397502626090601023,20000,0.0,0.0,readout_flip,0.0,0.5,0.2,,0.11,0.95,20000,10018,2003,8015,0,0,0.0,0.0,0.0,0.0019141815133476112,0.0019141815133476112,1.0,0.5009,0.40075,0,1,0.0
02_noise_sweep,49,19849084867561755766623363461760253732,20000,0.0,0.0,readout_flip,0.0,0.5,0.2,,0.11,0.95,20000,10017,2003,8014,0,0,0.0,0.0,0.0,0.0019141815133476112,0.0019141815133476112,1.0,0.50085,0.4007,0,1,0.0
02_noise_sweep,50,319555011653132210163298875517862092283,20000,0.0,0.0,readout_flip,0.0,0.5,0.2,,0.11,0.95,20000,10031,2006,8025,0,0,0.0,0.0,0.0,0.0019113243006481514,0.0019113243006481514,1.0,0.50155,0.40125,0,1,0.0
02_noise_sweep,51,221994518011915327264518144795177549667,20000,0.0,0.0,readout_flip,0.0,0.5,0.2,,0.11,0.95,20000,9951,1990,7961,0,0,0.0,0.0,0.0,0.0019266621243628104,0.0019266621243628104,1.0,0.49755,0.39805,0,1,0.0
02_noise_sweep,52,177625905856530053562483586465570655036,20000,0.0,0.0,readout_flip,0.0,0.5,0.2,,0.11,0.95,20000,9967,1993,7974,0,0,0.0,0.0,0.0,0.001923767559875702,0.001923767559875702,1.0,0.49835,0.3987,0,1,0.0
02_noise_sweep,53,236412372078310829930318216643444021779,20000,0.0,0.0,readout_flip,0.0,0.5,0.2,,0.11,0.95,20000,9922,1984,7938,0,0,0.0,0.0,0.0,0.001932477463757651,0.001932477463757651,1.0,0.4961,0.3969,0,1,0.0
02_noise_sweep,54,140643974679662964958218737572012290710,20000,0.0,0.0,readout_flip,0.0,0.5,0.2,,0.11,0.95,20000,10012,2002,8010,0,0,0.0,0.0,1.0842021724855044e-19,0.0019151358168420021,0.0019151358168420021,1.0,0.5006,0.4005,0,1,0.0
02_noise_sweep,55,1252896528648381907313974115638393119,20000,0.0,0.0,readout_flip,0.0,0.5,0.2,,0.11,0.95,20000,10074,2014,8060,0,0,0.0,0.0,1.0842021724855044e-19,0.0019037466020443562,0.0019037466020443562,1.0,0.5037,0.403,0,1,0.0
02_noise_sweep,56,324609972884733493622850318964424624193,20000,0.0,0.0,readout_flip,0.0,0.5,0.2,,0.11,0.95,20000,10086,2017,8069,0,0,0.0,0.0,1.0842021724855044e-19,0.0019009204328853638,0.0019009204328853638,1.0,0.5043,0.40345,0,1,0.0
02_noise_sweep,57,256686947177241332064615862720972960758,20000,0.0,0.0,readout_flip,0.0,0.5,0.2,,0.11,0.95,20000,10101,2020,8081,0,0,0.0,0.0,0.0,0.0018981026423544893,0.0018981026423544893,1.0,0.50505,0.40405,0,1,0.0
02_noise_sweep,58,3102296447094836470716319029712452411,20000,0.0,0.0,readout_flip,0.0,0.5,0.2,,0.11,0.95,20000,10045,2009,8036,0,0,0.0,0.0,1.0842021724855044e-19,0.0019084756049017391,0.0019084756049017391,1.0,0.50225,0.4018,0,1,0.0
02_noise_sweep,59,339688915444510324624520802130902527750,20000,0.0,0.0,readout_flip,0.0,0.5,0.2,,0.11,0.95,20000,9987,1997,7990,0,0,0.0,0.0,0.0,0.0019199216428463545,0.0019199216428463545,1.0,0.49935,0.3995,0,1,0.0
02_noise_sweep,60,259758152403120588388177863823566422542,20000,0.0,0.0,readout_flip,0.0,0.5,0.2,,0.11,0.95,20000,10120,2024,8096,0,0,0.0,0.0,0.0,0.0018943585574624517,0.0018943585574624517,1.0,0.506,0.4048,0,1,0.0
02_noise_sweep,61,64301215645822240194818876926959655169,20000,0.0,0.0,readout_flip,0.0,0.5,0.2,,0.11,0.95,20000,9973,1994,7979,0,0,0.0,0.0,0.0,0.0019228046368412529,0.0019228046368412529,1.0,0.49865,0.39895,0,1,0.0
02_noise_sweep,62,205825901318099466921946729171415191885,20000,0.0,0.0,readout_flip,0.0,0.5,0.2,,0.11,0.95,20000,10016,2003,8013,0,0,0.0,0.0,0.0,0.0019141815133476112,0.0019141815133476112,1.0,0.5008,0.40065,0,1,0.0
02_noise_sweep,63,280915522246109548413479148488016947030,20000,0.0,0.0,readout_flip,0.0,0.5,0.2,,0.11,0.95,20000,9921,1984,7937,0,0,0.0,0.0,0.0,0.001932477463757651,0.001932477463757651,1.0,0.49605,0.39685,0,1,0.0
02_noise_sweep,64,211504811227230431200420707353579259538,20000,0.0,0.0,readout_flip,0.0,0.5,0.2,,0.11,0.95,20000,10056,2011,8045,0,0,0.0,0.0,1.0842021724855044e-19,0.0019065811872575654,0.0019065811872575654,1.0,0.5028,0.40225,0,1,0.0
02_noise_sweep,65,156408778860654572732896217852205277197,20000,0.0,0.0,readout_flip,0.0,0.5,0.2,,0.11,0.95,20000,10009,2001,8008,0,0,0.0,0.0,1.0842021724855044e-19,0.001916091072335356,0.001916091072335356,1.0,0.50045,0.4004,0,1,0.0
02_noise_sweep,66,248986778248980482850647489404288024765,20000,0.0,0.0,readout_flip,0.0,0.5,0.2,,0.11,0.95,20000,9977,1995,7982,0,0,0.0,0.0,1.0842021724855044e-19,0.0019218426772879544,0.0019218426772879544,1.0,0.49885,0.3991,0,1,0.0
02_noise_sweep,67,3485043487689130458726924924843980446,20000,0.0,0.0,readout_flip,0.0,0.5,0.2,,0.11,0.95,20000,10080,2016,8064,0,0,0.0,0.0,1.0842021724855044e-19,0.0019018615564693874,0.0019018615564693874,1.0,0.504,0.4032,0,1,0.0
02_noise_sweep,68,14588880462893997885240580583849755040,20000,0.0,0.0,readout_flip,0.0,0.5,0.2,,0.11,0.95,20000,10115,2023,8092,0,0,0.0,0.0,0.0,0.0018952931932472183,0.0018952931932472183,1.0,0.50575,0.4046,0,1,0.0
02_noise_sweep,69,21566283967122333643693763935669716442,20000,0.0,0.0,readout_flip,0.0,0.5,0.2,,0.11,0.95,20000,9980,1996,7984,0,0,0.0,0.0,0.0,0.001920881679770471,0.001920881679770471,1.0,0.499,0.3992,0,1,0.0
02_noise_sweep,70,68132762024751656837679130947132342490,20000,0.0,0.0,readout_flip,0.0,0.5,0.2,,0.11,0.95,20000,9888,1977,7911,0,0,0.0,0.0,0.0,0.0019393065525704209,0.0019393065525704209,1.0,0.4944,0.39555,0,1,0.0
02_noise_sweep,71,331042296202565655178898201782325261431,20000,0.0,0.0,readout_flip,0.0,0.5,0.2,,0.11,0.95,20000,9919,1983,7936,0,0,0.0,0.0,1.0842021724855044e-19,0.001933450101737988,0.001933450101737988,1.0,0.49595,0.3968,0,1,0.0
02_noise_sweep,72,245088806020796802856947287194890659935,20000,0.0,0.0,readout_flip,0.0,0.5,0.2,,0.11,0.95,20000,9980,1996,7984,0,0,0.0,0.0,0.0,0.001920881679770471,0.001920881679770471,1.0,0.499,0.3992,0,1,0.0
02_noise_sweep,73,290343691686532937412551014862146807885,20000,0.0,0.0,readout_flip,0.0,0.5,0.2,,0.11,0.95,20000,9946,1989,7957,0,0,0.0,0.0,1.0842021724855044e-19,0.0019276289158332684,0.0019276289158332684,1.0,0.4973,0.39785,0,1,0.0
02_noise_sweep,74,280115301251100386681386750197970209857,20000,0.0,0.0,readout_flip,0.0,0.5,0.2,,0.11,0.95,20000,10157,2031,8126,0,0,0.0,0.0,0.0,0.001887841828680091,0.001887841828680091,1.0,0.50785,0.4063,0,1,0.0
02_noise_sweep,75,171294447468119801222108112568039830875,20000,0.0,0.0,readout_flip,0.0,0.5,0.2,,0.11,0.95,20000,10020,2004,8016,0,0,0.0,0.0,1.0842021724855044e-19,0.0019132281604297605,0.0019132281604297605,1.0,0.501,0.4008,0,1,0.0
02_noise_sweep,76,290456918785674786887826153944129295543,20000,0.0,0.0,readout_flip,0.0,0.5,0.2,,0.11,0.95,20000,10021,2004,8017,0,0,0.0,0.0,1.0842021724855044e-19,0.0019132281604297605,0.0019132281604297605,1.0,0.50105,0.40085,0,1,0.0
02_noise_sweep,77,95401569757129622825178753996976775058,20000,0.0,0.0,readout_flip,0.0,0.5,0.2,,0.11,0.95,20000,10024,2004,8020,0,0,0.0,0.0,1.0842021724855044e-19,0.0019132281604297605,0.0019132281604297605,1.0,0.5012,0.401,0,1,0.0
02_noise_sweep,78,105797541946086962713817083937642216053,20000,0.0,0.0,readout_flip,0.0,0.5,0.2,,0.11,0.95,20000,10020,2004,8016,0,0,0.0,0.0,1.0842021724855044e-19,0.0019132281604297605,0.0019132281604297605,1.0,0.501,0.4008,0,1,0.0
02_noise_sweep,79,191189480995251825821137381498806946266,20000,0.0,0.0,readout_flip,0.0,0.5,0.2,,0.11,0.95,20000,10035,2007,8028,0,0,0.0,0.0,0.0,0.0019103737909536827,0.0019103737909536827,1.0,0.50175,0.4014,0,1,0.0
02_noise_sweep,80,127727656078264016402644523606585070671,20000,0.0,0.0,readout_flip,0.0,0.5,0.2,,0.11,0.95,20000,9950,1990,7960,0,0,0.0,0.0,0.0,0.0019266621243628104,0.0019266621243628104,1.0,0.4975,0.398,0,1,0.0
02_noise_sweep,81,148608715878104760614184549907648305115,20000,0.0,0.0,readout_flip,0.0,0.5,0.2,,0.11,0.95,20000,10029,2005,8024,0,0,0.0,0.0,0.0,0.001912275756668862,0.001912275756668862,1.0,0.50145,0.4012,0,1,0.0
02_noise_sweep,82,159630487912505377396738587903700989378,20000,0.0,0.0,readout_flip,0.0,0.5,0.2,,0.11,0.95,20000,10059,2011,8048,0,0,0.0,0.0,1.0842021724855044e-19,0.0019065811872575654,0.0019065811872575654,1.0,0.50295,0.4024,0,1,0.0
02_noise_sweep,83,260697022465099053367296024455954867853,20000,0.0,0.0,readout_flip,0.0,0.5,0.2,,0.11,0.95,20000,9822,1964,7858,0,0,0.0,0.0,0.0,0.0019521180446092786,0.0019521180446092786,1.0,0.4911,0.3929,0,1,0.0
02_noise_sweep,84,69459268533683838062972029352365888116,20000,0.0,0.0,readout_flip,0.0,0.5,0.2,,0.11,0.95,20000,10025,2005,8020,0,0,0.0,0.0,0.0,0.001912275756668862,0.001912275756668862,1.0,0.50125,0.401,0,1,0.0
02_noise_sweep,85,147214448365386267831083979936428341887,20000,0.0,0.0,readout_flip,0.0,0.5,0.2,,0.11,0.95,20000,10042,2008,8034,0,0,0.0,0.0,0.0,0.0019094242261743224,0.0019094242261743224,1.0,0.5021,0.4017,0,1,0.0
02_noise_sweep,86,118431668137392871274169397138309209287,20000,0.0,0.0,readout_flip,0.0,0.5,0.2,,0.11,0.95,20000,9920,1984,7936,0,0,0.0,0.0,0.0,0.001932477463757651,0.001932477463757651,1.0,0.496,0.3968,0,1,0.0
02_noise_sweep,87,221752641440186976354484225073500196977,20000,0.0,0.0,readout_flip,0.0,0.5,0.2,,0.11,0.95,20000,9906,1981,7925,0,0,0.0,0.0,1.0842021724855044e-19,0.001935398317897163,0.001935398317897163,1.0,0.4953,0.39625,0,1,0.0
02_noise_sweep,88,9160260905486713829042342089216078970,20000,0.0,0.0,readout_flip,0.0,0.5,0.2,,0.11,0.95,20000,10097,2019,8078,0,0,0.0,0.0,0.0,0.0018990409772072173,0.0018990409772072173,1.0,0.50485,0.4039,0,1,0.0
02_noise_sweep,89,63785181657892594283538842759045170924,20000,0.0,0.0,readout_flip,0.0,0.5,0.2,,0.11,0.95,20000,10056,2011,8045,0,0,0.0,0.0,1.0842021724855044e-19,0.0019065811872575654,0.0019065811872575654,1.0,0.5028,0.40225,0,1,0.0
02_noise_sweep,90,335086915121773215382607741752159284019,20000,0.0,0.0,readout_flip,0.0,0.5,0.2,,0.11,0.95,20000,10214,2042,8172,0,0,0.0,0.0,0.0,0.0018776913548855816,0.0018776913548855816,1.0,0.5107,0.4086,0,1,0.0
02_noise_sweep,91,321218722796856526026232266787117912234,20000,0.0,0.0,readout_flip,0.0,0.5,0.2,,0.11,0.95,20000,10041,2008,8033,0,0,0.0,0.0,0.0,0.0019094242261743224,0.0019094242261743224,1.0,0.50205,0.40165,0,1,0.0
02_noise_sweep,92,116271102102276602651971710310314486238,20000,0.0,0.0,readout_flip,0.0,0.5,0.2,,0.11,0.95,20000,9984,1996,7988,0,0,0.0,0.0,0.0,0.001920881679770471,0.001920881679770471,1.0,0.4992,0.3994,0,1,0.0
02_noise_sweep,93,188272728700495172366829487201004100240,20000,0.0,0.0,readout_flip,0.0,0.5,0.2,,0.11,0.95,20000,10002,2000,8002,0,0,0.0,0.0,1.0842021724855044e-19,0.0019170472812529331,0.0019170472812529331,1.0,0.5001,0.4001,0,1,0.0
02_noise_sweep,94,95760115749505660198721680666715349884,20000,0.0,0.0,readout_flip,0.0,0.5,0.2,,0.11,0.95,20000,10009,2001,8008,0,0,0.0,0.0,1.0842021724855044e-19,0.001916091072335356,0.001916091072335356,1.0,0.50045,0.4004,0,1,0.0
02_noise_sweep,95,106871120958948957998046124443332639089,20000,0.0,0.0,readout_flip,0.0,0.5,0.2,,0.11,0.95,20000,9956,1991,7965,0,0,0.0,0.0,0.0,0.0019256963021838883,0.0019256963021838883,1.0,0.4978,0.39825,0,1,0.0
02_noise_sweep,96,238930895094395621599477640484397781845,20000,0.0,0.0,readout_flip,0.0,0.5,0.2,,0.11,0.95,20000,10026,2005,8021,0,0,0.0,0.0,0.0,0.001912275756668862,0.001912275756668862,1.0,0.5013,0.40105,0,1,0.0
02_noise_sweep,97,309042510067059228974670618922143084191,20000,0.0,0.0,readout_flip,0.0,0.5,0.2,,0.11,0.95,20000,10026,2005,8021,0,0,0.0,0.0,0.0,0.001912275756668862,0.001912275756668862,1.0,0.5013,0.40105,0,1,0.0
02_noise_sweep,98,217948265026753253585371133576495267983,20000,0.0,0.0,readout_flip,0.0,0.5,0.2,,0.11,0.95,20000,10008,2001,8007,0,0,0.0,0.0,1.0842021724855044e-19,0.001916091072335356,0.001916091072335356,1.0,0.5004,0.40035,0,1,0.0
02_noise_sweep,99,284801534560441561047237474438651075590,20000,0.0,0.0,readout_flip,0.0,0.5,0.2,,0.11,0.95,20000,9991,1998,7993,0,0,0.0,0.0,0.0,0.0019189625650760413,0.0019189625650760413,1.0,0.49955,0.39965,0,1,0.0
02_noise_sweep,100,82960747133731050137523188179205923543,20000,0.0,0.0,readout_flip,0.0,0.5,0.2,,0.11,0.95,20000,9924,1984,7940,0,0,0.0,0.0,0.0,0.001932477463757651,0.001932477463757651,1.0,0.4962,0.397,0,1,0.0
02_noise_sweep,101,223836018755730948547765122875239779674,20000,0.0,0.0,readout_flip,0.0,0.5,0.2,,0.11,0.95,20000,10017,2003,8014,0,0,0.0,0.0,0.0,0.0019141815133476112,0.0019141815133476112,1.0,0.50085,0.4007,0,1,0.0
02_noise_sweep,102,188248511433656423061491512482502370690,20000,0.0,0.0,readout_flip,0.0,0.5,0.2,,0.11,0.95,20000,10044,2008,8036,0,0,0.0,0.0,0.0,0.0019094242261743224,0.0019094242261743224,1.0,0.5022,0.4018,0,1,0.0
02_noise_sweep,103,134273793916909892494568939441964625786,20000,0.0,0.0,readout_flip,0.0,0.5,0.2,,0.11,0.95,20000,10036,2007,8029,0,0,0.0,0.0,0.0,0.0019103737909536827,0.0019103737909536827,1.0,0.5018,0.40145,0,1,0.0
02_noise_sweep,104,323906551341695506772047056335133305857,20000,0.0,0.0,readout_flip,0.0,0.5,0.2,,0.11,0.95,20000,10008,2001,8007,0,0,0.0,0.0,1.0842021724855044e-19,0.001916091072335356,0.001916091072335356,1.0,0.5004,0.40035,0,1,0.0
02_noise_sweep,105,4729607394319863664226759844928260930,20000,0.0,0.0,readout_flip,0.0,0.5,0.2,,0.11,0.95,20000,9962,1992,7970,0,0,0.0,0.0,1.0842021724855044e-19,0.0019247314478395348,0.0019247314478395348,1.0,0.4981,0.3985,0,1,0.0
02_noise_sweep,106,37589929131194538210379153753380541729,20000,0.0,0.0,readout_flip,0.0,0.5,0.2,,0.11,0.95,20000,9971,1994,7977,0,0,0.0,0.0,0.0,0.0019228046368412529,0.0019228046368412529,1.0,0.49855,0.39885,0,1,0.0
02_noise_sweep,107,231767805248267393627988915361836115958,20000,0.0,0.0,readout_flip,0.0,0.5,0.2,,0.11,0.95,20000,9985,1997,7988,0,0,0.0,0.0,0.0,0.0019199216428463545,0.0019199216428463545,1.0,0.49925,0.3994,0,1,0.0
02_noise_sweep,108,163133694994750407520425728829519500144,20000,0.0,0.0,readout_flip,0.0,0.5,0.2,,0.11,0.95,20000,9966,1993,7973,0,0,0.0,0.0,0.0,0.001923767559875702,0.001923767559875702,1.0,0.4983,0.39865,0,1,0.0
02_noise_sweep,109,218369772247862220469917111812637437188,20000,0.0,0.0,readout_flip,0.0,0.5,0.2,,0.11,0.95,20000,9981,1996,7985,0,0,0.0,0.0,0.0,0.001920881679770471,0.001920881679770471,1.0,0.49905,0.39925,0,1,0.0
02_noise_sweep,110,152923518349351156396527133356741748309,20000,0.0,0.0,readout_flip,0.0,0.5,0.2,,0.11,0.95,20000,9973,1994,7979,0,0,0.0,0.0,0.0,0.0019228046368412529,0.0019228046368412529,1.0,0.49865,0.39895,0,1,0.0
02_noise_sweep,111,320723884171147743049414285368617565635,20000,0.0,0.0,readout_flip,0.0,0.5,0.2,,0.11,0.95,20000,9941,1988,7953,0,0,0.0,0.0,0.0,0.0019285966780551544,0.0019285966780551544,1.0,0.49705,0.39765,0,1,0.0
02_noise_sweep,112,165449608099211234075761050028607928290,20000,0.0,0.0,readout_flip,0.0,0.5,0.2,,0.11,0.95,20000,10123,2024,8099,0,0,0.0,0.0,0.0,0.0018943585574624517,0.0018943585574624517,1.0,0.50615,0.40495,0,1,0.0
02_noise_sweep,113,128719678747347461287982400040229069999,20000,0.0,0.0,readout_flip,0.0,0.5,0.2,,0.11,0.95,20000,10092,2018,8074,0,0,0.0,0.0,0.0,0.0018999802402581956,0.0018999802402581956,1.0,0.5046,0.4037,0,1,0.0
02_noise_sweep,114,190774218915447342977854326166943668736,20000,0.0,0.0,readout_flip,0.0,0.5,0.2,,0.11,0.95,20000,9879,1975,7904,0,0,0.0,0.0,0.0,0.001941266594941603,0.001941266594941603,1.0,0.49395,0.3952,0,1,0.0
02_noise_sweep,115,238442993558120458707997685553164328453,20000,0.0,0.0,readout_flip,0.0,0.5,0.2,,0.11,0.95,20000,9937,1987,7950,0,0,0.0,0.0,0.0,0.0019295654124912949,0.0019295654124912949,1.0,0.49685,0.3975,0,1,0.0
02_noise_sweep,116,179225926162971772132139570216745982856,20000,0.0,0.0,readout_flip,0.0,0.5,0.2,,0.11,0.95,20000,9940,1988,7952,0,0,0.0,0.0,0.0,0.0019285966780551544,0.0019285966780551544,1.0,0.497,0.3976,0,1,0.0
02_noise_sweep,117,22111518279574202844443412635192623423,20000,0.0,0.0,readout_flip,0.0,0.5,0.2,,0.11,0.95,20000,9988,1997,7991,0,0,0.0,0.0,0.0,0.0019199216428463545,0.0019199216428463545,1.0,0.4994,0.39955,0,1,0.0
02_noise_sweep,118,228179620160722735560599941866802411700,20000,0.0,0.0,readout_flip,0.0,0.5,0.2,,0.11,0.95,20000,9977,1995,7982,0,0,0.0,0.0,1.0842021724855044e-19,0.0019218426772879544,0.0019218426772879544,1.0,0.49885,0.3991,0,1,0.0
02_noise_sweep,119,234930343394741435809277024060961039631,20000,0.0,0.0,readout_flip,0.0,0.5,0.2,,0.11,0.95,20000,10081,2016,8065,0,0,0.0,0.0,1.0842021724855044e-19,0.0019018615564693874,0.0019018615564693874,1.0,0.50405,0.40325,0,1,0.0
02_noise_sweep,120,125877327955657664690236855697525504127,20000,0.0,0.0,readout_flip,0.0,0.5,0.2,,0.11,0.95,20000,9878,1975,7903,0,0,0.0,0.0,0.0,0.001941266594941603,0.001941266594941603,1.0,0.4939,0.39515,0,1,0.0
02_noise_sweep,121,25363800935894938508047365217826559699,20000,0.0,0.0,readout_flip,0.0,0.5,0.2,,0.11,0.95,20000,9883,1976,7907,0,0,0.0,0.0,0.0,0.0019402860787561824,0.0019402860787561824,1.0,0.49415,0.39535,0,1,0.0
02_noise_sweep,122,27114447468832459128552322403894972053,20000,0.0,0.0,readout_flip,0.0,0.5,0.2,,0.11,0.95,20000,10156,2031,8125,0,0,0.0,0.0,0.0,0.001887841828680091,0.001887841828680091,1.0,0.5078,0.40625,0,1,0.0
02_noise_sweep,123,135404494455546450626853731757548257962,20000,0.0,0.0,readout_flip,0.0,0.5,0.2,,0.11,0.95,20000,10091,2018,8073,0,0,0.0,0.0,0.0,0.0018999802402581956,0.0018999802402581956,1.0,0.50455,0.40365,0,1,0.0
02_noise_sweep,124,123382465787857240435944806916177212787,20000,0.0,0.0,readout_flip,0.0,0.5,0.2,,0.11,0.95,20000,9931,1986,7945,0,0,0.0,0.0,0.0,0.0019305351206074554,0.0019305351206074554,1.0,0.49655,0.39725,0,1,0.0
02_noise_sweep,125,211797252538414902250811543950213359309,20000,0.0,0.0,readout_flip,0.0,0.5,0.2,,0.11,0.95,20000,9906,1981,7925,0,0,0.0,0.0,1.0842021724855044e-19,0.001935398317897163,0.001935398317897163,1.0,0.4953,0.39625,0,1,0.0
02_noise_sweep,126,135784082230905137866136091601304166545,20000,0.0,0.0,readout_flip,0.0,0.5,0.2,,0.11,0.95,20000,9991,1998,7993,0,0,0.0,0.0,0.0,0.0019189625650760413,0.0019189625650760413,1.0,0.49955,0.39965,0,1,0.0
02_noise_sweep,127,145541121924043445652687050045939463648,20000,0.0,0.0,readout_flip,0.0,0.5,0.2,,0.11,0.95,20000,9874,1974,7900,0,0,0.0,0.0,1.0842021724855044e-19,0.001942248102628321,0.001942248102628321,1.0,0.4937,0.395,0,1,0.0
02_noise_sweep,128,202053645074340784347930509177802078516,20000,0.0,0.0,readout_flip,0.0,0.5,0.2,,0.11,0.95,20000,10070,2014,8056,0,0,0.0,0.0,1.0842021724855044e-19,0.0019037466020443562,0.0019037466020443562,1.0,0.5035,0.4028,0,1,0.0
02_noise_sweep,129,290803234087494063226395628749050337697,20000,0.0,0.0,readout_flip,0.0,0.5,0.2,,0.11,0.95,20000,9934,1986,7948,0,0,0.0,0.0,0.0,0.0019305351206074554,0.0019305351206074554,1.0,0.4967,0.3974,0,1,0.0
02_noise_sweep,130,59962135960808699699768880546057426536,20000,0.0,0.0,readout_flip,0.0,0.5,0.2,,0.11,0.95,20000,9984,1996,7988,0,0,0.0,0.0,0.0,0.001920881679770471,0.001920881679770471,1.0,0.4992,0.3994,0,1,0.0
02_noise_sweep,131,206309966104406543077779458947069863328,20000,0.0,0.0,readout_flip,0.0,0.5,0.2,,0.11,0.95,20000,9975,1995,7980,0,0,0.0,0.0,1.0842021724855044e-19,0.0019218426772879544,0.0019218426772879544,1.0,0.49875,0.399,0,1,0.0
02_noise_sweep,132,304051287224659469084371116072776504997,20000,0.0,0.0,readout_flip,0.0,0.5,0.2,,0.11,0.95,20000,10017,2003,8014,0,0,0.0,0.0,0.0,0.0019141815133476112,0.0019141815133476112,1.0,0.50085,0.4007,0,1,0.0
02_noise_sweep,133,199831398171597474589153264618474614818,20000,0.0,0.0,readout_flip,0.0,0.5,0.2,,0.11,0.95,20000,10040,2008,8032,0,0,0.0,0.0,0.0,0.0019094242261743224,0.0019094242261743224,1.0,0.502,0.4016,0,1,0.0
02_noise_sweep,134,241218627158038154597590242348997688938,20000,0.0,0.0,readout_flip,0.0,0.5,0.2,,0.11,0.95,20000,10042,2008,8034,0,0,0.0,0.0,0.0,0.0019094242261743224,0.0019094242261743224,1.0,0.5021,0.4017,0,1,0.0
02_noise_sweep,135,240341898204951548920571097926189686117,20000,0.0,0.0,readout_flip,0.0,0.5,0.2,,0.11,0.95,20000,9938,1987,7951,0,0,0.0,0.0,0.0,0.0019295654124912949,0.0019295654124912949,1.0,0.4969,0.39755,0,1,0.0
02_noise_sweep,136,233159336014960353372075027511039475343,20000,0.0,0.0,readout_flip,0.0,0.5,0.2,,0.11,0.95,20000,10116,2023,8093,0,0,0.0,0.0,0.0,0.0018952931932472183,0.0018952931932472183,1.0,0.5058,0.40465,0,1,0.0
02_noise_sweep,137,202039049223861115898149625139618750384,20000,0.0,0.0,readout_flip,0.0,0.5,0.2,,0.11,0.95,20000,10011,2002,8009,0,0,0.0,0.0,1.0842021724855044e-19,0.0019151358168420021,0.0019151358168420021,1.0,0.50055,0.40045,0,1,0.0
02_noise_sweep,138,151978002720415784952158633974382712954,20000,0.0,0.0,readout_flip,0.0,0.5,0.2,,0.11,0.95,20000,9954,1990,7964,0,0,0.0,0.0,0.0,0.0019266621243628104,0.0019266621243628104,1.0,0.4977,0.3982,0,1,0.0
02_noise_sweep,139,313750502165871908933839673875055365393,20000,0.0,0.0,readout_flip,0.0,0.5,0.2,,0.11,0.95,20000,10036,2007,8029,0,0,0.0,0.0,0.0,0.0019103737909536827,0.0019103737909536827,1.0,0.5018,0.40145,0,1,0.0
02_noise_sweep,140,170730926892233560003599875976660333651,20000,0.0,0.0,readout_flip,0.0,0.5,0.2,,0.11,0.95,20000,9976,1995,7981,0,0,0.0,0.0,1.0842021724855044e-19,0.0019218426772879544,0.0019218426772879544,1.0,0.4988,0.39905,0,1,0.0
02_noise_sweep,141,307639798020149062241208591985243761159,20000,0.0,0.0,readout_flip,0.0,0.5,0.2,,0.11,0.95,20000,9979,1995,7984,0,0,0.0,0.0,1.0842021724855044e-19,0.0019218426772879544,0.0019218426772879544,1.0,0.49895,0.3992,0,1,0.0
02_noise_sweep,142,123839500389762869521371711265613519500,20000,0.0,0.0,readout_flip,0.0,0.5,0.2,,0.11,0.95,20000,9964,1992,7972,0,0,0.0,0.0,1.0842021724855044e-19,0.0019247314478395348,0.0019247314478395348,1.0,0.4982,0.3986,0,1,0.0
02_noise_sweep,143,165533428000350000959725224599822479475,20000,0.0,0.0,readout_flip,0.0,0.5,0.2,,0.11,0.95,20000,9974,1994,7980,0,0,0.0,0.0,0.0,0.0019228046368412529,0.0019228046368412529,1.0,0.4987,0.399,0,1,0.0
02_noise_sweep,144,296123794241072834197832568272745322544,20000,0.0,0.0,readout_flip,0.0,0.5,0.2,,0.11,0.95,20000,9980,1996,7984,0,0,0.0,0.0,0.0,0.001920881679770471,0.001920881679770471,1.0,0.499,0.3992,0,1,0.0
02_noise_sweep,145,255609189885390259266731343182875741508,20000,0.0,0.0,readout_flip,0.0,0.5,0.2,,0.11,0.95,20000,10068,2013,8055,0,0,0.0,0.0,0.0,0.0019046905268103405,0.0019046905268103405,1.0,0.5034,0.40275,0,1,0.0
02_noise_sweep,146,255047565871282051543530218034512123746,20000,0.0,0.0,readout_flip,0.0,0.5,0.2,,0.11,0.95,20000,10082,2016,8066,0,0,0.0,0.0,1.0842021724855044e-19,0.0019018615564693874,0.0019018615564693874,1.0,0.5041,0.4033,0,1,0.0
02_noise_sweep,147,316107817523987437022939703652938006676,20000,0.0,0.0,readout_flip,0.0,0.5,0.2,,0.11,0.95,20000,9892,1978,7914,0,0,0.0,0.0,1.0842021724855044e-19,0.0019383280148857138,0.0019383280148857138,1.0,0.4946,0.3957,0,1,0.0
02_noise_sweep,148,259402620357413309292457627230946760422,20000,0.0,0.0,readout_flip,0.0,0.5,0.2,,0.11,0.95,20000,9971,1994,7977,0,0,0.0,0.0,0.0,0.0019228046368412529,0.0019228046368412529,1.0,0.49855,0.39885,0,1,0.0
02_noise_sweep,149,3115420770318228644244042798015362567,20000,0.0,0.0,readout_flip,0.0,0.5,0.2,,0.11,0.95,20000,9970,1994,7976,0,0,0.0,0.0,0.0,0.0019228046368412529,0.0019228046368412529,1.0,0.4985,0.3988,0,1,0.0
02_noise_sweep,0,300227104497807256260077094115313518081,20000,0.0,0.02,readout_flip,0.0,0.5,0.2,,0.11,0.95,20000,9992,1998,7994,217,26,0.021717373899119295,0.013013013013013013,0.008895806356308666,0.018999239265131765,0.010103432908823099,1.0,0.4996,0.3997,1,1,0.02
02_noise_sweep,1,16729383649490013417522105754925641188,20000,0.0,0.02,readout_flip,0.0,0.5,0.2,,0.11,0.95,20000,10118,2023,8095,188,24,0.018580747183237795,0.011863568956994563,0.007985178392564789,0.017592282831687935,0.009607104439123146,1.0,0.5059,0.40475,1,1,0.02
02_noise_sweep,2,280654253600472952296065193076668610346,20000,0.0,0.02,readout_flip,0.0,0.5,0.2,,0.11,0.95,20000,10130,2026,8104,180,41,0.017769002961500493,0.020236920039486673,0.01495232865890889,0.02733740704811852,0.01238507838920963,1.0,0.5065,0.4052,1,1,0.02
02_noise_sweep,3,245681827943749305864678961147150137876,20000,0.0,0.02,readout_flip,0.0,0.5,0.2,,0.11,0.95,20000,10060,2012,8048,218,45,0.021669980119284293,0.022365805168986085,0.01675708522953471,0.02979491835689474,0.013037833127360031,1.0,0.503,0.4024,1,1,0.02
02_noise_sweep,4,52089765558431232929249146038771278427,20000,0.0,0.02,readout_flip,0.0,0.5,0.2,,0.11,0.95,20000,10083,2016,8067,199,39,0.019736189626103344,0.019345238095238096,0.014183534161632878,0.026335219656044538,0.01215168549441166,1.0,0.50415,0.40335,1,1,0.02
02_noise_sweep,5,103256786535248855107783604953350843506,20000,0.0,0.02,readout_flip,0.0,0.5,0.2,,0.11,0.95,20000,9893,1978,7915,211,48,0.02132821186697665,0.024266936299292215,0.018351947446482796,0.03202617860205862,0.013674231155575825,1.0,0.49465,0.39575,1,1,0.02
02_noise_sweep,6,239663610426693275385278779140498974323,20000,0.0,0.02,readout_flip,0.0,0.5,0.2,,0.11,0.95,20000,9972,1994,7978,202,40,0.020256718812675493,0.020060180541624874,0.014766125426714488,0.027199896677053893,0.012433771250339405,1.0,0.4986,0.3989,1,1,0.02
02_noise_sweep,7,121227822427221965711031293801415721473,20000,0.0,0.02,readout_flip,0.0,0.5,0.2,,0.11,0.95,20000,10032,2006,8026,181,42,0.018042264752791068,0.020937188434695914,0.015526830743129652,0.028178834912825357,0.012652004169695705,1.0,0.5016,0.4013,1,1,0.02
02_noise_sweep,8,17296559634457629853930760455058097852,20000,0.0,0.02,readout_flip,0.0,0.5,0.2,,0.11,0.95,20000,10011,2002,8009,204,40,0.020377584656877435,0.01998001998001998,0.014706985734446402,0.027091661138665648,0.012384675404219246,1.0,0.50055,0.40045,1,1,0.02
02_noise_sweep,9,84214490817320050381642851152651148306,20000,0.0,0.02,readout_flip,0.0,0.5,0.2,,0.11,0.95,20000,10086,2017,8069,207,28,0.02052349791790601,0.013882002974714923,0.009621851898871069,0.01999029731723612,0.010368445418365051,1.0,0.5043,0.40345,1,1,0.02
02_noise_sweep,10,20673865628081550791663516525975354896,20000,0.0,0.02,readout_flip,0.0,0.5,0.2,,0.11,0.95,20000,10061,2012,8049,170,38,0.01689692873471822,0.018886679920477135,0.01379085784567461,0.02581615513212321,0.012025297286448598,1.0,0.50305,0.40245,1,1,0.02
02_noise_sweep,11,276438612285942131906086396263722511546,20000,0.0,0.02,readout_flip,0.0,0.5,0.2,,0.11,0.95,20000,10018,2003,8015,181,34,0.018067478538630465,0.016974538192710935,0.012172384744775559,0.023625888459581728,0.01145350371480617,1.0,0.5009,0.40075,1,1,0.02
02_noise_sweep,12,263017941118178750941016600422934682291,20000,0.0,0.02,readout_flip,0.0,0.5,0.2,,0.11,0.95,20000,9951,1990,7961,195,37,0.019596020500452217,0.0185929648241206,0.013519091218022854,0.02552185583236867,0.012002764614345816,1.0,0.49755,0.39805,1,1,0.02
02_noise_sweep,13,85173897893561620601655722531411023731,20000,0.0,0.02,readout_flip,0.0,0.5,0.2,,0.11,0.95,20000,10004,2000,8004,219,51,0.02189124350259896,0.0255,0.019447915824308687,0.033371362045600345,0.013923446221291658,1.0,0.5002,0.4002,1,1,0.02
02_noise_sweep,14,302840638916776249661972933140447230344,20000,0.0,0.02,readout_flip,0.0,0.5,0.2,,0.11,0.95,20000,10073,2014,8059,227,48,0.02253549091631093,0.023833167825223437,0.018023070688959936,0.03145626693900484,0.013433196250044906,1.0,0.50365,0.40295,1,1,0.02
02_noise_sweep,15,152968173828164164509237209826855772934,20000,0.0,0.02,readout_flip,0.0,0.5,0.2,,0.11,0.95,20000,9977,1995,7982,214,22,0.02144933346697404,0.011027568922305764,0.0072936869044094785,0.016640907112326762,0.009347220207917284,1.0,0.49885,0.3991,1,1,0.02
02_noise_sweep,16,236403340756742742264068621238954286239,20000,0.0,0.02,readout_flip,0.0,0.5,0.2,,0.11,0.95,20000,10076,2015,8061,189,32,0.018757443429932512,0.01588089330024814,0.011271533693946392,0.022332620076664055,0.011061086382717663,1.0,0.5038,0.40305,1,1,0.02
02_noise_sweep,17,201828157983833225739372536800358894803,20000,0.0,0.02,readout_flip,0.0,0.5,0.2,,0.11,0.95,20000,9995,1999,7996,192,43,0.0192096048024012,0.021510755377688845,0.01600880404369933,0.028848195707840786,0.012839391664141456,1.0,0.49975,0.3998,1,1,0.02
02_noise_sweep,18,132971785856420228282603116189734745583,20000,0.0,0.02,readout_flip,0.0,0.5,0.2,,0.11,0.95,20000,10046,2009,8037,219,40,0.02179972128210233,0.019910403185664508,0.014655625749269985,0.026997659189433573,0.012342033440163588,1.0,0.5023,0.40185,1,1,0.02
02_noise_sweep,19,58715343399881233595276601562889083908,20000,0.0,0.02,readout_flip,0.0,0.5,0.2,,0.11,0.95,20000,10047,2009,8038,225,49,0.022394744699910422,0.024390243902439025,0.01849817144055569,0.03209769559825328,0.013599524157697593,1.0,0.50235,0.4019,1,1,0.02
02_noise_sweep,20,106556776834121548553165611029969759342,20000,0.0,0.02,readout_flip,0.0,0.5,0.2,,0.11,0.95,20000,10000,2000,8000,168,31,0.0168,0.0155,0.010940972933704064,0.021916645881830024,0.01097567294812596,1.0,0.5,0.4,1,1,0.02
02_noise_sweep,21,94110695980577919966275023968665495003,20000,0.0,0.02,readout_flip,0.0,0.5,0.2,,0.11,0.95,20000,10106,2021,8085,198,32,0.019592321393231745,0.01583374567046017,0.011238005765187867,0.02226657234642699,0.011028566581239123,1.0,0.5053,0.40425,1,1,0.02
02_noise_sweep,22,279346705688859995578648792984009370627,20000,0.0,0.02,readout_flip,0.0,0.5,0.2,,0.11,0.95,20000,9874,1974,7900,191,34,0.019343731010735263,0.017223910840932118,0.012351578204393277,0.023971585363798002,0.011620007159404725,1.0,0.4937,0.395,1,1,0.02
02_noise_sweep,23,115772219412509173812623176293026920332,20000,0.0,0.02,readout_flip,0.0,0.5,0.2,,0.11,0.95,20000,10110,2022,8088,223,52,0.02205736894164194,0.025717111770524232,0.019665184002970865,0.033567737236321,0.013902553233350132,1.0,0.5055,0.4044,1,1,0.02
02_noise_sweep,24,36466204544774184128090483570224514878,20000,0.0,0.02,readout_flip,0.0,0.5,0.2,,0.11,0.95,20000,9878,1975,7903,207,52,0.020955659040291556,0.026329113924050632,0.020134450977363907,0.034362819807008615,0.014228368829644709,1.0,0.4939,0.39515,1,1,0.02
02_noise_sweep,25,196047994136776974640825300370642793533,20000,0.0,0.02,readout_flip,0.0,0.5,0.2,,0.11,0.95,20000,9986,1997,7989,224,48,0.022431403965551773,0.024036054081121683,0.01817689217853122,0.03172284294568055,0.013545950767149328,1.0,0.4993,0.39945,1,1,0.02
02_noise_sweep,26,210941446482820575822857632194224102241,20000,0.0,0.02,readout_flip,0.0,0.5,0.2,,0.11,0.95,20000,9949,1989,7960,198,41,0.019901497637953562,0.020613373554550025,0.015231123969039341,0.027843782186060727,0.012612658217021386,1.0,0.49745,0.398,1,1,0.02
02_noise_sweep,27,177098813352416221567436402638930865848,20000,0.0,0.02,readout_flip,0.0,0.5,0.2,,0.11,0.95,20000,9999,1999,8000,218,46,0.021802180218021803,0.02301150575287644,0.017296325766245697,0.030556417843888652,0.013260092077642956,1.0,0.49995,0.4,1,1,0.02
02_noise_sweep,28,293987691789479854839072615758366181828,20000,0.0,0.02,readout_flip,0.0,0.5,0.2,,0.11,0.95,20000,10023,2004,8019,192,41,0.019155941334929663,0.020459081836327345,0.015116855167529072,0.027636250882543775,0.012519395715014703,1.0,0.50115,0.40095,1,1,0.02
02_noise_sweep,29,161926666566392282329933184284996071817,20000,0.0,0.02,readout_flip,0.0,0.5,0.2,,0.11,0.95,20000,9959,1991,7968,216,53,0.021688924590822372,0.026619789050728277,0.020409013213886246,0.034653737931074395,0.01424472471718815,1.0,0.49795,0.3984,1,1,0.02
02_noise_sweep,30,286233465592482709612486166526226571161,20000,0.0,0.02,readout_flip,0.0,0.5,0.2,,0.11,0.95,20000,10108,2021,8087,202,42,0.019984170953700038,0.02078179119247897,0.015411321254289432,0.027970573381478566,0.012559252127189134,1.0,0.5054,0.40435,1,1,0.02
02_noise_sweep,31,176235164587335802873265891475679089789,20000,0.0,0.02,readout_flip,0.0,0.5,0.2,,0.11,0.95,20000,10057,2011,8046,219,39,0.02177587749825992,0.019393336648433616,0.014218877519533612,0.026400427022967073,0.012181549503433461,1.0,0.50285,0.4023,1,1,0.02
02_noise_sweep,32,23491867834734397701460633928529199393,20000,0.0,0.02,readout_flip,0.0,0.5,0.2,,0.11,0.95,20000,9983,1996,7987,193,34,0.01933286587198237,0.017034068136272545,0.012215160618050315,0.02370841647543539,0.011493255857385073,1.0,0.49915,0.39935,1,1,0.02
02_noise_sweep,33,131413576034577067075184932498386685407,20000,0.0,0.02,readout_flip,0.0,0.5,0.2,,0.11,0.95,20000,10075,2015,8060,201,31,0.019950372208436724,0.015384615384615385,0.010859372007224134,0.021754114570942038,0.010894742563717905,1.0,0.50375,0.403,1,1,0.02
02_noise_sweep,34,317714872486727056929221303090795093661,20000,0.0,0.02,readout_flip,0.0,0.5,0.2,,0.11,0.95,20000,9984,1996,7988,206,34,0.02063301282051282,0.017034068136272545,0.012215160618050315,0.02370841647543539,0.011493255857385073,1.0,0.4992,0.3994,1,1,0.02
02_noise_sweep,35,249707073063425226137180840300936775477,20000,0.0,0.02,readout_flip,0.0,0.5,0.2,,0.11,0.95,20000,9949,1989,7960,185,44,0.018594833651623278,0.02212166918049271,0.016519988610168023,0.029565693928293033,0.01304570531812501,1.0,0.49745,0.398,1,1,0.02
02_noise_sweep,36,89236329407205468201133317525181943387,20000,0.0,0.02,readout_flip,0.0,0.5,0.2,,0.11,0.95,20000,9872,1974,7898,202,40,0.02046191247974068,0.020263424518743668,0.014916076671306337,0.027474307273160754,0.012558230601854417,1.0,0.4936,0.3949,1,1,0.02
02_noise_sweep,37,55913925806271023465905961125785905367,20000,0.0,0.02,readout_flip,0.0,0.5,0.2,,0.11,0.95,20000,9897,1979,7918,192,34,0.019399818126705062,0.017180394138453764,0.01232030732630009,0.023911262525695153,0.011590955199395063,1.0,0.49485,0.3959,1,1,0.02
02_noise_sweep,38,228068402037867213992540890219051391790,20000,0.0,0.02,readout_flip,0.0,0.5,0.2,,0.11,0.95,20000,9899,1979,7920,222,46,0.022426507728053338,0.023244062657908033,0.017471566181749904,0.030863845807111958,0.013392279625362054,1.0,0.49495,0.396,1,1,0.02
02_noise_sweep,39,87403028195611760768957793600706995414,20000,0.0,0.02,readout_flip,0.0,0.5,0.2,,0.11,0.95,20000,10021,2004,8017,217,36,0.02165452549645744,0.017964071856287425,0.013003928476662745,0.024768704660038995,0.01176477618337625,1.0,0.50105,0.40085,1,1,0.02
02_noise_sweep,40,338761551771653490160991345974343341265,20000,0.0,0.02,readout_flip,0.0,0.5,0.2,,0.11,0.95,20000,10056,2011,8045,182,36,0.01809864757358791,0.01790154152163103,0.012958568295316924,0.024682834450626596,0.011724266155309672,1.0,0.5028,0.40225,1,1,0.02
02_noise_sweep,41,54653165174580539960243511608045180225,20000,0.0,0.02,readout_flip,0.0,0.5,0.2,,0.11,0.95,20000,10129,2025,8104,204,36,0.020140191529272385,0.017777777777777778,0.012868790713894384,0.024512867912491604,0.01164407719859722,1.0,0.50645,0.4052,1,1,0.02
02_noise_sweep,42,86721542018255512220092191571913455002,20000,0.0,0.02,readout_flip,0.0,0.5,0.2,,0.11,0.95,20000,9976,1995,7981,221,44,0.02215316760224539,0.02205513784461153,0.01647018352307448,0.029477161833110048,0.013006978310035569,1.0,0.4988,0.39905,1,1,0.02
02_noise_sweep,43,146539286944860093252506336918761105921,20000,0.0,0.02,readout_flip,0.0,0.5,0.2,,0.11,0.95,20000,10010,2002,8008,203,35,0.02027972027972028,0.017482517482517484,0.012597129647332051,0.024216078343746245,0.011618948696414194,1.0,0.5005,0.4004,1,1,0.02
02_noise_sweep,44,10553752215305346336835804049852040494,20000,0.0,0.02,readout_flip,0.0,0.5,0.2,,0.11,0.95,20000,9951,1990,7961,209,45,0.021002914279971863,0.022613065326633167,0.01694279822867876,0.03012285907598925,0.013180060847310493,1.0,0.49755,0.39805,1,1,0.02
02_noise_sweep,45,67735649243504605638200916083827330934,20000,0.0,0.02,readout_flip,0.0,0.5,0.2,,0.11,0.95,20000,10003,2000,8003,195,43,0.01949415175447366,0.0215,0.01600078050907465,0.0288338337390844,0.012833053230009751,1.0,0.50015,0.40015,1,1,0.02
02_noise_sweep,46,36914266677424403242895814946772358590,20000,0.0,0.02,readout_flip,0.0,0.5,0.2,,0.11,0.95,20000,9879,1975,7904,188,41,0.01903026622127746,0.020759493670886076,0.015339344553498752,0.028040309960032615,0.012700965406533864,1.0,0.49395,0.3952,1,1,0.02
02_noise_sweep,47,24389456313398168281141534113455513229,20000,0.0,0.02,readout_flip,0.0,0.5,0.2,,0.11,0.95,20000,10040,2008,8032,194,39,0.019322709163346614,0.01942231075697211,0.014240168209595092,0.02643970666914815,0.012199538459553058,1.0,0.502,0.4016,1,1,0.02
02_noise_sweep,48,21811963952629862141573152508927687615,20000,0.0,0.02,readout_flip,0.0,0.5,0.2,,0.11,0.95,20000,9884,1976,7908,212,45,0.021448806151355727,0.02277327935222672,0.0170631377239173,0.03033533370550283,0.013272195981585529,1.0,0.4942,0.3954,1,1,0.02
02_noise_sweep,49,20681306673397541540070076945469183766,20000,0.0,0.02,readout_flip,0.0,0.5,0.2,,0.11,0.95,20000,9917,1983,7934,196,39,0.019764041544822024,0.019667170953101363,0.014420101516641626,0.02677163950393874,0.012351537987297115,1.0,0.49585,0.3967,1,1,0.02
02_noise_sweep,50,330445059943421262680955373746694359064,20000,0.0,0.02,readout_flip,0.0,0.5,0.2,,0.11,0.95,20000,10059,2011,8048,190,28,0.018888557510686948,0.0139234211834908,0.009650610355823387,0.020049720932634366,0.010399110576810979,1.0,0.50295,0.4024,1,1,0.02
02_noise_sweep,51,276015036926101671904142012422044946025,20000,0.0,0.02,readout_flip,0.0,0.5,0.2,,0.11,0.95,20000,9952,1990,7962,192,39,0.01929260450160772,0.019597989949748745,0.014369263450232064,0.026677861163728587,0.012308597713496523,1.0,0.4976,0.3981,1,1,0.02
02_noise_sweep,52,307707017701240196718654105648931700542,20000,0.0,0.02,readout_flip,0.0,0.5,0.2,,0.11,0.95,20000,10053,2010,8043,203,33,0.02019297722073013,0.016417910447761194,0.0117141360326524,0.022966577543277897,0.011252441510625497,1.0,0.50265,0.40215,1,1,0.02
02_noise_sweep,53,310959209591730152113094846736033929351,20000,0.0,0.02,readout_flip,0.0,0.5,0.2,,0.11,0.95,20000,9925,1985,7940,212,46,0.02136020151133501,0.023173803526448364,0.017418622331666956,0.030770969853083852,0.013352347521416896,1.0,0.49625,0.397,1,1,0.02
02_noise_sweep,54,219599788078898919105506753059532132231,20000,0.0,0.02,readout_flip,0.0,0.5,0.2,,0.11,0.95,20000,10034,2006,8028,187,35,0.01863663543950568,0.01744765702891326,0.01257195869332249,0.0241679834034147,0.01159602471009221,1.0,0.5017,0.4014,1,1,0.02
02_noise_sweep,55,87174097289528471373268965651919587764,20000,0.0,0.02,readout_flip,0.0,0.5,0.2,,0.11,0.95,20000,9886,1977,7909,211,55,0.021343313777058465,0.0278199291856348,0.021435702487092603,0.036035559694823915,0.014599857207731312,1.0,0.4943,0.39545,1,1,0.02
02_noise_sweep,56,18008396939498818238986998496191460121,20000,0.0,0.02,readout_flip,0.0,0.5,0.2,,0.11,0.95,20000,10021,2004,8017,193,44,0.01925955493463726,0.021956087824351298,0.01639603644341457,0.029345353354680942,0.01294931691126637,1.0,0.50105,0.40085,1,1,0.02
02_noise_sweep,57,76056892326695937449115137819904541925,20000,0.0,0.02,readout_flip,0.0,0.5,0.2,,0.11,0.95,20000,9905,1981,7924,187,34,0.018879353861686016,0.017163048965169108,0.012307843265495111,0.023887218310545917,0.011579375045050806,1.0,0.49525,0.3962,1,1,0.02
02_noise_sweep,58,104033224138879490277579852282326677264,20000,0.0,0.02,readout_flip,0.0,0.5,0.2,,0.11,0.95,20000,10071,2014,8057,213,44,0.02114983616324099,0.021847070506454815,0.016314429906090243,0.029200275136381168,0.012885845230290925,1.0,0.50355,0.40285,1,1,0.02
02_noise_sweep,59,157922357216066343730936800622456116731,20000,0.0,0.02,readout_flip,0.0,0.5,0.2,,0.11,0.95,20000,9902,1980,7922,189,36,0.0190870531205817,0.01818181818181818,0.013161889252379731,0.02506770741396805,0.011905818161588318,1.0,0.4951,0.3961,1,1,0.02
02_noise_sweep,60,291993280854464560353413586541232459835,20000,0.0,0.02,readout_flip,0.0,0.5,0.2,,0.11,0.95,20000,9917,1983,7934,172,37,0.017343954825047896,0.018658598083711547,0.013566917606864268,0.025611577725570333,0.012044660118706065,1.0,0.49585,0.3967,1,1,0.02
02_noise_sweep,61,106343989764087907258683568772860642735,20000,0.0,0.02,readout_flip,0.0,0.5,0.2,,0.11,0.95,20000,9919,1983,7936,169,34,0.01703800786369594,0.01714573877962683,0.012295404398404475,0.023863222401811487,0.011567818003407011,1.0,0.49595,0.3968,1,1,0.02
02_noise_sweep,62,266754410157370067726318204317883819253,20000,0.0,0.02,readout_flip,0.0,0.5,0.2,,0.11,0.95,20000,9975,1995,7980,182,38,0.018245614035087718,0.01904761904761905,0.013908632953413613,0.026035234764739564,0.012126601811325952,1.0,0.49875,0.399,1,1,0.02
02_noise_sweep,63,36651590518395738926267161904398128828,20000,0.0,0.02,readout_flip,0.0,0.5,0.2,,0.11,0.95,20000,10068,2013,8055,200,39,0.01986491855383393,0.019374068554396422,0.014204719060241386,0.026374305365679133,0.012169586305437748,1.0,0.5034,0.40275,1,1,0.02
02_noise_sweep,64,19212471451781085755743244923057202774,20000,0.0,0.02,readout_flip,0.0,0.5,0.2,,0.11,0.95,20000,10025,2005,8020,214,35,0.021346633416458854,0.017456359102244388,0.012578241996651173,0.02417998921988461,0.011601747223233436,1.0,0.50125,0.401,1,1,0.02
02_noise_sweep,65,269565310498852810955849501510189923667,20000,0.0,0.02,readout_flip,0.0,0.5,0.2,,0.11,0.95,20000,10103,2020,8083,187,33,0.018509353657329506,0.016336633663366337,0.011656030675943584,0.022853322078096358,0.011197291402152774,1.0,0.50515,0.40415,1,1,0.02
02_noise_sweep,66,211175991714002982693293191406105768263,20000,0.0,0.02,readout_flip,0.0,0.5,0.2,,0.11,0.95,20000,10031,2006,8025,194,35,0.019340045857840694,0.01744765702891326,0.01257195869332249,0.0241679834034147,0.01159602471009221,1.0,0.50155,0.40125,1,1,0.02
02_noise_sweep,67,322770525314000697422056571477629844553,20000,0.0,0.02,readout_flip,0.0,0.5,0.2,,0.11,0.95,20000,9932,1986,7946,180,31,0.018123238018525976,0.015609264853977844,0.011018248064178502,0.022070548296369702,0.0110523002321912,1.0,0.4966,0.3973,1,1,0.02
02_noise_sweep,68,196409557600049958098177199005068925834,20000,0.0,0.02,readout_flip,0.0,0.5,0.2,,0.11,0.95,20000,9960,1992,7968,187,26,0.018775100401606425,0.013052208835341365,0.008922646362838174,0.019056258762065792,0.010133612399227618,1.0,0.498,0.3984,1,1,0.02
02_noise_sweep,69,43758356102364733009861455211826412152,20000,0.0,0.02,readout_flip,0.0,0.5,0.2,,0.11,0.95,20000,9939,1987,7952,203,39,0.020424589998993863,0.019627579265223957,0.014391007233115469,0.026717971313661527,0.012326964080546059,1.0,0.49695,0.3976,1,1,0.02
02_noise_sweep,70,221027909425150250505414261566728410220,20000,0.0,0.02,readout_flip,0.0,0.5,0.2,,0.11,0.95,20000,9900,1980,7920,178,36,0.01797979797979798,0.01818181818181818,0.013161889252379731,0.02506770741396805,0.011905818161588318,1.0,0.495,0.396,1,1,0.02
02_noise_sweep,71,193061728024974970056441933087860893991,20000,0.0,0.02,readout_flip,0.0,0.5,0.2,,0.11,0.95,20000,9947,1989,7958,193,42,0.01940283502563587,0.021116138763197588,0.01565985266163776,0.028418645621249308,0.012758792959611548,1.0,0.49735,0.3979,1,1,0.02
02_noise_sweep,72,207593528287101240894407315202370342347,20000,0.0,0.02,readout_flip,0.0,0.5,0.2,,0.11,0.95,20000,9989,1997,7992,219,45,0.021924116528181,0.022533800701051578,0.016883262782934873,0.030017733998691558,0.013134471215756685,1.0,0.49945,0.3996,1,1,0.02
02_noise_sweep,73,7805358914749697792490805309714152407,20000,0.0,0.02,readout_flip,0.0,0.5,0.2,,0.11,0.95,20000,9992,1998,7994,232,48,0.02321857485988791,0.024024024024024024,0.018167771208878886,0.03170703699871603,0.013539265789837142,1.0,0.4996,0.3997,1,1,0.02
02_noise_sweep,74,39984319953455595728981352301157981893,20000,0.0,0.02,readout_flip,0.0,0.5,0.2,,0.11,0.95,20000,10053,2010,8043,186,41,0.01850193971948672,0.020398009950248756,0.015071626293710002,0.02755410198529906,0.012482475691589057,1.0,0.50265,0.40215,1,1,0.02
02_noise_sweep,75,155845204651881467755236221356000323294,20000,0.0,0.02,readout_flip,0.0,0.5,0.2,,0.11,0.95,20000,9994,1998,7996,189,30,0.01891134680808485,0.015015015015015015,0.01053765537354804,0.021353710718102298,0.010816055344554258,1.0,0.4997,0.3998,1,1,0.02
02_noise_sweep,76,247395068726939668037291672607085527088,20000,0.0,0.02,readout_flip,0.0,0.5,0.2,,0.11,0.95,20000,9931,1986,7945,227,38,0.022857718255966167,0.019133937562940583,0.013971802580862759,0.02615273018870433,0.01218092760784157,1.0,0.49655,0.39725,1,1,0.02
02_noise_sweep,77,129550884774423417887992035675184388005,20000,0.0,0.02,readout_flip,0.0,0.5,0.2,,0.11,0.95,20000,9949,1989,7960,212,45,0.021308674238616945,0.02262443438914027,0.016951337586001175,0.030137937080246875,0.0131865994942457,1.0,0.49745,0.398,1,1,0.02
02_noise_sweep,78,175546626901947799041250145736879502997,20000,0.0,0.02,readout_flip,0.0,0.5,0.2,,0.11,0.95,20000,10048,2009,8039,194,33,0.01930732484076433,0.01642608262817322,0.011719978446566639,0.022977964858721604,0.011257986412154966,1.0,0.5024,0.40195,1,1,0.02
02_noise_sweep,79,131609563483624649477301049556099134110,20000,0.0,0.02,readout_flip,0.0,0.5,0.2,,0.11,0.95,20000,10104,2020,8084,212,47,0.02098178939034046,0.023267326732673267,0.01754235584536751,0.030802072713629888,0.013259716868262376,1.0,0.5052,0.4042,1,1,0.02
02_noise_sweep,80,156310487731642673864261211041527099947,20000,0.0,0.02,readout_flip,0.0,0.5,0.2,,0.11,0.95,20000,10055,2011,8044,198,39,0.019691695673794134,0.019393336648433616,0.014218877519533612,0.026400427022967073,0.012181549503433461,1.0,0.50275,0.4022,1,1,0.02
02_noise_sweep,81,57605476678142421718786810392283685294,20000,0.0,0.02,readout_flip,0.0,0.5,0.2,,0.11,0.95,20000,9994,1998,7996,206,35,0.02061236742045227,0.017517517517517518,0.012622401596533552,0.024264365082879172,0.01164196348634562,1.0,0.4997,0.3998,1,1,0.02
02_noise_sweep,82,137116188035707435667772839726966404380,20000,0.0,0.02,readout_flip,0.0,0.5,0.2,,0.11,0.95,20000,9982,1996,7986,223,43,0.02234021238228812,0.02154308617234469,0.01603292300140896,0.02889136758394254,0.01285844458253358,1.0,0.4991,0.3993,1,1,0.02
02_noise_sweep,83,210601559903468220504377249033814537652,20000,0.0,0.02,readout_flip,0.0,0.5,0.2,,0.11,0.95,20000,10027,2005,8022,208,32,0.02074399122369602,0.01596009975062344,0.011327860371823146,0.022443574662438334,0.011115714290615189,1.0,0.50135,0.4011,1,1,0.02
02_noise_sweep,84,65791725984868911121505551204727212201,20000,0.0,0.02,readout_flip,0.0,0.5,0.2,,0.11,0.95,20000,10010,2002,8008,194,31,0.01938061938061938,0.015484515484515484,0.010930022024634932,0.021894834860816358,0.010964812836181425,1.0,0.5005,0.4004,1,1,0.02
02_noise_sweep,85,276809270276869898528662847155599351476,20000,0.0,0.02,readout_flip,0.0,0.5,0.2,,0.11,0.95,20000,9919,1983,7936,189,39,0.019054340155257588,0.019667170953101363,0.014420101516641626,0.02677163950393874,0.012351537987297115,1.0,0.49595,0.3968,1,1,0.02
02_noise_sweep,86,331106734826547862966753136398928746019,20000,0.0,0.02,readout_flip,0.0,0.5,0.2,,0.11,0.95,20000,10098,2019,8079,211,49,0.02089522677757972,0.02426944031698861,0.018406314326371964,0.03193942996150078,0.013533115635128816,1.0,0.5049,0.40395,1,1,0.02
02_noise_sweep,87,4580311680675424525921036865922701696,20000,0.0,0.02,readout_flip,0.0,0.5,0.2,,0.11,0.95,20000,10064,2012,8052,210,37,0.0208664546899841,0.018389662027833,0.013370950899196859,0.025243920563082157,0.011872969663885298,1.0,0.5032,0.4026,1,1,0.02
02_noise_sweep,88,191869258352406505164693926329532419850,20000,0.0,0.02,readout_flip,0.0,0.5,0.2,,0.11,0.95,20000,9903,1980,7923,181,30,0.01827728971018883,0.015151515151515152,0.01063363297678057,0.021547093228349273,0.010913460251568703,1.0,0.49515,0.39615,1,1,0.02
02_noise_sweep,89,106381752775302291047117311874663179208,20000,0.0,0.02,readout_flip,0.0,0.5,0.2,,0.11,0.95,20000,9810,1962,7848,214,34,0.0218144750254842,0.017329255861365953,0.012427279949587842,0.024117609516621567,0.011690329567033725,1.0,0.4905,0.3924,1,1,0.02
02_noise_sweep,90,48233278687881126391677849074342919451,20000,0.0,0.02,readout_flip,0.0,0.5,0.2,,0.11,0.95,20000,10017,2003,8014,207,43,0.020664869721473494,0.021467798302546182,0.015976758089643602,0.028790833503510364,0.012814075413866761,1.0,0.50085,0.4007,1,1,0.02
02_noise_sweep,91,209076618151538934546362529718993704244,20000,0.0,0.02,readout_flip,0.0,0.5,0.2,,0.11,0.95,20000,10042,2008,8034,194,30,0.019318860784704243,0.014940239043824702,0.010485079389499729,0.021247768415573767,0.010762689026074038,1.0,0.5021,0.4017,1,1,0.02
02_noise_sweep,92,76068915317120966394809241975243506409,20000,0.0,0.02,readout_flip,0.0,0.5,0.2,,0.11,0.95,20000,10015,2003,8012,205,38,0.020469296055916127,0.018971542685971045,0.013852959791454534,0.025931677141256833,0.0120787173498023,1.0,0.50075,0.4006,1,1,0.02
02_noise_sweep,93,262536521156342340309399522863846595079,20000,0.0,0.02,readout_flip,0.0,0.5,0.2,,0.11,0.95,20000,9989,1997,7992,223,43,0.022324557012713984,0.021532298447671506,0.01602487527773057,0.02887696260883897,0.012852087331108403,1.0,0.49945,0.3996,1,1,0.02
02_noise_sweep,94,130098989400574475370361848917153721626,20000,0.0,0.02,readout_flip,0.0,0.5,0.2,,0.11,0.95,20000,10078,2015,8063,192,40,0.01905139908712046,0.019851116625310174,0.014611887568090356,0.026917603742074282,0.012305716173983926,1.0,0.5039,0.40315,1,1,0.02
02_noise_sweep,95,230976874847992564626974357565042639619,20000,0.0,0.02,readout_flip,0.0,0.5,0.2,,0.11,0.95,20000,9901,1980,7921,230,49,0.02322997677002323,0.024747474747474747,0.018769817967484077,0.03256566469816924,0.013795846730685162,1.0,0.49505,0.39605,1,1,0.02
02_noise_sweep,96,243297525528749725822696218692120668506,20000,0.0,0.02,readout_flip,0.0,0.5,0.2,,0.11,0.95,20000,9934,1986,7948,207,41,0.02083752768270586,0.020644511581067473,0.015254185348480942,0.02788566302495138,0.012631477676470437,1.0,0.4967,0.3974,1,1,0.02
02_noise_sweep,97,217335586763814737515754550507279626657,20000,0.0,0.02,readout_flip,0.0,0.5,0.2,,0.11,0.95,20000,10151,2030,8121,197,26,0.019406954979804946,0.012807881773399015,0.008755343718140057,0.018700807585351083,0.009945463867211027,1.0,0.50755,0.40605,1,1,0.02
02_noise_sweep,98,226838761728533614951372350803881581104,20000,0.0,0.02,readout_flip,0.0,0.5,0.2,,0.11,0.95,20000,9958,1991,7967,213,34,0.02138983731673027,0.017076845806127575,0.01224589934559513,0.023767718931200266,0.011521819585605136,1.0,0.4979,0.39835,1,1,0.02
02_noise_sweep,99,257371381339669506108712644712728952845,20000,0.0,0.02,readout_flip,0.0,0.5,0.2,,0.11,0.95,20000,10061,2012,8049,181,29,0.017990259417552928,0.01441351888667992,0.010054241879163428,0.020623497458965155,0.010569255579801727,1.0,0.50305,0.40245,1,1,0.02
02_noise_sweep,100,295812530895444654647576175381764324789,20000,0.0,0.02,readout_flip,0.0,0.5,0.2,,0.11,0.95,20000,9923,1984,7939,201,34,0.020255970976519197,0.017137096774193547,0.012289194388643131,0.02385124251688089,0.011562048128237759,1.0,0.49615,0.39695,1,1,0.02
02_noise_sweep,101,186172624623036258913317728421216282756,20000,0.0,0.02,readout_flip,0.0,0.5,0.2,,0.11,0.95,20000,10014,2002,8012,180,34,0.017974835230677052,0.016983016983016984,0.01217847723217946,0.023637642982492085,0.011459165750312625,1.0,0.5007,0.4006,1,1,0.02
02_noise_sweep,102,277759213579769822279555800311911336997,20000,0.0,0.02,readout_flip,0.0,0.5,0.2,,0.11,0.95,20000,9975,1995,7980,188,30,0.018847117794486216,0.015037593984962405,0.010553531142032294,0.021385699725412412,0.010832168583380118,1.0,0.49875,0.399,1,1,0.02
02_noise_sweep,103,169883108710215739536729277245265314150,20000,0.0,0.02,readout_flip,0.0,0.5,0.2,,0.11,0.95,20000,9992,1998,7994,198,39,0.019815852682145717,0.01951951951951952,0.014311599975854964,0.02657148717376766,0.012259887197912697,1.0,0.4996,0.3997,1,1,0.02
02_noise_sweep,104,101579829019775147782712969107133971256,20000,0.0,0.02,readout_flip,0.0,0.5,0.2,,0.11,0.95,20000,9997,1999,7998,209,36,0.020906271881564468,0.018009004502251125,0.013036523518396246,0.024830407229757337,0.011793883711361091,1.0,0.49985,0.3999,1,1,0.02
02_noise_sweep,105,40993302180629856651316524388636059913,20000,0.0,0.02,readout_flip,0.0,0.5,0.2,,0.11,0.95,20000,9972,1994,7978,228,39,0.02286401925391095,0.019558676028084254,0.014340373745604108,0.0266245679214911,0.012284194175886992,1.0,0.4986,0.3989,1,1,0.02
02_noise_sweep,106,43192507540995372475166927808210426284,20000,0.0,0.02,readout_flip,0.0,0.5,0.2,,0.11,0.95,20000,9912,1982,7930,198,36,0.019975786924939468,0.018163471241170535,0.013148579428166156,0.025042515074278723,0.011893935646112568,1.0,0.4956,0.3965,1,1,0.02
02_noise_sweep,107,39082507249592102051531358032882597880,20000,0.0,0.02,readout_flip,0.0,0.5,0.2,,0.11,0.95,20000,9920,1984,7936,200,44,0.020161290322580645,0.02217741935483871,0.016561723529873555,0.029639877917346465,0.01307815438747291,1.0,0.496,0.3968,1,1,0.02
02_noise_sweep,108,21597006211114536097301661437150962782,20000,0.0,0.02,readout_flip,0.0,0.5,0.2,,0.11,0.95,20000,9932,1986,7946,193,43,0.019432138542086187,0.0216515609264854,0.016113847061992804,0.029036211714016342,0.012922364652023538,1.0,0.4966,0.3973,1,1,0.02
02_noise_sweep,109,87984237529753773491488415245386329906,20000,0.0,0.02,readout_flip,0.0,0.5,0.2,,0.11,0.95,20000,10070,2014,8056,213,40,0.021151936444885798,0.019860973187686197,0.014619159126281946,0.0269309133306961,0.012311754204414153,1.0,0.5035,0.4028,1,1,0.02
02_noise_sweep,110,220745622570216605810890562454133426445,20000,0.0,0.02,readout_flip,0.0,0.5,0.2,,0.11,0.95,20000,9981,1996,7985,197,42,0.01973750125237952,0.021042084168336674,0.015604803862666767,0.02831940744581076,0.012714603583143995,1.0,0.49905,0.39925,1,1,0.02
02_noise_sweep,111,51744017596754796054478141000727492384,20000,0.0,0.02,readout_flip,0.0,0.5,0.2,,0.11,0.95,20000,9980,1996,7984,176,38,0.017635270541082163,0.01903807615230461,0.013901649348326175,0.02602224485265544,0.012120595504329264,1.0,0.499,0.3992,1,1,0.02
02_noise_sweep,112,313928159514267088182371243137256159939,20000,0.0,0.02,readout_flip,0.0,0.5,0.2,,0.11,0.95,20000,10060,2012,8048,211,40,0.020974155069582504,0.019880715705765408,0.014633723976542093,0.026957572032293334,0.01232384805575124,1.0,0.503,0.4024,1,1,0.02
02_noise_sweep,113,105273644411000570387163478857009890220,20000,0.0,0.02,readout_flip,0.0,0.5,0.2,,0.11,0.95,20000,10004,2000,8004,193,45,0.019292283086765293,0.0225,0.016857875484000372,0.029972904669596175,0.013115029185595803,1.0,0.5002,0.4002,1,1,0.02
02_noise_sweep,114,228606267598115033731136895498723318287,20000,0.0,0.02,readout_flip,0.0,0.5,0.2,,0.11,0.95,20000,10092,2018,8074,207,38,0.02051129607609988,0.018830525272547076,0.01374976496223805,0.025739710571251247,0.011989945609013196,1.0,0.5046,0.4037,1,1,0.02
02_noise_sweep,115,134907088215467100563668133671625084606,20000,0.0,0.02,readout_flip,0.0,0.5,0.2,,0.11,0.95,20000,10034,2006,8028,212,41,0.021128164241578633,0.020438683948155532,0.015101748744129121,0.027608813546223337,0.012507064802094216,1.0,0.5017,0.4014,1,1,0.02
02_noise_sweep,116,277872879480294793931228754491894320815,20000,0.0,0.02,readout_flip,0.0,0.5,0.2,,0.11,0.95,20000,10050,2010,8040,206,36,0.020497512437810946,0.01791044776119403,0.012965028936898666,0.02469506515268617,0.011730036215787505,1.0,0.5025,0.402,1,1,0.02
02_noise_sweep,117,210512524910449243853288323140812621667,20000,0.0,0.02,readout_flip,0.0,0.5,0.2,,0.11,0.95,20000,10023,2004,8019,194,39,0.019355482390501846,0.019461077844311378,0.014268655177096287,0.02649226170762812,0.012223606530531832,1.0,0.50115,0.40095,1,1,0.02
02_noise_sweep,118,148591351084603627593834061800887461011,20000,0.0,0.02,readout_flip,0.0,0.5,0.2,,0.11,0.95,20000,10026,2005,8021,210,45,0.020945541591861162,0.022443890274314215,0.016815732563004802,0.029898485927778676,0.013082753364773873,1.0,0.5013,0.40105,1,1,0.02
02_noise_sweep,119,11934766461641841047952052652885354829,20000,0.0,0.02,readout_flip,0.0,0.5,0.2,,0.11,0.95,20000,10031,2006,8025,187,38,0.018642209151629948,0.018943170488534396,0.013832197090305247,0.02589305510323958,0.012060858012934335,1.0,0.50155,0.40125,1,1,0.02
02_noise_sweep,120,67629279862343026208970275625103752539,20000,0.0,0.02,readout_flip,0.0,0.5,0.2,,0.11,0.95,20000,10034,2006,8028,219,42,0.02182579230615906,0.020937188434695914,0.015526830743129652,0.028178834912825357,0.012652004169695705,1.0,0.5017,0.4014,1,1,0.02
02_noise_sweep,121,254892651001954836337436528746902214383,20000,0.0,0.02,readout_flip,0.0,0.5,0.2,,0.11,0.95,20000,9978,1995,7983,205,42,0.020545199438765285,0.021052631578947368,0.015612644269254027,0.02833354187425338,0.012720897604999351,1.0,0.4989,0.39915,1,1,0.02
02_noise_sweep,122,90628612850719558922031190485785480538,20000,0.0,0.02,readout_flip,0.0,0.5,0.2,,0.11,0.95,20000,10214,2042,8172,167,45,0.016350107695320148,0.022037218413320275,0.016510304821906217,0.02935906517061908,0.012848760348712865,1.0,0.5107,0.4086,1,1,0.02
02_noise_sweep,123,273354042554722314903645676470827474774,20000,0.0,0.02,readout_flip,0.0,0.5,0.2,,0.11,0.95,20000,9977,1995,7982,179,39,0.01794126490929137,0.019548872180451128,0.01433316946157398,0.026611277862917754,0.012278108401343774,1.0,0.49885,0.3991,1,1,0.02
02_noise_sweep,124,310749156074446343303153551192106697250,20000,0.0,0.02,readout_flip,0.0,0.5,0.2,,0.11,0.95,20000,10086,2017,8069,199,34,0.019730319254412057,0.01685671789786812,0.012087725527351717,0.023462544142303005,0.011374818614951288,1.0,0.5043,0.40345,1,1,0.02
02_noise_sweep,125,246378809145187627317469819495799030273,20000,0.0,0.02,readout_flip,0.0,0.5,0.2,,0.11,0.95,20000,9992,1998,7994,186,32,0.018614891913530825,0.016016016016016016,0.01136762518418958,0.022521901142565706,0.011154275958376127,1.0,0.4996,0.3997,1,1,0.02
02_noise_sweep,126,34539593643741743636137768159301361963,20000,0.0,0.02,readout_flip,0.0,0.5,0.2,,0.11,0.95,20000,9961,1992,7969,191,31,0.01917478164842887,0.015562248995983935,0.010984996891277422,0.02200432624844663,0.011019329357169207,1.0,0.49805,0.39845,1,1,0.02
02_noise_sweep,127,324125970062232300985494242094229069893,20000,0.0,0.02,readout_flip,0.0,0.5,0.2,,0.11,0.95,20000,9973,1994,7979,209,50,0.020956582773488417,0.025075225677031094,0.019071790090600504,0.032905036379899666,0.013833246289299161,1.0,0.49865,0.39895,1,1,0.02
02_noise_sweep,128,273480072532479894320444072251898688792,20000,0.0,0.02,readout_flip,0.0,0.5,0.2,,0.11,0.95,20000,9949,1989,7960,206,52,0.020705598552618353,0.026143790849673203,0.019992343806340067,0.034122075754416954,0.014129731948076887,1.0,0.49745,0.398,1,1,0.02
02_noise_sweep,129,288770978395618230966537353361201774291,20000,0.0,0.02,readout_flip,0.0,0.5,0.2,,0.11,0.95,20000,10020,2004,8016,196,48,0.019560878243512974,0.023952095808383235,0.018113237042705416,0.031612531086086984,0.013499294043381568,1.0,0.501,0.4008,1,1,0.02
02_noise_sweep,130,111150911411238196001538691602000882934,20000,0.0,0.02,readout_flip,0.0,0.5,0.2,,0.11,0.95,20000,10004,2000,8004,183,33,0.018292682926829267,0.0165,0.011772823607253373,0.023080961113718212,0.01130813750646484,1.0,0.5002,0.4002,1,1,0.02
02_noise_sweep,131,234246065652356947591134670987495388930,20000,0.0,0.02,readout_flip,0.0,0.5,0.2,,0.11,0.95,20000,10054,2010,8044,205,43,0.02038989456932564,0.021393034825870648,0.01592098531163116,0.028690996643147598,0.012770011331516437,1.0,0.5027,0.4022,1,1,0.02
02_noise_sweep,132,63192315648906251689564776765356180030,20000,0.0,0.02,readout_flip,0.0,0.5,0.2,,0.11,0.95,20000,9929,1985,7944,195,35,0.019639440024171617,0.017632241813602016,0.012705240324142948,0.024422635552136925,0.011717395227993976,1.0,0.49645,0.3972,1,1,0.02
02_noise_sweep,133,290287909431126360116259405164902726809,20000,0.0,0.02,readout_flip,0.0,0.5,0.2,,0.11,0.95,20000,9983,1996,7987,207,40,0.020735249924872284,0.02004008016032064,0.014751295958103549,0.027172756796626018,0.012421460838522469,1.0,0.49915,0.39935,1,1,0.02
02_noise_sweep,134,228492298151130044287933700263858775884,20000,0.0,0.02,readout_flip,0.0,0.5,0.2,,0.11,0.95,20000,9956,1991,7965,202,46,0.020289272800321414,0.023103967855349072,0.017365998386884324,0.030678651175068072,0.013312652788183749,1.0,0.4978,0.39825,1,1,0.02
02_noise_sweep,135,136548000448000066901446929750391993870,20000,0.0,0.02,readout_flip,0.0,0.5,0.2,,0.11,0.95,20000,10003,2000,8003,199,41,0.01989403179046286,0.0205,0.015147158863748582,0.02769128947897298,0.012544130615224398,1.0,0.50015,0.40015,1,1,0.02
02_noise_sweep,136,237889659003198252117960248078079876301,20000,0.0,0.02,readout_flip,0.0,0.5,0.2,,0.11,0.95,20000,9938,1987,7951,169,36,0.017005433688871,0.018117765475591345,0.013115422341711248,0.024979755194736077,0.01186433285302483,1.0,0.4969,0.39755,1,1,0.02
02_noise_sweep,137,93895013339440658658008808305855195140,20000,0.0,0.02,readout_flip,0.0,0.5,0.2,,0.11,0.95,20000,10052,2010,8042,204,38,0.020294468762435337,0.01890547263681592,0.013804610111229116,0.025841737654125403,0.012037127542896287,1.0,0.5026,0.4021,1,1,0.02
02_noise_sweep,138,113844081020519326826605509420919107183,20000,0.0,0.02,readout_flip,0.0,0.5,0.2,,0.11,0.95,20000,9966,1993,7973,211,27,0.021171984748143687,0.013547415955845458,0.009327195786768952,0.01963927952612567,0.010312083739356718,1.0,0.4983,0.39865,1,1,0.02
02_noise_sweep,139,331760985782338139744490197475259775624,20000,0.0,0.02,readout_flip,0.0,0.5,0.2,,0.11,0.95,20000,9999,1999,8000,199,51,0.019901990199019903,0.025512756378189096,0.01945767071048384,0.03338797933064089,0.013930308620157046,1.0,0.49995,0.4,1,1,0.02
02_noise_sweep,140,276467715755737359906584089559377735143,20000,0.0,0.02,readout_flip,0.0,0.5,0.2,,0.11,0.95,20000,10156,2031,8125,209,41,0.020578968097676252,0.02018709995076317,0.014915434501590767,0.027270387125242067,0.0123549526236513,1.0,0.5078,0.40625,1,1,0.02
02_noise_sweep,141,90477214884450884250612541993687864653,20000,0.0,0.02,readout_flip,0.0,0.5,0.2,,0.11,0.95,20000,9890,1978,7912,184,45,0.018604651162790697,0.02275025278058645,0.017045841810700353,0.03030479686073758,0.013258955050037227,1.0,0.4945,0.3956,1,1,0.02
02_noise_sweep,142,296647885796345983833788090679472649526,20000,0.0,0.02,readout_flip,0.0,0.5,0.2,,0.11,0.95,20000,9896,1979,7917,232,37,0.023443815683104285,0.01869631126831733,0.013594399211465661,0.025663131174746234,0.012068731963280573,1.0,0.4948,0.39585,1,1,0.02
02_noise_sweep,143,159323686732083023981656716403568844708,20000,0.0,0.02,readout_flip,0.0,0.5,0.2,,0.11,0.95,20000,10049,2009,8040,192,37,0.01910637874415365,0.01841712294673967,0.013390960389925627,0.025281463848742795,0.011890503458817168,1.0,0.50245,0.402,1,1,0.02
02_noise_sweep,144,291881797538728455346823599445365123967,20000,0.0,0.02,readout_flip,0.0,0.5,0.2,,0.11,0.95,20000,10000,2000,8000,206,45,0.0206,0.0225,0.016857875484000372,0.029972904669596175,0.013115029185595803,1.0,0.5,0.4,1,1,0.02
02_noise_sweep,145,263234863361447149524160768223876501097,20000,0.0,0.02,readout_flip,0.0,0.5,0.2,,0.11,0.95,20000,10046,2009,8037,195,40,0.01941071073063906,0.019910403185664508,0.014655625749269985,0.026997659189433573,0.012342033440163588,1.0,0.5023,0.40185,1,1,0.02
02_noise_sweep,146,68007568389791117715526938833499839777,20000,0.0,0.02,readout_flip,0.0,0.5,0.2,,0.11,0.95,20000,10002,2000,8002,208,37,0.020795840831833633,0.0185,0.013451349814109875,0.0253947667177367,0.011943416903626825,1.0,0.5001,0.4001,1,1,0.02
02_noise_sweep,147,253530542242834236255492420420520664048,20000,0.0,0.02,readout_flip,0.0,0.5,0.2,,0.11,0.95,20000,9984,1996,7988,202,39,0.020232371794871796,0.019539078156312624,0.014325972412531023,0.026598001065324568,0.012272028652793546,1.0,0.4992,0.3994,1,1,0.02
02_noise_sweep,148,30081191037281078582468266993250964955,20000,0.0,0.02,readout_flip,0.0,0.5,0.2,,0.11,0.95,20000,10121,2024,8097,200,37,0.019760893192372297,0.018280632411067192,0.013291507374149285,0.02509485586056009,0.011803348486410806,1.0,0.50605,0.40485,1,1,0.02
02_noise_sweep,149,119470856314167033385405837860610256998,20000,0.0,0.02,readout_flip,0.0,0.5,0.2,,0.11,0.95,20000,9981,1996,7985,208,35,0.020839595230938784,0.01753507014028056,0.01263507563447535,0.02428858073588433,0.01165350510140898,1.0,0.49905,0.39925,1,1,0.02
02_noise_sweep,0,110016151635957543460301971090056282625,20000,0.0,0.04,readout_flip,0.0,0.5,0.2,,0.11,0.95,20000,10011,2002,8009,395,97,0.039456597742483265,0.04845154845154845,0.03988005183551828,0.05875259829277858,0.018872546457260303,1.0,0.50055,0.40045,1,1,0.04
02_noise_sweep,1,117311966545722380835356192976735702233,20000,0.0,0.04,readout_flip,0.0,0.5,0.2,,0.11,0.95,20000,10057,2011,8046,421,88,0.04186139007656359,0.04375932371954252,0.03565497119630586,0.05360339602329516,0.0179484248269893,1.0,0.50285,0.4023,1,1,0.04
02_noise_sweep,2,74353005794322038110713700032641271289,20000,0.0,0.04,readout_flip,0.0,0.5,0.2,,0.11,0.95,20000,10047,2009,8038,396,79,0.039414750671842344,0.039323046291687404,0.03166590459240655,0.04873856944675377,0.01707266485434722,1.0,0.50235,0.4019,1,1,0.04
02_noise_sweep,3,155605558801008868276152930533361413743,20000,0.0,0.04,readout_flip,0.0,0.5,0.2,,0.11,0.95,20000,9847,1969,7878,373,73,0.037879557225550926,0.03707465718638903,0.029589947287396397,0.04636215628927159,0.01677220900187519,1.0,0.49235,0.3939,1,1,0.04
02_noise_sweep,4,221953196559810887700421125253196604682,20000,0.0,0.04,readout_flip,0.0,0.5,0.2,,0.11,0.95,20000,9982,1996,7986,422,81,0.0422760969745542,0.0405811623246493,0.03277072158104943,0.05015658152551322,0.01738585994446379,1.0,0.4991,0.3993,1,1,0.04
02_noise_sweep,5,240940877081808106330866914765066082790,20000,0.0,0.04,readout_flip,0.0,0.5,0.2,,0.11,0.95,20000,9893,1978,7915,385,85,0.03891640553927019,0.0429726996966633,0.034886359636984735,0.052830777395832945,0.01794441775884821,1.0,0.49465,0.39575,1,1,0.04
02_noise_sweep,6,140267803235386641854414173328623856806,20000,0.0,0.04,readout_flip,0.0,0.5,0.2,,0.11,0.95,20000,10152,2030,8122,406,82,0.039992119779353824,0.04039408866995074,0.03266178019508324,0.04986257689911011,0.01720079670402687,1.0,0.5076,0.4061,1,1,0.04
02_noise_sweep,7,286414352534804091240100941214743292893,20000,0.0,0.04,readout_flip,0.0,0.5,0.2,,0.11,0.95,20000,10014,2002,8012,394,84,0.03934491711603755,0.04195804195804196,0.03401747147811564,0.05165303755689346,0.017635566078777823,1.0,0.5007,0.4006,1,1,0.04
02_noise_sweep,8,230138012656792437000952566620936748954,20000,0.0,0.04,readout_flip,0.0,0.5,0.2,,0.11,0.95,20000,9967,1993,7974,394,74,0.0395304504866058,0.03712995484194681,0.029679537494504617,0.046361280944015544,0.016681743449510927,1.0,0.49835,0.3987,1,1,0.04
02_noise_sweep,9,176620261708636636347089602514935024260,20000,0.0,0.04,readout_flip,0.0,0.5,0.2,,0.11,0.95,20000,9889,1977,7912,359,72,0.036302962888057434,0.036418816388467376,0.029019448821942004,0.045616236009045144,0.01659678718710314,1.0,0.49445,0.3956,1,1,0.04
02_noise_sweep,10,151341239600808363666325873748989921316,20000,0.0,0.04,readout_flip,0.0,0.5,0.2,,0.11,0.95,20000,10000,2000,8000,365,60,0.0365,0.03,0.02337785471293825,0.0384241697314395,0.01504631501850125,1.0,0.5,0.4,1,1,0.04
02_noise_sweep,11,180303191537804025948541280578607680092,20000,0.0,0.04,readout_flip,0.0,0.5,0.2,,0.11,0.95,20000,9935,1987,7948,397,85,0.03995973829894313,0.042778057372924005,0.034727751191720585,0.05259284284677801,0.017865091655057425,1.0,0.49675,0.3974,1,1,0.04
02_noise_sweep,12,230550508836462866929148716915589848495,20000,0.0,0.04,readout_flip,0.0,0.5,0.2,,0.11,0.95,20000,10095,2019,8076,423,71,0.04190193164933135,0.03516592372461615,0.02797324789325233,0.0441240774728784,0.01615082957962607,1.0,0.50475,0.4038,1,1,0.04
02_noise_sweep,13,242816809582566788193678116913951416449,20000,0.0,0.04,readout_flip,0.0,0.5,0.2,,0.11,0.95,20000,9969,1993,7976,387,75,0.03882034306349684,0.03763171098845961,0.030127064019115475,0.04691533618803503,0.016788272168919552,1.0,0.49845,0.3988,1,1,0.04
02_noise_sweep,14,301400533834276400113971010167108378471,20000,0.0,0.04,readout_flip,0.0,0.5,0.2,,0.11,0.95,20000,10052,2010,8042,393,87,0.0390966971746916,0.04328358208955224,0.03522449942324859,0.05308506339846338,0.017860563975214794,1.0,0.5026,0.4021,1,1,0.04
02_noise_sweep,15,187441430520983310943024127984605360002,20000,0.0,0.04,readout_flip,0.0,0.5,0.2,,0.11,0.95,20000,10062,2012,8050,418,82,0.0415424368912741,0.040755467196819085,0.03295504049216301,0.050306199168462185,0.017351158676299175,1.0,0.5031,0.4025,1,1,0.04
02_noise_sweep,16,148535024602764830749715866006358136528,20000,0.0,0.04,readout_flip,0.0,0.5,0.2,,0.11,0.95,20000,10058,2011,8047,424,85,0.04215549811095645,0.04226752859273993,0.03431176193816863,0.051968703484875235,0.017656941546706606,1.0,0.5029,0.40235,1,1,0.04
02_noise_sweep,17,284851186643066760547303016263023075183,20000,0.0,0.04,readout_flip,0.0,0.5,0.2,,0.11,0.95,20000,9871,1974,7897,407,85,0.04123189139904772,0.04305977710233029,0.03495731828888619,0.05293721847764952,0.01797990018876333,1.0,0.49355,0.39485,1,1,0.04
02_noise_sweep,18,255889495748551440627070647811315871062,20000,0.0,0.04,readout_flip,0.0,0.5,0.2,,0.11,0.95,20000,9945,1989,7956,388,73,0.03901458019105078,0.036701860231272,0.02929139966684986,0.04589845457743405,0.01660705491058419,1.0,0.49725,0.3978,1,1,0.04
02_noise_sweep,19,99839766987592005192198107657327214784,20000,0.0,0.04,readout_flip,0.0,0.5,0.2,,0.11,0.95,20000,10073,2014,8059,361,73,0.03583837982726099,0.03624627606752731,0.02892658168313452,0.04533170960416382,0.0164051279210293,1.0,0.50365,0.40295,1,1,0.04
02_noise_sweep,20,261483217631025547274560785060935683141,20000,0.0,0.04,readout_flip,0.0,0.5,0.2,,0.11,0.95,20000,9940,1988,7952,402,73,0.040442655935613685,0.036720321931589535,0.02930618389186587,0.0459214192675796,0.016615235375713733,1.0,0.497,0.3976,1,1,0.04
02_noise_sweep,21,335384818549776963799554470244440883558,20000,0.0,0.04,readout_flip,0.0,0.5,0.2,,0.11,0.95,20000,10034,2006,8028,449,88,0.044747857285230216,0.04386839481555334,0.03574417945895402,0.053736241014718016,0.017992061555763994,1.0,0.5017,0.4014,1,1,0.04
02_noise_sweep,22,320299435847511183416852665487412083699,20000,0.0,0.04,readout_flip,0.0,0.5,0.2,,0.11,0.95,20000,9927,1985,7942,395,71,0.03979047043416944,0.035768261964735516,0.028453989933488133,0.04487586658869662,0.016421876655208487,1.0,0.49635,0.3971,1,1,0.04
02_noise_sweep,23,138467588254418939547109427973838998671,20000,0.0,0.04,readout_flip,0.0,0.5,0.2,,0.11,0.95,20000,9982,1996,7986,388,77,0.03886996593868964,0.03857715430861723,0.030976497346845953,0.047950488652220784,0.01697399130537483,1.0,0.4991,0.3993,1,1,0.04
02_noise_sweep,24,214482747802047834794954452532054876774,20000,0.0,0.04,readout_flip,0.0,0.5,0.2,,0.11,0.95,20000,9974,1994,7980,403,84,0.040405053138159217,0.04212637913741224,0.0341544570266343,0.051859104290753945,0.017704647264119647,1.0,0.4987,0.399,1,1,0.04
02_noise_sweep,25,113307574313796089300386487176247543174,20000,0.0,0.04,readout_flip,0.0,0.5,0.2,,0.11,0.95,20000,10064,2012,8052,436,89,0.04332273449920509,0.044234592445328035,0.03608532265402757,0.05412090761522925,0.01803558496120168,1.0,0.5032,0.4026,1,1,0.04
02_noise_sweep,26,9973140618158809474200335217160562528,20000,0.0,0.04,readout_flip,0.0,0.5,0.2,,0.11,0.95,20000,9951,1990,7961,396,69,0.039794995477841426,0.034673366834170855,0.02748959027775504,0.04365019778974241,0.016160607511987373,1.0,0.49755,0.39805,1,1,0.04
02_noise_sweep,27,113041552727287210484376489182540342400,20000,0.0,0.04,readout_flip,0.0,0.5,0.2,,0.11,0.95,20000,10137,2027,8110,393,71,0.038768866528558744,0.03502713369511593,0.027862483657394597,0.043950832043469605,0.016088348386075008,1.0,0.50685,0.4055,1,1,0.04
02_noise_sweep,28,130843072978290143452570657053289062613,20000,0.0,0.04,readout_flip,0.0,0.5,0.2,,0.11,0.95,20000,9997,1999,7998,425,81,0.042512753826147845,0.04052026013006503,0.032721363111729046,0.05008172551533796,0.017360362403608914,1.0,0.49985,0.3999,1,1,0.04
02_noise_sweep,29,215032427117414110489689660978692593404,20000,0.0,0.04,readout_flip,0.0,0.5,0.2,,0.11,0.95,20000,9979,1995,7984,372,70,0.03727828439723419,0.03508771929824561,0.027865462073180546,0.044096953047806496,0.01623149097462595,1.0,0.49895,0.3992,1,1,0.04
02_noise_sweep,30,265030092884577954912901788786063798625,20000,0.0,0.04,readout_flip,0.0,0.5,0.2,,0.11,0.95,20000,9907,1981,7926,411,83,0.04148581810840819,0.041898031297324584,0.033925861767964284,0.05164342038598995,0.017717558618025667,1.0,0.49535,0.3963,1,1,0.04
02_noise_sweep,31,104240974499070087222023295025503689741,20000,0.0,0.04,readout_flip,0.0,0.5,0.2,,0.11,0.95,20000,10033,2006,8027,403,78,0.04016744742350244,0.038883349950149554,0.03126729979388484,0.04826208702376177,0.016994787229876934,1.0,0.50165,0.40135,1,1,0.04
02_noise_sweep,32,32261317030275115236702144321162490361,20000,0.0,0.04,readout_flip,0.0,0.5,0.2,,0.11,0.95,20000,10048,2009,8039,392,66,0.03901273885350318,0.03285216525634644,0.02590580721940157,0.041581603786273166,0.015675796566871597,1.0,0.5024,0.40195,1,1,0.04
02_noise_sweep,33,134298195094785647395578900970499646131,20000,0.0,0.04,readout_flip,0.0,0.5,0.2,,0.11,0.95,20000,9960,1992,7968,372,61,0.03734939759036145,0.030622489959839357,0.02391333683538876,0.03913849439325578,0.01522515755786702,1.0,0.498,0.3984,1,1,0.04
02_noise_sweep,34,6600262718876182045516145525663130494,20000,0.0,0.04,readout_flip,0.0,0.5,0.2,,0.11,0.95,20000,9968,1993,7975,400,92,0.04012841091492777,0.04616156547917712,0.03778980587549727,0.056279484398368856,0.01848967852287159,1.0,0.4984,0.39875,1,1,0.04
02_noise_sweep,35,43420265569788142663725112761003714631,20000,0.0,0.04,readout_flip,0.0,0.5,0.2,,0.11,0.95,20000,9959,1991,7968,408,103,0.04096796867155337,0.05173279758915118,0.04283830355120111,0.06235374461524705,0.019515441064045944,1.0,0.49795,0.3984,1,1,0.04
02_noise_sweep,36,187522414698122308479831729555088268106,20000,0.0,0.04,readout_flip,0.0,0.5,0.2,,0.11,0.95,20000,9890,1978,7912,359,67,0.03629929221435794,0.03387259858442872,0.026760584768731603,0.04279162800146518,0.016031043232733577,1.0,0.4945,0.3956,1,1,0.04
02_noise_sweep,37,5220919101281094807162880102359685172,20000,0.0,0.04,readout_flip,0.0,0.5,0.2,,0.11,0.95,20000,9987,1997,7990,403,81,0.04035245819565435,0.04056084126189284,0.03275425222015393,0.050131604672496576,0.017377352452342648,1.0,0.49935,0.3995,1,1,0.04
02_noise_sweep,38,120390289124496581679068723537761719013,20000,0.0,0.04,readout_flip,0.0,0.5,0.2,,0.11,0.95,20000,10045,2009,8036,396,94,0.03942259830761573,0.0467894474863116,0.03838797049035262,0.0569208070489834,0.018532836558630778,1.0,0.50225,0.4018,1,1,0.04
02_noise_sweep,39,182757754032633772454115916720884642464,20000,0.0,0.04,readout_flip,0.0,0.5,0.2,,0.11,0.95,20000,9923,1984,7939,372,65,0.03748866270281165,0.03276209677419355,0.025787647278142437,0.04154239970663916,0.01575475242849672,1.0,0.49615,0.39695,1,1,0.04
02_noise_sweep,40,317869577602029363487312574401322271934,20000,0.0,0.04,readout_flip,0.0,0.5,0.2,,0.11,0.95,20000,9935,1987,7948,418,81,0.04207347760442879,0.04076497232008052,0.032919694540708054,0.05038249815068432,0.017462803609976263,1.0,0.49675,0.3974,1,1,0.04
02_noise_sweep,41,321906107348337713482960628453337019049,20000,0.0,0.04,readout_flip,0.0,0.5,0.2,,0.11,0.95,20000,10147,2029,8118,398,77,0.03922341578791761,0.03794972893050764,0.030470953353655322,0.04717477653629988,0.01670382318264456,1.0,0.50735,0.4059,1,1,0.04
02_noise_sweep,42,51283210548072761880749967488569583615,20000,0.0,0.04,readout_flip,0.0,0.5,0.2,,0.11,0.95,20000,9992,1998,7994,394,84,0.03943154523618895,0.042042042042042045,0.034085826616631704,0.05175586582285238,0.017670039206220678,1.0,0.4996,0.3997,1,1,0.04
02_noise_sweep,43,186765798174297618976932732658350897383,20000,0.0,0.04,readout_flip,0.0,0.5,0.2,,0.11,0.95,20000,10002,2000,8002,393,83,0.03929214157168566,0.0415,0.03360238318535711,0.051155549171551816,0.017553165986194705,1.0,0.5001,0.4001,1,1,0.04
02_noise_sweep,44,221647147822886501275980976608200698363,20000,0.0,0.04,readout_flip,0.0,0.5,0.2,,0.11,0.95,20000,10056,2011,8045,420,76,0.041766109785202864,0.03779214321233217,0.030300369778016895,0.047046390255355466,0.016746020477338572,1.0,0.5028,0.40225,1,1,0.04
02_noise_sweep,45,143132456241578802212478494124491573364,20000,0.0,0.04,readout_flip,0.0,0.5,0.2,,0.11,0.95,20000,10057,2011,8046,368,70,0.036591428855523515,0.034808552958727,0.02764303216538009,0.043747924274877954,0.016104892109497865,1.0,0.50285,0.4023,1,1,0.04
02_noise_sweep,46,249326172056143713057600730935680825423,20000,0.0,0.04,readout_flip,0.0,0.5,0.2,,0.11,0.95,20000,9997,1999,7998,415,83,0.041512453736120836,0.0415207603801901,0.03361925450162514,0.05118099669783802,0.017561742196212884,1.0,0.49985,0.3999,1,1,0.04
02_noise_sweep,47,124067418232046783903528586554197309701,20000,0.0,0.04,readout_flip,0.0,0.5,0.2,,0.11,0.95,20000,10044,2008,8036,396,85,0.03942652329749104,0.04233067729083665,0.034363214744168605,0.05204590962222003,0.017682694878051422,1.0,0.5022,0.4018,1,1,0.04
02_noise_sweep,48,283524683810330061605301453077203376038,20000,0.0,0.04,readout_flip,0.0,0.5,0.2,,0.11,0.95,20000,9836,1967,7869,381,82,0.0387352582350549,0.041687849517031014,0.03371176079388688,0.05145057332969431,0.017738812535807433,1.0,0.4918,0.39345,1,1,0.04
02_noise_sweep,49,213589671782830839774830030834245877229,20000,0.0,0.04,readout_flip,0.0,0.5,0.2,,0.11,0.95,20000,10007,2001,8006,457,96,0.04566803237733587,0.047976011994003,0.03944711605293941,0.05823714619086601,0.0187900301379266,1.0,0.50035,0.4003,1,1,0.04
02_noise_sweep,50,85625582875970287536165401950801147585,20000,0.0,0.04,readout_flip,0.0,0.5,0.2,,0.11,0.95,20000,10005,2001,8004,421,88,0.04207896051974013,0.04397801099450275,0.03583383525626974,0.05386974605657984,0.018035910800310098,1.0,0.50025,0.4002,1,1,0.04
02_noise_sweep,51,150191864187996259709127627060161546466,20000,0.0,0.04,readout_flip,0.0,0.5,0.2,,0.11,0.95,20000,9992,1998,7994,448,98,0.04483586869495596,0.04904904904904905,0.040414118856612204,0.05941469522860653,0.01900057637199433,1.0,0.4996,0.3997,1,1,0.04
02_noise_sweep,52,244882817482558946222575912602847884492,20000,0.0,0.04,readout_flip,0.0,0.5,0.2,,0.11,0.95,20000,9931,1986,7945,410,100,0.041284865572449904,0.050352467270896276,0.04157344969557769,0.06086760555387091,0.01929415585829322,1.0,0.49655,0.39725,1,1,0.04
02_noise_sweep,53,316963078791014087217376131066737592741,20000,0.0,0.04,readout_flip,0.0,0.5,0.2,,0.11,0.95,20000,10054,2010,8044,407,68,0.04048140043763676,0.03383084577114428,0.026773957982467934,0.04266619491943196,0.015892236936964024,1.0,0.5027,0.4022,1,1,0.04
02_noise_sweep,54,254717016162122277171120219251646331061,20000,0.0,0.04,readout_flip,0.0,0.5,0.2,,0.11,0.95,20000,10025,2005,8020,420,94,0.041895261845386535,0.04688279301745636,0.03846485833140898,0.0570336978031882,0.018568839471779217,1.0,0.50125,0.401,1,1,0.04
02_noise_sweep,55,241514327133252329567836098097145300606,20000,0.0,0.04,readout_flip,0.0,0.5,0.2,,0.11,0.95,20000,10070,2014,8056,417,84,0.04141012909632572,0.041708043694141016,0.03381404122847105,0.05134698966893406,0.017532948440463006,1.0,0.5035,0.4028,1,1,0.04
02_noise_sweep,56,55379049350479821236241934507117256913,20000,0.0,0.04,readout_flip,0.0,0.5,0.2,,0.11,0.95,20000,9988,1997,7991,384,83,0.03844613536243492,0.04156234351527291,0.03365304801243905,0.051231967775268346,0.017578919762829298,1.0,0.4994,0.39955,1,1,0.04
02_noise_sweep,57,208381185012977743978609085668709885468,20000,0.0,0.04,readout_flip,0.0,0.5,0.2,,0.11,0.95,20000,10014,2002,8012,382,65,0.038146594767325744,0.032467532467532464,0.02555506358910975,0.04117077769417107,0.015615714105061324,1.0,0.5007,0.4006,1,1,0.04
02_noise_sweep,58,206200950805341810837431056498180720636,20000,0.0,0.04,readout_flip,0.0,0.5,0.2,,0.11,0.95,20000,10130,2026,8104,414,90,0.04086870681145113,0.044422507403751234,0.03628035054511127,0.0542890178268911,0.018008667281779828,1.0,0.5065,0.4052,1,1,0.04
02_noise_sweep,59,85406252326976218400499548917370718199,20000,0.0,0.04,readout_flip,0.0,0.5,0.2,,0.11,0.95,20000,9876,1975,7901,382,81,0.03867962737950587,0.0410126582278481,0.03312044498554447,0.050686905058318375,0.017566460072773904,1.0,0.4938,0.39505,1,1,0.04
02_noise_sweep,60,322117985622829310863407487814991808531,20000,0.0,0.04,readout_flip,0.0,0.5,0.2,,0.11,0.95,20000,10138,2027,8111,399,90,0.03935687512329848,0.04440059200789344,0.03626238379395607,0.054262387611612194,0.018000003817656124,1.0,0.5069,0.40555,1,1,0.04
02_noise_sweep,61,86387567380056413265422023349958717399,20000,0.0,0.04,readout_flip,0.0,0.5,0.2,,0.11,0.95,20000,10022,2004,8018,421,90,0.042007583316703255,0.04491017964071856,0.03668017327454849,0.05488156732656123,0.018201394052012737,1.0,0.5011,0.4009,1,1,0.04
02_noise_sweep,62,78509529950322498373158660010027541674,20000,0.0,0.04,readout_flip,0.0,0.5,0.2,,0.11,0.95,20000,10000,2000,8000,382,71,0.0382,0.0355,0.028239876230264003,0.04454106069401996,0.016301184463755957,1.0,0.5,0.4,1,1,0.04
02_noise_sweep,63,17687339222413741170768305345724534198,20000,0.0,0.04,readout_flip,0.0,0.5,0.2,,0.11,0.95,20000,10009,2001,8008,386,80,0.0385652912378859,0.0399800099950025,0.03224056886856859,0.049482331513325165,0.017241762644756575,1.0,0.50045,0.4004,1,1,0.04
02_noise_sweep,64,39350500814384266101810169186621994655,20000,0.0,0.04,readout_flip,0.0,0.5,0.2,,0.11,0.95,20000,9825,1965,7860,388,83,0.0394910941475827,0.042239185750636135,0.03420313506985968,0.052061534977482046,0.017858399907622363,1.0,0.49125,0.393,1,1,0.04
02_noise_sweep,65,140173095759011825428383901994885739009,20000,0.0,0.04,readout_flip,0.0,0.5,0.2,,0.11,0.95,20000,9988,1997,7991,392,84,0.03924709651581898,0.04206309464196294,0.03410295834757228,0.05178163688766356,0.01767867854009128,1.0,0.4994,0.39955,1,1,0.04
02_noise_sweep,66,33406122450956218870902071095196392197,20000,0.0,0.04,readout_flip,0.0,0.5,0.2,,0.11,0.95,20000,9871,1974,7897,357,73,0.03616654847533178,0.036980749746707196,0.02951474127102284,0.04624535474296125,0.01673061347193841,1.0,0.49355,0.39485,1,1,0.04
02_noise_sweep,67,150826983470852760708506595605058540933,20000,0.0,0.04,readout_flip,0.0,0.5,0.2,,0.11,0.95,20000,10034,2006,8028,403,76,0.040163444289415984,0.03788634097706879,0.03037615532989714,0.04716302475654437,0.016786869426647227,1.0,0.5017,0.4014,1,1,0.04
02_noise_sweep,68,282564694499532726245004933007841375262,20000,0.0,0.04,readout_flip,0.0,0.5,0.2,,0.11,0.95,20000,9997,1999,7998,386,76,0.03861158347504251,0.03801900950475238,0.03048289425161963,0.047327287944457,0.01684439369283737,1.0,0.49985,0.3999,1,1,0.04
02_noise_sweep,69,188355603391127608599294320936775513559,20000,0.0,0.04,readout_flip,0.0,0.5,0.2,,0.11,0.95,20000,9933,1986,7947,396,91,0.03986710963455149,0.04582074521651561,0.037468571887370725,0.05592653655048217,0.018457964663111448,1.0,0.49665,0.39735,1,1,0.04
02_noise_sweep,70,165686350577524769820377391593177112431,20000,0.0,0.04,readout_flip,0.0,0.5,0.2,,0.11,0.95,20000,9980,1996,7984,385,71,0.03857715430861723,0.03557114228456914,0.028296657498356366,0.044629852839466515,0.01633319534111015,1.0,0.499,0.3992,1,1,0.04
02_noise_sweep,71,304043894061560309282545509478917783238,20000,0.0,0.04,readout_flip,0.0,0.5,0.2,,0.11,0.95,20000,10042,2008,8034,369,82,0.03674566819358693,0.04083665338645418,0.033020926065855064,0.05040585594264366,0.017384929876788593,1.0,0.5021,0.4017,1,1,0.04
02_noise_sweep,72,78113320191581643943994630222945257483,20000,0.0,0.04,readout_flip,0.0,0.5,0.2,,0.11,0.95,20000,9977,1995,7982,417,82,0.041796131101533525,0.04110275689223058,0.033236885561914856,0.0507324848351349,0.017495599273220044,1.0,0.49885,0.3991,1,1,0.04
02_noise_sweep,73,253121386559100197889631240347484160497,20000,0.0,0.04,readout_flip,0.0,0.5,0.2,,0.11,0.95,20000,9957,1991,7966,402,76,0.040373606507984335,0.03817177297840281,0.030605803865423477,0.04751642390942141,0.01691062004399793,1.0,0.49785,0.3983,1,1,0.04
02_noise_sweep,74,191532988367944378563947523799857693852,20000,0.0,0.04,readout_flip,0.0,0.5,0.2,,0.11,0.95,20000,10028,2005,8023,414,80,0.04128440366972477,0.0399002493765586,0.03217601854313683,0.04938415540751358,0.01720813686437675,1.0,0.5014,0.40115,1,1,0.04
02_noise_sweep,75,19441354285254475203627180985007864869,20000,0.0,0.04,readout_flip,0.0,0.5,0.2,,0.11,0.95,20000,10142,2028,8114,430,83,0.04239794912246105,0.040927021696252466,0.03313676621560645,0.0504531507453715,0.017316384529765055,1.0,0.5071,0.4057,1,1,0.04
02_noise_sweep,76,296431601860103402186032946925050656756,20000,0.0,0.04,readout_flip,0.0,0.5,0.2,,0.11,0.95,20000,10065,2013,8052,402,72,0.03994038748137109,0.03576751117734724,0.028498744171697083,0.04480471663039359,0.01630597245869651,1.0,0.50325,0.4026,1,1,0.04
02_noise_sweep,77,90654548525718100570553718232224884469,20000,0.0,0.04,readout_flip,0.0,0.5,0.2,,0.11,0.95,20000,9970,1994,7976,385,70,0.03861584754262788,0.03510531594784353,0.027879482858577817,0.04411895234538592,0.0162394694868081,1.0,0.4985,0.3988,1,1,0.04
02_noise_sweep,78,171003774896687080662989740983032801607,20000,0.0,0.04,readout_flip,0.0,0.5,0.2,,0.11,0.95,20000,10005,2001,8004,395,84,0.03948025987006497,0.041979010494752625,0.03403453454666206,0.05167870630070961,0.017644171754047547,1.0,0.50025,0.4002,1,1,0.04
02_noise_sweep,79,291532170634325147680444749646888210874,20000,0.0,0.04,readout_flip,0.0,0.5,0.2,,0.11,0.95,20000,10087,2017,8070,405,76,0.04015068900565084,0.03767972235994051,0.030209924807012546,0.04690718803747492,0.016697263230462375,1.0,0.50435,0.4035,1,1,0.04
02_noise_sweep,80,47545337272839021488573604646549467224,20000,0.0,0.04,readout_flip,0.0,0.5,0.2,,0.11,0.95,20000,10002,2000,8002,420,91,0.041991601679664065,0.0455,0.03720527135020145,0.05553732462845745,0.018332053278256003,1.0,0.5001,0.4001,1,1,0.04
02_noise_sweep,81,286842554346180977183456410629792345386,20000,0.0,0.04,readout_flip,0.0,0.5,0.2,,0.11,0.95,20000,10047,2009,8038,388,83,0.038618493082512195,0.041314086610253854,0.03345129993756972,0.05092765503497078,0.01747635509740106,1.0,0.50235,0.4019,1,1,0.04
02_noise_sweep,82,335874344940211736326917934907168583305,20000,0.0,0.04,readout_flip,0.0,0.5,0.2,,0.11,0.95,20000,9979,1995,7984,394,80,0.03948291411965127,0.040100250626566414,0.032337881459584654,0.049630329724787973,0.01729244826520332,1.0,0.49895,0.3992,1,1,0.04
02_noise_sweep,83,245410916842478822736922636914216406126,20000,0.0,0.04,readout_flip,0.0,0.5,0.2,,0.11,0.95,20000,10054,2010,8044,405,84,0.040282474636960414,0.041791044776119404,0.033881580417182214,0.05144860189087522,0.017567021473693004,1.0,0.5027,0.4022,1,1,0.04
02_noise_sweep,84,255563522346792826880876690081936964217,20000,0.0,0.04,readout_flip,0.0,0.5,0.2,,0.11,0.95,20000,9917,1983,7934,378,79,0.03811636583644247,0.03983862834089763,0.03208257963735671,0.04937407514613891,0.0172914955087822,1.0,0.49585,0.3967,1,1,0.04
02_noise_sweep,85,177345507183388030241539039630100735136,20000,0.0,0.04,readout_flip,0.0,0.5,0.2,,0.11,0.95,20000,10134,2026,8108,415,80,0.040951253207025855,0.039486673247778874,0.03184132603368488,0.04887505608015934,0.01703373004647446,1.0,0.5067,0.4054,1,1,0.04
02_noise_sweep,86,122655900217702303385941804169506665369,20000,0.0,0.04,readout_flip,0.0,0.5,0.2,,0.11,0.95,20000,10036,2007,8029,407,85,0.04055400557991232,0.04235176880916791,0.03438039999001532,0.05207169600100705,0.01769129601099173,1.0,0.5018,0.40145,1,1,0.04
02_noise_sweep,87,284541024039113214970750937565634641647,20000,0.0,0.04,readout_flip,0.0,0.5,0.2,,0.11,0.95,20000,9955,1991,7964,397,77,0.03987945755901557,0.03867403314917127,0.031054562041885808,0.04807025167338884,0.01701568963150303,1.0,0.49775,0.3982,1,1,0.04
02_noise_sweep,88,128008485121079215112892768103480679566,20000,0.0,0.04,readout_flip,0.0,0.5,0.2,,0.11,0.95,20000,10147,2029,8118,394,88,0.038829210604119445,0.04337111877772302,0.03533747570476635,0.053130544287813386,0.017793068583047036,1.0,0.50735,0.4059,1,1,0.04
02_noise_sweep,89,196661375620588842012271793890898285925,20000,0.0,0.04,readout_flip,0.0,0.5,0.2,,0.11,0.95,20000,10009,2001,8008,414,79,0.04136277350384654,0.03948025987006497,0.03179295486505095,0.04893236040047331,0.017139405535422356,1.0,0.50045,0.4004,1,1,0.04
02_noise_sweep,90,339440855817583666835977627213072814939,20000,0.0,0.04,readout_flip,0.0,0.5,0.2,,0.11,0.95,20000,10059,2011,8048,391,94,0.03887066308778209,0.046742913973147684,0.038349641729188304,0.056864529083527036,0.018514887354338733,1.0,0.50295,0.4024,1,1,0.04
02_noise_sweep,91,57098312093982175155775420066338014735,20000,0.0,0.04,readout_flip,0.0,0.5,0.2,,0.11,0.95,20000,10082,2016,8066,427,83,0.042352707796072205,0.04117063492063492,0.0333347267884869,0.050751802913630344,0.01741707612514344,1.0,0.5041,0.4033,1,1,0.04
02_noise_sweep,92,29383960029422949560763465917178487881,20000,0.0,0.04,readout_flip,0.0,0.5,0.2,,0.11,0.95,20000,10018,2003,8015,379,82,0.03783190257536435,0.040938592111832255,0.033103654443798806,0.05053098350080742,0.01742732905700861,1.0,0.5009,0.40075,1,1,0.04
02_noise_sweep,93,143592310429167702080863292390928043885,20000,0.0,0.04,readout_flip,0.0,0.5,0.2,,0.11,0.95,20000,10018,2003,8015,412,84,0.04112597324815333,0.04193709435846231,0.0340004255106669,0.05162739429811637,0.017626968787449473,1.0,0.5009,0.40075,1,1,0.04
02_noise_sweep,94,234058627951617210903966094148082494630,20000,0.0,0.04,readout_flip,0.0,0.5,0.2,,0.11,0.95,20000,10088,2017,8071,386,69,0.038263283108643936,0.034209221616261776,0.027120419003521287,0.04306888664516073,0.015948467641639444,1.0,0.5044,0.40355,1,1,0.04
02_noise_sweep,95,26059450894155513913036897364523732901,20000,0.0,0.04,readout_flip,0.0,0.5,0.2,,0.11,0.95,20000,10017,2003,8014,393,89,0.03923330338424678,0.044433349975037444,0.03624808441990928,0.05436269004931658,0.018114605629407296,1.0,0.50085,0.4007,1,1,0.04
02_noise_sweep,96,174734724198772224629704495477996635257,20000,0.0,0.04,readout_flip,0.0,0.5,0.2,,0.11,0.95,20000,10103,2020,8083,410,76,0.04058200534494705,0.03762376237623762,0.030164904506440944,0.04683789536282549,0.016672990856384545,1.0,0.50515,0.40415,1,1,0.04
02_noise_sweep,97,86354276317255830684970281040644031284,20000,0.0,0.04,readout_flip,0.0,0.5,0.2,,0.11,0.95,20000,9919,1983,7936,390,70,0.039318479685452164,0.03530005042864347,0.028034647928714622,0.044362401258125066,0.016327753329410444,1.0,0.49595,0.3968,1,1,0.04
02_noise_sweep,98,164380894153453561644158811132906789258,20000,0.0,0.04,readout_flip,0.0,0.5,0.2,,0.11,0.95,20000,10007,2001,8006,416,105,0.04157090036974118,0.05247376311844078,0.043533107772848224,0.06312942051828252,0.019596312745434295,1.0,0.50035,0.4003,1,1,0.04
02_noise_sweep,99,312195641086219221607960826672447971461,20000,0.0,0.04,readout_flip,0.0,0.5,0.2,,0.11,0.95,20000,10076,2015,8061,379,74,0.03761413259229853,0.03672456575682382,0.02935439607465498,0.04585777977861499,0.016503383703960012,1.0,0.5038,0.40305,1,1,0.04
02_noise_sweep,100,339711542634527913799018248721405344881,20000,0.0,0.04,readout_flip,0.0,0.5,0.2,,0.11,0.95,20000,9975,1995,7980,433,90,0.043408521303258146,0.045112781954887216,0.03684628866901656,0.05512771857874165,0.01828142990972509,1.0,0.49875,0.399,1,1,0.04
02_noise_sweep,101,33501256618839281679354951649694604083,20000,0.0,0.04,readout_flip,0.0,0.5,0.2,,0.11,0.95,20000,9995,1999,7996,371,79,0.03711855927963982,0.03951975987993997,0.031824876896512005,0.048981049158158846,0.01715617226164684,1.0,0.49975,0.3998,1,1,0.04
02_noise_sweep,102,271847977512213906603922363204005259490,20000,0.0,0.04,readout_flip,0.0,0.5,0.2,,0.11,0.95,20000,10088,2017,8071,399,73,0.039551942902458365,0.03619236489836391,0.02888341330963692,0.04526463930807678,0.01638122599843986,1.0,0.5044,0.40355,1,1,0.04
02_noise_sweep,103,320172858506755071373941230293762737117,20000,0.0,0.04,readout_flip,0.0,0.5,0.2,,0.11,0.95,20000,9960,1992,7968,358,85,0.03594377510040161,0.0426706827309237,0.03464025701911939,0.052461580680661556,0.01782132366154217,1.0,0.498,0.3984,1,1,0.04
02_noise_sweep,104,156694831293070572887206784097348533222,20000,0.0,0.04,readout_flip,0.0,0.5,0.2,,0.11,0.95,20000,9965,1993,7972,401,85,0.04024084295032614,0.04264927245358756,0.03462281106464231,0.052435406828811496,0.017812595764169187,1.0,0.49825,0.3986,1,1,0.04
02_noise_sweep,105,92242166094713952065416111922355625237,20000,0.0,0.04,readout_flip,0.0,0.5,0.2,,0.11,0.95,20000,10001,2000,8001,421,84,0.0420957904209579,0.042,0.0340516147420547,0.05170440056757297,0.01765278582551827,1.0,0.50005,0.40005,1,1,0.04
02_noise_sweep,106,242866575015942845499464367025910083006,20000,0.0,0.04,readout_flip,0.0,0.5,0.2,,0.11,0.95,20000,9975,1995,7980,404,74,0.04050125313283208,0.037092731829573934,0.029649681836995793,0.046315051709345495,0.016665369872349702,1.0,0.49875,0.399,1,1,0.04
02_noise_sweep,107,333229820766312737042113514520051259113,20000,0.0,0.04,readout_flip,0.0,0.5,0.2,,0.11,0.95,20000,10043,2008,8035,426,84,0.042417604301503535,0.04183266932270916,0.03391545129229241,0.05149955895479959,0.017584107662507176,1.0,0.50215,0.40175,1,1,0.04
02_noise_sweep,108,323801240121879825457493753217807715288,20000,0.0,0.04,readout_flip,0.0,0.5,0.2,,0.11,0.95,20000,9979,1995,7984,368,73,0.03687744262952199,0.036591478696741855,0.029203006628477576,0.045761147311525155,0.01655814068304758,1.0,0.49895,0.3992,1,1,0.04
02_noise_sweep,109,192661454455025990233329842154634084901,20000,0.0,0.04,readout_flip,0.0,0.5,0.2,,0.11,0.95,20000,9866,1973,7893,447,91,0.04530711534563146,0.046122655854029394,0.03771642442696534,0.056292863971690484,0.01857643954472514,1.0,0.4933,0.39465,1,1,0.04
02_noise_sweep,110,682693681128742603561815961410042576,20000,0.0,0.04,readout_flip,0.0,0.5,0.2,,0.11,0.95,20000,10011,2002,8009,383,76,0.03825791629207871,0.03796203796203796,0.030437057280518577,0.047256749543236505,0.016819692262717928,1.0,0.50055,0.40045,1,1,0.04
02_noise_sweep,111,300926201244861802724728234020836625399,20000,0.0,0.04,readout_flip,0.0,0.5,0.2,,0.11,0.95,20000,10063,2012,8051,392,85,0.03895458610752261,0.04224652087475149,0.034294645227761295,0.051943018979420316,0.01764837375165902,1.0,0.50315,0.40255,1,1,0.04
02_noise_sweep,112,49016602538438081510395595162050310542,20000,0.0,0.04,readout_flip,0.0,0.5,0.2,,0.11,0.95,20000,10093,2018,8075,409,83,0.040523134845932826,0.04112983151635283,0.03330156926322064,0.050701782275410764,0.01740021301219012,1.0,0.50465,0.40375,1,1,0.04
02_noise_sweep,113,330725563673992236325817447136780754256,20000,0.0,0.04,readout_flip,0.0,0.5,0.2,,0.11,0.95,20000,10010,2002,8008,389,96,0.03886113886113886,0.04795204795204795,0.039427332978819396,0.05820822937307071,0.018780896394251317,1.0,0.5005,0.4004,1,1,0.04
02_noise_sweep,114,293795755068794284294436019184986654683,20000,0.0,0.04,readout_flip,0.0,0.5,0.2,,0.11,0.95,20000,9874,1974,7900,387,63,0.03919384241442171,0.031914893617021274,0.02502435953806806,0.04062370251545633,0.01559934297738827,1.0,0.4937,0.395,1,1,0.04
02_noise_sweep,115,233612827381512266309536556365264455285,20000,0.0,0.04,readout_flip,0.0,0.5,0.2,,0.11,0.95,20000,10068,2013,8055,398,72,0.03953118792212952,0.03576751117734724,0.028498744171697083,0.04480471663039359,0.01630597245869651,1.0,0.5034,0.40275,1,1,0.04
02_noise_sweep,116,140291720809041671285745269298804559254,20000,0.0,0.04,readout_flip,0.0,0.5,0.2,,0.11,0.95,20000,9982,1996,7986,382,69,0.03826888399118413,0.034569138276553106,0.02740668624626364,0.04351966553781129,0.016112979291547647,1.0,0.4991,0.3993,1,1,0.04
02_noise_sweep,117,94820772218417676161709777123412416299,20000,0.0,0.04,readout_flip,0.0,0.5,0.2,,0.11,0.95,20000,9952,1990,7962,397,81,0.039891479099678454,0.0407035175879397,0.03286988661648371,0.050306966832428454,0.017437080215944742,1.0,0.4976,0.3981,1,1,0.04
02_noise_sweep,118,39005462890280552596226516921516891234,20000,0.0,0.04,readout_flip,0.0,0.5,0.2,,0.11,0.95,20000,10026,2005,8021,380,76,0.037901456213844005,0.03790523690773067,0.030391357956678675,0.04718642108427264,0.016795063127593962,1.0,0.5013,0.40105,1,1,0.04
02_noise_sweep,119,262133231984627661909131284959987513649,20000,0.0,0.04,readout_flip,0.0,0.5,0.2,,0.11,0.95,20000,10004,2000,8004,406,81,0.04058376649340264,0.0405,0.03270494331440327,0.05005682313706816,0.017351879822664895,1.0,0.5002,0.4002,1,1,0.04
02_noise_sweep,120,302163874234680720879747257685578369832,20000,0.0,0.04,readout_flip,0.0,0.5,0.2,,0.11,0.95,20000,10043,2008,8035,412,81,0.04102359852633675,0.04033864541832669,0.032574175834228794,0.049858492054973294,0.0172843162207445,1.0,0.50215,0.40175,1,1,0.04
02_noise_sweep,121,333015053461309663163057846485878401152,20000,0.0,0.04,readout_flip,0.0,0.5,0.2,,0.11,0.95,20000,10029,2005,8024,401,74,0.0399840462658291,0.03690773067331671,0.029501300053791313,0.046085281532310465,0.016583981478519152,1.0,0.50145,0.4012,1,1,0.04
02_noise_sweep,122,68068764378200043084842684116958416368,20000,0.0,0.04,readout_flip,0.0,0.5,0.2,,0.11,0.95,20000,9948,1989,7959,415,85,0.04171692802573382,0.042735042735042736,0.03469270053588466,0.05254025924184319,0.017847558705958527,1.0,0.4974,0.39795,1,1,0.04
02_noise_sweep,123,58779729379545932280266832662288025316,20000,0.0,0.04,readout_flip,0.0,0.5,0.2,,0.11,0.95,20000,9924,1984,7940,410,93,0.04131398629584845,0.046875,0.038417621949084046,0.057083685752446336,0.01866606380336229,1.0,0.4962,0.397,1,1,0.04
02_noise_sweep,124,140301201008780255229622524352121640220,20000,0.0,0.04,readout_flip,0.0,0.5,0.2,,0.11,0.95,20000,10062,2012,8050,411,81,0.04084675014907573,0.04025844930417495,0.03250918347180888,0.04975991467329752,0.017250731201488637,1.0,0.5031,0.4025,1,1,0.04
02_noise_sweep,125,7998608608359617599091275962749576578,20000,0.0,0.04,readout_flip,0.0,0.5,0.2,,0.11,0.95,20000,9964,1992,7972,428,97,0.04295463669209153,0.048694779116465865,0.040081067232264234,0.059045773703084906,0.018964706470820672,1.0,0.4982,0.3986,1,1,0.04
02_noise_sweep,126,32328022337603363394661393079230178776,20000,0.0,0.04,readout_flip,0.0,0.5,0.2,,0.11,0.95,20000,10068,2013,8055,413,82,0.041021056813667064,0.04073522106308992,0.032938610160845726,0.05028134651281165,0.017342736351965926,1.0,0.5034,0.40275,1,1,0.04
02_noise_sweep,127,134625960281141669650454474604747996751,20000,0.0,0.04,readout_flip,0.0,0.5,0.2,,0.11,0.95,20000,9967,1993,7974,407,81,0.04083475469047858,0.040642247867536375,0.03282022919029991,0.05023166162863256,0.017411432438332652,1.0,0.49835,0.3987,1,1,0.04
02_noise_sweep,128,151400605357583879141555952636067168897,20000,0.0,0.04,readout_flip,0.0,0.5,0.2,,0.11,0.95,20000,10028,2005,8023,409,75,0.04078579976067012,0.03740648379052369,0.029946133705687612,0.04663604660783894,0.016689912902151327,1.0,0.5014,0.40115,1,1,0.04
02_noise_sweep,129,290956125252846417720535499644048293924,20000,0.0,0.04,readout_flip,0.0,0.5,0.2,,0.11,0.95,20000,10031,2006,8025,404,81,0.040275147044163094,0.04037886340977069,0.0326067695661241,0.04990792734833013,0.017301157782206034,1.0,0.50155,0.40125,1,1,0.04
02_noise_sweep,130,146397391740519378013386660930753788945,20000,0.0,0.04,readout_flip,0.0,0.5,0.2,,0.11,0.95,20000,9973,1994,7979,414,81,0.04151208262308232,0.040621865596790374,0.03280371004107356,0.05020660996629514,0.01740289992522158,1.0,0.49865,0.39895,1,1,0.04
02_noise_sweep,131,132543660762240926020142073829666372745,20000,0.0,0.04,readout_flip,0.0,0.5,0.2,,0.11,0.95,20000,10064,2012,8052,419,95,0.041633545310015896,0.04721669980119284,0.038780407932821864,0.05737867142954778,0.018598263496725914,1.0,0.5032,0.4026,1,1,0.04
02_noise_sweep,132,169610403643481977116336280422524603287,20000,0.0,0.04,readout_flip,0.0,0.5,0.2,,0.11,0.95,20000,9813,1962,7851,404,81,0.041169876694181186,0.04128440366972477,0.033340706099255976,0.051020857279401324,0.017680151180145348,1.0,0.49065,0.39255,1,1,0.04
02_noise_sweep,133,225303399659305255872193231672967359844,20000,0.0,0.04,readout_flip,0.0,0.5,0.2,,0.11,0.95,20000,9900,1980,7920,423,76,0.042727272727272725,0.03838383838383838,0.030776432047629896,0.04777896769350415,0.017002535645874253,1.0,0.495,0.396,1,1,0.04
02_noise_sweep,134,41418847836719684231628467876370090637,20000,0.0,0.04,readout_flip,0.0,0.5,0.2,,0.11,0.95,20000,10083,2016,8067,444,84,0.044034513537637605,0.041666666666666664,0.03378037251145625,0.05129633391530735,0.017515961403851102,1.0,0.50415,0.40335,1,1,0.04
02_noise_sweep,135,275038975257409858608576543595789124626,20000,0.0,0.04,readout_flip,0.0,0.5,0.2,,0.11,0.95,20000,9937,1987,7950,390,80,0.03924725772365905,0.04026170105686965,0.032468549106832445,0.04982904324778337,0.01736049414095092,1.0,0.49685,0.3975,1,1,0.04
02_noise_sweep,136,192523580687102358100529967145595806193,20000,0.0,0.04,readout_flip,0.0,0.5,0.2,,0.11,0.95,20000,10062,2012,8050,396,86,0.03935599284436494,0.042743538767395624,0.03474183910872076,0.05248796661397965,0.01774612750525889,1.0,0.5031,0.4025,1,1,0.04
02_noise_sweep,137,324620666177756094532477356334798607682,20000,0.0,0.04,readout_flip,0.0,0.5,0.2,,0.11,0.95,20000,10017,2003,8014,401,80,0.04003194569232305,0.0399400898652022,0.03220826136250153,0.04943319471792766,0.01722493335542613,1.0,0.50085,0.4007,1,1,0.04
02_noise_sweep,138,243771349436376308814710547575740979763,20000,0.0,0.04,readout_flip,0.0,0.5,0.2,,0.11,0.95,20000,10060,2012,8048,354,73,0.03518886679920477,0.03628230616302187,0.0289554323595125,0.04537653366144346,0.01642110130193096,1.0,0.503,0.4024,1,1,0.04
02_noise_sweep,139,98049738954080474231801344343609329259,20000,0.0,0.04,readout_flip,0.0,0.5,0.2,,0.11,0.95,20000,9973,1994,7979,394,82,0.039506668003609746,0.041123370110330994,0.03325361489714826,0.05075778554689361,0.017504170649745354,1.0,0.49865,0.39895,1,1,0.04
02_noise_sweep,140,314680570330732032156969579342342081696,20000,0.0,0.04,readout_flip,0.0,0.5,0.2,,0.11,0.95,20000,9953,1990,7963,421,81,0.042298804380588764,0.0407035175879397,0.03286988661648371,0.050306966832428454,0.017437080215944742,1.0,0.49765,0.39815,1,1,0.04
02_noise_sweep,141,287162859478296009555156922391934616518,20000,0.0,0.04,readout_flip,0.0,0.5,0.2,,0.11,0.95,20000,10018,2003,8015,378,75,0.0377320822519465,0.03744383424862706,0.02997613768644043,0.046682363733546145,0.016706226047105716,1.0,0.5009,0.40075,1,1,0.04
02_noise_sweep,142,282475475890276726744626470524586089861,20000,0.0,0.04,readout_flip,0.0,0.5,0.2,,0.11,0.95,20000,10020,2004,8016,372,85,0.037125748502994015,0.04241516966067864,0.03443205902000303,0.05214920866773558,0.01771714964773255,1.0,0.501,0.4008,1,1,0.04
02_noise_sweep,143,317862962827825893803706984225585695228,20000,0.0,0.04,readout_flip,0.0,0.5,0.2,,0.11,0.95,20000,10082,2016,8066,379,68,0.037591747669113273,0.03373015873015873,0.02669401827714963,0.04253986055527222,0.015845842278122593,1.0,0.5041,0.4033,1,1,0.04
02_noise_sweep,144,86419268637179460221628154083653476141,20000,0.0,0.04,readout_flip,0.0,0.5,0.2,,0.11,0.95,20000,10042,2008,8034,395,78,0.039334793865763794,0.03884462151394422,0.031236047662550406,0.04821427786876177,0.016978230206211364,1.0,0.5021,0.4017,1,1,0.04
02_noise_sweep,145,313247014262770014996728906493586163745,20000,0.0,0.04,readout_flip,0.0,0.5,0.2,,0.11,0.95,20000,9905,1981,7924,395,69,0.039878849066128215,0.0348308934881373,0.027614891068113698,0.043847470920722484,0.016232579852608786,1.0,0.49525,0.3962,1,1,0.04
02_noise_sweep,146,301012632796715472594279542674247154725,20000,0.0,0.04,readout_flip,0.0,0.5,0.2,,0.11,0.95,20000,10143,2028,8115,393,63,0.03874593315587104,0.03106508875739645,0.02435601021394004,0.03954733138637149,0.015191321172431448,1.0,0.50715,0.40575,1,1,0.04
02_noise_sweep,147,44581967991927253630992005020675159907,20000,0.0,0.04,readout_flip,0.0,0.5,0.2,,0.11,0.95,20000,10037,2007,8030,409,74,0.04074922785692936,0.03687095166915795,0.029471801742958284,0.04603960078687873,0.016567799043920445,1.0,0.50185,0.4015,1,1,0.04
02_noise_sweep,148,212180112140994752846422507609338107213,20000,0.0,0.04,readout_flip,0.0,0.5,0.2,,0.11,0.95,20000,9967,1993,7974,358,73,0.03591853115280425,0.03662819869543402,0.029232411636412436,0.0458068250334774,0.01657441339706496,1.0,0.49835,0.3987,1,1,0.04
02_noise_sweep,149,208277646222561292693405761199748079543,20000,0.0,0.04,readout_flip,0.0,0.5,0.2,,0.11,0.95,20000,9939,1987,7952,383,71,0.038535063889727335,0.035732259687971814,0.028425254030345164,0.04483093529328164,0.016405681262936473,1.0,0.49695,0.3976,1,1,0.04
02_noise_sweep,0,324292522667201887776258757301863694510,20000,0.0,0.06,readout_flip,0.0,0.5,0.2,,0.11,0.95,20000,10135,2027,8108,623,121,0.061470152935372474,0.05969412925505673,0.050189280011362615,0.07086470859661755,0.02067542858525493,1.0,0.50675,0.4054,1,1,0.06
02_noise_sweep,1,142014880634892174606505949519851843140,20000,0.0,0.06,readout_flip,0.0,0.5,0.2,,0.11,0.95,20000,10028,2005,8023,604,127,0.060231352213801354,0.06334164588528678,0.05349248310335604,0.0748608310362585,0.02136834793290246,1.0,0.5014,0.40115,1,1,0.06
02_noise_sweep,2,313893616285331647209594758536110204974,20000,0.0,0.06,readout_flip,0.0,0.5,0.2,,0.11,0.95,20000,9988,1997,7991,636,120,0.06367641169403283,0.06009013520280421,0.050487278811192915,0.07138217653506698,0.020894897723874067,1.0,0.4994,0.39955,1,1,0.06
02_noise_sweep,3,66738741569036194050409057816253111754,20000,0.0,0.06,readout_flip,0.0,0.5,0.2,,0.11,0.95,20000,9933,1986,7947,608,108,0.06121010772173563,0.054380664652567974,0.04524020929347807,0.06524168756627782,0.02000147827279975,1.0,0.49665,0.39735,1,1,0.06
02_noise_sweep,4,95203489069855281808129348593333735510,20000,0.0,0.06,readout_flip,0.0,0.5,0.2,,0.11,0.95,20000,10011,2002,8009,626,135,0.06253121566277095,0.06743256743256744,0.05725552137234345,0.07926646425940999,0.022010942887066537,1.0,0.50055,0.40045,1,1,0.06
02_noise_sweep,5,174654940158319993087780089733532208808,20000,0.0,0.06,readout_flip,0.0,0.5,0.2,,0.11,0.95,20000,10022,2004,8018,625,118,0.062362801835960886,0.05888223552894212,0.04939497813596169,0.07005741078002624,0.020662432644064546,1.0,0.5011,0.4009,1,1,0.06
02_noise_sweep,6,119573911109780321328541583081331326977,20000,0.0,0.06,readout_flip,0.0,0.5,0.2,,0.11,0.95,20000,10005,2001,8004,645,152,0.06446776611694154,0.07596201899050475,0.06514893860113605,0.08840009015936023,0.023251151558224187,1.0,0.50025,0.4002,1,1,0.06
02_noise_sweep,7,115546154592281418789436760223915779851,20000,0.0,0.06,readout_flip,0.0,0.5,0.2,,0.11,0.95,20000,9987,1997,7990,593,111,0.05937719034745169,0.05558337506259389,0.04636129724604489,0.066511943072459,0.020150645826414113,1.0,0.49935,0.3995,1,1,0.06
02_noise_sweep,8,74638163481695150039228694082604490753,20000,0.0,0.06,readout_flip,0.0,0.5,0.2,,0.11,0.95,20000,9940,1988,7952,586,109,0.058953722334004026,0.05482897384305835,0.04565347144108567,0.06572158696945639,0.02006811552837072,1.0,0.497,0.3976,1,1,0.06
02_noise_sweep,9,302921839403760865695430038527272433000,20000,0.0,0.06,readout_flip,0.0,0.5,0.2,,0.11,0.95,20000,9936,1987,7949,596,131,0.05998389694041868,0.06592853548062405,0.055833220906043375,0.07769898862417678,0.0218657677181334,1.0,0.4968,0.39745,1,1,0.06
02_noise_sweep,10,225646545757089242504788950827914956138,20000,0.0,0.06,readout_flip,0.0,0.5,0.2,,0.11,0.95,20000,10018,2003,8015,603,129,0.06019165502096227,0.06440339490763854,0.0544652333646052,0.07600917838816144,0.021543945023556242,1.0,0.5009,0.40075,1,1,0.06
02_noise_sweep,11,233130703074481429186066482281050902488,20000,0.0,0.06,readout_flip,0.0,0.5,0.2,,0.11,0.95,20000,9985,1997,7988,598,129,0.05988983475212819,0.06459689534301452,0.05462966885703121,0.0762360015169847,0.021606332659953494,1.0,0.49925,0.3994,1,1,0.06
02_noise_sweep,12,36964125837139413196396221461238812724,20000,0.0,0.06,readout_flip,0.0,0.5,0.2,,0.11,0.95,20000,9997,1999,7998,631,114,0.06311893568070422,0.057028514257128564,0.047686719174948905,0.06806955189665462,0.020382832721705713,1.0,0.49985,0.3999,1,1,0.06
02_noise_sweep,13,161982357401410506546347767802590707264,20000,0.0,0.06,readout_flip,0.0,0.5,0.2,,0.11,0.95,20000,9997,1999,7998,565,115,0.05651695508652596,0.057528764382191094,0.04814449383821119,0.06861035851959041,0.020465864681379217,1.0,0.49985,0.3999,1,1,0.06
02_noise_sweep,14,316349132957014666808829030424931141828,20000,0.0,0.06,readout_flip,0.0,0.5,0.2,,0.11,0.95,20000,10021,2004,8017,557,104,0.055583275122243286,0.05189620758483034,0.043013329394291845,0.06249373536425697,0.01948040596996513,1.0,0.50105,0.40085,1,1,0.06
02_noise_sweep,15,44856294560116131082107858146206176034,20000,0.0,0.06,readout_flip,0.0,0.5,0.2,,0.11,0.95,20000,10177,2035,8142,629,115,0.061806033212145034,0.056511056511056514,0.04728902409747717,0.06740427773284398,0.020115253635366807,1.0,0.50885,0.4071,1,1,0.06
02_noise_sweep,16,30232710662417829242288360437191381328,20000,0.0,0.06,readout_flip,0.0,0.5,0.2,,0.11,0.95,20000,10048,2009,8039,611,146,0.06080812101910828,0.07267297162767546,0.0621183628607235,0.08485866681255486,0.022740303951831353,1.0,0.5024,0.40195,1,1,0.06
02_noise_sweep,17,208457618965893457911401138687406197465,20000,0.0,0.06,readout_flip,0.0,0.5,0.2,,0.11,0.95,20000,10177,2035,8142,586,119,0.05758081949493957,0.05847665847665848,0.049089582040980774,0.06952751678953839,0.020437934748557617,1.0,0.50885,0.4071,1,1,0.06
02_noise_sweep,18,11584357869831472736810151773954552188,20000,0.0,0.06,readout_flip,0.0,0.5,0.2,,0.11,0.95,20000,9833,1966,7867,590,114,0.06000203396725313,0.05798575788402848,0.04849081076186998,0.06920468081311854,0.020713870051248556,1.0,0.49165,0.39335,1,1,0.06
02_noise_sweep,19,68596506698163451940276362623418197324,20000,0.0,0.06,readout_flip,0.0,0.5,0.2,,0.11,0.95,20000,10089,2017,8072,608,113,0.060263653483992465,0.056023797719385225,0.0468058179058364,0.0669297044021942,0.020123886496357803,1.0,0.50445,0.4036,1,1,0.06
02_noise_sweep,20,169081264147852233588851975558035269287,20000,0.0,0.06,readout_flip,0.0,0.5,0.2,,0.11,0.95,20000,9997,1999,7998,638,124,0.06381914574372312,0.062031015507753876,0.05227381494761458,0.07346826898596973,0.021194454038355147,1.0,0.49985,0.3999,1,1,0.06
02_noise_sweep,21,216805072005565790017131704745452415775,20000,0.0,0.06,readout_flip,0.0,0.5,0.2,,0.11,0.95,20000,9928,1985,7943,588,109,0.05922643029814666,0.05491183879093199,0.04572277231846739,0.06582028599661696,0.02009751367814957,1.0,0.4964,0.39715,1,1,0.06
02_noise_sweep,22,232595638536187904879987317378666652513,20000,0.0,0.06,readout_flip,0.0,0.5,0.2,,0.11,0.95,20000,9977,1995,7982,571,100,0.057231632755337276,0.05012531328320802,0.04138512371855357,0.06059467959259023,0.019209555874036666,1.0,0.49885,0.3991,1,1,0.06
02_noise_sweep,23,214083427414960299891875211475508829550,20000,0.0,0.06,readout_flip,0.0,0.5,0.2,,0.11,0.95,20000,10050,2010,8040,574,116,0.057114427860696516,0.05771144278606965,0.04833529922360427,0.06877494189676821,0.020439642673163935,1.0,0.5025,0.402,1,1,0.06
02_noise_sweep,24,32975122247632537245105448810836370947,20000,0.0,0.06,readout_flip,0.0,0.5,0.2,,0.11,0.95,20000,9854,1970,7884,588,118,0.05967119951288817,0.05989847715736041,0.050251448059152035,0.07125854340895281,0.021007095349800775,1.0,0.4927,0.3942,1,1,0.06
02_noise_sweep,25,177171895481653883401916614291253608101,20000,0.0,0.06,readout_flip,0.0,0.5,0.2,,0.11,0.95,20000,9992,1998,7994,583,104,0.0583466773418735,0.05205205205205205,0.04314304589021857,0.06268024890031504,0.01953720301009647,1.0,0.4996,0.3997,1,1,0.06
02_noise_sweep,26,137391857694808837628213326520372723414,20000,0.0,0.06,readout_flip,0.0,0.5,0.2,,0.11,0.95,20000,9929,1985,7944,612,123,0.06163762715278477,0.0619647355163728,0.052181371760515904,0.07344023458353144,0.021258862823015534,1.0,0.49645,0.3972,1,1,0.06
02_noise_sweep,27,321672786416096069219922215775832081724,20000,0.0,0.06,readout_flip,0.0,0.5,0.2,,0.11,0.95,20000,9949,1989,7960,571,114,0.05739270278419942,0.05731523378582202,0.04792755275667096,0.06840957872687975,0.02048202597020879,1.0,0.49745,0.398,1,1,0.06
02_noise_sweep,28,338791240133738562735182257923061178748,20000,0.0,0.06,readout_flip,0.0,0.5,0.2,,0.11,0.95,20000,9948,1989,7959,572,121,0.057498994772818654,0.06083459024635495,0.05115263885357657,0.07220963752448312,0.021056998670906546,1.0,0.4974,0.39795,1,1,0.06
02_noise_sweep,29,240496710152981446417002446188616587336,20000,0.0,0.06,readout_flip,0.0,0.5,0.2,,0.11,0.95,20000,10000,2000,8000,556,110,0.0556,0.055,0.04583478836864504,0.06587138371167005,0.02003659534302501,1.0,0.5,0.4,1,1,0.06
02_noise_sweep,30,160301129847958204165406813107264896703,20000,0.0,0.06,readout_flip,0.0,0.5,0.2,,0.11,0.95,20000,9994,1998,7996,633,108,0.063338002801681,0.05405405405405406,0.044967317129256335,0.06485229813148718,0.01988498100223085,1.0,0.4997,0.3998,1,1,0.06
02_noise_sweep,31,12653417390379316145150095263014598219,20000,0.0,0.06,readout_flip,0.0,0.5,0.2,,0.11,0.95,20000,9894,1978,7916,566,98,0.05720638770972306,0.04954499494438827,0.04082444009343478,0.06001180890683132,0.01918736881339654,1.0,0.4947,0.3958,1,1,0.06
02_noise_sweep,32,268227883395191894844360113909965361109,20000,0.0,0.06,readout_flip,0.0,0.5,0.2,,0.11,0.95,20000,10032,2006,8026,566,133,0.05641945773524721,0.06630109670987039,0.05622094935964922,0.07803912256613732,0.0218181732064881,1.0,0.5016,0.4013,1,1,0.06
02_noise_sweep,33,191205121469177558007192030867465668745,20000,0.0,0.06,readout_flip,0.0,0.5,0.2,,0.11,0.95,20000,10067,2013,8054,634,125,0.06297804708453363,0.06209637357178341,0.05236514091575366,0.07349574800564058,0.021130607089886927,1.0,0.50335,0.4027,1,1,0.06
02_noise_sweep,34,149672367109671964799476479674725831418,20000,0.0,0.06,readout_flip,0.0,0.5,0.2,,0.11,0.95,20000,10010,2002,8008,617,115,0.06163836163836164,0.05744255744255744,0.04807202422519466,0.06850820587842373,0.020436181653229066,1.0,0.5005,0.4004,1,1,0.06
02_noise_sweep,35,25329473691576411779683502367600186648,20000,0.0,0.06,readout_flip,0.0,0.5,0.2,,0.11,0.95,20000,9993,1998,7995,587,117,0.0587411187831482,0.05855855855855856,0.049085350688028107,0.06972598563068769,0.02064063494265958,1.0,0.49965,0.39975,1,1,0.06
02_noise_sweep,36,94422922900104192198933127912890231789,20000,0.0,0.06,readout_flip,0.0,0.5,0.2,,0.11,0.95,20000,10077,2015,8062,617,127,0.06122854024015084,0.0630272952853598,0.0532257473277927,0.07449178972502382,0.021266042397231122,1.0,0.50385,0.4031,1,1,0.06
02_noise_sweep,37,30427284592875870201624545126281417805,20000,0.0,0.06,readout_flip,0.0,0.5,0.2,,0.11,0.95,20000,9981,1996,7985,599,117,0.06001402665063621,0.05861723446893788,0.049134759084047325,0.06979539798997852,0.0206606389059312,1.0,0.49905,0.39925,1,1,0.06
02_noise_sweep,38,339973034631843848435774514263653774981,20000,0.0,0.06,readout_flip,0.0,0.5,0.2,,0.11,0.95,20000,10127,2025,8102,616,126,0.060827490866001775,0.06222222222222222,0.052507422833951434,0.07359482025083217,0.021087397416880732,1.0,0.50635,0.4051,1,1,0.06
02_noise_sweep,39,103459264107884309596853771178890347074,20000,0.0,0.06,readout_flip,0.0,0.5,0.2,,0.11,0.95,20000,10062,2012,8050,607,122,0.060325978930630096,0.06063618290258449,0.051021420013256165,0.07192548026812119,0.020904060254865027,1.0,0.5031,0.4025,1,1,0.06
02_noise_sweep,40,18004034202108354072715343748334164678,20000,0.0,0.06,readout_flip,0.0,0.5,0.2,,0.11,0.95,20000,10112,2022,8090,621,120,0.0614121835443038,0.05934718100890208,0.04986019504015289,0.07050532406746864,0.020645129027315745,1.0,0.5056,0.4045,1,1,0.06
02_noise_sweep,41,165955562092654074970602609326478964641,20000,0.0,0.06,readout_flip,0.0,0.5,0.2,,0.11,0.95,20000,10006,2001,8005,607,137,0.060663601838896665,0.06846576711644178,0.058207115353309274,0.08037813666164481,0.022171021308335537,1.0,0.5003,0.40025,1,1,0.06
02_noise_sweep,42,329128393866505564754758722290867576969,20000,0.0,0.06,readout_flip,0.0,0.5,0.2,,0.11,0.95,20000,9933,1986,7947,587,145,0.05909594281687305,0.07301107754279959,0.0623750716260225,0.08529571768140458,0.022920646055382077,1.0,0.49665,0.39735,1,1,0.06
02_noise_sweep,43,61562143924140020188472645529629825650,20000,0.0,0.06,readout_flip,0.0,0.5,0.2,,0.11,0.95,20000,9970,1994,7976,606,117,0.06078234704112337,0.058676028084252756,0.0491842670543936,0.06986494867320953,0.02068068161881593,1.0,0.4985,0.3988,1,1,0.06
02_noise_sweep,44,48267206770966590794182741825235203567,20000,0.0,0.06,readout_flip,0.0,0.5,0.2,,0.11,0.95,20000,9993,1998,7995,630,126,0.06304413089162414,0.06306306306306306,0.05322037407675797,0.07458268329993009,0.021362309223172123,1.0,0.49965,0.39975,1,1,0.06
02_noise_sweep,45,31100313368583838175756631441254426124,20000,0.0,0.06,readout_flip,0.0,0.5,0.2,,0.11,0.95,20000,9920,1984,7936,629,126,0.06340725806451612,0.06350806451612903,0.05359772941149833,0.0751054212776288,0.02150769186613047,1.0,0.496,0.3968,1,1,0.06
02_noise_sweep,46,71993338244759711029742511502101050145,20000,0.0,0.06,readout_flip,0.0,0.5,0.2,,0.11,0.95,20000,10064,2012,8052,630,138,0.0625993640699523,0.06858846918489066,0.05834642144653231,0.08047474308314591,0.0221283216366136,1.0,0.5032,0.4026,1,1,0.06
02_noise_sweep,47,308190618008681942416502890232738041246,20000,0.0,0.06,readout_flip,0.0,0.5,0.2,,0.11,0.95,20000,10090,2018,8072,604,121,0.059861248761149656,0.0599603567888999,0.050414149714578624,0.07117869711728389,0.020764547402705266,1.0,0.5045,0.4036,1,1,0.06
02_noise_sweep,48,311757721490672363324884437289524058234,20000,0.0,0.06,readout_flip,0.0,0.5,0.2,,0.11,0.95,20000,9957,1991,7966,561,107,0.056342271768605,0.053741838272225013,0.044668060137311366,0.06453433179085578,0.019866271653544418,1.0,0.49785,0.3983,1,1,0.06
02_noise_sweep,49,179894618680598602583956899498601850410,20000,0.0,0.06,readout_flip,0.0,0.5,0.2,,0.11,0.95,20000,10013,2002,8011,595,120,0.059422750424448216,0.059940059940059943,0.05036060325460351,0.07120506573104864,0.020844462476445128,1.0,0.50065,0.40055,1,1,0.06
02_noise_sweep,50,209698641849544326590303805981296263510,20000,0.0,0.06,readout_flip,0.0,0.5,0.2,,0.11,0.95,20000,10062,2012,8050,560,112,0.05565493937586961,0.055666003976143144,0.04646828770841535,0.06655719741777397,0.020088909709358616,1.0,0.5031,0.4025,1,1,0.06
02_noise_sweep,51,46154825096345577368292535094472729939,20000,0.0,0.06,readout_flip,0.0,0.5,0.2,,0.11,0.95,20000,9975,1995,7980,583,103,0.05844611528822055,0.05162907268170426,0.04275204988603565,0.06222949224412383,0.01947744235808818,1.0,0.49875,0.399,1,1,0.06
02_noise_sweep,52,77093005954739054441237273117368871649,20000,0.0,0.06,readout_flip,0.0,0.5,0.2,,0.11,0.95,20000,9957,1991,7966,623,132,0.06256904690167721,0.06629834254143646,0.056183467522294236,0.07808357291661665,0.02190010539432241,1.0,0.49785,0.3983,1,1,0.06
02_noise_sweep,53,83765892797409183756853230298972164224,20000,0.0,0.06,readout_flip,0.0,0.5,0.2,,0.11,0.95,20000,10063,2012,8051,590,95,0.058630627049587596,0.04721669980119284,0.038780407932821864,0.05737867142954778,0.018598263496725914,1.0,0.50315,0.40255,1,1,0.06
02_noise_sweep,54,140937476672653950002891146518449136179,20000,0.0,0.06,readout_flip,0.0,0.5,0.2,,0.11,0.95,20000,9948,1989,7959,604,116,0.0607157217531162,0.058320764203117145,0.0488479534849256,0.06949636225419911,0.020648408769273513,1.0,0.4974,0.39795,1,1,0.06
02_noise_sweep,55,162883957660400196757304154056929609824,20000,0.0,0.06,readout_flip,0.0,0.5,0.2,,0.11,0.95,20000,10031,2006,8025,624,123,0.06220715781078656,0.0613160518444666,0.05163254397804471,0.07267649429171637,0.021043950313671657,1.0,0.50155,0.40125,1,1,0.06
02_noise_sweep,56,283303611767275840565201519494556371593,20000,0.0,0.06,readout_flip,0.0,0.5,0.2,,0.11,0.95,20000,9954,1990,7964,567,130,0.056962025316455694,0.06532663316582915,0.055285612087770476,0.07704259166858511,0.021756979580814635,1.0,0.4977,0.3982,1,1,0.06
02_noise_sweep,57,21202944468853400075029793181463296441,20000,0.0,0.06,readout_flip,0.0,0.5,0.2,,0.11,0.95,20000,9958,1991,7967,615,139,0.06175938943562964,0.06981416373681568,0.059429130050945154,0.08185601197097397,0.02242688192002882,1.0,0.4979,0.39835,1,1,0.06
02_noise_sweep,58,298411952586452381836870963286472401705,20000,0.0,0.06,readout_flip,0.0,0.5,0.2,,0.11,0.95,20000,9976,1995,7981,576,94,0.057738572574178026,0.04711779448621554,0.0386584322790546,0.05731789339405786,0.01865946111500326,1.0,0.4988,0.39905,1,1,0.06
02_noise_sweep,59,176318489940153777173956057785071032913,20000,0.0,0.06,readout_flip,0.0,0.5,0.2,,0.11,0.95,20000,9988,1997,7991,581,114,0.05816980376451742,0.057085628442663995,0.047734692055264275,0.06813728660582495,0.020402594550560677,1.0,0.4994,0.39955,1,1,0.06
02_noise_sweep,60,94088085541210195431748349506564475209,20000,0.0,0.06,readout_flip,0.0,0.5,0.2,,0.11,0.95,20000,10136,2027,8109,599,107,0.05909629044988161,0.05278737049827331,0.043871372015988216,0.06339522817799947,0.019523856162011258,1.0,0.5068,0.40545,1,1,0.06
02_noise_sweep,61,58042914873342782535073672838703600047,20000,0.0,0.06,readout_flip,0.0,0.5,0.2,,0.11,0.95,20000,10025,2005,8020,613,117,0.06114713216957606,0.058354114713216956,0.0489132011275569,0.06948412573780996,0.02057092461025306,1.0,0.50125,0.401,1,1,0.06
02_noise_sweep,62,24501540826506088222175466348622371128,20000,0.0,0.06,readout_flip,0.0,0.5,0.2,,0.11,0.95,20000,10070,2014,8056,585,108,0.05809334657398212,0.05362462760675273,0.044608541570055324,0.06434028484030999,0.019731743270254662,1.0,0.5035,0.4028,1,1,0.06
02_noise_sweep,63,175649817650087038041032482559143426846,20000,0.0,0.06,readout_flip,0.0,0.5,0.2,,0.11,0.95,20000,9977,1995,7982,583,123,0.05843439911797133,0.061654135338345864,0.051918577282345495,0.07307455697458515,0.021155979692239653,1.0,0.49885,0.3991,1,1,0.06
02_noise_sweep,64,21840178441308670502683209558057974025,20000,0.0,0.06,readout_flip,0.0,0.5,0.2,,0.11,0.95,20000,10054,2010,8044,608,119,0.06047344340560971,0.059203980099502486,0.049702947153283626,0.07038667448074339,0.02068372732745976,1.0,0.5027,0.4022,1,1,0.06
02_noise_sweep,65,188982303158208018149567510348757857563,20000,0.0,0.06,readout_flip,0.0,0.5,0.2,,0.11,0.95,20000,10018,2003,8015,588,110,0.05869435016969455,0.05491762356465302,0.045765838568554665,0.0657733454745301,0.020007506905975442,1.0,0.5009,0.40075,1,1,0.06
02_noise_sweep,66,224390128846738163924672048445634234713,20000,0.0,0.06,readout_flip,0.0,0.5,0.2,,0.11,0.95,20000,10011,2002,8009,581,120,0.05803616022375387,0.059940059940059943,0.05036060325460351,0.07120506573104864,0.020844462476445128,1.0,0.50055,0.40045,1,1,0.06
02_noise_sweep,67,228524301249006215159586346677515295880,20000,0.0,0.06,readout_flip,0.0,0.5,0.2,,0.11,0.95,20000,9932,1986,7946,584,116,0.05879983890455095,0.05840886203423968,0.048922078942290975,0.06960065952777221,0.020678580585481235,1.0,0.4966,0.3973,1,1,0.06
02_noise_sweep,68,304185508806690722665178582259372635919,20000,0.0,0.06,readout_flip,0.0,0.5,0.2,,0.11,0.95,20000,9944,1988,7956,583,112,0.0586283185840708,0.056338028169014086,0.047031776315730064,0.06735557003240339,0.020323793716673325,1.0,0.4972,0.3978,1,1,0.06
02_noise_sweep,69,217194160354199067236911844967926540176,20000,0.0,0.06,readout_flip,0.0,0.5,0.2,,0.11,0.95,20000,9998,1999,7999,565,107,0.05651130226045209,0.053526763381690844,0.0444885276669731,0.06427767440124388,0.019789146734270777,1.0,0.4999,0.39995,1,1,0.06
02_noise_sweep,70,102080289764252994827975653928173051539,20000,0.0,0.06,readout_flip,0.0,0.5,0.2,,0.11,0.95,20000,9879,1975,7904,615,125,0.06225326450045551,0.06329113924050633,0.05337752190502672,0.07490029322220075,0.021522771317174033,1.0,0.49395,0.3952,1,1,0.06
02_noise_sweep,71,311653540231887280110572132995060637647,20000,0.0,0.06,readout_flip,0.0,0.5,0.2,,0.11,0.95,20000,10082,2016,8066,623,129,0.06179329498115453,0.06398809523809523,0.05411233064983547,0.0755223283860143,0.021409997736178833,1.0,0.5041,0.4033,1,1,0.06
02_noise_sweep,72,241023872169419841394409616899637244281,20000,0.0,0.06,readout_flip,0.0,0.5,0.2,,0.11,0.95,20000,9960,1992,7968,573,109,0.05753012048192771,0.05471887550200803,0.045561396416210695,0.06559044775470665,0.02002905133849596,1.0,0.498,0.3984,1,1,0.06
02_noise_sweep,73,206193490747661422487936333092266565971,20000,0.0,0.06,readout_flip,0.0,0.5,0.2,,0.11,0.95,20000,10060,2012,8048,637,125,0.06332007952286282,0.0621272365805169,0.05239129023835272,0.07353203458958103,0.021140744351228313,1.0,0.503,0.4024,1,1,0.06
02_noise_sweep,74,164126109572897890042465395957335557248,20000,0.0,0.06,readout_flip,0.0,0.5,0.2,,0.11,0.95,20000,10029,2005,8024,579,131,0.057732575530960215,0.06533665835411472,0.05532952803067969,0.07700618101863393,0.021676652987954244,1.0,0.50145,0.4012,1,1,0.06
02_noise_sweep,75,132090748657931972588746133093913360778,20000,0.0,0.06,readout_flip,0.0,0.5,0.2,,0.11,0.95,20000,9963,1992,7971,601,130,0.06032319582455084,0.06526104417670683,0.05522983297256969,0.07696576686059205,0.021735933888022356,1.0,0.49815,0.39855,1,1,0.06
02_noise_sweep,76,321481974733019802501745475142901111019,20000,0.0,0.06,readout_flip,0.0,0.5,0.2,,0.11,0.95,20000,9982,1996,7986,602,114,0.06030855539971949,0.05711422845691383,0.04775871471162741,0.06817120453177651,0.0204124898201491,1.0,0.4991,0.3993,1,1,0.06
02_noise_sweep,77,73422969574690521952013735061789280588,20000,0.0,0.06,readout_flip,0.0,0.5,0.2,,0.11,0.95,20000,9995,1999,7996,620,137,0.062031015507753876,0.06853426713356678,0.05826564484095734,0.08045799581320195,0.022192350972244618,1.0,0.49975,0.3998,1,1,0.06
02_noise_sweep,78,243599663042757157028997456539186385177,20000,0.0,0.06,readout_flip,0.0,0.5,0.2,,0.11,0.95,20000,9933,1986,7947,608,119,0.06121010772173563,0.05991943605236657,0.050306374153186686,0.07123167992074174,0.020925305767555052,1.0,0.49665,0.39735,1,1,0.06
02_noise_sweep,79,75845017991682845251882863103411406580,20000,0.0,0.06,readout_flip,0.0,0.5,0.2,,0.11,0.95,20000,10094,2018,8076,602,108,0.059639389736477116,0.053518334985133795,0.04451974049067502,0.06421354216192422,0.019693801671249206,1.0,0.5047,0.4038,1,1,0.06
02_noise_sweep,80,323877407825954487570165654551521539960,20000,0.0,0.06,readout_flip,0.0,0.5,0.2,,0.11,0.95,20000,9920,1984,7936,565,116,0.05695564516129032,0.05846774193548387,0.04897162103070044,0.0696703651167307,0.020698744086030264,1.0,0.496,0.3968,1,1,0.06
02_noise_sweep,81,227728533383348475194302267936155873153,20000,0.0,0.06,readout_flip,0.0,0.5,0.2,,0.11,0.95,20000,9866,1973,7893,583,122,0.059091830529089805,0.06183476938672073,0.05203473842751402,0.07333771251680529,0.02130297408929127,1.0,0.4933,0.39465,1,1,0.06
02_noise_sweep,82,295351305420630093244226014932565850283,20000,0.0,0.06,readout_flip,0.0,0.5,0.2,,0.11,0.95,20000,10065,2013,8052,619,125,0.06150024838549429,0.06209637357178341,0.05236514091575366,0.07349574800564058,0.021130607089886927,1.0,0.50325,0.4026,1,1,0.06
02_noise_sweep,83,281880418939292368305654261231621755361,20000,0.0,0.06,readout_flip,0.0,0.5,0.2,,0.11,0.95,20000,10070,2014,8056,620,119,0.06156901688182721,0.05908639523336644,0.04960378069215753,0.07024778532831455,0.020644004636157016,1.0,0.5035,0.4028,1,1,0.06
02_noise_sweep,84,236795116180594572144307137636889271583,20000,0.0,0.06,readout_flip,0.0,0.5,0.2,,0.11,0.95,20000,9932,1986,7946,590,122,0.059403946838501816,0.06143001007049345,0.05169252244109315,0.0728608472367005,0.021168324795607346,1.0,0.4966,0.3973,1,1,0.06
02_noise_sweep,85,211401911384585838984475940618362494395,20000,0.0,0.06,readout_flip,0.0,0.5,0.2,,0.11,0.95,20000,10064,2012,8052,605,121,0.060115262321144676,0.060139165009940355,0.05056518574506746,0.07138957302079109,0.02082438727572363,1.0,0.5032,0.4026,1,1,0.06
02_noise_sweep,86,205731475899050372703839636585039744708,20000,0.0,0.06,readout_flip,0.0,0.5,0.2,,0.11,0.95,20000,9996,1999,7997,604,135,0.06042416966786715,0.06753376688344172,0.05734187633418307,0.07938460174758007,0.022042725413396996,1.0,0.4998,0.39985,1,1,0.06
02_noise_sweep,87,50920497478297568068244485240225422742,20000,0.0,0.06,readout_flip,0.0,0.5,0.2,,0.11,0.95,20000,10081,2016,8065,639,129,0.0633865687927785,0.06398809523809523,0.05411233064983547,0.0755223283860143,0.021409997736178833,1.0,0.50405,0.40325,1,1,0.06
02_noise_sweep,88,17436510568689461042486080659822292166,20000,0.0,0.06,readout_flip,0.0,0.5,0.2,,0.11,0.95,20000,10105,2021,8084,590,119,0.05838693715982187,0.058881741712023754,0.04943118831683329,0.07000604355491394,0.02057485523808065,1.0,0.50525,0.4042,1,1,0.06
02_noise_sweep,89,237589381918073349306528679778956606632,20000,0.0,0.06,readout_flip,0.0,0.5,0.2,,0.11,0.95,20000,10012,2002,8010,594,134,0.05932880543347983,0.06693306693306693,0.05679459079773985,0.07873030705760681,0.021935716259866955,1.0,0.5006,0.4005,1,1,0.06
02_noise_sweep,90,143874063769316711571200708425981616227,20000,0.0,0.06,readout_flip,0.0,0.5,0.2,,0.11,0.95,20000,9945,1989,7956,618,128,0.062141779788838614,0.06435394670688788,0.0543875739132942,0.07599984735927447,0.021612273445980268,1.0,0.49725,0.3978,1,1,0.06
02_noise_sweep,91,238421883634061531499705265796903630227,20000,0.0,0.06,readout_flip,0.0,0.5,0.2,,0.11,0.95,20000,9975,1995,7980,606,118,0.06075187969924812,0.05914786967418546,0.04961883649347398,0.07037139973176387,0.02075256323828989,1.0,0.49875,0.399,1,1,0.06
02_noise_sweep,92,218751925381235379943497237629038330942,20000,0.0,0.06,readout_flip,0.0,0.5,0.2,,0.11,0.95,20000,10048,2009,8039,577,124,0.05742436305732484,0.06172224987555998,0.05201239213998658,0.0731049923997008,0.02109260025971421,1.0,0.5024,0.40195,1,1,0.06
02_noise_sweep,93,265639722476980542155494906200522353792,20000,0.0,0.06,readout_flip,0.0,0.5,0.2,,0.11,0.95,20000,9937,1987,7950,617,116,0.06209117439871188,0.058379466532461,0.04889734547109446,0.0695658590074774,0.020668513536382944,1.0,0.49685,0.3975,1,1,0.06
02_noise_sweep,94,13244352340030839878834588507572300781,20000,0.0,0.06,readout_flip,0.0,0.5,0.2,,0.11,0.95,20000,10061,2012,8049,614,122,0.06102773084186463,0.06063618290258449,0.051021420013256165,0.07192548026812119,0.020904060254865027,1.0,0.50305,0.40245,1,1,0.06
02_noise_sweep,95,334425186083696627707598740618492845459,20000,0.0,0.06,readout_flip,0.0,0.5,0.2,,0.11,0.95,20000,10004,2000,8004,587,134,0.058676529388244705,0.067,0.05685166729541342,0.07880849565015162,0.021956828354738202,1.0,0.5002,0.4002,1,1,0.06
02_noise_sweep,96,6140077571004643043303858836312688185,20000,0.0,0.06,readout_flip,0.0,0.5,0.2,,0.11,0.95,20000,10077,2015,8062,568,117,0.056365981939069165,0.05806451612903226,0.04866935754080885,0.06914150758756492,0.020472150046756066,1.0,0.50385,0.4031,1,1,0.06
02_noise_sweep,97,264183127790744104917359166860066366732,20000,0.0,0.06,readout_flip,0.0,0.5,0.2,,0.11,0.95,20000,10043,2008,8035,652,134,0.06492084038633875,0.06673306772908366,0.056624046926046806,0.07849666928587715,0.02187262235983034,1.0,0.50215,0.40175,1,1,0.06
02_noise_sweep,98,284889609747726883828272469997247954811,20000,0.0,0.06,readout_flip,0.0,0.5,0.2,,0.11,0.95,20000,10002,2000,8002,606,119,0.060587882423515295,0.0595,0.04995260683841224,0.07073631181637158,0.02078370497795934,1.0,0.5001,0.4001,1,1,0.06
02_noise_sweep,99,78135535847405307259161810368070743011,20000,0.0,0.06,readout_flip,0.0,0.5,0.2,,0.11,0.95,20000,10053,2010,8043,616,115,0.06127524122152591,0.05721393034825871,0.0478798343400472,0.06823727994244044,0.02035744560239324,1.0,0.50265,0.40215,1,1,0.06
02_noise_sweep,100,278732311035142128281927147799887720091,20000,0.0,0.06,readout_flip,0.0,0.5,0.2,,0.11,0.95,20000,10026,2005,8021,639,122,0.06373429084380611,0.06084788029925187,0.05120038112199285,0.07217493938049786,0.020974558258505013,1.0,0.5013,0.40105,1,1,0.06
02_noise_sweep,101,320348946316087734561080934834818660999,20000,0.0,0.06,readout_flip,0.0,0.5,0.2,,0.11,0.95,20000,9970,1994,7976,592,125,0.05937813440320963,0.06268806419257773,0.05286648475958115,0.0741913744614074,0.02132488970182625,1.0,0.4985,0.3988,1,1,0.06
02_noise_sweep,102,253516114389509606387033115966160891692,20000,0.0,0.06,readout_flip,0.0,0.5,0.2,,0.11,0.95,20000,10087,2017,8070,580,91,0.05749975215624071,0.0451165096678235,0.03689048237228353,0.05507193160607276,0.018181449233789226,1.0,0.50435,0.4035,1,1,0.06
02_noise_sweep,103,220048697125054065024622188405699597252,20000,0.0,0.06,readout_flip,0.0,0.5,0.2,,0.11,0.95,20000,9917,1983,7934,641,126,0.0646364828073006,0.06354009077155824,0.053624888250376264,0.07514304020454475,0.021518151954168487,1.0,0.49585,0.3967,1,1,0.06
02_noise_sweep,104,201301791238612309390914061803376974910,20000,0.0,0.06,readout_flip,0.0,0.5,0.2,,0.11,0.95,20000,9963,1992,7971,646,132,0.06483990765833585,0.06626506024096386,0.05615512370392663,0.07804464333516313,0.021889519631236504,1.0,0.49815,0.39855,1,1,0.06
02_noise_sweep,105,208762627827606429958990698814079492887,20000,0.0,0.06,readout_flip,0.0,0.5,0.2,,0.11,0.95,20000,9942,1988,7954,619,118,0.062261114463890564,0.059356136820925554,0.049794356415594265,0.07061756580772195,0.020823209392127687,1.0,0.4971,0.3977,1,1,0.06
02_noise_sweep,106,178016298766165958754423975882100837926,20000,0.0,0.06,readout_flip,0.0,0.5,0.2,,0.11,0.95,20000,10097,2019,8078,636,130,0.06298900663563435,0.06438831104507181,0.054487684001233966,0.07594342698386136,0.021455742982627396,1.0,0.50485,0.4039,1,1,0.06
02_noise_sweep,107,79601312486716950741910894886304367444,20000,0.0,0.06,readout_flip,0.0,0.5,0.2,,0.11,0.95,20000,10007,2001,8006,622,131,0.06215649045668033,0.06546726636681659,0.05544067275302906,0.07715906856370813,0.021718395810679074,1.0,0.50035,0.4003,1,1,0.06
02_noise_sweep,108,228699430572060734803804382405618863849,20000,0.0,0.06,readout_flip,0.0,0.5,0.2,,0.11,0.95,20000,9996,1999,7997,584,109,0.0584233693477391,0.054527263631815905,0.045401155711710175,0.06536220892890296,0.019961053217192784,1.0,0.4998,0.39985,1,1,0.06
02_noise_sweep,109,60180123749771684563365610722505640185,20000,0.0,0.06,readout_flip,0.0,0.5,0.2,,0.11,0.95,20000,10025,2005,8020,558,110,0.05566084788029925,0.05486284289276808,0.04571998717352052,0.06570814859987295,0.01998816142635243,1.0,0.50125,0.401,1,1,0.06
02_noise_sweep,110,290032199657437001202025391865377816728,20000,0.0,0.06,readout_flip,0.0,0.5,0.2,,0.11,0.95,20000,9939,1987,7952,601,129,0.060468860046282324,0.06492199295420231,0.0549059457793771,0.07661706307728997,0.021711117297912863,1.0,0.49695,0.3976,1,1,0.06
02_noise_sweep,111,97062834158521770922954283767464487250,20000,0.0,0.06,readout_flip,0.0,0.5,0.2,,0.11,0.95,20000,10000,2000,8000,621,138,0.0621,0.069,0.05869826979779586,0.08095422495864417,0.022255955160848308,1.0,0.5,0.4,1,1,0.06
02_noise_sweep,112,205211263982954605646414871646332498210,20000,0.0,0.06,readout_flip,0.0,0.5,0.2,,0.11,0.95,20000,9973,1994,7979,594,114,0.059560814198335504,0.05717151454363089,0.04780683263923227,0.0682391417783513,0.02043230913911903,1.0,0.49865,0.39895,1,1,0.06
02_noise_sweep,113,311724858035737223509923616317206262851,20000,0.0,0.06,readout_flip,0.0,0.5,0.2,,0.11,0.95,20000,9990,1998,7992,607,116,0.060760760760760764,0.05805805805805806,0.04862691886200825,0.06918533733915508,0.02055841847714683,1.0,0.4995,0.3996,1,1,0.06
02_noise_sweep,114,261962503373065959549664649394677305226,20000,0.0,0.06,readout_flip,0.0,0.5,0.2,,0.11,0.95,20000,9971,1994,7977,604,120,0.06057566944138,0.06018054162487462,0.05056359052035662,0.07148886651726602,0.020925275996909402,1.0,0.49855,0.39885,1,1,0.06
02_noise_sweep,115,50549914954922809821828636158578016334,20000,0.0,0.06,readout_flip,0.0,0.5,0.2,,0.11,0.95,20000,9915,1983,7932,586,113,0.05910237014624307,0.05698436712052446,0.047611948452567734,0.06806988302940586,0.02045793457683813,1.0,0.49575,0.3966,1,1,0.06
02_noise_sweep,116,44557961370812920437779268649713762536,20000,0.0,0.06,readout_flip,0.0,0.5,0.2,,0.11,0.95,20000,10057,2011,8046,608,131,0.06045540419608233,0.06514172053704624,0.055163644076879174,0.07677798222670781,0.02161433814982864,1.0,0.50285,0.4023,1,1,0.06
02_noise_sweep,117,158402845903409686768645947613350844179,20000,0.0,0.06,readout_flip,0.0,0.5,0.2,,0.11,0.95,20000,10076,2015,8061,591,118,0.05865422786820167,0.058560794044665014,0.04912410169887342,0.06967743062194462,0.0205533289230712,1.0,0.5038,0.40305,1,1,0.06
02_noise_sweep,118,150635695063992409299876468843001758615,20000,0.0,0.06,readout_flip,0.0,0.5,0.2,,0.11,0.95,20000,9862,1972,7890,591,116,0.059926992496451024,0.058823529411764705,0.04927099373025791,0.07009154812138389,0.020820554391125984,1.0,0.4931,0.3945,1,1,0.06
02_noise_sweep,119,225403888256090826598512440671466273897,20000,0.0,0.06,readout_flip,0.0,0.5,0.2,,0.11,0.95,20000,10017,2003,8014,619,128,0.061794948587401415,0.06390414378432352,0.05400560024318693,0.0754722205774912,0.02146662033430427,1.0,0.50085,0.4007,1,1,0.06
02_noise_sweep,120,141053034750003376623805462957995318799,20000,0.0,0.06,readout_flip,0.0,0.5,0.2,,0.11,0.95,20000,9959,1991,7968,580,105,0.05823877899387489,0.052737317930688095,0.043752692693590695,0.06344452735371695,0.01969183466012625,1.0,0.49795,0.3984,1,1,0.06
02_noise_sweep,121,203172452529924210136307982861609457953,20000,0.0,0.06,readout_flip,0.0,0.5,0.2,,0.11,0.95,20000,10064,2012,8052,596,113,0.05922098569157393,0.05616302186878728,0.04692265012632479,0.06709497651538335,0.02017232638905856,1.0,0.5032,0.4026,1,1,0.06
02_noise_sweep,122,85591234952890623933786887938428920467,20000,0.0,0.06,readout_flip,0.0,0.5,0.2,,0.11,0.95,20000,10038,2007,8031,617,124,0.061466427575214186,0.06178375685102142,0.052064467294879714,0.0731773600585271,0.021112892763647383,1.0,0.5019,0.40155,1,1,0.06
02_noise_sweep,123,320635841224832656069963456435421420772,20000,0.0,0.06,readout_flip,0.0,0.5,0.2,,0.11,0.95,20000,9975,1995,7980,584,123,0.058546365914786964,0.061654135338345864,0.051918577282345495,0.07307455697458515,0.021155979692239653,1.0,0.49875,0.399,1,1,0.06
02_noise_sweep,124,296697082332386479050294968069684812780,20000,0.0,0.06,readout_flip,0.0,0.5,0.2,,0.11,0.95,20000,10080,2016,8064,602,119,0.059722222222222225,0.059027777777777776,0.049554345715553935,0.07017854607383225,0.02062420035827832,1.0,0.504,0.4032,1,1,0.06
02_noise_sweep,125,111543168118604035864422082897023286050,20000,0.0,0.06,readout_flip,0.0,0.5,0.2,,0.11,0.95,20000,10065,2013,8052,556,121,0.05524093392945852,0.060109289617486336,0.05053995025433141,0.07135434031843615,0.020814390064104744,1.0,0.50325,0.4026,1,1,0.06
02_noise_sweep,126,135652130317590201632848979544202799118,20000,0.0,0.06,readout_flip,0.0,0.5,0.2,,0.11,0.95,20000,10011,2002,8009,581,105,0.05803616022375387,0.05244755244755245,0.0435112704521748,0.06309808188737608,0.019586811435201273,1.0,0.50055,0.40045,1,1,0.06
02_noise_sweep,127,335888183908568201404244131375908376646,20000,0.0,0.06,readout_flip,0.0,0.5,0.2,,0.11,0.95,20000,10073,2014,8059,635,120,0.06303980939144246,0.05958291956305859,0.05005916012447181,0.0707835640423736,0.020724403917901785,1.0,0.50365,0.40295,1,1,0.06
02_noise_sweep,128,213313640395256122121492031557740587520,20000,0.0,0.06,readout_flip,0.0,0.5,0.2,,0.11,0.95,20000,10086,2017,8069,643,129,0.06375173507832639,0.06395637084779375,0.05408537363074063,0.07548513655341672,0.02139976292267609,1.0,0.5043,0.40345,1,1,0.06
02_noise_sweep,129,263974716929390040292131919562507938947,20000,0.0,0.06,readout_flip,0.0,0.5,0.2,,0.11,0.95,20000,10028,2005,8023,640,142,0.06382130035899482,0.07082294264339152,0.06039576819594001,0.08289152685504608,0.022495758659106073,1.0,0.5014,0.40115,1,1,0.06
02_noise_sweep,130,89058670310487104035715001409572712471,20000,0.0,0.06,readout_flip,0.0,0.5,0.2,,0.11,0.95,20000,10040,2008,8032,621,131,0.061852589641434266,0.06523904382470119,0.055246461522168916,0.07689191233186513,0.02164545080969621,1.0,0.502,0.4016,1,1,0.06
02_noise_sweep,131,245917984074876023038200217420772902593,20000,0.0,0.06,readout_flip,0.0,0.5,0.2,,0.11,0.95,20000,9910,1982,7928,582,123,0.05872855701311806,0.062058526740666,0.0522607297023307,0.07355065252606949,0.02128992282373879,1.0,0.4955,0.3964,1,1,0.06
02_noise_sweep,132,272073508851581593163336009120810542808,20000,0.0,0.06,readout_flip,0.0,0.5,0.2,,0.11,0.95,20000,9892,1978,7914,572,102,0.0578245046502224,0.05156723963599596,0.04266120582037577,0.06221169301602831,0.01955048719565254,1.0,0.4946,0.3957,1,1,0.06
02_noise_sweep,133,238406297259153769343401988768471051594,20000,0.0,0.06,readout_flip,0.0,0.5,0.2,,0.11,0.95,20000,9998,1999,7999,593,112,0.059311862372474496,0.0560280140070035,0.046771823575495114,0.06698728492371225,0.02021546134821714,1.0,0.4999,0.39995,1,1,0.06
02_noise_sweep,134,336407016436679224210925806932321473329,20000,0.0,0.06,readout_flip,0.0,0.5,0.2,,0.11,0.95,20000,10004,2000,8004,573,108,0.057277089164334265,0.054,0.0449221548758202,0.0647878512990574,0.019865696423237197,1.0,0.5002,0.4002,1,1,0.06
02_noise_sweep,135,2823675302692581574511002980894716373,20000,0.0,0.06,readout_flip,0.0,0.5,0.2,,0.11,0.95,20000,10010,2002,8008,616,126,0.06153846153846154,0.06293706293706294,0.053113532342007275,0.0744346633020854,0.021321130960078122,1.0,0.5005,0.4004,1,1,0.06
02_noise_sweep,136,61549846374485947800856395126273337794,20000,0.0,0.06,readout_flip,0.0,0.5,0.2,,0.11,0.95,20000,9993,1998,7995,597,111,0.059741819273491446,0.05555555555555555,0.04633799094906602,0.06647886466433492,0.020140873715268896,1.0,0.49965,0.39975,1,1,0.06
02_noise_sweep,137,44711193563704606810662534682688118463,20000,0.0,0.06,readout_flip,0.0,0.5,0.2,,0.11,0.95,20000,9966,1993,7973,551,111,0.05528797912903873,0.05569493226292022,0.04645475736575739,0.06664458651208499,0.020189829146327602,1.0,0.4983,0.39865,1,1,0.06
02_noise_sweep,138,112629234349788754090332799381670464175,20000,0.0,0.06,readout_flip,0.0,0.5,0.2,,0.11,0.95,20000,9924,1984,7940,592,112,0.05965336557839581,0.056451612903225805,0.04712702250733768,0.06749049782341507,0.020363475316077385,1.0,0.4962,0.397,1,1,0.06
02_noise_sweep,139,223704066238803264392566547684966674593,20000,0.0,0.06,readout_flip,0.0,0.5,0.2,,0.11,0.95,20000,9811,1962,7849,615,127,0.06268474161655285,0.06472986748216106,0.05467058432217224,0.07649027692824258,0.021819692606070334,1.0,0.49055,0.39245,1,1,0.06
02_noise_sweep,140,176021533405371017606131857651719863459,20000,0.0,0.06,readout_flip,0.0,0.5,0.2,,0.11,0.95,20000,9946,1989,7957,583,128,0.05861652925799316,0.06435394670688788,0.0543875739132942,0.07599984735927447,0.021612273445980268,1.0,0.4973,0.39785,1,1,0.06
02_noise_sweep,141,77857357496225074712115503572607007015,20000,0.0,0.06,readout_flip,0.0,0.5,0.2,,0.11,0.95,20000,10071,2014,8057,605,117,0.060073478304041306,0.05809334657398212,0.04869363243192401,0.06917561729580138,0.020481984863877367,1.0,0.50355,0.40285,1,1,0.06
02_noise_sweep,142,82137553763976631987841321815608150995,20000,0.0,0.06,readout_flip,0.0,0.5,0.2,,0.11,0.95,20000,10121,2024,8097,588,106,0.05809702598557455,0.05237154150197629,0.04348638525268954,0.06295263535310196,0.01946625010041242,1.0,0.50605,0.40485,1,1,0.06
02_noise_sweep,143,204222637358215883915650105767171245488,20000,0.0,0.06,readout_flip,0.0,0.5,0.2,,0.11,0.95,20000,9954,1990,7964,635,130,0.06379344986939924,0.06532663316582915,0.055285612087770476,0.07704259166858511,0.021756979580814635,1.0,0.4977,0.3982,1,1,0.06
02_noise_sweep,144,144311210221931547726685184123831469096,20000,0.0,0.06,readout_flip,0.0,0.5,0.2,,0.11,0.95,20000,10073,2014,8059,606,122,0.060160825970415964,0.0605759682224429,0.05097051783995896,0.07185452261963314,0.020884004779674177,1.0,0.50365,0.40295,1,1,0.06
02_noise_sweep,145,184845182157882669025902541348673955524,20000,0.0,0.06,readout_flip,0.0,0.5,0.2,,0.11,0.95,20000,9974,1994,7980,589,118,0.05905353920192501,0.05917753259779338,0.049643834966619546,0.07040646119765676,0.02076262623103721,1.0,0.4987,0.399,1,1,0.06
02_noise_sweep,146,10870216767915634406059965517485120412,20000,0.0,0.06,readout_flip,0.0,0.5,0.2,,0.11,0.95,20000,10154,2030,8124,601,140,0.059188497143982666,0.06896551724137931,0.05873702689670074,0.08082225762357706,0.02208523072687632,1.0,0.5077,0.4062,1,1,0.06
02_noise_sweep,147,324581893341241916971146533342047698943,20000,0.0,0.06,readout_flip,0.0,0.5,0.2,,0.11,0.95,20000,10001,2000,8001,616,119,0.06159384061593841,0.0595,0.04995260683841224,0.07073631181637158,0.02078370497795934,1.0,0.50005,0.40005,1,1,0.06
02_noise_sweep,148,180884114961039894949913975630764543999,20000,0.0,0.06,readout_flip,0.0,0.5,0.2,,0.11,0.95,20000,9953,1990,7963,592,107,0.05947955390334572,0.053768844221105526,0.0446906036363992,0.06456655813891153,0.01987595450251233,1.0,0.49765,0.39815,1,1,0.06
02_noise_sweep,149,251864800663559037638381928395363745726,20000,0.0,0.06,readout_flip,0.0,0.5,0.2,,0.11,0.95,20000,9969,1993,7976,595,115,0.059685023573076534,0.0577019568489714,0.04829009058833862,0.06881558036402509,0.020525489775686467,1.0,0.49845,0.3988,1,1,0.06
02_noise_sweep,0,104538522258164798423374589176636780132,20000,0.0,0.08,readout_flip,0.0,0.5,0.2,,0.11,0.95,20000,9941,1988,7953,772,131,0.07765818328136002,0.0658953722334004,0.05580499747907836,0.07766017247380053,0.021855174994722164,1.0,0.49705,0.39765,1,1,0.08
02_noise_sweep,1,192614424206930355075871760145852259533,20000,0.0,0.08,readout_flip,0.0,0.5,0.2,,0.11,0.95,20000,9981,1996,7985,761,141,0.07624486524396352,0.07064128256513026,0.06020600377056816,0.08272605594843314,0.022520052177864985,1.0,0.49905,0.39925,1,1,0.08
02_noise_sweep,2,211307634330515188430603670948277738684,20000,0.0,0.08,readout_flip,0.0,0.5,0.2,,0.11,0.95,20000,9975,1995,7980,803,146,0.08050125313283207,0.07318295739348371,0.06255657010131203,0.08544989510140545,0.022893325000093417,1.0,0.49875,0.399,1,1,0.08
02_noise_sweep,3,284523309309786786335634693870670288877,20000,0.0,0.08,readout_flip,0.0,0.5,0.2,,0.11,0.95,20000,10122,2024,8098,785,140,0.07755384311400909,0.0691699604743083,0.05891202583681245,0.08106018825617892,0.022148162419366464,1.0,0.5061,0.4049,1,1,0.08
02_noise_sweep,4,200165825167951251350609622778508386487,20000,0.0,0.08,readout_flip,0.0,0.5,0.2,,0.11,0.95,20000,9917,1983,7934,817,164,0.0823837854189775,0.0827029752899647,0.07137189639253111,0.09564770013715942,0.024275803744628316,1.0,0.49585,0.3967,1,1,0.08
02_noise_sweep,5,33198037328793968480908953258323209425,20000,0.0,0.08,readout_flip,0.0,0.5,0.2,,0.11,0.95,20000,9890,1978,7912,809,165,0.08179979777553084,0.08341759352881699,0.0720244592677229,0.09642567448785426,0.02440121522013136,1.0,0.4945,0.3956,1,1,0.08
02_noise_sweep,6,113694670554627486965715290354552812047,20000,0.0,0.08,readout_flip,0.0,0.5,0.2,,0.11,0.95,20000,10031,2006,8025,764,145,0.07616389193500149,0.07228315054835494,0.0617499527662823,0.08445135954673476,0.02270140678045246,1.0,0.50155,0.40125,1,1,0.08
02_noise_sweep,7,335181793641026427663480040943153295979,20000,0.0,0.08,readout_flip,0.0,0.5,0.2,,0.11,0.95,20000,9947,1989,7958,779,161,0.07831506987031266,0.08094519859225742,0.06975069965064185,0.09375526183889768,0.024004562188255835,1.0,0.49735,0.3979,1,1,0.08
02_noise_sweep,8,64187949204852707122323847803837072166,20000,0.0,0.08,readout_flip,0.0,0.5,0.2,,0.11,0.95,20000,9998,1999,7999,762,163,0.07621524304860972,0.0815407703851926,0.07033141954470101,0.09435533455060827,0.024023915005907254,1.0,0.4999,0.39995,1,1,0.08
02_noise_sweep,9,101233358392002164822526387501740130542,20000,0.0,0.08,readout_flip,0.0,0.5,0.2,,0.11,0.95,20000,9998,1999,7999,838,190,0.08381676335267053,0.09504752376188094,0.08295653138324652,0.10869191743941081,0.025735386056164294,1.0,0.4999,0.39995,1,1,0.08
02_noise_sweep,10,204439303656002219620797178225950924524,20000,0.0,0.08,readout_flip,0.0,0.5,0.2,,0.11,0.95,20000,9995,1999,7996,798,137,0.07983991995998,0.06853426713356678,0.05826564484095734,0.08045799581320195,0.022192350972244618,1.0,0.49975,0.3998,1,1,0.08
02_noise_sweep,11,187693537318241854800186401520257327825,20000,0.0,0.08,readout_flip,0.0,0.5,0.2,,0.11,0.95,20000,9944,1988,7956,780,158,0.07843925985518906,0.079476861167002,0.06838181315134424,0.09219394823985706,0.02381213508851282,1.0,0.4972,0.3978,1,1,0.08
02_noise_sweep,12,196684396996325721861464450399224654691,20000,0.0,0.08,readout_flip,0.0,0.5,0.2,,0.11,0.95,20000,9923,1984,7939,768,159,0.07739594880580469,0.08014112903225806,0.06898931529473233,0.09291567838199156,0.023926363087259234,1.0,0.49615,0.39695,1,1,0.08
02_noise_sweep,13,193011405947042718269723657341518998491,20000,0.0,0.08,readout_flip,0.0,0.5,0.2,,0.11,0.95,20000,9927,1985,7942,759,169,0.07645814445451798,0.08513853904282116,0.07364810038858514,0.09823159233634067,0.024583491947755526,1.0,0.49635,0.3971,1,1,0.08
02_noise_sweep,14,15866726572015646251159922319565690273,20000,0.0,0.08,readout_flip,0.0,0.5,0.2,,0.11,0.95,20000,10134,2026,8108,782,159,0.07716597592263667,0.07847976307996052,0.06755133252143339,0.09100364103186026,0.023452308510426872,1.0,0.5067,0.4054,1,1,0.08
02_noise_sweep,15,35430743961192946803379824348057014992,20000,0.0,0.08,readout_flip,0.0,0.5,0.2,,0.11,0.95,20000,10009,2001,8008,761,153,0.07603157158557299,0.07646176911544228,0.06561294382759304,0.0889336700492727,0.02332072622167966,1.0,0.50045,0.4004,1,1,0.08
02_noise_sweep,16,193837308365919916267662505645517166693,20000,0.0,0.08,readout_flip,0.0,0.5,0.2,,0.11,0.95,20000,10059,2011,8048,751,130,0.07465950889750472,0.06464445549477872,0.05470549217394676,0.07624350019745452,0.021538008023507756,1.0,0.50295,0.4024,1,1,0.08
02_noise_sweep,17,142609315491821295099531189003179848511,20000,0.0,0.08,readout_flip,0.0,0.5,0.2,,0.11,0.95,20000,9811,1962,7849,778,170,0.07929874630516767,0.08664627930682976,0.07499216581248068,0.09991586518762051,0.02492369937513983,1.0,0.49055,0.39245,1,1,0.08
02_noise_sweep,18,231444288011324346458403796073720918544,20000,0.0,0.08,readout_flip,0.0,0.5,0.2,,0.11,0.95,20000,9983,1996,7987,782,191,0.07833316638285084,0.09569138276553106,0.08355190675387086,0.10938411680882931,0.02583221005495845,1.0,0.49915,0.39935,1,1,0.08
02_noise_sweep,19,330202967739188330150921915171300714827,20000,0.0,0.08,readout_flip,0.0,0.5,0.2,,0.11,0.95,20000,9985,1997,7988,813,143,0.0814221331997997,0.07160741111667501,0.0611023822857767,0.08375740035363746,0.022655018067860765,1.0,0.49925,0.3994,1,1,0.08
02_noise_sweep,20,42385539046319346674970632921445671795,20000,0.0,0.08,readout_flip,0.0,0.5,0.2,,0.11,0.95,20000,10109,2021,8088,782,139,0.07735681076268672,0.06877783275606135,0.058542522653942206,0.08064934226611127,0.022106819612169065,1.0,0.50545,0.4044,1,1,0.08
02_noise_sweep,21,288690725958410563293199907247921523605,20000,0.0,0.08,readout_flip,0.0,0.5,0.2,,0.11,0.95,20000,10001,2000,8001,806,174,0.0805919408059194,0.087,0.07542647321668068,0.10015700783763422,0.024730534620953537,1.0,0.50005,0.40005,1,1,0.08
02_noise_sweep,22,185572756285043713284190431620920581264,20000,0.0,0.08,readout_flip,0.0,0.5,0.2,,0.11,0.95,20000,9950,1990,7960,792,146,0.07959798994974875,0.07336683417085427,0.06271457495254305,0.0856630493123655,0.022948474359822446,1.0,0.4975,0.398,1,1,0.08
02_noise_sweep,23,49910261251994474485316268766237188074,20000,0.0,0.08,readout_flip,0.0,0.5,0.2,,0.11,0.95,20000,9905,1981,7924,805,161,0.0812720848056537,0.0812720848056537,0.0700339626731667,0.09413101754358816,0.024097054870421464,1.0,0.49525,0.3962,1,1,0.08
02_noise_sweep,24,177431516965872729015304479634713090865,20000,0.0,0.08,readout_flip,0.0,0.5,0.2,,0.11,0.95,20000,9976,1995,7981,725,150,0.07267441860465117,0.07518796992481203,0.06441554485395407,0.08759323877411765,0.023177693920163583,1.0,0.4988,0.39905,1,1,0.08
02_noise_sweep,25,284727754580034544221349841819018027999,20000,0.0,0.08,readout_flip,0.0,0.5,0.2,,0.11,0.95,20000,9961,1992,7969,791,143,0.07940969782150387,0.07178714859437751,0.06125654793594649,0.08396613873574746,0.02270959079980097,1.0,0.49805,0.39845,1,1,0.08
02_noise_sweep,26,203368274374768211613790250708231310084,20000,0.0,0.08,readout_flip,0.0,0.5,0.2,,0.11,0.95,20000,9912,1982,7930,793,150,0.08000403551251009,0.07568113017154389,0.06484032028292726,0.08816356503283833,0.02332324474991107,1.0,0.4956,0.3965,1,1,0.08
02_noise_sweep,27,73509434469227204537193710398852370050,20000,0.0,0.08,readout_flip,0.0,0.5,0.2,,0.11,0.95,20000,9994,1998,7996,795,157,0.0795477286371823,0.07857857857857858,0.06757225800485885,0.09120228301595602,0.023630025011097178,1.0,0.4997,0.3998,1,1,0.08
02_noise_sweep,28,27109758243491764121526754431789764219,20000,0.0,0.08,readout_flip,0.0,0.5,0.2,,0.11,0.95,20000,10081,2016,8065,795,164,0.07886122408491221,0.08134920634920635,0.07019707707261508,0.09409376732585731,0.02389669025324223,1.0,0.50405,0.40325,1,1,0.08
02_noise_sweep,29,138389248511228835721886728539217151532,20000,0.0,0.08,readout_flip,0.0,0.5,0.2,,0.11,0.95,20000,9909,1981,7928,810,143,0.08174386920980926,0.07218576476527007,0.06159846628080043,0.08442904515223121,0.02283057887143078,1.0,0.49545,0.3964,1,1,0.08
02_noise_sweep,30,196493640688302311723043587809973495426,20000,0.0,0.08,readout_flip,0.0,0.5,0.2,,0.11,0.95,20000,10044,2008,8036,808,164,0.08044603743528475,0.08167330677290836,0.07047831554737939,0.09446582424344373,0.023987508696064336,1.0,0.5022,0.4018,1,1,0.08
02_noise_sweep,31,141609281188676110430829473188276517068,20000,0.0,0.08,readout_flip,0.0,0.5,0.2,,0.11,0.95,20000,10090,2018,8072,779,169,0.07720515361744301,0.08374628344895936,0.07243689415708383,0.0966374204135969,0.02420052625651306,1.0,0.5045,0.4036,1,1,0.08
02_noise_sweep,32,164768935248742880767647226174443031268,20000,0.0,0.08,readout_flip,0.0,0.5,0.2,,0.11,0.95,20000,10006,2001,8005,806,175,0.08055166899860083,0.08745627186406797,0.075855471552315,0.10063801488467933,0.02478254333236432,1.0,0.5003,0.40025,1,1,0.08
02_noise_sweep,33,54587788148911939169395156883340536992,20000,0.0,0.08,readout_flip,0.0,0.5,0.2,,0.11,0.95,20000,10034,2006,8028,796,164,0.07933027705800279,0.08175473579262213,0.07054897767408651,0.09455929858537888,0.024010320911292377,1.0,0.5017,0.4014,1,1,0.08
02_noise_sweep,34,336690163276240366668174123027989665502,20000,0.0,0.08,readout_flip,0.0,0.5,0.2,,0.11,0.95,20000,9947,1989,7958,780,166,0.07841560269427968,0.08345902463549522,0.07209249054646089,0.09643143158201359,0.024338941035552702,1.0,0.49735,0.3979,1,1,0.08
02_noise_sweep,35,165565964818256093089425283592459155948,20000,0.0,0.08,readout_flip,0.0,0.5,0.2,,0.11,0.95,20000,10095,2019,8076,838,171,0.08301139177810797,0.08469539375928678,0.0733251420717055,0.09764300637741612,0.024317864305710618,1.0,0.50475,0.4038,1,1,0.08
02_noise_sweep,36,75102257055715459966186805068664580291,20000,0.0,0.08,readout_flip,0.0,0.5,0.2,,0.11,0.95,20000,9907,1981,7926,775,142,0.07822751589785,0.07168096920747097,0.06113127174143579,0.08388860253694455,0.022757330795508762,1.0,0.49535,0.3963,1,1,0.08
02_noise_sweep,37,70687791943870898786973368627556669339,20000,0.0,0.08,readout_flip,0.0,0.5,0.2,,0.11,0.95,20000,10097,2019,8078,806,150,0.0798256907992473,0.07429420505200594,0.06364579260664378,0.08655948299504974,0.02291369038840596,1.0,0.50485,0.4039,1,1,0.08
02_noise_sweep,38,227572439890918529292166200558935938551,20000,0.0,0.08,readout_flip,0.0,0.5,0.2,,0.11,0.95,20000,9970,1994,7976,823,179,0.08254764292878636,0.08976930792377132,0.07799879965152356,0.1031174031498166,0.025118603498293035,1.0,0.4985,0.3988,1,1,0.08
02_noise_sweep,39,311326658525206485713132205055834577799,20000,0.0,0.08,readout_flip,0.0,0.5,0.2,,0.11,0.95,20000,10144,2028,8116,819,152,0.08073738170347003,0.07495069033530571,0.06427697790756821,0.08723162404770891,0.0229546461401407,1.0,0.5072,0.4058,1,1,0.08
02_noise_sweep,40,64167756841799578104700720293251835721,20000,0.0,0.08,readout_flip,0.0,0.5,0.2,,0.11,0.95,20000,9935,1987,7948,750,159,0.0754906894816306,0.08002013085052843,0.06888457477873249,0.09277644418123128,0.023891869402498794,1.0,0.49675,0.3974,1,1,0.08
02_noise_sweep,41,282663879063366101151742433978654516155,20000,0.0,0.08,readout_flip,0.0,0.5,0.2,,0.11,0.95,20000,10071,2014,8057,801,155,0.07953529937444147,0.07696127110228401,0.06610955459611209,0.08942370469380029,0.023314150097688197,1.0,0.50355,0.40285,1,1,0.08
02_noise_sweep,42,115597447230147864184797351521892849755,20000,0.0,0.08,readout_flip,0.0,0.5,0.2,,0.11,0.95,20000,10101,2020,8081,755,164,0.07474507474507475,0.08118811881188119,0.07005729795681609,0.09390883554361157,0.02385153758679548,1.0,0.50505,0.40405,1,1,0.08
02_noise_sweep,43,33200152834391717432255879004592953655,20000,0.0,0.08,readout_flip,0.0,0.5,0.2,,0.11,0.95,20000,9996,1999,7997,809,144,0.08093237294917967,0.0720360180090045,0.061504045027341095,0.08420966463020473,0.02270561960286363,1.0,0.4998,0.39985,1,1,0.08
02_noise_sweep,44,245847403610705939430507864021593028490,20000,0.0,0.08,readout_flip,0.0,0.5,0.2,,0.11,0.95,20000,10047,2009,8038,808,151,0.08042201652234497,0.07516177202588352,0.06442612621377683,0.08751900462622678,0.023092878412449946,1.0,0.50235,0.4019,1,1,0.08
02_noise_sweep,45,222634421260805737875123462852686809434,20000,0.0,0.08,readout_flip,0.0,0.5,0.2,,0.11,0.95,20000,10101,2020,8081,803,154,0.0794970794970795,0.07623762376237624,0.065452244355637,0.0886316921412496,0.023179447785612595,1.0,0.50505,0.40405,1,1,0.08
02_noise_sweep,46,54281185826315110937877157110070977793,20000,0.0,0.08,readout_flip,0.0,0.5,0.2,,0.11,0.95,20000,10052,2010,8042,812,155,0.0807799442896936,0.07711442786069651,0.06624182755119382,0.08960036024668763,0.023358532695493817,1.0,0.5026,0.4021,1,1,0.08
02_noise_sweep,47,196190513942187041188245204245000102836,20000,0.0,0.08,readout_flip,0.0,0.5,0.2,,0.11,0.95,20000,10050,2010,8040,795,165,0.0791044776119403,0.08208955223880597,0.07087134817201943,0.0949021080047105,0.024030759832691068,1.0,0.5025,0.402,1,1,0.08
02_noise_sweep,48,118651873921907429720364721668281605546,20000,0.0,0.08,readout_flip,0.0,0.5,0.2,,0.11,0.95,20000,10067,2013,8054,861,183,0.08552696930565214,0.09090909090909091,0.07911769858178354,0.10425886639469766,0.025141167812914117,1.0,0.50335,0.4027,1,1,0.08
02_noise_sweep,49,297087782179489491098898582064850354010,20000,0.0,0.08,readout_flip,0.0,0.5,0.2,,0.11,0.95,20000,9983,1996,7987,751,152,0.07522788740859461,0.07615230460921844,0.0653130157817587,0.08861991598285636,0.023306900201097658,1.0,0.49915,0.39935,1,1,0.08
02_noise_sweep,50,334403985006876830978884099911966288021,20000,0.0,0.08,readout_flip,0.0,0.5,0.2,,0.11,0.95,20000,9920,1984,7936,780,152,0.07862903225806452,0.07661290322580645,0.06571019382970943,0.0891519846678273,0.02344179083811787,1.0,0.496,0.3968,1,1,0.08
02_noise_sweep,51,210822289587128612247202066345624343881,20000,0.0,0.08,readout_flip,0.0,0.5,0.2,,0.11,0.95,20000,10003,2000,8003,786,152,0.07857642707187844,0.076,0.06518168804667072,0.08844396804783176,0.02326228000116104,1.0,0.50015,0.40015,1,1,0.08
02_noise_sweep,52,223918293187588739112941996787069311300,20000,0.0,0.08,readout_flip,0.0,0.5,0.2,,0.11,0.95,20000,9901,1980,7921,798,164,0.0805979194020806,0.08282828282828283,0.07148065129651048,0.09579151520915334,0.024310863912642866,1.0,0.49505,0.39605,1,1,0.08
02_noise_sweep,53,101891112847014951258901964384400682078,20000,0.0,0.08,readout_flip,0.0,0.5,0.2,,0.11,0.95,20000,10074,2014,8060,794,167,0.07881675600555886,0.08291956305858987,0.07165543628847139,0.0957717207579211,0.024116284469449717,1.0,0.5037,0.403,1,1,0.08
02_noise_sweep,54,270117977666465949863242051005178180609,20000,0.0,0.08,readout_flip,0.0,0.5,0.2,,0.11,0.95,20000,9953,1990,7963,775,158,0.07786597005927862,0.07939698492462312,0.0683127074754162,0.09210198217090707,0.02378927469549086,1.0,0.49765,0.39815,1,1,0.08
02_noise_sweep,55,223242369851190814080430201919641825782,20000,0.0,0.08,readout_flip,0.0,0.5,0.2,,0.11,0.95,20000,9933,1986,7947,772,155,0.07772072888351958,0.07804632426988922,0.06704671707626912,0.0906751242440421,0.02362840716777298,1.0,0.49665,0.39735,1,1,0.08
02_noise_sweep,56,204840791725820525036844165854438065522,20000,0.0,0.08,readout_flip,0.0,0.5,0.2,,0.11,0.95,20000,9964,1992,7972,820,172,0.08229626655961461,0.08634538152610442,0.07479345122774833,0.09948965992990208,0.02469620870215375,1.0,0.4982,0.3986,1,1,0.08
02_noise_sweep,57,272680414049302460428378498588328860963,20000,0.0,0.08,readout_flip,0.0,0.5,0.2,,0.11,0.95,20000,10169,2033,8136,815,164,0.08014554036778444,0.08066896212493851,0.06960683604913642,0.09331279492343134,0.023705958874294913,1.0,0.50845,0.4068,1,1,0.08
02_noise_sweep,58,83801196276941547247215130795104579757,20000,0.0,0.08,readout_flip,0.0,0.5,0.2,,0.11,0.95,20000,9886,1977,7909,805,151,0.08142828241958325,0.07637835103692463,0.06547458109160498,0.08892518546153383,0.02345060436992885,1.0,0.4943,0.39545,1,1,0.08
02_noise_sweep,59,271623314454323681056309136810190584884,20000,0.0,0.08,readout_flip,0.0,0.5,0.2,,0.11,0.95,20000,10028,2005,8023,822,161,0.08197048264858396,0.08029925187032419,0.06919099345972232,0.09301267741233438,0.023821683952612055,1.0,0.5014,0.40115,1,1,0.08
02_noise_sweep,60,17052069988416969321817746910104620587,20000,0.0,0.08,readout_flip,0.0,0.5,0.2,,0.11,0.95,20000,10021,2004,8017,813,145,0.08112962778165851,0.07235528942115768,0.06181190018930785,0.08453504245888407,0.022723142269576224,1.0,0.50105,0.40085,1,1,0.08
02_noise_sweep,61,66210727960243712927031575041612170956,20000,0.0,0.08,readout_flip,0.0,0.5,0.2,,0.11,0.95,20000,9933,1986,7947,805,150,0.08104298801973221,0.0755287009063444,0.06470902461173422,0.08798729070213493,0.023278266090400707,1.0,0.49665,0.39735,1,1,0.08
02_noise_sweep,62,190256111166606447515885989157977952420,20000,0.0,0.08,readout_flip,0.0,0.5,0.2,,0.11,0.95,20000,10013,2002,8011,783,170,0.07819834215519825,0.08491508491508491,0.07348519219915489,0.09793486560683481,0.024449673407679923,1.0,0.50065,0.40055,1,1,0.08
02_noise_sweep,63,236521075535978917175695630548967266542,20000,0.0,0.08,readout_flip,0.0,0.5,0.2,,0.11,0.95,20000,9945,1989,7956,811,173,0.08154851684263449,0.08697838109602815,0.07537643171735015,0.1001726353056333,0.02479620358828316,1.0,0.49725,0.3978,1,1,0.08
02_noise_sweep,64,158729076420982209685707359502601234850,20000,0.0,0.08,readout_flip,0.0,0.5,0.2,,0.11,0.95,20000,9910,1982,7928,772,143,0.07790110998990918,0.07214934409687185,0.061567225131869886,0.08438675197606023,0.022819526844190342,1.0,0.4955,0.3964,1,1,0.08
02_noise_sweep,65,128087704086317991651273179260016987496,20000,0.0,0.08,readout_flip,0.0,0.5,0.2,,0.11,0.95,20000,10089,2017,8072,837,162,0.08296164139161463,0.08031730292513634,0.06923861078279485,0.09299156189587392,0.023752951113079068,1.0,0.50445,0.4036,1,1,0.08
02_noise_sweep,66,81629563319103767867044590697784435272,20000,0.0,0.08,readout_flip,0.0,0.5,0.2,,0.11,0.95,20000,10025,2005,8020,780,141,0.07780548628428928,0.07032418952618454,0.05993437092200123,0.08235732540156007,0.02242295447955884,1.0,0.50125,0.401,1,1,0.08
02_noise_sweep,67,274382101427315525810253770970394809030,20000,0.0,0.08,readout_flip,0.0,0.5,0.2,,0.11,0.95,20000,9948,1989,7959,772,153,0.07760353839967833,0.07692307692307693,0.0660109459288889,0.08946627853835465,0.02345533260946575,1.0,0.4974,0.39795,1,1,0.08
02_noise_sweep,68,336262482309674857824470759773113335365,20000,0.0,0.08,readout_flip,0.0,0.5,0.2,,0.11,0.95,20000,9947,1989,7958,750,154,0.07539961797526892,0.07742584213172449,0.06647791980826526,0.09000289678676529,0.023524976978500034,1.0,0.49735,0.3979,1,1,0.08
02_noise_sweep,69,151432370093699843100657459791701690265,20000,0.0,0.08,readout_flip,0.0,0.5,0.2,,0.11,0.95,20000,9939,1987,7952,847,164,0.08521984103028474,0.0825364871665828,0.07122740365973572,0.09545661698411083,0.02422921332437511,1.0,0.49695,0.3976,1,1,0.08
02_noise_sweep,70,215335352998238280427702416826517669955,20000,0.0,0.08,readout_flip,0.0,0.5,0.2,,0.11,0.95,20000,9983,1996,7987,777,149,0.07783231493539017,0.0746492985971944,0.06391836485730128,0.08701432907669186,0.023095964219390586,1.0,0.49915,0.39935,1,1,0.08
02_noise_sweep,71,54752097759689344926437344922229955693,20000,0.0,0.08,readout_flip,0.0,0.5,0.2,,0.11,0.95,20000,9847,1969,7878,763,163,0.07748552858738703,0.08278313864906044,0.07140911159483707,0.09578195048770022,0.024372838892863152,1.0,0.49235,0.3939,1,1,0.08
02_noise_sweep,72,253584867694336525443095327737914080316,20000,0.0,0.08,readout_flip,0.0,0.5,0.2,,0.11,0.95,20000,9913,1982,7931,778,150,0.0784828003631595,0.07568113017154389,0.06484032028292726,0.08816356503283833,0.02332324474991107,1.0,0.49565,0.39655,1,1,0.08
02_noise_sweep,73,81030873188371018186024401642521448336,20000,0.0,0.08,readout_flip,0.0,0.5,0.2,,0.11,0.95,20000,10042,2008,8034,804,153,0.0800637323242382,0.07619521912350598,0.06538298478619539,0.0886258996923647,0.02324291490616931,1.0,0.5021,0.4017,1,1,0.08
02_noise_sweep,74,25740069506788485780121741101266080563,20000,0.0,0.08,readout_flip,0.0,0.5,0.2,,0.11,0.95,20000,9989,1997,7992,784,149,0.07848633496846531,0.07461191787681522,0.06388618759916834,0.08697107172541649,0.02308488412624815,1.0,0.49945,0.3996,1,1,0.08
02_noise_sweep,75,6354972208910003872800508549608022288,20000,0.0,0.08,readout_flip,0.0,0.5,0.2,,0.11,0.95,20000,9965,1993,7972,831,162,0.08339187155042649,0.08128449573507275,0.07007706957070944,0.09410294450727977,0.024025874936570324,1.0,0.49825,0.3986,1,1,0.08
02_noise_sweep,76,192292385332514536189705712886941990740,20000,0.0,0.08,readout_flip,0.0,0.5,0.2,,0.11,0.95,20000,9998,1999,7999,832,173,0.08321664332866573,0.0865432716358179,0.07499716288805067,0.09967540406923936,0.024678241181188693,1.0,0.4999,0.39995,1,1,0.08
02_noise_sweep,77,65521427482586736611851332186556238831,20000,0.0,0.08,readout_flip,0.0,0.5,0.2,,0.11,0.95,20000,9962,1992,7970,748,129,0.07508532423208192,0.06475903614457831,0.05476745886872274,0.07642605736147494,0.0216585984927522,1.0,0.4981,0.3985,1,1,0.08
02_noise_sweep,78,194687327027819934390278205180481793499,20000,0.0,0.08,readout_flip,0.0,0.5,0.2,,0.11,0.95,20000,10037,2007,8030,804,168,0.08010361661851151,0.08370702541106129,0.07237141288512508,0.0966331883130232,0.02426177542789812,1.0,0.50185,0.4015,1,1,0.08
02_noise_sweep,79,255135460663731586115512808306314593887,20000,0.0,0.08,readout_flip,0.0,0.5,0.2,,0.11,0.95,20000,9894,1978,7916,780,167,0.07883565797453002,0.08442871587462084,0.07296709471656448,0.09750136395708167,0.024534269240517187,1.0,0.4947,0.3958,1,1,0.08
02_noise_sweep,80,312860961364693966993403785050699124993,20000,0.0,0.08,readout_flip,0.0,0.5,0.2,,0.11,0.95,20000,10058,2011,8047,820,157,0.08152714257307615,0.07807061163600199,0.06713305971469452,0.09061704882572122,0.0234839891110267,1.0,0.5029,0.40235,1,1,0.08
02_noise_sweep,81,235917937452233519849391758784022089383,20000,0.0,0.08,readout_flip,0.0,0.5,0.2,,0.11,0.95,20000,10147,2029,8118,833,161,0.08209322952596827,0.07934943321833415,0.06836807815456589,0.09192059433724933,0.023552516182683447,1.0,0.50735,0.4059,1,1,0.08
02_noise_sweep,82,7725908315960801821722785530472543833,20000,0.0,0.08,readout_flip,0.0,0.5,0.2,,0.11,0.95,20000,9865,1973,7892,767,163,0.07774961986822099,0.08261530663963507,0.07126351474213952,0.09558924795612186,0.024325733213982348,1.0,0.49325,0.3946,1,1,0.08
02_noise_sweep,83,328605478273698119690537206221149409307,20000,0.0,0.08,readout_flip,0.0,0.5,0.2,,0.11,0.95,20000,9946,1989,7957,810,173,0.0814397747838327,0.08697838109602815,0.07537643171735015,0.1001726353056333,0.02479620358828316,1.0,0.4973,0.39785,1,1,0.08
02_noise_sweep,84,334327437148774901248272046337259257922,20000,0.0,0.08,readout_flip,0.0,0.5,0.2,,0.11,0.95,20000,10044,2008,8036,814,174,0.08104340900039825,0.08665338645418327,0.0751242195393451,0.09976106144444442,0.02463684190509932,1.0,0.5022,0.4018,1,1,0.08
02_noise_sweep,85,67683916329842862994373713070520097070,20000,0.0,0.08,readout_flip,0.0,0.5,0.2,,0.11,0.95,20000,10150,2030,8120,815,149,0.08029556650246306,0.07339901477832513,0.06284221752366698,0.08556731435583084,0.022725096832163866,1.0,0.5075,0.406,1,1,0.08
02_noise_sweep,86,191525643796162027521448466545702064625,20000,0.0,0.08,readout_flip,0.0,0.5,0.2,,0.11,0.95,20000,9858,1971,7887,827,160,0.08389125583282613,0.08117706747843734,0.06991902601063957,0.09406449650163382,0.024145470490994247,1.0,0.4929,0.39435,1,1,0.08
02_noise_sweep,87,57777562695777277510097980185570850203,20000,0.0,0.08,readout_flip,0.0,0.5,0.2,,0.11,0.95,20000,9954,1990,7964,793,166,0.07966646574241511,0.08341708542713568,0.07205605642439687,0.09638334347620288,0.024327287051806007,1.0,0.4977,0.3982,1,1,0.08
02_noise_sweep,88,175345568083032667897489709644084614511,20000,0.0,0.08,readout_flip,0.0,0.5,0.2,,0.11,0.95,20000,10068,2013,8055,790,167,0.07846642828764402,0.08296075509190264,0.07169123408398526,0.0958189374979892,0.024127703414003943,1.0,0.5034,0.40275,1,1,0.08
02_noise_sweep,89,267266628595577893794433086010816647655,20000,0.0,0.08,readout_flip,0.0,0.5,0.2,,0.11,0.95,20000,10031,2006,8025,800,177,0.07975276642408534,0.08823529411764706,0.07659712979349421,0.10144749021880427,0.024850360425310053,1.0,0.50155,0.40125,1,1,0.08
02_noise_sweep,90,292792837906938577525532527960532373445,20000,0.0,0.08,readout_flip,0.0,0.5,0.2,,0.11,0.95,20000,10040,2008,8032,802,162,0.0798804780876494,0.08067729083665338,0.06955067069770156,0.0934052408545283,0.023854570156826738,1.0,0.502,0.4016,1,1,0.08
02_noise_sweep,91,288992281336117567484891511718250867259,20000,0.0,0.08,readout_flip,0.0,0.5,0.2,,0.11,0.95,20000,9962,1992,7970,793,151,0.0796024894599478,0.07580321285140562,0.06497890066634779,0.08826045482905825,0.023281554162710466,1.0,0.4981,0.3985,1,1,0.08
02_noise_sweep,92,132693358914150942763820312158699590756,20000,0.0,0.08,readout_flip,0.0,0.5,0.2,,0.11,0.95,20000,10008,2001,8007,823,157,0.08223421262989608,0.07846076961519241,0.06747039520602788,0.09106655913631581,0.023596163930287933,1.0,0.5004,0.40035,1,1,0.08
02_noise_sweep,93,214046389400222479516926810999020068678,20000,0.0,0.08,readout_flip,0.0,0.5,0.2,,0.11,0.95,20000,10000,2000,8000,798,170,0.0798,0.085,0.07355910081272696,0.09803204843071298,0.02447294761798602,1.0,0.5,0.4,1,1,0.08
02_noise_sweep,94,105590702192436106101564587109725256715,20000,0.0,0.08,readout_flip,0.0,0.5,0.2,,0.11,0.95,20000,9935,1987,7948,767,148,0.07720181177654756,0.07448414695520886,0.06374271822059988,0.08686769703482175,0.023124978814221875,1.0,0.49675,0.3974,1,1,0.08
02_noise_sweep,95,49616649707168988930724475629797901765,20000,0.0,0.08,readout_flip,0.0,0.5,0.2,,0.11,0.95,20000,9912,1982,7930,765,150,0.07717917675544794,0.07568113017154389,0.06484032028292726,0.08816356503283833,0.02332324474991107,1.0,0.4956,0.3965,1,1,0.08
02_noise_sweep,96,2671365832094637176056130955599287873,20000,0.0,0.08,readout_flip,0.0,0.5,0.2,,0.11,0.95,20000,10053,2010,8043,817,155,0.08126927285387446,0.07711442786069651,0.06624182755119382,0.08960036024668763,0.023358532695493817,1.0,0.50265,0.40215,1,1,0.08
02_noise_sweep,97,206760229807966252620133902824065440088,20000,0.0,0.08,readout_flip,0.0,0.5,0.2,,0.11,0.95,20000,10091,2018,8073,805,176,0.07977405608958478,0.08721506442021804,0.07567579858485542,0.1003228966977363,0.024647098112880877,1.0,0.50455,0.40365,1,1,0.08
02_noise_sweep,98,306743208507704075681686724408405779850,20000,0.0,0.08,readout_flip,0.0,0.5,0.2,,0.11,0.95,20000,9995,1999,7996,815,188,0.0815407703851926,0.09404702351175588,0.0820184416292356,0.10763284462102557,0.025614402991789964,1.0,0.49975,0.3998,1,1,0.08
02_noise_sweep,99,102423625424133181155019843608083678208,20000,0.0,0.08,readout_flip,0.0,0.5,0.2,,0.11,0.95,20000,9997,1999,7998,824,170,0.08242472741822547,0.08504252126063032,0.07359611090576018,0.09808071219293563,0.024484601287175445,1.0,0.49985,0.3999,1,1,0.08
02_noise_sweep,100,87665781914925605134881460870828605664,20000,0.0,0.08,readout_flip,0.0,0.5,0.2,,0.11,0.95,20000,9940,1988,7952,819,183,0.0823943661971831,0.0920523138832998,0.08011868041783539,0.10555948045329412,0.025440800035458733,1.0,0.497,0.3976,1,1,0.08
02_noise_sweep,101,19432282996960111961025868390965689461,20000,0.0,0.08,readout_flip,0.0,0.5,0.2,,0.11,0.95,20000,9984,1996,7988,855,165,0.08563701923076923,0.08266533066132264,0.07137125844489287,0.09556270391908389,0.024191445474191026,1.0,0.4992,0.3994,1,1,0.08
02_noise_sweep,102,56920721189720741480209995214965024588,20000,0.0,0.08,readout_flip,0.0,0.5,0.2,,0.11,0.95,20000,9963,1992,7971,812,171,0.0815015557562983,0.0858433734939759,0.07432477734058056,0.09895625021410583,0.024631472873525267,1.0,0.49815,0.39855,1,1,0.08
02_noise_sweep,103,59598207230380850533173898122790276409,20000,0.0,0.08,readout_flip,0.0,0.5,0.2,,0.11,0.95,20000,9999,1999,8000,808,172,0.08080808080808081,0.08604302151075538,0.07453002200179154,0.09914396366930042,0.024613941667508882,1.0,0.49995,0.4,1,1,0.08
02_noise_sweep,104,126294214509683184443075774114511780376,20000,0.0,0.08,readout_flip,0.0,0.5,0.2,,0.11,0.95,20000,10137,2027,8110,831,184,0.08197691624741048,0.09077454366058214,0.0790299037053438,0.10406733276560248,0.025037429060258687,1.0,0.50685,0.4055,1,1,0.08
02_noise_sweep,105,1305673165766749958955539978997542682,20000,0.0,0.08,readout_flip,0.0,0.5,0.2,,0.11,0.95,20000,10034,2006,8028,796,157,0.07933027705800279,0.07826520438683948,0.06730130470670762,0.09084124799353999,0.02353994328683237,1.0,0.5017,0.4014,1,1,0.08
02_noise_sweep,106,27932179514329396161158833616925991285,20000,0.0,0.08,readout_flip,0.0,0.5,0.2,,0.11,0.95,20000,9913,1982,7931,781,164,0.07878543326944416,0.08274470232088799,0.07140811123363872,0.09569559049779783,0.024287479264159112,1.0,0.49565,0.39655,1,1,0.08
02_noise_sweep,107,276108472695813055243461509366261933699,20000,0.0,0.08,readout_flip,0.0,0.5,0.2,,0.11,0.95,20000,9949,1989,7960,789,165,0.07930445270881496,0.08295625942684766,0.07162386796661033,0.09589646203407715,0.02427259406746682,1.0,0.49745,0.398,1,1,0.08
02_noise_sweep,108,108827941274881958376418721196906154993,20000,0.0,0.08,readout_flip,0.0,0.5,0.2,,0.11,0.95,20000,9989,1997,7992,784,154,0.07848633496846531,0.0771156735102654,0.06621016398125222,0.08964499258097484,0.023434828599722624,1.0,0.49945,0.3996,1,1,0.08
02_noise_sweep,109,249955877928513283815416861200622527790,20000,0.0,0.08,readout_flip,0.0,0.5,0.2,,0.11,0.95,20000,9913,1982,7931,800,171,0.08070210834258044,0.08627648839556004,0.07470196545473592,0.09945164448453611,0.024749679029800187,1.0,0.49565,0.39655,1,1,0.08
02_noise_sweep,110,228645820121304382580858675031110288965,20000,0.0,0.08,readout_flip,0.0,0.5,0.2,,0.11,0.95,20000,9961,1992,7969,805,160,0.08081517919887561,0.08032128514056225,0.06917782088887915,0.09308028703320305,0.023902466144323897,1.0,0.49805,0.39845,1,1,0.08
02_noise_sweep,111,183818761113794195349024393739040909974,20000,0.0,0.08,readout_flip,0.0,0.5,0.2,,0.11,0.95,20000,10046,2009,8037,831,166,0.08271949034441568,0.08262817322050771,0.07137073939750824,0.09547869494267103,0.02410795554516279,1.0,0.5023,0.40185,1,1,0.08
02_noise_sweep,112,15348194491280652416513706767354933619,20000,0.0,0.08,readout_flip,0.0,0.5,0.2,,0.11,0.95,20000,9947,1989,7958,805,151,0.08092892329345532,0.0759175465057818,0.06507743536164848,0.08839260485002107,0.02331516948837259,1.0,0.49735,0.3979,1,1,0.08
02_noise_sweep,113,304347291662308648417876336540682908338,20000,0.0,0.08,readout_flip,0.0,0.5,0.2,,0.11,0.95,20000,10071,2014,8057,821,170,0.08152119948366597,0.08440913604766634,0.07304484114087245,0.09735579034464006,0.024310949203767612,1.0,0.50355,0.40285,1,1,0.08
02_noise_sweep,114,77408750433881286031824429695692146685,20000,0.0,0.08,readout_flip,0.0,0.5,0.2,,0.11,0.95,20000,10046,2009,8037,789,160,0.07853872187935497,0.07964161274265803,0.0685892111026097,0.09229850183749931,0.023709290734889615,1.0,0.5023,0.40185,1,1,0.08
02_noise_sweep,115,227299803014476978605521353831392728234,20000,0.0,0.08,readout_flip,0.0,0.5,0.2,,0.11,0.95,20000,10145,2029,8116,836,174,0.08240512567767373,0.08575653031049778,0.07434221059532505,0.09873644110868278,0.024394230513357734,1.0,0.50725,0.4058,1,1,0.08
02_noise_sweep,116,171573505924491015868442525654919020845,20000,0.0,0.08,readout_flip,0.0,0.5,0.2,,0.11,0.95,20000,10182,2036,8146,784,166,0.07699862502455314,0.08153241650294696,0.07041899620212455,0.09422196516693018,0.023802968964805632,1.0,0.5091,0.4073,1,1,0.08
02_noise_sweep,117,246993870583273074081060202398826719277,20000,0.0,0.08,readout_flip,0.0,0.5,0.2,,0.11,0.95,20000,10021,2004,8017,818,150,0.08162857998203772,0.0748502994011976,0.064124715439387,0.08720270012217601,0.023077984682789016,1.0,0.50105,0.40085,1,1,0.08
02_noise_sweep,118,218384579198746006951903467523046503373,20000,0.0,0.08,readout_flip,0.0,0.5,0.2,,0.11,0.95,20000,9921,1984,7937,749,145,0.07549642173168028,0.07308467741935484,0.062438280403791416,0.0853810829145581,0.02294280251076669,1.0,0.49605,0.39685,1,1,0.08
02_noise_sweep,119,143680623601169344552313714206179256601,20000,0.0,0.08,readout_flip,0.0,0.5,0.2,,0.11,0.95,20000,9978,1995,7983,794,149,0.07957506514331529,0.07468671679197995,0.06395057454832667,0.08705762947340648,0.023107054925079806,1.0,0.4989,0.39915,1,1,0.08
02_noise_sweep,120,199620177572997206175483156056405217053,20000,0.0,0.08,readout_flip,0.0,0.5,0.2,,0.11,0.95,20000,10128,2025,8103,842,175,0.08313586097946288,0.08641975308641975,0.07495123539732881,0.0994544370036935,0.024503201606364683,1.0,0.5064,0.40515,1,1,0.08
02_noise_sweep,121,287929798086216230537573993189712462473,20000,0.0,0.08,readout_flip,0.0,0.5,0.2,,0.11,0.95,20000,10078,2015,8063,787,154,0.07809089104981147,0.07642679900744417,0.06561552957235678,0.08885002167645514,0.023234492104098364,1.0,0.5039,0.40315,1,1,0.08
02_noise_sweep,122,159223884894336991894521501548237101863,20000,0.0,0.08,readout_flip,0.0,0.5,0.2,,0.11,0.95,20000,10070,2014,8056,814,152,0.08083416087388282,0.07547169811320754,0.06472617139668276,0.0878336134541096,0.023107442057426847,1.0,0.5035,0.4028,1,1,0.08
02_noise_sweep,123,126014302786002719003608919835941738322,20000,0.0,0.08,readout_flip,0.0,0.5,0.2,,0.11,0.95,20000,9910,1982,7928,844,171,0.08516649848637739,0.08627648839556004,0.07470196545473592,0.09945164448453611,0.024749679029800187,1.0,0.4955,0.3964,1,1,0.08
02_noise_sweep,124,281059627024150725617174411930764193024,20000,0.0,0.08,readout_flip,0.0,0.5,0.2,,0.11,0.95,20000,10050,2010,8040,803,167,0.07990049751243782,0.08308457711442786,0.07179884242715334,0.09596086742534626,0.02416202499819292,1.0,0.5025,0.402,1,1,0.08
02_noise_sweep,125,26615964334284536365092099529280636480,20000,0.0,0.08,readout_flip,0.0,0.5,0.2,,0.11,0.95,20000,10215,2043,8172,813,167,0.07958883994126285,0.08174253548702888,0.0706326313772177,0.09442238906161224,0.023789757684394536,1.0,0.51075,0.4086,1,1,0.08
02_noise_sweep,126,191609316926882243654593056495190906020,20000,0.0,0.08,readout_flip,0.0,0.5,0.2,,0.11,0.95,20000,10081,2016,8065,783,139,0.07767086598551731,0.0689484126984127,0.05868844871370039,0.080847977568613,0.022159528854912618,1.0,0.50405,0.40325,1,1,0.08
02_noise_sweep,127,71262625954415925540738967235535699847,20000,0.0,0.08,readout_flip,0.0,0.5,0.2,,0.11,0.95,20000,10084,2016,8068,778,161,0.07715192383974613,0.0798611111111111,0.0688113780809609,0.09250893614357238,0.02369755806261148,1.0,0.5042,0.4034,1,1,0.08
02_noise_sweep,128,600974989031618038732399493445465440,20000,0.0,0.08,readout_flip,0.0,0.5,0.2,,0.11,0.95,20000,9968,1993,7975,806,179,0.08085874799357945,0.08981435022579026,0.07803816982231741,0.10316873432238742,0.025130564500070007,1.0,0.4984,0.39875,1,1,0.08
02_noise_sweep,129,152346882754443855587492188206728731312,20000,0.0,0.08,readout_flip,0.0,0.5,0.2,,0.11,0.95,20000,10110,2022,8088,789,160,0.07804154302670623,0.0791295746785361,0.06814581339393846,0.09170946916564168,0.023563655771703218,1.0,0.5055,0.4044,1,1,0.08
02_noise_sweep,130,93458228960905179875392263002226080581,20000,0.0,0.08,readout_flip,0.0,0.5,0.2,,0.11,0.95,20000,10008,2001,8007,767,156,0.07663868904876099,0.07796101949025487,0.06700582030771475,0.09053354891825945,0.023527728610544696,1.0,0.5004,0.40035,1,1,0.08
02_noise_sweep,131,28060515634419831585419439725175344161,20000,0.0,0.08,readout_flip,0.0,0.5,0.2,,0.11,0.95,20000,10083,2016,8067,843,154,0.08360606962213626,0.0763888888888889,0.06558280737818645,0.08880626977382233,0.023223462395635885,1.0,0.50415,0.40335,1,1,0.08
02_noise_sweep,132,56503295503192366265850350620037676178,20000,0.0,0.08,readout_flip,0.0,0.5,0.2,,0.11,0.95,20000,10035,2007,8028,821,175,0.08181365221723966,0.08719481813652218,0.07562737294706112,0.10033948772638693,0.024712114779325806,1.0,0.50175,0.4014,1,1,0.08
02_noise_sweep,133,272235451550149508433759923364096512840,20000,0.0,0.08,readout_flip,0.0,0.5,0.2,,0.11,0.95,20000,10054,2010,8044,774,148,0.07698428486174656,0.0736318407960199,0.06300948997557657,0.08588080995711098,0.02287131998153441,1.0,0.5027,0.4022,1,1,0.08
02_noise_sweep,134,168982584809082102184851212016614525917,20000,0.0,0.08,readout_flip,0.0,0.5,0.2,,0.11,0.95,20000,10106,2021,8085,812,155,0.08034830793587967,0.07669470559129143,0.06587934373991758,0.08911622761878094,0.023236883878863357,1.0,0.5053,0.40425,1,1,0.08
02_noise_sweep,135,123718127602659636517216095559478614157,20000,0.0,0.08,readout_flip,0.0,0.5,0.2,,0.11,0.95,20000,10083,2016,8067,759,134,0.07527521570961024,0.06646825396825397,0.05639824211877432,0.07818730054030726,0.02178905842153294,1.0,0.50415,0.40335,1,1,0.08
02_noise_sweep,136,37048111826685963555049725009845108158,20000,0.0,0.08,readout_flip,0.0,0.5,0.2,,0.11,0.95,20000,10103,2020,8083,786,158,0.07779867366128873,0.07821782178217822,0.0672926348602635,0.09074418043803952,0.023451545577776012,1.0,0.50515,0.40415,1,1,0.08
02_noise_sweep,137,143662530270322512982468594721782435671,20000,0.0,0.08,readout_flip,0.0,0.5,0.2,,0.11,0.95,20000,9938,1987,7951,793,153,0.07979472730931778,0.0770005032712632,0.06607774957617374,0.08955566736313067,0.02347791778695693,1.0,0.4969,0.39755,1,1,0.08
02_noise_sweep,138,8375372686117772781622590755040091950,20000,0.0,0.08,readout_flip,0.0,0.5,0.2,,0.11,0.95,20000,9918,1983,7935,794,179,0.08005646299657189,0.0902672718103883,0.07843406888690843,0.1036848703038753,0.025250801416966867,1.0,0.4959,0.39675,1,1,0.08
02_noise_sweep,139,25901469757649792350232919085245106484,20000,0.0,0.08,readout_flip,0.0,0.5,0.2,,0.11,0.95,20000,9973,1994,7979,770,148,0.07720846284969417,0.07422266800401203,0.06351776149903159,0.08656494776544006,0.023047186266408476,1.0,0.49865,0.39895,1,1,0.08
02_noise_sweep,140,185751048209895321519151559951583355141,20000,0.0,0.08,readout_flip,0.0,0.5,0.2,,0.11,0.95,20000,10023,2004,8019,787,149,0.0785194053676544,0.07435129740518961,0.06366185081237305,0.08666947016651574,0.023007619354142694,1.0,0.50115,0.40095,1,1,0.08
02_noise_sweep,141,303723832804673512973493218685016345198,20000,0.0,0.08,readout_flip,0.0,0.5,0.2,,0.11,0.95,20000,10058,2011,8047,859,170,0.08540465301252734,0.08453505718547986,0.07315443333309171,0.09749991632573843,0.024345482992646716,1.0,0.5029,0.40235,1,1,0.08
02_noise_sweep,142,87985194967267629087215852035024890490,20000,0.0,0.08,readout_flip,0.0,0.5,0.2,,0.11,0.95,20000,10017,2003,8014,799,157,0.0797644005191175,0.0783824263604593,0.06740265713787472,0.09097630071337048,0.023573643575495767,1.0,0.50085,0.4007,1,1,0.08
02_noise_sweep,143,36756540453189484783951368907532815493,20000,0.0,0.08,readout_flip,0.0,0.5,0.2,,0.11,0.95,20000,9916,1983,7933,774,157,0.07805566760790641,0.07917297024710035,0.06808622122548877,0.09188701539569158,0.02380079417020281,1.0,0.4958,0.39665,1,1,0.08
02_noise_sweep,144,6669657628523897678974485465925095492,20000,0.0,0.08,readout_flip,0.0,0.5,0.2,,0.11,0.95,20000,9855,1971,7884,820,152,0.08320649416539827,0.07711821410451547,0.06614595800589967,0.08973564831024797,0.023589690304348293,1.0,0.49275,0.3942,1,1,0.08
02_noise_sweep,145,81501824696792404350507770208171752901,20000,0.0,0.08,readout_flip,0.0,0.5,0.2,,0.11,0.95,20000,10027,2005,8022,814,172,0.08118081180811808,0.085785536159601,0.07430569821362507,0.09884955866010409,0.02454386044647902,1.0,0.50135,0.4011,1,1,0.08
02_noise_sweep,146,137693572777552405850583067954240268758,20000,0.0,0.08,readout_flip,0.0,0.5,0.2,,0.11,0.95,20000,10006,2001,8005,754,183,0.07535478712772337,0.09145427286356822,0.07959502906334509,0.10487913830460507,0.025284109241259983,1.0,0.5003,0.40025,1,1,0.08
02_noise_sweep,147,176616798111909861049991066693818802409,20000,0.0,0.08,readout_flip,0.0,0.5,0.2,,0.11,0.95,20000,10079,2015,8064,801,144,0.07947216985812085,0.07146401985111663,0.06101315879413078,0.0835457205302384,0.02253256173610762,1.0,0.50395,0.4032,1,1,0.08
02_noise_sweep,148,17212329329523926515503563823525697297,20000,0.0,0.08,readout_flip,0.0,0.5,0.2,,0.11,0.95,20000,10083,2016,8067,817,164,0.08102747198254488,0.08134920634920635,0.07019707707261508,0.09409376732585731,0.02389669025324223,1.0,0.50415,0.40335,1,1,0.08
02_noise_sweep,149,104482768853573732594306522202703074390,20000,0.0,0.08,readout_flip,0.0,0.5,0.2,,0.11,0.95,20000,9939,1987,7952,821,160,0.08260388369051212,0.0805234021137393,0.06935286913309684,0.09331275016364347,0.023959881030546637,1.0,0.49695,0.3976,1,1,0.08
02_noise_sweep,0,271513505296964740891500687086444254592,20000,0.0,0.1,readout_flip,0.0,0.5,0.2,,0.11,0.95,20000,9998,1999,7999,1018,210,0.10182036407281456,0.10505252626313157,0.09236020923022115,0.1192598653163977,0.02689965608617656,1.0,0.4999,0.39995,1,1,0.1
02_noise_sweep,1,10404667239930895240022978204729482145,20000,0.0,0.1,readout_flip,0.0,0.5,0.2,,0.11,0.95,20000,9890,1978,7912,1009,203,0.10202224469160769,0.10262891809908999,0.09001610639959876,0.11678220079928917,0.02676609439969041,1.0,0.4945,0.3956,1,1,0.1
02_noise_sweep,2,70474830990282577897194508613112053888,20000,0.0,0.1,readout_flip,0.0,0.5,0.2,,0.11,0.95,20000,10036,2007,8029,1055,198,0.10512156237544838,0.09865470852017937,0.08636531702724141,0.11247753906504875,0.02611222203780733,1.0,0.5018,0.40145,1,1,0.1
02_noise_sweep,3,92440950659224033240551183304861631205,20000,0.0,0.1,readout_flip,0.0,0.5,0.2,,0.11,0.95,20000,9883,1976,7907,1001,197,0.10128503490842862,0.09969635627530364,0.08725347166530203,0.11369264805969406,0.026439176394392028,1.0,0.49415,0.39535,1,1,0.1
02_noise_sweep,4,149407539208274174636870359737965916215,20000,0.0,0.1,readout_flip,0.0,0.5,0.2,,0.11,0.95,20000,9909,1981,7928,1024,192,0.10334039761832678,0.09692074709742554,0.08466213836991414,0.11073959364103071,0.026077455271116573,1.0,0.49545,0.3964,1,1,0.1
02_noise_sweep,5,24775003354141800461935836196747519889,20000,0.0,0.1,readout_flip,0.0,0.5,0.2,,0.11,0.95,20000,10035,2007,8028,995,202,0.09915296462381665,0.10064773293472845,0.08823852280423433,0.11458276727394143,0.026344244469707095,1.0,0.50175,0.4014,1,1,0.1
02_noise_sweep,6,102806158904053899127886218003306171958,20000,0.0,0.1,readout_flip,0.0,0.5,0.2,,0.11,0.95,20000,10063,2012,8051,1036,213,0.10295140614130975,0.1058648111332008,0.09316424569929013,0.12006753249429836,0.026903286795008224,1.0,0.50315,0.40255,1,1,0.1
02_noise_sweep,7,97857204163012640752702855070596134745,20000,0.0,0.1,readout_flip,0.0,0.5,0.2,,0.11,0.95,20000,9979,1995,7984,989,174,0.09910812706684037,0.08721804511278196,0.0756166201331802,0.10040607404701692,0.024789453913836718,1.0,0.49895,0.3992,1,1,0.1
02_noise_sweep,8,154160921080406550269631998301680444515,20000,0.0,0.1,readout_flip,0.0,0.5,0.2,,0.11,0.95,20000,9955,1991,7964,977,182,0.0981416373681567,0.09141135107985937,0.07952700474017882,0.10486933272021959,0.02534232798004077,1.0,0.49775,0.3982,1,1,0.1
02_noise_sweep,9,269619523825522925431464570741032346801,20000,0.0,0.1,readout_flip,0.0,0.5,0.2,,0.11,0.95,20000,10095,2019,8076,1036,211,0.10262506191183754,0.10450718177315503,0.09190583626532522,0.11861064141699273,0.02670480515166751,1.0,0.50475,0.4038,1,1,0.1
02_noise_sweep,10,198058873425315995536440695656733572938,20000,0.0,0.1,readout_flip,0.0,0.5,0.2,,0.11,0.95,20000,9990,1998,7992,963,178,0.0963963963963964,0.0890890890890891,0.07737361852042188,0.10238160496899498,0.025007986448573105,1.0,0.4995,0.3996,1,1,0.1
02_noise_sweep,11,228352624629049961196914171250736746171,20000,0.0,0.1,readout_flip,0.0,0.5,0.2,,0.11,0.95,20000,9907,1981,7926,1012,195,0.1021499949530635,0.09843513377082282,0.08608364249098882,0.1123410009839099,0.026257358492921073,1.0,0.49535,0.3963,1,1,0.1
02_noise_sweep,12,220923613875774222871463598141637416,20000,0.0,0.1,readout_flip,0.0,0.5,0.2,,0.11,0.95,20000,9960,1992,7968,963,219,0.09668674698795181,0.10993975903614457,0.09694627036104941,0.12443477013590976,0.027488499774860342,1.0,0.498,0.3984,1,1,0.1
02_noise_sweep,13,183956470169451676580963712827568472917,20000,0.0,0.1,readout_flip,0.0,0.5,0.2,,0.11,0.95,20000,10002,2000,8002,1032,210,0.10317936412717456,0.105,0.09231372516469964,0.11920074218749015,0.026887017022790505,1.0,0.5001,0.4001,1,1,0.1
02_noise_sweep,14,324097800015879822272455087773453752787,20000,0.0,0.1,readout_flip,0.0,0.5,0.2,,0.11,0.95,20000,10014,2002,8012,978,194,0.09766327142001198,0.0969030969030969,0.08470607974821526,0.11064408469153647,0.025938004943321213,1.0,0.5007,0.4006,1,1,0.1
02_noise_sweep,15,177517268637937063500419691995970478346,20000,0.0,0.1,readout_flip,0.0,0.5,0.2,,0.11,0.95,20000,9894,1978,7916,1021,199,0.10319385486153224,0.1006066734074823,0.08811474900535966,0.11464690835739029,0.026532159352030626,1.0,0.4947,0.3958,1,1,0.1
02_noise_sweep,16,234064581734349564571810553577306095942,20000,0.0,0.1,readout_flip,0.0,0.5,0.2,,0.11,0.95,20000,10093,2018,8075,1033,219,0.10234816209253939,0.10852329038652131,0.09568884488678005,0.12284533191183634,0.027156487025056297,1.0,0.50465,0.40375,1,1,0.1
02_noise_sweep,17,235950938641446024658448230404307582659,20000,0.0,0.1,readout_flip,0.0,0.5,0.2,,0.11,0.95,20000,10119,2023,8096,1014,199,0.1002075303883783,0.09836875926841325,0.0861423803186106,0.11211755613172392,0.025975175813113316,1.0,0.50595,0.4048,1,1,0.1
02_noise_sweep,18,229753126366750061036930989212019271557,20000,0.0,0.1,readout_flip,0.0,0.5,0.2,,0.11,0.95,20000,10045,2009,8036,1017,206,0.10124440019910404,0.10253857640617223,0.09002302127980022,0.11657122239418088,0.026548201114380665,1.0,0.50225,0.4018,1,1,0.1
02_noise_sweep,19,211237503264150786353064065630674169042,20000,0.0,0.1,readout_flip,0.0,0.5,0.2,,0.11,0.95,20000,9938,1987,7951,978,196,0.09841014288589253,0.09864116758933066,0.08629465806996447,0.11253657335073189,0.026241915280767414,1.0,0.4969,0.39755,1,1,0.1
02_noise_sweep,20,95900934389357201441805078426701169323,20000,0.0,0.1,readout_flip,0.0,0.5,0.2,,0.11,0.95,20000,10052,2010,8042,1039,191,0.1033625149224035,0.09502487562189055,0.08296636354279156,0.10862839041894433,0.025662026876152766,1.0,0.5026,0.4021,1,1,0.1
02_noise_sweep,21,180682416143883792935899779312779613622,20000,0.0,0.1,readout_flip,0.0,0.5,0.2,,0.11,0.95,20000,10066,2013,8053,1010,184,0.10033777071329227,0.09140586189766518,0.07958284561442552,0.10478536894921234,0.025202523334786814,1.0,0.5033,0.40265,1,1,0.1
02_noise_sweep,22,278842886875729301706526344997622880617,20000,0.0,0.1,readout_flip,0.0,0.5,0.2,,0.11,0.95,20000,9959,1991,7968,968,188,0.09719851390701878,0.09442491210447011,0.08235003077891441,0.10806182232406246,0.02571179154514805,1.0,0.49795,0.3984,1,1,0.1
02_noise_sweep,23,55380242082974189740712289458516359080,20000,0.0,0.1,readout_flip,0.0,0.5,0.2,,0.11,0.95,20000,10005,2001,8004,1054,225,0.10534732633683158,0.11244377811094453,0.09933798968858268,0.12703475256688562,0.027696762878302944,1.0,0.50025,0.4002,1,1,0.1
02_noise_sweep,24,245215573474008297434589417550576357030,20000,0.0,0.1,readout_flip,0.0,0.5,0.2,,0.11,0.95,20000,10045,2009,8036,1080,188,0.10751617720258835,0.0935788949726232,0.0816076921334297,0.10710138734034061,0.025493695206910916,1.0,0.50225,0.4018,1,1,0.1
02_noise_sweep,25,266800150384024705841193569127070008294,20000,0.0,0.1,readout_flip,0.0,0.5,0.2,,0.11,0.95,20000,10031,2006,8025,1000,191,0.09969095803010666,0.09521435692921236,0.08313282232615937,0.10884324480457472,0.025710422478415346,1.0,0.50155,0.40125,1,1,0.1
02_noise_sweep,26,166636376921187876108091272297581332090,20000,0.0,0.1,readout_flip,0.0,0.5,0.2,,0.11,0.95,20000,9964,1992,7972,997,217,0.10006021678040948,0.10893574297188754,0.09599910439448503,0.12337776889654611,0.027378664502061084,1.0,0.4982,0.3986,1,1,0.1
02_noise_sweep,27,298389521155591223053635443338414948754,20000,0.0,0.1,readout_flip,0.0,0.5,0.2,,0.11,0.95,20000,9871,1974,7897,976,197,0.09887549387093507,0.09979736575481256,0.08734244102992898,0.11380687609375527,0.026464435063826286,1.0,0.49355,0.39485,1,1,0.1
02_noise_sweep,28,51616743371792882035410205168293578907,20000,0.0,0.1,readout_flip,0.0,0.5,0.2,,0.11,0.95,20000,9884,1976,7908,1007,213,0.1018818292189397,0.10779352226720648,0.09487298236324307,0.12223604770865579,0.027363065345412718,1.0,0.4942,0.3954,1,1,0.1
02_noise_sweep,29,264871307239574945930531309452296415541,20000,0.0,0.1,readout_flip,0.0,0.5,0.2,,0.11,0.95,20000,9932,1986,7946,973,182,0.09796616995569875,0.09164149043303121,0.0797284368592751,0.10513124489582322,0.025402808036548125,1.0,0.4966,0.3973,1,1,0.1
02_noise_sweep,30,220380477919540111427499633458104357437,20000,0.0,0.1,readout_flip,0.0,0.5,0.2,,0.11,0.95,20000,10145,2029,8116,1010,190,0.09955643173977329,0.09364218827008379,0.08172250094329729,0.10709766363725533,0.025375162693958037,1.0,0.50725,0.4058,1,1,0.1
02_noise_sweep,31,29636820207600441384728543977855551305,20000,0.0,0.1,readout_flip,0.0,0.5,0.2,,0.11,0.95,20000,10041,2008,8033,1012,177,0.10078677422567474,0.08814741035856574,0.07652038883062101,0.10134723451105843,0.024826845680437415,1.0,0.50205,0.40165,1,1,0.1
02_noise_sweep,32,129473834652065207153649409860111285055,20000,0.0,0.1,readout_flip,0.0,0.5,0.2,,0.11,0.95,20000,9986,1997,7989,1037,207,0.10384538353695173,0.10365548322483725,0.09103880562162102,0.11779406165961369,0.02675525603799267,1.0,0.4993,0.39945,1,1,0.1
02_noise_sweep,33,251083117114503737664522943341773892151,20000,0.0,0.1,readout_flip,0.0,0.5,0.2,,0.11,0.95,20000,10007,2001,8006,1010,188,0.10092934945538123,0.09395302348825588,0.08193596122826637,0.10752613172153118,0.025590170493264813,1.0,0.50035,0.4003,1,1,0.1
02_noise_sweep,34,45072379587529282266699936126077869878,20000,0.0,0.1,readout_flip,0.0,0.5,0.2,,0.11,0.95,20000,10043,2008,8035,952,207,0.09479239271134124,0.10308764940239044,0.09053684749858575,0.11715419942199289,0.02661735192340714,1.0,0.50215,0.40175,1,1,0.1
02_noise_sweep,35,277353131688276188289957489783413799423,20000,0.0,0.1,readout_flip,0.0,0.5,0.2,,0.11,0.95,20000,9932,1986,7946,1034,220,0.10410793395086589,0.1107754279959718,0.09771631834999667,0.1253373610540613,0.027621042704064624,1.0,0.4966,0.3973,1,1,0.1
02_noise_sweep,36,19386137854899549167170540383345182581,20000,0.0,0.1,readout_flip,0.0,0.5,0.2,,0.11,0.95,20000,10010,2002,8008,1042,203,0.1040959040959041,0.10139860139860139,0.08893004503105394,0.11539390939635856,0.026463864365304623,1.0,0.5005,0.4004,1,1,0.1
02_noise_sweep,37,174639275406453960715746427643578614857,20000,0.0,0.1,readout_flip,0.0,0.5,0.2,,0.11,0.95,20000,10022,2004,8018,983,202,0.09808421472759928,0.10079840319361277,0.0883714629354489,0.11475287092517367,0.02638140798972477,1.0,0.5011,0.4009,1,1,0.1
02_noise_sweep,38,99636696448521626109306670696774811228,20000,0.0,0.1,readout_flip,0.0,0.5,0.2,,0.11,0.95,20000,10026,2005,8021,1038,219,0.10353081986834231,0.10922693266832918,0.09631345286964661,0.12363494419304673,0.027321491323400116,1.0,0.5013,0.40105,1,1,0.1
02_noise_sweep,39,2958027084763995846217248827704562868,20000,0.0,0.1,readout_flip,0.0,0.5,0.2,,0.11,0.95,20000,10103,2020,8083,1026,199,0.10155399386320894,0.09851485148514852,0.08627111990224548,0.11228270311057584,0.026011583208330358,1.0,0.50515,0.40415,1,1,0.1
02_noise_sweep,40,280903713864157980013991846174183421889,20000,0.0,0.1,readout_flip,0.0,0.5,0.2,,0.11,0.95,20000,10054,2010,8044,1054,214,0.10483389695643525,0.10646766169154229,0.09372644813697649,0.12071022309611083,0.026983774959134343,1.0,0.5027,0.4022,1,1,0.1
02_noise_sweep,41,106426004914786406653702415781795051155,20000,0.0,0.1,readout_flip,0.0,0.5,0.2,,0.11,0.95,20000,9959,1991,7968,1000,174,0.10041168792047395,0.0873932697137117,0.0757694294240857,0.10060622051287467,0.024836791088788973,1.0,0.49795,0.3984,1,1,0.1
02_noise_sweep,42,283633914337465665502346817784049203793,20000,0.0,0.1,readout_flip,0.0,0.5,0.2,,0.11,0.95,20000,10108,2021,8087,1033,200,0.10219628017411951,0.09896091044037605,0.08669313946741691,0.11275035624997076,0.02605721678255385,1.0,0.5054,0.40435,1,1,0.1
02_noise_sweep,43,17142667257627378597512632112266679538,20000,0.0,0.1,readout_flip,0.0,0.5,0.2,,0.11,0.95,20000,9992,1998,7994,977,181,0.09777822257806244,0.09059059059059059,0.07877825904984184,0.10397420479223243,0.02519594574239059,1.0,0.4996,0.3997,1,1,0.1
02_noise_sweep,44,236347014454576247417500684786106625448,20000,0.0,0.1,readout_flip,0.0,0.5,0.2,,0.11,0.95,20000,10033,2006,8027,977,225,0.09737865045350344,0.11216350947158524,0.09908869032662687,0.1267208912345937,0.027632200907966836,1.0,0.50165,0.40135,1,1,0.1
02_noise_sweep,45,148520374596581738571004571649555707679,20000,0.0,0.1,readout_flip,0.0,0.5,0.2,,0.11,0.95,20000,10016,2003,8013,1003,211,0.10013977635782748,0.1053419870194708,0.09264481954854942,0.11955004863547586,0.02690522908692644,1.0,0.5008,0.40065,1,1,0.1
02_noise_sweep,46,286707766601346942430270646923319729305,20000,0.0,0.1,readout_flip,0.0,0.5,0.2,,0.11,0.95,20000,9945,1989,7956,994,211,0.09994972347913525,0.10608345902463549,0.09330124933783689,0.12038431854105237,0.027083069203215487,1.0,0.49725,0.3978,1,1,0.1
02_noise_sweep,47,144441468970563217827858642934418487970,20000,0.0,0.1,readout_flip,0.0,0.5,0.2,,0.11,0.95,20000,10047,2009,8038,953,192,0.09485418532895391,0.09556993529118965,0.08347487078705498,0.1092086896200955,0.025733818833040517,1.0,0.50235,0.4019,1,1,0.1
02_noise_sweep,48,192919617047702134315368492901605386946,20000,0.0,0.1,readout_flip,0.0,0.5,0.2,,0.11,0.95,20000,10095,2019,8076,1066,193,0.10559683011391778,0.09559187716691431,0.08352360257878795,0.10919612694859164,0.02567252436980369,1.0,0.50475,0.4038,1,1,0.1
02_noise_sweep,49,291216368563476798350131530340325248921,20000,0.0,0.1,readout_flip,0.0,0.5,0.2,,0.11,0.95,20000,10011,2002,8009,1017,200,0.10158825292178604,0.0999000999000999,0.08752114570315489,0.11381154539503735,0.02629039969188246,1.0,0.50055,0.40045,1,1,0.1
02_noise_sweep,50,125229581709551580933003799174667928141,20000,0.0,0.1,readout_flip,0.0,0.5,0.2,,0.11,0.95,20000,10096,2019,8077,995,190,0.09855388272583201,0.0941059930658742,0.08212974412672813,0.10762386070816174,0.025494116581433607,1.0,0.5048,0.40385,1,1,0.1
02_noise_sweep,51,11980059814572918037408716483325632214,20000,0.0,0.1,readout_flip,0.0,0.5,0.2,,0.11,0.95,20000,10116,2023,8093,1019,211,0.10073151443258205,0.10430054374691053,0.0917229291575512,0.11837809130828608,0.02665516215073488,1.0,0.5058,0.40465,1,1,0.1
02_noise_sweep,52,130508601739849170972365459343100827231,20000,0.0,0.1,readout_flip,0.0,0.5,0.2,,0.11,0.95,20000,10036,2007,8029,979,195,0.09754882423276205,0.09715994020926756,0.08496147699884513,0.11089755360403084,0.02593607660518571,1.0,0.5018,0.40145,1,1,0.1
02_noise_sweep,53,266791802262081074723142307601183467420,20000,0.0,0.1,readout_flip,0.0,0.5,0.2,,0.11,0.95,20000,10020,2004,8016,1046,223,0.10439121756487026,0.11127744510978044,0.09824576963756074,0.12579655045922047,0.027550780821659737,1.0,0.501,0.4008,1,1,0.1
02_noise_sweep,54,222981870270623775674979373112456001950,20000,0.0,0.1,readout_flip,0.0,0.5,0.2,,0.11,0.95,20000,9914,1982,7932,1022,209,0.10308654428081501,0.10544904137235116,0.09268245784751755,0.11974208236286141,0.027059624515343855,1.0,0.4957,0.3966,1,1,0.1
02_noise_sweep,55,267439529996864370330331447095016345462,20000,0.0,0.1,readout_flip,0.0,0.5,0.2,,0.11,0.95,20000,10081,2016,8065,964,181,0.09562543398472374,0.08978174603174603,0.07807070038908245,0.10305314832837803,0.024982447939295577,1.0,0.50405,0.40325,1,1,0.1
02_noise_sweep,56,215820357593694750659893815958900671381,20000,0.0,0.1,readout_flip,0.0,0.5,0.2,,0.11,0.95,20000,9970,1994,7976,991,178,0.09939819458375125,0.08926780341023069,0.07752975482849468,0.1025853675361723,0.025055612707677616,1.0,0.4985,0.3988,1,1,0.1
02_noise_sweep,57,326828951867065401481254139536310886776,20000,0.0,0.1,readout_flip,0.0,0.5,0.2,,0.11,0.95,20000,9897,1979,7918,948,192,0.09578660200060625,0.09701869631126832,0.08474823706562482,0.11085058758844762,0.02610235052282281,1.0,0.49485,0.3959,1,1,0.1
02_noise_sweep,58,138290372528607856662511658009837361866,20000,0.0,0.1,readout_flip,0.0,0.5,0.2,,0.11,0.95,20000,9973,1994,7979,1061,199,0.10638724556302015,0.09979939819458375,0.08740319623926389,0.11373461529553984,0.02633141905627595,1.0,0.49865,0.39895,1,1,0.1
02_noise_sweep,59,250920844846241372383310463834867707420,20000,0.0,0.1,readout_flip,0.0,0.5,0.2,,0.11,0.95,20000,10040,2008,8032,971,178,0.09671314741035857,0.08864541832669323,0.07698601571398939,0.1018757217469867,0.02488970603299731,1.0,0.502,0.4016,1,1,0.1
02_noise_sweep,60,264412861062701687036465253474788756648,20000,0.0,0.1,readout_flip,0.0,0.5,0.2,,0.11,0.95,20000,10006,2001,8005,1002,205,0.10013991605036977,0.1024487756121939,0.08991500858633195,0.11650603134174675,0.026591022755414806,1.0,0.5003,0.40025,1,1,0.1
02_noise_sweep,61,311564448457622824284937685555784230644,20000,0.0,0.1,readout_flip,0.0,0.5,0.2,,0.11,0.95,20000,9986,1997,7989,1005,203,0.10064089725615862,0.10165247871807712,0.08915414080817657,0.11568040868294435,0.026526267874767778,1.0,0.4993,0.39945,1,1,0.1
02_noise_sweep,62,333285097018863653795373013624769116835,20000,0.0,0.1,readout_flip,0.0,0.5,0.2,,0.11,0.95,20000,9937,1987,7950,954,190,0.09600483043171984,0.09562154001006543,0.08346064380159289,0.10934298559844412,0.025882341796851227,1.0,0.49685,0.3975,1,1,0.1
02_noise_sweep,63,120810413864020764518283312304112977739,20000,0.0,0.1,readout_flip,0.0,0.5,0.2,,0.11,0.95,20000,9872,1974,7898,991,204,0.10038492706645057,0.1033434650455927,0.09067626602195634,0.1175514748740497,0.026875208852093352,1.0,0.4936,0.3949,1,1,0.1
02_noise_sweep,64,193748928962841108992885880653884118038,20000,0.0,0.1,readout_flip,0.0,0.5,0.2,,0.11,0.95,20000,10066,2013,8053,1033,216,0.10262269024438704,0.10730253353204174,0.09452248219652103,0.12157851915613031,0.027056036959609286,1.0,0.5033,0.40265,1,1,0.1
02_noise_sweep,65,130865993024797978221236045074047555625,20000,0.0,0.1,readout_flip,0.0,0.5,0.2,,0.11,0.95,20000,9909,1981,7928,998,193,0.10071652033504895,0.09742554265522463,0.08513586662055858,0.11127350254503754,0.026137635924478958,1.0,0.49545,0.3964,1,1,0.1
02_noise_sweep,66,68497620536309614379388726898510489868,20000,0.0,0.1,readout_flip,0.0,0.5,0.2,,0.11,0.95,20000,9957,1991,7966,1000,186,0.10043185698503565,0.0934203917629332,0.08140857416128607,0.10699810706083131,0.025589532899545242,1.0,0.49785,0.3983,1,1,0.1
02_noise_sweep,67,26940362533424390318568169441033431449,20000,0.0,0.1,readout_flip,0.0,0.5,0.2,,0.11,0.95,20000,9850,1970,7880,943,207,0.09573604060913705,0.1050761421319797,0.09229481258069258,0.11939466073209357,0.027099848151400985,1.0,0.4925,0.394,1,1,0.1
02_noise_sweep,68,252801474419519952259440635515470027186,20000,0.0,0.1,readout_flip,0.0,0.5,0.2,,0.11,0.95,20000,10017,2003,8014,1033,221,0.10312468803034841,0.11033449825262107,0.09735253622162701,0.12480824128328344,0.027455705061656427,1.0,0.50085,0.4007,1,1,0.1
02_noise_sweep,69,309130009494875427605213746329693372595,20000,0.0,0.1,readout_flip,0.0,0.5,0.2,,0.11,0.95,20000,9967,1993,7974,1011,213,0.10143473462426006,0.10687405920722529,0.09405833363790209,0.12120235064023399,0.027144017002331905,1.0,0.49835,0.3987,1,1,0.1
02_noise_sweep,70,1957179747259485737095184981705183676,20000,0.0,0.1,readout_flip,0.0,0.5,0.2,,0.11,0.95,20000,10073,2014,8059,988,183,0.09808398689566167,0.09086395233366434,0.07907817937480992,0.10420750801355604,0.025129328638746118,1.0,0.50365,0.40295,1,1,0.1
02_noise_sweep,71,196399050331204727387285545632003414913,20000,0.0,0.1,readout_flip,0.0,0.5,0.2,,0.11,0.95,20000,9828,1965,7863,1007,203,0.10246235246235247,0.10330788804071246,0.0906155414616911,0.11754822763436543,0.02693268617267433,1.0,0.4914,0.39315,1,1,0.1
02_noise_sweep,72,337012347501125581350334199334947193425,20000,0.0,0.1,readout_flip,0.0,0.5,0.2,,0.11,0.95,20000,9994,1998,7996,942,174,0.09425655393235942,0.08708708708708708,0.07550241709673695,0.10025648592246998,0.024754068825733028,1.0,0.4997,0.3998,1,1,0.1
02_noise_sweep,73,230736267339748843963122986726855238071,20000,0.0,0.1,readout_flip,0.0,0.5,0.2,,0.11,0.95,20000,10137,2027,8110,976,201,0.09628095097168787,0.09916132215096202,0.086898594088311,0.11294047117105471,0.02604187708274372,1.0,0.50685,0.4055,1,1,0.1
02_noise_sweep,74,214080696946161911577677700016008808022,20000,0.0,0.1,readout_flip,0.0,0.5,0.2,,0.11,0.95,20000,10066,2013,8053,1042,199,0.10351678919133718,0.09885742672627919,0.08657301420843684,0.11266994416255109,0.02609692995411425,1.0,0.5033,0.40265,1,1,0.1
02_noise_sweep,75,4033547013952026275861394393057490208,20000,0.0,0.1,readout_flip,0.0,0.5,0.2,,0.11,0.95,20000,10125,2025,8100,1003,207,0.09906172839506173,0.10222222222222223,0.08977189153636171,0.11617887756097976,0.02640698602461805,1.0,0.50625,0.405,1,1,0.1
02_noise_sweep,76,303069671641477103298631996030466560595,20000,0.0,0.1,readout_flip,0.0,0.5,0.2,,0.11,0.95,20000,10005,2001,8004,976,212,0.0975512243878061,0.10594702648675662,0.09320886392050746,0.1201952718221576,0.026986407901650133,1.0,0.50025,0.4002,1,1,0.1
02_noise_sweep,77,130795254427164367196981732692050029438,20000,0.0,0.1,readout_flip,0.0,0.5,0.2,,0.11,0.95,20000,9986,1997,7989,988,192,0.09893851391948728,0.09614421632448673,0.08397959693684297,0.10985957863146507,0.025879981694622106,1.0,0.4993,0.39945,1,1,0.1
02_noise_sweep,78,329195807017671240388252641007184140688,20000,0.0,0.1,readout_flip,0.0,0.5,0.2,,0.11,0.95,20000,10140,2028,8112,952,199,0.09388560157790928,0.09812623274161736,0.08592866620978068,0.11184338784306255,0.025914721633281873,1.0,0.507,0.4056,1,1,0.1
02_noise_sweep,79,185055684671827020921797475308316317609,20000,0.0,0.1,readout_flip,0.0,0.5,0.2,,0.11,0.95,20000,9988,1997,7991,1009,189,0.10102122547056468,0.09464196294441662,0.08257055314994292,0.10826988407577977,0.025699330925836844,1.0,0.4994,0.39955,1,1,0.1
02_noise_sweep,80,223583782947412547856021556294918125991,20000,0.0,0.1,readout_flip,0.0,0.5,0.2,,0.11,0.95,20000,9958,1991,7967,988,198,0.09921671018276762,0.09944751381215469,0.08706378452939381,0.11337392797788057,0.026310143448486756,1.0,0.4979,0.39835,1,1,0.1
02_noise_sweep,81,40934631168093390479630431549048245168,20000,0.0,0.1,readout_flip,0.0,0.5,0.2,,0.11,0.95,20000,10025,2005,8020,1005,210,0.1002493765586035,0.10473815461346633,0.09208200505778832,0.11890600345808208,0.026823998400293758,1.0,0.50125,0.401,1,1,0.1
02_noise_sweep,82,46241589414978694941035013075499916599,20000,0.0,0.1,readout_flip,0.0,0.5,0.2,,0.11,0.95,20000,10070,2014,8056,1031,215,0.10238331678252234,0.1067527308838133,0.0940071070357167,0.1209956410365962,0.0269885340008795,1.0,0.5035,0.4028,1,1,0.1
02_noise_sweep,83,88417643641523592932087423825234523582,20000,0.0,0.1,readout_flip,0.0,0.5,0.2,,0.11,0.95,20000,10115,2023,8092,1025,208,0.10133465150766188,0.1028175976272862,0.09032650244289739,0.1168142470190642,0.026487744576166816,1.0,0.50575,0.4046,1,1,0.1
02_noise_sweep,84,156572234987073898479006092847257668589,20000,0.0,0.1,readout_flip,0.0,0.5,0.2,,0.11,0.95,20000,10070,2014,8056,949,192,0.094240317775571,0.09533267130089375,0.08326635461958223,0.10893975608614381,0.02567340146656158,1.0,0.5035,0.4028,1,1,0.1
02_noise_sweep,85,297804136574222064904053828927468765865,20000,0.0,0.1,readout_flip,0.0,0.5,0.2,,0.11,0.95,20000,10012,2002,8010,999,204,0.0997802636835797,0.1018981018981019,0.0893998761301279,0.11592116607369135,0.026521289943563453,1.0,0.5006,0.4005,1,1,0.1
02_noise_sweep,86,247826631798963205356738437584407642681,20000,0.0,0.1,readout_flip,0.0,0.5,0.2,,0.11,0.95,20000,10020,2004,8016,1027,201,0.10249500998003992,0.10029940119760479,0.08790230306710861,0.11422593621083973,0.026323633143731123,1.0,0.501,0.4008,1,1,0.1
02_noise_sweep,87,287365774159688577423601156216541760422,20000,0.0,0.1,readout_flip,0.0,0.5,0.2,,0.11,0.95,20000,9923,1984,7939,1028,225,0.10359770230776982,0.11340725806451613,0.10019507371016284,0.1281136059417546,0.02791853223159177,1.0,0.49615,0.39695,1,1,0.1
02_noise_sweep,88,182564639367869784983388805432482955615,20000,0.0,0.1,readout_flip,0.0,0.5,0.2,,0.11,0.95,20000,10021,2004,8017,1052,224,0.10497954295978446,0.11177644710578842,0.098716971437378,0.12632144324207745,0.02760447180469945,1.0,0.50105,0.40085,1,1,0.1
02_noise_sweep,89,22019953727532183707535945842566392686,20000,0.0,0.1,readout_flip,0.0,0.5,0.2,,0.11,0.95,20000,10007,2001,8006,964,193,0.09633256720295794,0.09645177411294353,0.08427962450724248,0.11017039402440247,0.02589076951715999,1.0,0.50035,0.4003,1,1,0.1
02_noise_sweep,90,53043700253861882168634977341058743717,20000,0.0,0.1,readout_flip,0.0,0.5,0.2,,0.11,0.95,20000,10031,2006,8025,1041,219,0.10377828730934105,0.10917248255234296,0.09626511668858082,0.12357384467902449,0.027308727990443676,1.0,0.50155,0.40125,1,1,0.1
02_noise_sweep,91,104695021265510435518435675677577678978,20000,0.0,0.1,readout_flip,0.0,0.5,0.2,,0.11,0.95,20000,9945,1989,7956,1012,204,0.10175967823026646,0.10256410256410256,0.08998798669720667,0.11667243628717361,0.026684449589966935,1.0,0.49725,0.3978,1,1,0.1
02_noise_sweep,92,128888529471823111468204510364116120366,20000,0.0,0.1,readout_flip,0.0,0.5,0.2,,0.11,0.95,20000,9990,1998,7992,1046,210,0.1047047047047047,0.10510510510510511,0.09240674014181235,0.11931904710928376,0.026912306967471405,1.0,0.4995,0.3996,1,1,0.1
02_noise_sweep,93,63409199172517193895529349113775892850,20000,0.0,0.1,readout_flip,0.0,0.5,0.2,,0.11,0.95,20000,10056,2011,8045,962,181,0.0956642800318218,0.09000497265042268,0.07826596615612155,0.10330735675675151,0.02504139060062996,1.0,0.5028,0.40225,1,1,0.1
02_noise_sweep,94,239315496537287894652760858615350208616,20000,0.0,0.1,readout_flip,0.0,0.5,0.2,,0.11,0.95,20000,9979,1995,7984,964,166,0.09660286601863914,0.08320802005012531,0.07187443688427156,0.0961436204452171,0.02426918356094554,1.0,0.49895,0.3992,1,1,0.1
02_noise_sweep,95,293364751239635856056754239562814287408,20000,0.0,0.1,readout_flip,0.0,0.5,0.2,,0.11,0.95,20000,9876,1975,7901,965,192,0.09771162413932766,0.09721518987341772,0.08492096097325257,0.11107324416728014,0.02615228319402757,1.0,0.4938,0.39505,1,1,0.1
02_noise_sweep,96,36903144734275324978150762022016862216,20000,0.0,0.1,readout_flip,0.0,0.5,0.2,,0.11,0.95,20000,10063,2012,8051,1013,203,0.10066580542581735,0.10089463220675944,0.08848521685672314,0.1148251461816773,0.02633992932495416,1.0,0.50315,0.40255,1,1,0.1
02_noise_sweep,97,26545272000635982503368276847066171736,20000,0.0,0.1,readout_flip,0.0,0.5,0.2,,0.11,0.95,20000,10127,2025,8102,1004,188,0.09914091043744445,0.09283950617283951,0.0809589834941806,0.10626188443972137,0.025302900945540774,1.0,0.50635,0.4051,1,1,0.1
02_noise_sweep,98,223939710771222915602416373640414305123,20000,0.0,0.1,readout_flip,0.0,0.5,0.2,,0.11,0.95,20000,9918,1983,7935,980,198,0.09881024400080661,0.09984871406959153,0.08741727279129652,0.11382750043687198,0.026410227645575463,1.0,0.4959,0.39675,1,1,0.1
02_noise_sweep,99,36473809930623034626630109338322754298,20000,0.0,0.1,readout_flip,0.0,0.5,0.2,,0.11,0.95,20000,9932,1986,7946,991,183,0.09977849375755135,0.09214501510574018,0.08019985442856514,0.10566493252782158,0.02546507809925644,1.0,0.4966,0.3973,1,1,0.1
02_noise_sweep,100,329531080879584428717960109227491544619,20000,0.0,0.1,readout_flip,0.0,0.5,0.2,,0.11,0.95,20000,9918,1983,7935,965,218,0.09729784230691672,0.10993444276348967,0.09691346836912973,0.12446376174049642,0.02755029337136669,1.0,0.4959,0.39675,1,1,0.1
02_noise_sweep,101,40980346819279465778671073966278476721,20000,0.0,0.1,readout_flip,0.0,0.5,0.2,,0.11,0.95,20000,10038,2007,8031,1009,209,0.10051803148037458,0.10413552566018934,0.09152041727376485,0.11826313227971068,0.026742715005945827,1.0,0.5019,0.40155,1,1,0.1
02_noise_sweep,102,180544831258910364129308737847188292980,20000,0.0,0.1,readout_flip,0.0,0.5,0.2,,0.11,0.95,20000,10025,2005,8020,1001,189,0.0998503740648379,0.0942643391521197,0.08223907065295935,0.1078413645869909,0.025602293934031545,1.0,0.50125,0.401,1,1,0.1
02_noise_sweep,103,233886333820468608220985216700641260786,20000,0.0,0.1,readout_flip,0.0,0.5,0.2,,0.11,0.95,20000,9879,1975,7904,931,178,0.09424030772345379,0.09012658227848101,0.07828009235031431,0.10356441935460235,0.025284327004288037,1.0,0.49395,0.3952,1,1,0.1
02_noise_sweep,104,308597303634736870482894495517496296143,20000,0.0,0.1,readout_flip,0.0,0.5,0.2,,0.11,0.95,20000,9981,1996,7985,1027,202,0.10289550145276025,0.10120240480961924,0.08872793656863376,0.11520895903968018,0.026481022471046417,1.0,0.49905,0.39925,1,1,0.1
02_noise_sweep,105,12930273169980814717335937542370979279,20000,0.0,0.1,readout_flip,0.0,0.5,0.2,,0.11,0.95,20000,10105,2021,8084,1034,199,0.10232558139534884,0.09846610588817417,0.0862281639659992,0.11222760009897317,0.02599943613297398,1.0,0.50525,0.4042,1,1,0.1
02_noise_sweep,106,256570895287094324219270904258780889786,20000,0.0,0.1,readout_flip,0.0,0.5,0.2,,0.11,0.95,20000,10019,2003,8016,1019,190,0.10170675716139335,0.09485771342985522,0.08278984469477371,0.10847661391539265,0.025686769220618938,1.0,0.50095,0.4008,1,1,0.1
02_noise_sweep,107,28985372356362592495125667601710187072,20000,0.0,0.1,readout_flip,0.0,0.5,0.2,,0.11,0.95,20000,10076,2015,8061,998,198,0.09904724096863834,0.09826302729528535,0.0860202697726018,0.11203463794375818,0.026014368171156377,1.0,0.5038,0.40305,1,1,0.1
02_noise_sweep,108,336980882051796548810451455569214303953,20000,0.0,0.1,readout_flip,0.0,0.5,0.2,,0.11,0.95,20000,10077,2015,8062,944,190,0.09367867420859383,0.09429280397022333,0.08229378030801542,0.10783578986879037,0.02554200956077496,1.0,0.50385,0.4031,1,1,0.1
02_noise_sweep,109,231615838965409057012391714665272362794,20000,0.0,0.1,readout_flip,0.0,0.5,0.2,,0.11,0.95,20000,9951,1990,7961,956,182,0.09607074665862728,0.0914572864321608,0.07956720968445374,0.10492161072469897,0.025354401040245222,1.0,0.49755,0.39805,1,1,0.1
02_noise_sweep,110,302784775255733908311375787742444068535,20000,0.0,0.1,readout_flip,0.0,0.5,0.2,,0.11,0.95,20000,9908,1981,7927,981,200,0.09901090028259991,0.10095911155981828,0.08845491167374302,0.11500791757441216,0.02655300590066914,1.0,0.4954,0.39635,1,1,0.1
02_noise_sweep,111,276378393942160732418926615753391516754,20000,0.0,0.1,readout_flip,0.0,0.5,0.2,,0.11,0.95,20000,9915,1983,7932,965,200,0.09732728189611699,0.10085728693898134,0.08836512386429791,0.11489289505201634,0.02652777118771843,1.0,0.49575,0.3966,1,1,0.1
02_noise_sweep,112,248266882508620831791637195547803976884,20000,0.0,0.1,readout_flip,0.0,0.5,0.2,,0.11,0.95,20000,10004,2000,8004,1007,201,0.10065973610555777,0.1005,0.08807923318177419,0.11445248759594692,0.026373254414172737,1.0,0.5002,0.4002,1,1,0.1
02_noise_sweep,113,247756002213532982417714259002389901591,20000,0.0,0.1,readout_flip,0.0,0.5,0.2,,0.11,0.95,20000,9948,1989,7959,1057,202,0.10625251306795336,0.10155857214680744,0.08904221890938571,0.1156110198194206,0.026568800910034884,1.0,0.4974,0.39795,1,1,0.1
02_noise_sweep,114,257735551605839190808377477233536787054,20000,0.0,0.1,readout_flip,0.0,0.5,0.2,,0.11,0.95,20000,10040,2008,8032,1030,198,0.10258964143426295,0.09860557768924302,0.08632203478855134,0.1124219850583575,0.02609995026980616,1.0,0.502,0.4016,1,1,0.1
02_noise_sweep,115,298383982577735612770156558952172809385,20000,0.0,0.1,readout_flip,0.0,0.5,0.2,,0.11,0.95,20000,10108,2021,8087,1006,191,0.09952512861100118,0.09450766947055914,0.08251202080373128,0.10804189004191857,0.025529869238187286,1.0,0.5054,0.40435,1,1,0.1
02_noise_sweep,116,202643789008932768037270585759599397673,20000,0.0,0.1,readout_flip,0.0,0.5,0.2,,0.11,0.95,20000,10013,2002,8011,981,194,0.09797263557375412,0.0969030969030969,0.08470607974821526,0.11064408469153647,0.025938004943321213,1.0,0.50065,0.40055,1,1,0.1
02_noise_sweep,117,178286381100198818534994149455992972420,20000,0.0,0.1,readout_flip,0.0,0.5,0.2,,0.11,0.95,20000,10076,2015,8061,986,202,0.09785629217943628,0.10024813895781638,0.08788596373560771,0.11413161275052937,0.026245649014921657,1.0,0.5038,0.40305,1,1,0.1
02_noise_sweep,118,230789210962094564790959484738470696470,20000,0.0,0.1,readout_flip,0.0,0.5,0.2,,0.11,0.95,20000,9962,1992,7970,991,200,0.09947801646255772,0.10040160642570281,0.08796332459405293,0.11437812744658993,0.026414802852537,1.0,0.4981,0.3985,1,1,0.1
02_noise_sweep,119,86942475188157873204094369290470163527,20000,0.0,0.1,readout_flip,0.0,0.5,0.2,,0.11,0.95,20000,9995,1999,7996,1006,191,0.1006503251625813,0.09554777388694347,0.08342573836469921,0.10922129174415618,0.025795553379456965,1.0,0.49975,0.3998,1,1,0.1
02_noise_sweep,120,310890569330450205861450055988820150387,20000,0.0,0.1,readout_flip,0.0,0.5,0.2,,0.11,0.95,20000,10039,2007,8032,999,189,0.0995119035760534,0.09417040358744394,0.08215661553579152,0.10773476408825607,0.02557814855246454,1.0,0.50195,0.4016,1,1,0.1
02_noise_sweep,121,135748587919539773455928000351885037708,20000,0.0,0.1,readout_flip,0.0,0.5,0.2,,0.11,0.95,20000,10095,2019,8076,994,197,0.09846458642892521,0.09757305596830114,0.08538353853068954,0.11129102392000968,0.02590748538932014,1.0,0.50475,0.4038,1,1,0.1
02_noise_sweep,122,313375851252862386139257826569281028686,20000,0.0,0.1,readout_flip,0.0,0.5,0.2,,0.11,0.95,20000,10066,2013,8053,988,192,0.0981521955096364,0.09538002980625931,0.08330797445996349,0.10899343680092774,0.02568546234096425,1.0,0.5033,0.40265,1,1,0.1
02_noise_sweep,123,19655073955902108395057234948058396652,20000,0.0,0.1,readout_flip,0.0,0.5,0.2,,0.11,0.95,20000,10021,2004,8017,937,205,0.09350364235106277,0.10229540918163672,0.08977953452556402,0.1163330830830812,0.02655354855751718,1.0,0.50105,0.40085,1,1,0.1
02_noise_sweep,124,79427316235020104184880728591563914751,20000,0.0,0.1,readout_flip,0.0,0.5,0.2,,0.11,0.95,20000,9942,1988,7954,982,200,0.09877288271977469,0.1006036217303823,0.08814144994434764,0.11460634257313304,0.026464892628785402,1.0,0.4971,0.3977,1,1,0.1
02_noise_sweep,125,109448427533502891435107193737890404340,20000,0.0,0.1,readout_flip,0.0,0.5,0.2,,0.11,0.95,20000,9996,1999,7997,1017,203,0.1017406962785114,0.10155077538769385,0.08906436708125351,0.11556563846197879,0.026501271380725278,1.0,0.4998,0.39985,1,1,0.1
02_noise_sweep,126,132839193529902661794614905030270075583,20000,0.0,0.1,readout_flip,0.0,0.5,0.2,,0.11,0.95,20000,10000,2000,8000,1010,209,0.101,0.1045,0.09184284051856186,0.11867354388090919,0.02683070336234733,1.0,0.5,0.4,1,1,0.1
02_noise_sweep,127,253164981757694695426997744232505840860,20000,0.0,0.1,readout_flip,0.0,0.5,0.2,,0.11,0.95,20000,9971,1994,7977,1018,202,0.10209607862802127,0.10130391173520562,0.08881750486906102,0.11532354797576223,0.02650604310670121,1.0,0.49855,0.39885,1,1,0.1
02_noise_sweep,128,314244800210887937841983340725496255200,20000,0.0,0.1,readout_flip,0.0,0.5,0.2,,0.11,0.95,20000,10046,2009,8037,980,191,0.09755126418475014,0.09507217521154804,0.08300791570282483,0.10868202447098059,0.025674108768155762,1.0,0.5023,0.40185,1,1,0.1
02_noise_sweep,129,134431506743165378126868998513494777048,20000,0.0,0.1,readout_flip,0.0,0.5,0.2,,0.11,0.95,20000,10047,2009,8038,1049,200,0.1044092764009157,0.09955201592832255,0.08721425675476721,0.11341826551914364,0.026204008764376424,1.0,0.50235,0.4019,1,1,0.1
02_noise_sweep,130,95313411505612908583957198717617684507,20000,0.0,0.1,readout_flip,0.0,0.5,0.2,,0.11,0.95,20000,10025,2005,8020,926,198,0.09236907730673316,0.09875311720698254,0.08645201186891027,0.11258881191786291,0.026136800048952635,1.0,0.50125,0.401,1,1,0.1
02_noise_sweep,131,298369613714886783510161849653925685557,20000,0.0,0.1,readout_flip,0.0,0.5,0.2,,0.11,0.95,20000,9999,1999,8000,1002,184,0.1002100210021002,0.09204602301150576,0.0801435806599226,0.1055133804455463,0.025369799785623703,1.0,0.49995,0.4,1,1,0.1
02_noise_sweep,132,58253098381796504898562976462567928461,20000,0.0,0.1,readout_flip,0.0,0.5,0.2,,0.11,0.95,20000,9851,1970,7881,1003,198,0.10181707440868948,0.10050761421319797,0.08799785499014183,0.11457234487767652,0.02657448988753469,1.0,0.49255,0.39405,1,1,0.1
02_noise_sweep,133,224897467895386150582385235809638743918,20000,0.0,0.1,readout_flip,0.0,0.5,0.2,,0.11,0.95,20000,10049,2009,8040,1006,193,0.10010946362822172,0.09606769537083126,0.08394193157840013,0.10973524906209539,0.02579331748369526,1.0,0.50245,0.402,1,1,0.1
02_noise_sweep,134,229967241604758652621635627344961318922,20000,0.0,0.1,readout_flip,0.0,0.5,0.2,,0.11,0.95,20000,10013,2002,8011,968,182,0.0966743233796065,0.09090909090909091,0.07908741755331394,0.10429769356955679,0.025210276016242844,1.0,0.50065,0.40055,1,1,0.1
02_noise_sweep,135,100885236806920662466456666221464028797,20000,0.0,0.1,readout_flip,0.0,0.5,0.2,,0.11,0.95,20000,9994,1998,7996,995,204,0.0995597358415049,0.1021021021021021,0.08958001268369833,0.11615129386208292,0.026571281178384587,1.0,0.4997,0.3998,1,1,0.1
02_noise_sweep,136,265512515333461141632694767217422323861,20000,0.0,0.1,readout_flip,0.0,0.5,0.2,,0.11,0.95,20000,10012,2002,8010,1044,193,0.10427487015581302,0.0964035964035964,0.08423726435380582,0.11011581230953915,0.025878547955733328,1.0,0.5006,0.4005,1,1,0.1
02_noise_sweep,137,33752998771590008885285209626857696502,20000,0.0,0.1,readout_flip,0.0,0.5,0.2,,0.11,0.95,20000,9855,1971,7884,1007,204,0.102181633688483,0.1035007610350076,0.0908151875022742,0.11772887408869086,0.026913686586416657,1.0,0.49275,0.3942,1,1,0.1
02_noise_sweep,138,29131616184256192901574577764572090574,20000,0.0,0.1,readout_flip,0.0,0.5,0.2,,0.11,0.95,20000,10032,2006,8026,954,177,0.0950956937799043,0.08823529411764706,0.07659712979349421,0.10144749021880427,0.024850360425310053,1.0,0.5016,0.4013,1,1,0.1
02_noise_sweep,139,283180783459240443569145026416707687951,20000,0.0,0.1,readout_flip,0.0,0.5,0.2,,0.11,0.95,20000,10038,2007,8031,1023,195,0.10191273161984458,0.09715994020926756,0.08496147699884513,0.11089755360403084,0.02593607660518571,1.0,0.5019,0.40155,1,1,0.1
02_noise_sweep,140,20097992826678688904986470218424126546,20000,0.0,0.1,readout_flip,0.0,0.5,0.2,,0.11,0.95,20000,9924,1984,7940,1003,164,0.10106811769447803,0.08266129032258064,0.07133571827035451,0.09559985767721738,0.024264139406862867,1.0,0.4962,0.397,1,1,0.1
02_noise_sweep,141,288848366827114092340362447566886519828,20000,0.0,0.1,readout_flip,0.0,0.5,0.2,,0.11,0.95,20000,9987,1997,7990,998,195,0.09992990888154601,0.09764646970455683,0.08538959876862029,0.11144831514227307,0.026058716373652785,1.0,0.49935,0.3995,1,1,0.1
02_noise_sweep,142,124411233066712331981224815902220997748,20000,0.0,0.1,readout_flip,0.0,0.5,0.2,,0.11,0.95,20000,10128,2025,8103,1100,227,0.10860979462875198,0.11209876543209876,0.09908560955539457,0.12658084497714633,0.027495235421751765,1.0,0.5064,0.40515,1,1,0.1
02_noise_sweep,143,36305154328530162694447281240320183208,20000,0.0,0.1,readout_flip,0.0,0.5,0.2,,0.11,0.95,20000,9937,1987,7950,999,188,0.10053336016906511,0.09461499748364369,0.08251683297660295,0.10827759574988094,0.02576076277327799,1.0,0.49685,0.3975,1,1,0.1
02_noise_sweep,144,270925495640272655741253785827574076521,20000,0.0,0.1,readout_flip,0.0,0.5,0.2,,0.11,0.95,20000,9957,1991,7966,995,210,0.09992969770011048,0.10547463586137619,0.09273377418373208,0.11973496960869931,0.027001195424967234,1.0,0.49785,0.3983,1,1,0.1
02_noise_sweep,145,2528521655362809512813139146831928944,20000,0.0,0.1,readout_flip,0.0,0.5,0.2,,0.11,0.95,20000,9962,1992,7970,987,195,0.0990764906645252,0.09789156626506024,0.08560528199536378,0.111725752030459,0.02612047003509521,1.0,0.4981,0.3985,1,1,0.1
02_noise_sweep,146,243127053036453842407502401777739552063,20000,0.0,0.1,readout_flip,0.0,0.5,0.2,,0.11,0.95,20000,10042,2008,8034,986,183,0.0981876120294762,0.09113545816733068,0.07931588867874444,0.10451641937871485,0.025200530699970414,1.0,0.5021,0.4017,1,1,0.1
02_noise_sweep,147,161636885199311673952376221410339808855,20000,0.0,0.1,readout_flip,0.0,0.5,0.2,,0.11,0.95,20000,9991,1998,7993,1025,190,0.10259233309978981,0.09509509509509509,0.08299830800060765,0.1087458768994389,0.025747568898831258,1.0,0.49955,0.39965,1,1,0.1
02_noise_sweep,148,85222255751421976217643250921083823769,20000,0.0,0.1,readout_flip,0.0,0.5,0.2,,0.11,0.95,20000,9986,1997,7989,1038,224,0.10394552373322652,0.11216825237856785,0.09906537600179299,0.12676034188742533,0.027694965885632333,1.0,0.4993,0.39945,1,1,0.1
02_noise_sweep,149,108303125007732540476922743885439358898,20000,0.0,0.1,readout_flip,0.0,0.5,0.2,,0.11,0.95,20000,10098,2019,8079,968,174,0.09586056644880174,0.0861812778603269,0.07471255494343115,0.09922171819818018,0.024509163254749028,1.0,0.5049,0.40395,1,1,0.1
02_noise_sweep,0,128205078209032338926025227686609027200,20000,0.0,0.12,readout_flip,0.0,0.5,0.2,,0.11,0.95,20000,9935,1987,7948,1197,245,0.12048314041268243,0.12330145948666331,0.10956765667687454,0.13848899124587305,0.028921334568998508,1.0,0.49675,0.3974,1,1,0.12
02_noise_sweep,1,277030139761700065507333516322363174128,20000,0.0,0.12,readout_flip,0.0,0.5,0.2,,0.11,0.95,20000,9923,1984,7939,1177,208,0.118613322583896,0.10483870967741936,0.09211378329436959,0.11909091663666468,0.026977133342295095,1.0,0.49615,0.39695,1,1,0.12
02_noise_sweep,2,313206468483235082788762846173683875708,20000,0.0,0.12,readout_flip,0.0,0.5,0.2,,0.11,0.95,20000,10044,2008,8036,1192,226,0.11867781760254878,0.11254980079681275,0.09945974570527993,0.1271194694819348,0.027659723776654876,1.0,0.5022,0.4018,1,1,0.12
02_noise_sweep,3,154296320182458255609358270386072348021,20000,0.0,0.12,readout_flip,0.0,0.5,0.2,,0.11,0.95,20000,10018,2003,8015,1217,269,0.12148133359952086,0.13429855217174239,0.1200641323637909,0.1499330098813685,0.029868877517577608,1.0,0.5009,0.40075,1,1,0.12
02_noise_sweep,4,326091105864005508000768025723047560631,20000,0.0,0.12,readout_flip,0.0,0.5,0.2,,0.11,0.95,20000,9891,1978,7913,1172,228,0.11849155798200384,0.11526794742163801,0.1019342939743686,0.13009307470038167,0.028158780726013077,1.0,0.49455,0.39565,1,1,0.12
02_noise_sweep,5,238727116544894065951388634987527809,20000,0.0,0.12,readout_flip,0.0,0.5,0.2,,0.11,0.95,20000,10083,2016,8067,1270,251,0.12595457701081028,0.12450396825396826,0.11080221224514329,0.1396340071975624,0.028831794952419096,1.0,0.50415,0.40335,1,1,0.12
02_noise_sweep,6,79689211921885318455304692030625305338,20000,0.0,0.12,readout_flip,0.0,0.5,0.2,,0.11,0.95,20000,10028,2005,8023,1223,223,0.12195851615476665,0.11122194513715711,0.09819643511920971,0.12573435685318268,0.027537921733972973,1.0,0.5014,0.40115,1,1,0.12
02_noise_sweep,7,88899423957161225836353504120874747377,20000,0.0,0.12,readout_flip,0.0,0.5,0.2,,0.11,0.95,20000,10004,2000,8004,1164,226,0.11635345861655338,0.113,0.09986032758661222,0.12762346700907756,0.027763139422465347,1.0,0.5002,0.4002,1,1,0.12
02_noise_sweep,8,159738371372646703631505094017285616090,20000,0.0,0.12,readout_flip,0.0,0.5,0.2,,0.11,0.95,20000,10016,2003,8013,1204,251,0.12020766773162939,0.12531203195207188,0.11152663963663625,0.14053186583092983,0.029005226194293576,1.0,0.5008,0.40065,1,1,0.12
02_noise_sweep,9,190844747730634784136833864457394117334,20000,0.0,0.12,readout_flip,0.0,0.5,0.2,,0.11,0.95,20000,9989,1997,7992,1220,248,0.12213434778256081,0.12418627941912869,0.11043925819468504,0.13937636643521595,0.028937108240530904,1.0,0.49945,0.3996,1,1,0.12
02_noise_sweep,10,192874123415355624197074882690819250312,20000,0.0,0.12,readout_flip,0.0,0.5,0.2,,0.11,0.95,20000,9947,1989,7958,1217,238,0.12234844676786971,0.11965811965811966,0.1061226388065677,0.13465991652257045,0.028537277716002743,1.0,0.49735,0.3979,1,1,0.12
02_noise_sweep,11,202119668705363996972456069834184853403,20000,0.0,0.12,readout_flip,0.0,0.5,0.2,,0.11,0.95,20000,10036,2007,8029,1220,241,0.12156237544838581,0.12007972097658197,0.10657954936252495,0.13503147207803526,0.02845192271551031,1.0,0.5018,0.40145,1,1,0.12
02_noise_sweep,12,121360234930323077122077310271263733072,20000,0.0,0.12,readout_flip,0.0,0.5,0.2,,0.11,0.95,20000,10024,2004,8020,1212,248,0.1209098164405427,0.12375249500998003,0.11005067594201538,0.1388940087216214,0.028843332779606004,1.0,0.5012,0.401,1,1,0.12
02_noise_sweep,13,331291364230065386379525347119309477516,20000,0.0,0.12,readout_flip,0.0,0.5,0.2,,0.11,0.95,20000,10029,2005,8024,1216,255,0.12124837969887327,0.12718204488778054,0.1133078638540055,0.14248208739597953,0.029174223541974034,1.0,0.50145,0.4012,1,1,0.12
02_noise_sweep,14,322984548910545679782616059604026755240,20000,0.0,0.12,readout_flip,0.0,0.5,0.2,,0.11,0.95,20000,9967,1993,7974,1187,225,0.11909300692284538,0.11289513296537883,0.09973948900316285,0.12754017649853722,0.02780068749537437,1.0,0.49835,0.3987,1,1,0.12
02_noise_sweep,15,203318124841150212972683946739058626668,20000,0.0,0.12,readout_flip,0.0,0.5,0.2,,0.11,0.95,20000,9990,1998,7992,1183,228,0.11841841841841842,0.11411411411411411,0.10090684553795519,0.1288023838290855,0.027895538291130298,1.0,0.4995,0.3996,1,1,0.12
02_noise_sweep,16,95175707138086696286012755364381276002,20000,0.0,0.12,readout_flip,0.0,0.5,0.2,,0.11,0.95,20000,9964,1992,7972,1212,236,0.1216378964271377,0.11847389558232932,0.10501125840638505,0.13340520334096242,0.028393944934577378,1.0,0.4982,0.3986,1,1,0.12
02_noise_sweep,17,164037337034934200212394487811994991095,20000,0.0,0.12,readout_flip,0.0,0.5,0.2,,0.11,0.95,20000,10012,2002,8010,1248,258,0.12465041949660408,0.12887112887112886,0.11490181046244878,0.14426197166733498,0.0293601612048862,1.0,0.5006,0.4005,1,1,0.12
02_noise_sweep,18,323197342553995379891878243960411751779,20000,0.0,0.12,readout_flip,0.0,0.5,0.2,,0.11,0.95,20000,10065,2013,8052,1241,238,0.12329855936413313,0.11823149528067561,0.10484843402863225,0.13306885824146586,0.028220424212833606,1.0,0.50325,0.4026,1,1,0.12
02_noise_sweep,19,192376714773016227572249694881541926969,20000,0.0,0.12,readout_flip,0.0,0.5,0.2,,0.11,0.95,20000,9969,1993,7976,1254,222,0.12578994884140837,0.11138986452584045,0.09831799655663102,0.12595692363917801,0.02763892708254699,1.0,0.49845,0.3988,1,1,0.12
02_noise_sweep,20,6014987498724753662791675041803338723,20000,0.0,0.12,readout_flip,0.0,0.5,0.2,,0.11,0.95,20000,9969,1993,7976,1214,253,0.12177751028187381,0.12694430506773707,0.11304263582338904,0.1422813191999603,0.029238683376571248,1.0,0.49845,0.3988,1,1,0.12
02_noise_sweep,21,290771026259442868658430621363286521545,20000,0.0,0.12,readout_flip,0.0,0.5,0.2,,0.11,0.95,20000,10081,2016,8065,1201,243,0.11913500644777304,0.12053571428571429,0.10704011763041044,0.13547468801512436,0.02843457038471392,1.0,0.50405,0.40325,1,1,0.12
02_noise_sweep,22,278409340384702400864846651572412625001,20000,0.0,0.12,readout_flip,0.0,0.5,0.2,,0.11,0.95,20000,10079,2015,8064,1210,247,0.12005159241988292,0.12258064516129032,0.10897500567005877,0.13762259447607064,0.02864758880601187,1.0,0.50395,0.4032,1,1,0.12
02_noise_sweep,23,12298400921824491694385195686612421994,20000,0.0,0.12,readout_flip,0.0,0.5,0.2,,0.11,0.95,20000,10022,2004,8018,1182,241,0.11794053083216922,0.12025948103792415,0.10674024313417275,0.13523177945074447,0.02849153631657171,1.0,0.5011,0.4009,1,1,0.12
02_noise_sweep,24,54924066454113476111190186213621664403,20000,0.0,0.12,readout_flip,0.0,0.5,0.2,,0.11,0.95,20000,10113,2022,8091,1280,265,0.12656976169287057,0.13105835806132543,0.11704619579765196,0.14646971582331958,0.029423520025667615,1.0,0.50565,0.40455,1,1,0.12
02_noise_sweep,25,236586919676805369324102591772586063869,20000,0.0,0.12,readout_flip,0.0,0.5,0.2,,0.11,0.95,20000,9903,1980,7923,1242,227,0.12541654044229023,0.11464646464646465,0.10135328406924553,0.12943202227920667,0.028078738209961138,1.0,0.49515,0.39615,1,1,0.12
02_noise_sweep,26,105854742659765964467713930753047580401,20000,0.0,0.12,readout_flip,0.0,0.5,0.2,,0.11,0.95,20000,10051,2010,8041,1163,223,0.11570987961396875,0.1109452736318408,0.0979505040265331,0.12542430874751784,0.027473804720984735,1.0,0.50255,0.40205,1,1,0.12
02_noise_sweep,27,150157323232029620394379466769600567662,20000,0.0,0.12,readout_flip,0.0,0.5,0.2,,0.11,0.95,20000,10034,2006,8028,1228,264,0.1223838947578234,0.13160518444666003,0.1175129561118635,0.14710565670785633,0.029592700595992824,1.0,0.5017,0.4014,1,1,0.12
02_noise_sweep,28,8678848704215356402590069720023588585,20000,0.0,0.12,readout_flip,0.0,0.5,0.2,,0.11,0.95,20000,9827,1965,7862,1140,222,0.1160069197110003,0.11297709923664122,0.09972869457560204,0.12773576520316768,0.028007070627565633,1.0,0.49135,0.3931,1,1,0.12
02_noise_sweep,29,80852590641188112296383799623244748554,20000,0.0,0.12,readout_flip,0.0,0.5,0.2,,0.11,0.95,20000,9984,1996,7988,1214,239,0.12159455128205128,0.11973947895791583,0.10622217130290307,0.13471765754974802,0.028495486246844948,1.0,0.4992,0.3994,1,1,0.12
02_noise_sweep,30,135064053416276846598912133449124838195,20000,0.0,0.12,readout_flip,0.0,0.5,0.2,,0.11,0.95,20000,9989,1997,7992,1188,246,0.11893082390629693,0.12318477716574862,0.10948967963115451,0.1383267861036896,0.028837106472535082,1.0,0.49945,0.3996,1,1,0.12
02_noise_sweep,31,330703363940377206832686700826952177778,20000,0.0,0.12,readout_flip,0.0,0.5,0.2,,0.11,0.95,20000,9852,1970,7882,1165,235,0.11825010150223304,0.11928934010152284,0.10571196664270832,0.13434857960997754,0.028636612967269215,1.0,0.4926,0.3941,1,1,0.12
02_noise_sweep,32,72004545445525865479763307923686448068,20000,0.0,0.12,readout_flip,0.0,0.5,0.2,,0.11,0.95,20000,10006,2001,8005,1180,234,0.11792924245452728,0.11694152923538231,0.1035898313469807,0.1317611769558129,0.028171345608832207,1.0,0.5003,0.40025,1,1,0.12
02_noise_sweep,33,319552195724502294005626198972721108558,20000,0.0,0.12,readout_flip,0.0,0.5,0.2,,0.11,0.95,20000,10013,2002,8011,1222,247,0.12204134624987516,0.12337662337662338,0.10968779223658719,0.13850802435272236,0.028820232116135172,1.0,0.50065,0.40055,1,1,0.12
02_noise_sweep,34,230254532616470964926088837274041493537,20000,0.0,0.12,readout_flip,0.0,0.5,0.2,,0.11,0.95,20000,10067,2013,8054,1253,254,0.1244660772822092,0.12617983109786388,0.11238269931573173,0.1414009863488731,0.02901828703314137,1.0,0.50335,0.4027,1,1,0.12
02_noise_sweep,35,302695028531438904096730764497704613546,20000,0.0,0.12,readout_flip,0.0,0.5,0.2,,0.11,0.95,20000,10068,2013,8055,1223,248,0.12147397695669447,0.12319920516641829,0.10955507108628,0.1382787170553848,0.028723645969104802,1.0,0.5034,0.40275,1,1,0.12
02_noise_sweep,36,199644669487471470813983064456094805063,20000,0.0,0.12,readout_flip,0.0,0.5,0.2,,0.11,0.95,20000,9965,1993,7972,1207,262,0.12112393376818865,0.13146011038635222,0.11733146543182776,0.14700672550919447,0.029675260077366705,1.0,0.49825,0.3986,1,1,0.12
02_noise_sweep,37,175371092451097674465645827476728860104,20000,0.0,0.12,readout_flip,0.0,0.5,0.2,,0.11,0.95,20000,9964,1992,7972,1196,251,0.12003211561621839,0.12600401606425704,0.1121470585175213,0.14130065727428645,0.029153598756765153,1.0,0.4982,0.3986,1,1,0.12
02_noise_sweep,38,36967619181238796755601288667076902352,20000,0.0,0.12,readout_flip,0.0,0.5,0.2,,0.11,0.95,20000,9978,1995,7983,1214,243,0.12166766887151734,0.12180451127819548,0.10817501097748176,0.13688767604007587,0.02871266506259411,1.0,0.4989,0.39915,1,1,0.12
02_noise_sweep,39,258930519922902439649265482558690223287,20000,0.0,0.12,readout_flip,0.0,0.5,0.2,,0.11,0.95,20000,9965,1993,7972,1198,254,0.12022077270446563,0.12744606121424987,0.11351887971708924,0.14280665707489038,0.029287777357801137,1.0,0.49825,0.3986,1,1,0.12
02_noise_sweep,40,173626200738887479388030237140768016268,20000,0.0,0.12,readout_flip,0.0,0.5,0.2,,0.11,0.95,20000,10080,2016,8064,1198,261,0.11884920634920634,0.12946428571428573,0.11551148138633802,0.14482650530283128,0.029315023916493266,1.0,0.504,0.4032,1,1,0.12
02_noise_sweep,41,241137261689748892036552603562470162572,20000,0.0,0.12,readout_flip,0.0,0.5,0.2,,0.11,0.95,20000,10118,2023,8095,1145,227,0.11316465704684721,0.11220958971824024,0.09918423773621399,0.12670489475029365,0.027520657014079658,1.0,0.5059,0.40475,1,1,0.12
02_noise_sweep,42,288928310876262077127469192204183176128,20000,0.0,0.12,readout_flip,0.0,0.5,0.2,,0.11,0.95,20000,10026,2005,8021,1203,228,0.11998803111909037,0.11371571072319202,0.10055211574286758,0.12835666986664865,0.027804554123781064,1.0,0.5013,0.40105,1,1,0.12
02_noise_sweep,43,313713461539599877001475240936927091918,20000,0.0,0.12,readout_flip,0.0,0.5,0.2,,0.11,0.95,20000,10092,2018,8074,1166,239,0.11553705905667856,0.11843409316154609,0.10505595173091925,0.1332621699588714,0.028206218227952162,1.0,0.5046,0.4037,1,1,0.12
02_noise_sweep,44,281676632400098507351581997873131829606,20000,0.0,0.12,readout_flip,0.0,0.5,0.2,,0.11,0.95,20000,9889,1977,7912,1154,223,0.1166953180301345,0.112797167425392,0.09959680160715913,0.1274993432243964,0.027902541617237278,1.0,0.49445,0.3956,1,1,0.12
02_noise_sweep,45,254960242015097686267720416662619955259,20000,0.0,0.12,readout_flip,0.0,0.5,0.2,,0.11,0.95,20000,9906,1981,7925,1221,265,0.12325863113264689,0.1337708228167592,0.11948732481864496,0.14947191948184405,0.029984594663199082,1.0,0.4953,0.39625,1,1,0.12
02_noise_sweep,46,156636300729778492882873526679932367414,20000,0.0,0.12,readout_flip,0.0,0.5,0.2,,0.11,0.95,20000,10033,2006,8027,1197,240,0.11930628924548989,0.11964107676969092,0.1061609291158403,0.13457520292941846,0.028414273813578167,1.0,0.50165,0.40135,1,1,0.12
02_noise_sweep,47,66511627386693363878008363436800770887,20000,0.0,0.12,readout_flip,0.0,0.5,0.2,,0.11,0.95,20000,9861,1972,7889,1158,236,0.11743230909644052,0.11967545638945233,0.10608394257448116,0.1347458348838307,0.028661892309349554,1.0,0.49305,0.39445,1,1,0.12
02_noise_sweep,48,235158838362016606693723946211599221334,20000,0.0,0.12,readout_flip,0.0,0.5,0.2,,0.11,0.95,20000,10063,2012,8051,1177,239,0.11696313226671967,0.11878727634194831,0.10537146375337716,0.13365599384370025,0.028284530090323085,1.0,0.50315,0.40255,1,1,0.12
02_noise_sweep,49,195934527986104185197934520570312371419,20000,0.0,0.12,readout_flip,0.0,0.5,0.2,,0.11,0.95,20000,9877,1975,7902,1214,234,0.12291181532854105,0.11848101265822784,0.1049632855581845,0.13347999988919626,0.028516714331011758,1.0,0.49385,0.3951,1,1,0.12
02_noise_sweep,50,276183894757303267172204263967755019052,20000,0.0,0.12,readout_flip,0.0,0.5,0.2,,0.11,0.95,20000,9982,1996,7986,1200,235,0.12021638950110199,0.11773547094188377,0.10432519822392997,0.13261431352122524,0.028289115297295275,1.0,0.4991,0.3993,1,1,0.12
02_noise_sweep,51,182179116753016744465901597808689825926,20000,0.0,0.12,readout_flip,0.0,0.5,0.2,,0.11,0.95,20000,9969,1993,7976,1209,236,0.12127595546193198,0.11841445057701956,0.10495819349086659,0.1333388714657671,0.0283806779749005,1.0,0.49845,0.3988,1,1,0.12
02_noise_sweep,52,14106834577926515211338104938023306622,20000,0.0,0.12,readout_flip,0.0,0.5,0.2,,0.11,0.95,20000,9912,1982,7930,1185,225,0.11955205811138014,0.11352169525731584,0.10029688066250166,0.12824173545150125,0.027944854788999593,1.0,0.4956,0.3965,1,1,0.12
02_noise_sweep,53,4515100563896156629190154654824857626,20000,0.0,0.12,readout_flip,0.0,0.5,0.2,,0.11,0.95,20000,10149,2029,8120,1192,219,0.11744999507340624,0.10793494332183341,0.09516662484376091,0.12218503182552908,0.02701840698176816,1.0,0.50745,0.406,1,1,0.12
02_noise_sweep,54,319659529249407006968229705954692223855,20000,0.0,0.12,readout_flip,0.0,0.5,0.2,,0.11,0.95,20000,10016,2003,8013,1199,234,0.11970846645367413,0.11682476285571643,0.10348566865211442,0.1316307909699468,0.028145122317832366,1.0,0.5008,0.40065,1,1,0.12
02_noise_sweep,55,24731756546551452312889037209886339669,20000,0.0,0.12,readout_flip,0.0,0.5,0.2,,0.11,0.95,20000,9899,1979,7920,1202,246,0.12142640670774826,0.12430520464881253,0.11049287163223503,0.13957324263773718,0.029080371005502148,1.0,0.49495,0.396,1,1,0.12
02_noise_sweep,56,167424151306876666486609630107291427691,20000,0.0,0.12,readout_flip,0.0,0.5,0.2,,0.11,0.95,20000,9949,1989,7960,1188,245,0.11940898582772137,0.1231774761186526,0.10945667852885206,0.13835102169479507,0.028894343165943012,1.0,0.49745,0.398,1,1,0.12
02_noise_sweep,57,29098168149754566128960545517608902987,20000,0.0,0.12,readout_flip,0.0,0.5,0.2,,0.11,0.95,20000,10027,2005,8022,1214,236,0.12107310262291812,0.11770573566084788,0.10432557340653525,0.13254800202237915,0.028222428615843898,1.0,0.50135,0.4011,1,1,0.12
02_noise_sweep,58,35146614843829294900955931171096303240,20000,0.0,0.12,readout_flip,0.0,0.5,0.2,,0.11,0.95,20000,9968,1993,7975,1258,247,0.12620385232744782,0.12393376818866031,0.11018674833749768,0.13912771607406962,0.02894096773657194,1.0,0.4984,0.39875,1,1,0.12
02_noise_sweep,59,114824506341697469435059218448487037499,20000,0.0,0.12,readout_flip,0.0,0.5,0.2,,0.11,0.95,20000,9981,1996,7985,1199,247,0.12012824366295963,0.12374749498997996,0.11001992589789199,0.13892053716975095,0.02890061127185896,1.0,0.49905,0.39925,1,1,0.12
02_noise_sweep,60,137662755610257279945360251107919698853,20000,0.0,0.12,readout_flip,0.0,0.5,0.2,,0.11,0.95,20000,9948,1989,7959,1183,244,0.11891837555287495,0.12267471091000502,0.10898015066406906,0.13782395743179102,0.028843806767721955,1.0,0.4974,0.39795,1,1,0.12
02_noise_sweep,61,222126626791969018987889148909559567299,20000,0.0,0.12,readout_flip,0.0,0.5,0.2,,0.11,0.95,20000,9937,1987,7950,1163,240,0.11703733521183456,0.12078510317060896,0.10718337753558067,0.13585026870328415,0.028666891167703476,1.0,0.49685,0.3975,1,1,0.12
02_noise_sweep,62,125715922195612635698924778797190099648,20000,0.0,0.12,readout_flip,0.0,0.5,0.2,,0.11,0.95,20000,9942,1988,7954,1209,252,0.1216053108026554,0.1267605633802817,0.1128516870873582,0.14210909634837304,0.029257409261014847,1.0,0.4971,0.3977,1,1,0.12
02_noise_sweep,63,46641802126356791619779868064470613821,20000,0.0,0.12,readout_flip,0.0,0.5,0.2,,0.11,0.95,20000,9964,1992,7972,1177,212,0.11812525090325171,0.10642570281124498,0.09363278836520653,0.12073366691100454,0.027100878545798013,1.0,0.4982,0.3986,1,1,0.12
02_noise_sweep,64,91701850235027960568371105307216704217,20000,0.0,0.12,readout_flip,0.0,0.5,0.2,,0.11,0.95,20000,10022,2004,8018,1256,260,0.125324286569547,0.12974051896207583,0.11573427685970744,0.14516354279601995,0.02942926593631251,1.0,0.5011,0.4009,1,1,0.12
02_noise_sweep,65,304212621856025121668578182578113912073,20000,0.0,0.12,readout_flip,0.0,0.5,0.2,,0.11,0.95,20000,10143,2028,8115,1196,239,0.11791383219954649,0.1178500986193294,0.10453427728573174,0.13261092748844433,0.02807665020271259,1.0,0.50715,0.40575,1,1,0.12
02_noise_sweep,66,23328635046254434459386587335449522977,20000,0.0,0.12,readout_flip,0.0,0.5,0.2,,0.11,0.95,20000,9858,1971,7887,1200,220,0.12172854534388314,0.11161846778285134,0.09846509284688436,0.12628280113633222,0.027817708289447865,1.0,0.4929,0.39435,1,1,0.12
02_noise_sweep,67,245935629971635318677235328176626776341,20000,0.0,0.12,readout_flip,0.0,0.5,0.2,,0.11,0.95,20000,10065,2013,8052,1249,225,0.12409339294585196,0.11177347242921014,0.09874176646424716,0.1262840811728142,0.027542314708567037,1.0,0.50325,0.4026,1,1,0.12
02_noise_sweep,68,199783445312696276598036494190702084462,20000,0.0,0.12,readout_flip,0.0,0.5,0.2,,0.11,0.95,20000,9982,1996,7986,1194,232,0.11961530755359648,0.11623246492985972,0.1029033243395262,0.13103594957500705,0.02813262523548085,1.0,0.4991,0.3993,1,1,0.12
02_noise_sweep,69,110869792005216130319514499225795615139,20000,0.0,0.12,readout_flip,0.0,0.5,0.2,,0.11,0.95,20000,9957,1991,7966,1195,245,0.12001606909711761,0.12305374183827222,0.10934592502334362,0.13821332668412903,0.028867401660785413,1.0,0.49785,0.3983,1,1,0.12
02_noise_sweep,70,260516109527223586492309688429884252977,20000,0.0,0.12,readout_flip,0.0,0.5,0.2,,0.11,0.95,20000,9984,1996,7988,1215,253,0.12169471153846154,0.12675350701402804,0.11287147035564044,0.1420694683732463,0.029197998017605864,1.0,0.4992,0.3994,1,1,0.12
02_noise_sweep,71,300888252183598582376427359843897047184,20000,0.0,0.12,readout_flip,0.0,0.5,0.2,,0.11,0.95,20000,9949,1989,7960,1184,261,0.11900693537038898,0.13122171945701358,0.11709142807709308,0.14677374619114594,0.029682318114052864,1.0,0.49745,0.398,1,1,0.12
02_noise_sweep,72,106700419117964314184846458674501702938,20000,0.0,0.12,readout_flip,0.0,0.5,0.2,,0.11,0.95,20000,10058,2011,8047,1241,251,0.12338437065022867,0.12481352560914968,0.11107972134776369,0.13997797681810992,0.028898255470346232,1.0,0.5029,0.40235,1,1,0.12
02_noise_sweep,73,155356186284295268190330341827218449823,20000,0.0,0.12,readout_flip,0.0,0.5,0.2,,0.11,0.95,20000,10028,2005,8023,1248,257,0.12445153570003989,0.1281795511221945,0.11425494943999359,0.143526199264841,0.029271249824847412,1.0,0.5014,0.40115,1,1,0.12
02_noise_sweep,74,18956441687919893000177989565580116779,20000,0.0,0.12,readout_flip,0.0,0.5,0.2,,0.11,0.95,20000,10039,2007,8032,1207,237,0.12023109871501146,0.11808669656203288,0.10469245231709597,0.13294013513757866,0.028247682820482692,1.0,0.50195,0.4016,1,1,0.12
02_noise_sweep,75,73064870897879340001483051487996420778,20000,0.0,0.12,readout_flip,0.0,0.5,0.2,,0.11,0.95,20000,9921,1984,7937,1214,241,0.12236669690555388,0.12147177419354839,0.10782404714101053,0.1365824957776205,0.028758448636609965,1.0,0.49605,0.39685,1,1,0.12
02_noise_sweep,76,39759041084684966796704653911331800806,20000,0.0,0.12,readout_flip,0.0,0.5,0.2,,0.11,0.95,20000,9976,1995,7981,1229,248,0.12319566960705694,0.12431077694235589,0.11055078635542515,0.13951479869382533,0.02896401233840018,1.0,0.4988,0.39905,1,1,0.12
02_noise_sweep,77,190428136639539419418965454830267094534,20000,0.0,0.12,readout_flip,0.0,0.5,0.2,,0.11,0.95,20000,9996,1999,7997,1196,227,0.11964785914365746,0.1135567783891946,0.10038327938197276,0.12821267703001338,0.027829397648040613,1.0,0.4998,0.39985,1,1,0.12
02_noise_sweep,78,54792698002390838926113929977256343047,20000,0.0,0.12,readout_flip,0.0,0.5,0.2,,0.11,0.95,20000,10120,2024,8096,1228,262,0.12134387351778655,0.12944664031620554,0.11552094222755575,0.14477626026068227,0.029255318033126518,1.0,0.506,0.4048,1,1,0.12
02_noise_sweep,79,193028029698099255514223850873233876622,20000,0.0,0.12,readout_flip,0.0,0.5,0.2,,0.11,0.95,20000,9896,1979,7917,1206,230,0.12186742118027485,0.11622031328954018,0.10283781798199422,0.1310898401054892,0.028252022123494994,1.0,0.4948,0.39585,1,1,0.12
02_noise_sweep,80,297524434062751973055653362246655291490,20000,0.0,0.12,readout_flip,0.0,0.5,0.2,,0.11,0.95,20000,10053,2010,8043,1167,210,0.11608475082065055,0.1044776119402985,0.09185144555431012,0.11861271832723784,0.026761272772927724,1.0,0.50265,0.40215,1,1,0.12
02_noise_sweep,81,45864944257070739724803728646759941693,20000,0.0,0.12,readout_flip,0.0,0.5,0.2,,0.11,0.95,20000,9964,1992,7972,1179,251,0.11832597350461661,0.12600401606425704,0.1121470585175213,0.14130065727428645,0.029153598756765153,1.0,0.4982,0.3986,1,1,0.12
02_noise_sweep,82,210009311177632167079520348681476594168,20000,0.0,0.12,readout_flip,0.0,0.5,0.2,,0.11,0.95,20000,9960,1992,7968,1208,240,0.121285140562249,0.12048192771084337,0.10691240707596862,0.1355123890832349,0.02859998200726628,1.0,0.498,0.3984,1,1,0.12
02_noise_sweep,83,59449741472919584632010081331337592822,20000,0.0,0.12,readout_flip,0.0,0.5,0.2,,0.11,0.95,20000,10051,2010,8041,1190,219,0.1183961794846284,0.10895522388059702,0.09607225625310306,0.12333004916940851,0.02725779291630545,1.0,0.50255,0.40205,1,1,0.12
02_noise_sweep,84,236480560177327880554741400018665517897,20000,0.0,0.12,readout_flip,0.0,0.5,0.2,,0.11,0.95,20000,10009,2001,8008,1244,262,0.12428814067339394,0.13093453273363317,0.11685882098208344,0.1464245705790556,0.02956574959697217,1.0,0.50045,0.4004,1,1,0.12
02_noise_sweep,85,50134087836267656108093682177804712348,20000,0.0,0.12,readout_flip,0.0,0.5,0.2,,0.11,0.95,20000,10058,2011,8047,1197,234,0.11900974348777092,0.11636001989060168,0.10307110472822484,0.13111181659049143,0.028040711862266587,1.0,0.5029,0.40235,1,1,0.12
02_noise_sweep,86,263613953943396610963059201609205711769,20000,0.0,0.12,readout_flip,0.0,0.5,0.2,,0.11,0.95,20000,9976,1995,7981,1190,242,0.11928628708901363,0.12130325814536341,0.10770008903821818,0.1363620183730009,0.028661929334782732,1.0,0.4988,0.39905,1,1,0.12
02_noise_sweep,87,231537299150859649124368009540255735631,20000,0.0,0.12,readout_flip,0.0,0.5,0.2,,0.11,0.95,20000,10025,2005,8020,1165,234,0.11620947630922693,0.11670822942643391,0.10338171527198674,0.13150066270207814,0.0281189474300914,1.0,0.50125,0.401,1,1,0.12
02_noise_sweep,88,208979276923393793838587913161066349334,20000,0.0,0.12,readout_flip,0.0,0.5,0.2,,0.11,0.95,20000,9996,1999,7997,1205,251,0.12054821928771509,0.12556278139069535,0.11175145044909206,0.1408104568316479,0.029059006382555833,1.0,0.4998,0.39985,1,1,0.12
02_noise_sweep,89,36718127905928992391415896130204852798,20000,0.0,0.12,readout_flip,0.0,0.5,0.2,,0.11,0.95,20000,9956,1991,7965,1234,259,0.1239453595821615,0.13008538422903063,0.1160185074162905,0.14557694745719862,0.02955844004090813,1.0,0.4978,0.39825,1,1,0.12
02_noise_sweep,90,170317924556854195340506356176223475890,20000,0.0,0.12,readout_flip,0.0,0.5,0.2,,0.11,0.95,20000,9957,1991,7966,1192,239,0.1197147735261625,0.12004018081366148,0.10649084221560261,0.13505289384929153,0.028562051633688926,1.0,0.49785,0.3983,1,1,0.12
02_noise_sweep,91,279477040937154617863623148913975393130,20000,0.0,0.12,readout_flip,0.0,0.5,0.2,,0.11,0.95,20000,10024,2004,8020,1191,232,0.11881484437350359,0.1157684630738523,0.10248965830407541,0.1305175130367738,0.028027854732698393,1.0,0.5012,0.401,1,1,0.12
02_noise_sweep,92,195463860143045042724467727139977177642,20000,0.0,0.12,readout_flip,0.0,0.5,0.2,,0.11,0.95,20000,9929,1985,7944,1138,225,0.11461375767952463,0.11335012594458438,0.100144247716344,0.12804963712443382,0.027905389408089815,1.0,0.49645,0.3972,1,1,0.12
02_noise_sweep,93,205121726678641609042558858657635992927,20000,0.0,0.12,readout_flip,0.0,0.5,0.2,,0.11,0.95,20000,9961,1992,7969,1174,237,0.11785965264531674,0.11897590361445783,0.10548642456130937,0.13393212078900213,0.02844569622769276,1.0,0.49805,0.39845,1,1,0.12
02_noise_sweep,94,336538896678760825604146092570543988590,20000,0.0,0.12,readout_flip,0.0,0.5,0.2,,0.11,0.95,20000,10007,2001,8006,1201,226,0.12001598880783451,0.11294352823588207,0.09981007843940116,0.12756024893243664,0.027750170493035478,1.0,0.50035,0.4003,1,1,0.12
02_noise_sweep,95,332574919515197296737335563140663551002,20000,0.0,0.12,readout_flip,0.0,0.5,0.2,,0.11,0.95,20000,10087,2017,8070,1236,274,0.1225339545950233,0.13584531482399603,0.12158325268295488,0.15149183512860123,0.029908582445646356,1.0,0.50435,0.4035,1,1,0.12
02_noise_sweep,96,159098355041551756963900544833496667732,20000,0.0,0.12,readout_flip,0.0,0.5,0.2,,0.11,0.95,20000,10012,2002,8010,1244,245,0.12425089892129444,0.12237762237762238,0.10874076590811635,0.1374608751283797,0.028720109220263357,1.0,0.5006,0.4005,1,1,0.12
02_noise_sweep,97,232144685919667400733958019540883917994,20000,0.0,0.12,readout_flip,0.0,0.5,0.2,,0.11,0.95,20000,10032,2006,8026,1190,230,0.11862041467304625,0.11465603190428714,0.10144403537936336,0.12934106300986994,0.027897027630506582,1.0,0.5016,0.4013,1,1,0.12
02_noise_sweep,98,171210380100586063385104977846520290104,20000,0.0,0.12,readout_flip,0.0,0.5,0.2,,0.11,0.95,20000,10030,2006,8024,1168,214,0.11645064805583251,0.10667996011964108,0.09391458120325252,0.12094886333634008,0.02703428213308756,1.0,0.5015,0.4012,1,1,0.12
02_noise_sweep,99,170584122655120600328917442383004476045,20000,0.0,0.12,readout_flip,0.0,0.5,0.2,,0.11,0.95,20000,10140,2028,8112,1153,228,0.11370808678500986,0.11242603550295859,0.09940393829481525,0.1269136500309943,0.027509711736179054,1.0,0.507,0.4056,1,1,0.12
02_noise_sweep,100,62045535620919883783088226731783080996,20000,0.0,0.12,readout_flip,0.0,0.5,0.2,,0.11,0.95,20000,9924,1984,7940,1197,267,0.12061668681983072,0.1345766129032258,0.12026392677946639,0.15030164394757428,0.030037717168107894,1.0,0.4962,0.397,1,1,0.12
02_noise_sweep,101,56862883533666930935628703089079282596,20000,0.0,0.12,readout_flip,0.0,0.5,0.2,,0.11,0.95,20000,10014,2002,8012,1232,256,0.12302776113441183,0.12787212787212787,0.11395314329200158,0.1432164632849687,0.02926331999296712,1.0,0.5007,0.4006,1,1,0.12
02_noise_sweep,102,221180605380948294206774589982648695282,20000,0.0,0.12,readout_flip,0.0,0.5,0.2,,0.11,0.95,20000,10116,2023,8093,1179,244,0.11654804270462633,0.12061295106277806,0.10713544517587198,0.1355285563325979,0.02839311115672591,1.0,0.5058,0.40465,1,1,0.12
02_noise_sweep,103,179426314859428081168052468657319475930,20000,0.0,0.12,readout_flip,0.0,0.5,0.2,,0.11,0.95,20000,10084,2016,8068,1156,211,0.11463704879016264,0.10466269841269842,0.09204349612433992,0.11878565433251136,0.02674215820817144,1.0,0.5042,0.4034,1,1,0.12
02_noise_sweep,104,207997016711689479025061165966783226460,20000,0.0,0.12,readout_flip,0.0,0.5,0.2,,0.11,0.95,20000,9865,1973,7892,1176,234,0.11920932589964521,0.11860111505321845,0.10507044630369486,0.13361407577334425,0.02854362946964939,1.0,0.49325,0.3946,1,1,0.12
02_noise_sweep,105,259615456068955789875267281095096652502,20000,0.0,0.12,readout_flip,0.0,0.5,0.2,,0.11,0.95,20000,9918,1983,7935,1152,219,0.1161524500907441,0.11043872919818457,0.09738926939446503,0.12499458355923397,0.02760531416476894,1.0,0.4959,0.39675,1,1,0.12
02_noise_sweep,106,25428995484175283100499773770006216842,20000,0.0,0.12,readout_flip,0.0,0.5,0.2,,0.11,0.95,20000,10206,2041,8165,1224,270,0.11992945326278659,0.13228809407153355,0.11827789683498238,0.147679865550342,0.029401968715359605,1.0,0.5103,0.40825,1,1,0.12
02_noise_sweep,107,40604488186518085606603595356763519235,20000,0.0,0.12,readout_flip,0.0,0.5,0.2,,0.11,0.95,20000,9965,1993,7972,1214,222,0.12182639237330657,0.11138986452584045,0.09831799655663102,0.12595692363917801,0.02763892708254699,1.0,0.49825,0.3986,1,1,0.12
02_noise_sweep,108,293208285557367154582761895142468322017,20000,0.0,0.12,readout_flip,0.0,0.5,0.2,,0.11,0.95,20000,9952,1990,7962,1167,259,0.1172628617363344,0.13015075376884422,0.11607724906933588,0.14564940753722797,0.029572158467892087,1.0,0.4976,0.3981,1,1,0.12
02_noise_sweep,109,73212211978543512263149484903729774817,20000,0.0,0.12,readout_flip,0.0,0.5,0.2,,0.11,0.95,20000,9940,1988,7952,1192,227,0.1199195171026157,0.1141851106639839,0.10094258492939365,0.12891579902640948,0.027973214097015836,1.0,0.497,0.3976,1,1,0.12
02_noise_sweep,110,236508652931103204529836105741141651703,20000,0.0,0.12,readout_flip,0.0,0.5,0.2,,0.11,0.95,20000,9892,1978,7914,1165,228,0.1177719369187222,0.11526794742163801,0.1019342939743686,0.13009307470038167,0.028158780726013077,1.0,0.4946,0.3957,1,1,0.12
02_noise_sweep,111,91634221512538503160067527032952432231,20000,0.0,0.12,readout_flip,0.0,0.5,0.2,,0.11,0.95,20000,9983,1996,7987,1198,230,0.12000400681157969,0.11523046092184369,0.10195582281633613,0.12998329254444915,0.028027469728113028,1.0,0.49915,0.39935,1,1,0.12
02_noise_sweep,112,37260361392286627785492385566241167990,20000,0.0,0.12,readout_flip,0.0,0.5,0.2,,0.11,0.95,20000,9920,1984,7936,1155,208,0.11643145161290322,0.10483870967741936,0.09211378329436959,0.11909091663666468,0.026977133342295095,1.0,0.496,0.3968,1,1,0.12
02_noise_sweep,113,102786832441578285781535983743319953170,20000,0.0,0.12,readout_flip,0.0,0.5,0.2,,0.11,0.95,20000,9966,1993,7973,1209,237,0.12131246237206503,0.11891620672353237,0.10543311851628635,0.13386552820897768,0.028432409692691327,1.0,0.4983,0.39865,1,1,0.12
02_noise_sweep,114,281609081199894730476832637328805447696,20000,0.0,0.12,readout_flip,0.0,0.5,0.2,,0.11,0.95,20000,9929,1985,7944,1241,245,0.12498741061536912,0.12342569269521411,0.10967886015175565,0.13862723615896935,0.0289483760072137,1.0,0.49645,0.3972,1,1,0.12
02_noise_sweep,115,11714011905399567403792265003184731332,20000,0.0,0.12,readout_flip,0.0,0.5,0.2,,0.11,0.95,20000,9918,1983,7935,1137,225,0.11464004839685421,0.11346444780635401,0.10024595133264068,0.12817763868549564,0.027931687352854964,1.0,0.4959,0.39675,1,1,0.12
02_noise_sweep,116,61397461499786213102033897720586020933,20000,0.0,0.12,readout_flip,0.0,0.5,0.2,,0.11,0.95,20000,10082,2016,8066,1191,245,0.11813132315016862,0.12152777777777778,0.10798018565815355,0.13651497343667396,0.028534787778520407,1.0,0.5041,0.4033,1,1,0.12
02_noise_sweep,117,224855736292149548719221442151831506822,20000,0.0,0.12,readout_flip,0.0,0.5,0.2,,0.11,0.95,20000,10014,2002,8012,1226,226,0.12242859996005592,0.11288711288711288,0.09975987984779837,0.1274970934369694,0.027737213589171042,1.0,0.5007,0.4006,1,1,0.12
02_noise_sweep,118,25782421080931194575428349063168318986,20000,0.0,0.12,readout_flip,0.0,0.5,0.2,,0.11,0.95,20000,9971,1994,7977,1217,229,0.12205395647377394,0.1148445336008024,0.10158469535902524,0.12958552927597383,0.02800083391694859,1.0,0.49855,0.39885,1,1,0.12
02_noise_sweep,119,190224494026707649753683118532707375597,20000,0.0,0.12,readout_flip,0.0,0.5,0.2,,0.11,0.95,20000,9966,1993,7973,1191,249,0.11950632149307645,0.1249372804816859,0.11113840810736232,0.1401792198414656,0.029040811734103292,1.0,0.4983,0.39865,1,1,0.12
02_noise_sweep,120,258833747255527228522110703901976800187,20000,0.0,0.12,readout_flip,0.0,0.5,0.2,,0.11,0.95,20000,9971,1994,7977,1229,242,0.12325744659512587,0.1213640922768305,0.10775449137192107,0.13642977893982933,0.028675287567908256,1.0,0.49855,0.39885,1,1,0.12
02_noise_sweep,121,129558077395929891814869349039820064702,20000,0.0,0.12,readout_flip,0.0,0.5,0.2,,0.11,0.95,20000,10111,2022,8089,1204,224,0.11907823162891899,0.11078140454995054,0.09783222828869866,0.12520667579401532,0.02737444750531666,1.0,0.50555,0.40445,1,1,0.12
02_noise_sweep,122,141456425460922921143308170809823708831,20000,0.0,0.12,readout_flip,0.0,0.5,0.2,,0.11,0.95,20000,10061,2012,8049,1154,219,0.11470032799920485,0.10884691848906561,0.09597611559048248,0.12320851169621884,0.027232396105736356,1.0,0.50305,0.40245,1,1,0.12
02_noise_sweep,123,81393981847162588028759087447616654234,20000,0.0,0.12,readout_flip,0.0,0.5,0.2,,0.11,0.95,20000,10038,2007,8031,1194,222,0.11894799760908548,0.11061285500747384,0.09762751164669586,0.1250859483609078,0.027458436714211942,1.0,0.5019,0.40155,1,1,0.12
02_noise_sweep,124,242531271994697093858283162347414814901,20000,0.0,0.12,readout_flip,0.0,0.5,0.2,,0.11,0.95,20000,10163,2032,8131,1253,271,0.12329036701761291,0.13336614173228348,0.11927392166344036,0.14884197530669246,0.0295680536432521,1.0,0.50815,0.40655,1,1,0.12
02_noise_sweep,125,8759606694677383611664305112378972774,20000,0.0,0.12,readout_flip,0.0,0.5,0.2,,0.11,0.95,20000,9935,1987,7948,1168,231,0.11756416708605939,0.11625566180171112,0.1028967465442558,0.13109549666362003,0.02819875011936422,1.0,0.49675,0.3974,1,1,0.12
02_noise_sweep,126,116531710470955949345050704213311232239,20000,0.0,0.12,readout_flip,0.0,0.5,0.2,,0.11,0.95,20000,10003,2000,8003,1203,245,0.12026392082375287,0.1225,0.10885029598940679,0.13759707470793917,0.028746778718532373,1.0,0.50015,0.40015,1,1,0.12
02_noise_sweep,127,154445622151971001530475980943228654467,20000,0.0,0.12,readout_flip,0.0,0.5,0.2,,0.11,0.95,20000,10051,2010,8041,1158,206,0.11521241667495771,0.10248756218905472,0.08997794401338027,0.11651371251662829,0.026535768503248014,1.0,0.50255,0.40205,1,1,0.12
02_noise_sweep,128,265967919115805654865260487667443772259,20000,0.0,0.12,readout_flip,0.0,0.5,0.2,,0.11,0.95,20000,10031,2006,8025,1209,209,0.12052636825839896,0.10418743768693918,0.09156633904207619,0.1183215886695037,0.026755249627427508,1.0,0.50155,0.40125,1,1,0.12
02_noise_sweep,129,253359684595588365415743045494768367265,20000,0.0,0.12,readout_flip,0.0,0.5,0.2,,0.11,0.95,20000,10063,2012,8051,1231,229,0.1223293252509192,0.11381709741550695,0.10066960522907648,0.12843643721281287,0.02776683198373639,1.0,0.50315,0.40255,1,1,0.12
02_noise_sweep,130,63325485121064679694285829021103719451,20000,0.0,0.12,readout_flip,0.0,0.5,0.2,,0.11,0.95,20000,9956,1991,7965,1194,238,0.11992768179991965,0.11953792064289302,0.1060152730937647,0.13452587703069968,0.028510603936934983,1.0,0.4978,0.39825,1,1,0.12
02_noise_sweep,131,308838611598097148192842857912458017790,20000,0.0,0.12,readout_flip,0.0,0.5,0.2,,0.11,0.95,20000,10038,2007,8031,1163,229,0.11585973301454473,0.11410064773293473,0.10092213867807494,0.12875358080482852,0.027831442126753578,1.0,0.5019,0.40155,1,1,0.12
02_noise_sweep,132,18977976937832296410295303555440285541,20000,0.0,0.12,readout_flip,0.0,0.5,0.2,,0.11,0.95,20000,10058,2011,8047,1212,264,0.12050109365679061,0.13127797115862755,0.11721856886965298,0.14674337041463492,0.029524801544981938,1.0,0.5029,0.40235,1,1,0.12
02_noise_sweep,133,169637314165582134322443606227762853335,20000,0.0,0.12,readout_flip,0.0,0.5,0.2,,0.11,0.95,20000,9909,1981,7928,1190,230,0.12009284488848522,0.11610297829379101,0.1027332624366255,0.13095868145106837,0.028225419014442865,1.0,0.49545,0.3964,1,1,0.12
02_noise_sweep,134,5733640471427548911116995440562488897,20000,0.0,0.12,readout_flip,0.0,0.5,0.2,,0.11,0.95,20000,9945,1989,7956,1200,242,0.12066365007541478,0.1216691804927099,0.1080273297355695,0.13676959410471662,0.02874226436914712,1.0,0.49725,0.3978,1,1,0.12
02_noise_sweep,135,268797676485971794394890565053188452819,20000,0.0,0.12,readout_flip,0.0,0.5,0.2,,0.11,0.95,20000,10089,2017,8072,1205,250,0.11943701060561007,0.12394645513138325,0.11027658745909405,0.13904601853827192,0.02876943107917787,1.0,0.50445,0.4036,1,1,0.12
02_noise_sweep,136,182628017459422458590276456144383639879,20000,0.0,0.12,readout_flip,0.0,0.5,0.2,,0.11,0.95,20000,10034,2006,8028,1276,249,0.12716763005780346,0.12412761714855433,0.11041290245082155,0.1392791598848601,0.028866257434038534,1.0,0.5017,0.4014,1,1,0.12
02_noise_sweep,137,35977549696622054896313925098410269022,20000,0.0,0.12,readout_flip,0.0,0.5,0.2,,0.11,0.95,20000,9943,1988,7955,1210,257,0.12169365382681284,0.12927565392354123,0.11523933658013731,0.1447419267515796,0.029502590171442286,1.0,0.49715,0.39775,1,1,0.12
02_noise_sweep,138,188880580380691227611081728795462440756,20000,0.0,0.12,readout_flip,0.0,0.5,0.2,,0.11,0.95,20000,9915,1983,7932,1112,228,0.11215330307614725,0.11497730711043873,0.10167547485346566,0.1297679836968893,0.02809250884342364,1.0,0.49575,0.3966,1,1,0.12
02_noise_sweep,139,292120747226447749515919598094208152857,20000,0.0,0.12,readout_flip,0.0,0.5,0.2,,0.11,0.95,20000,10057,2011,8046,1222,236,0.12150740777567863,0.11735454997513675,0.10401211519618496,0.13215607398690277,0.028143958790717807,1.0,0.50285,0.4023,1,1,0.12
02_noise_sweep,140,311457670835737762967712485356794677510,20000,0.0,0.12,readout_flip,0.0,0.5,0.2,,0.11,0.95,20000,9921,1984,7937,1172,239,0.11813325269630078,0.12046370967741936,0.10686927347477286,0.13552503653551898,0.028655763060746117,1.0,0.49605,0.39685,1,1,0.12
02_noise_sweep,141,70542076242668629037815005179986955537,20000,0.0,0.12,readout_flip,0.0,0.5,0.2,,0.11,0.95,20000,9976,1995,7981,1230,230,0.12329591018444266,0.11528822055137844,0.10200728578460035,0.13004786635055604,0.028040580565955694,1.0,0.4988,0.39905,1,1,0.12
02_noise_sweep,142,304579551005590417824950436063645144678,20000,0.0,0.12,readout_flip,0.0,0.5,0.2,,0.11,0.95,20000,10014,2002,8012,1187,234,0.11853405232674256,0.11688311688311688,0.10353772379570328,0.1316959517003185,0.028158227904615224,1.0,0.5007,0.4006,1,1,0.12
02_noise_sweep,143,160946284395699262246361465184055122830,20000,0.0,0.12,readout_flip,0.0,0.5,0.2,,0.11,0.95,20000,10040,2008,8032,1188,247,0.11832669322709163,0.12300796812749004,0.10935765836327603,0.13809795332916816,0.02874029496589213,1.0,0.502,0.4016,1,1,0.12
02_noise_sweep,144,209070132196158893367649229984568641527,20000,0.0,0.12,readout_flip,0.0,0.5,0.2,,0.11,0.95,20000,10072,2014,8058,1280,261,0.12708498808578236,0.12959285004965243,0.1156270504256482,0.14496897237983847,0.02934192195419026,1.0,0.5036,0.4029,1,1,0.12
02_noise_sweep,145,100575977856888561453491197787142642594,20000,0.0,0.12,readout_flip,0.0,0.5,0.2,,0.11,0.95,20000,9928,1985,7943,1234,234,0.12429492344883158,0.11788413098236776,0.10443074473491983,0.13281363526733425,0.028382890532414426,1.0,0.4964,0.39715,1,1,0.12
02_noise_sweep,146,120478481109772793939063535230356214774,20000,0.0,0.12,readout_flip,0.0,0.5,0.2,,0.11,0.95,20000,10053,2010,8043,1222,248,0.12155575450114393,0.12338308457711443,0.10971977585243398,0.1384832078687381,0.02876343201630413,1.0,0.50265,0.40215,1,1,0.12
02_noise_sweep,147,57467427382578581303216949336969810287,20000,0.0,0.12,readout_flip,0.0,0.5,0.2,,0.11,0.95,20000,9871,1974,7897,1223,244,0.12389828791409178,0.12360688956433637,0.10981434636923604,0.13886153036860877,0.029047183999372728,1.0,0.49355,0.39485,1,1,0.12
02_noise_sweep,148,207297858880931180230761927957617130659,20000,0.0,0.12,readout_flip,0.0,0.5,0.2,,0.11,0.95,20000,9972,1994,7978,1141,247,0.11442037705575611,0.1238716148445336,0.11013108466027577,0.13905858783484054,0.028927503174564773,1.0,0.4986,0.3989,1,1,0.12
02_noise_sweep,149,111050161837547634298955398989565360670,20000,0.0,0.12,readout_flip,0.0,0.5,0.2,,0.11,0.95,20000,10088,2017,8071,1235,251,0.12242268041237113,0.12444224095190877,0.11074687677530949,0.13956541596431438,0.028818539189004885,1.0,0.5044,0.40355,1,1,0.12
02_noise_sweep,0,189943936940448696006885948659757383346,20000,0.0,0.14,readout_flip,0.0,0.5,0.2,,0.11,0.95,20000,10062,2012,8050,1417,302,0.14082687338501293,0.15009940357852883,0.13516023602006308,0.16637213705469897,0.03121190103463589,1.0,0.5031,0.4025,1,1,0.14
02_noise_sweep,1,279232106407247280608236031242605042346,20000,0.0,0.14,readout_flip,0.0,0.5,0.2,,0.11,0.95,20000,9753,1950,7803,1327,288,0.13606069927201886,0.1476923076923077,0.132637861912415,0.1641321017931749,0.03149423988075989,1.0,0.48765,0.39015,1,1,0.14
02_noise_sweep,2,221435465066897534098562376727084751539,20000,0.0,0.14,readout_flip,0.0,0.5,0.2,,0.11,0.95,20000,9969,1993,7976,1374,288,0.13782726452001204,0.1445057701956849,0.12975297292551774,0.16062634399989312,0.030873371074375378,1.0,0.49845,0.3988,1,1,0.14
02_noise_sweep,3,260358824052296076430915364320790683523,20000,0.0,0.14,readout_flip,0.0,0.5,0.2,,0.11,0.95,20000,10052,2010,8042,1426,275,0.14186231595702348,0.13681592039800994,0.12248359540507203,0.15253381293899082,0.030050217533918788,1.0,0.5026,0.4021,1,1,0.14
02_noise_sweep,4,177133149742769055832520410555931011546,20000,0.0,0.14,readout_flip,0.0,0.5,0.2,,0.11,0.95,20000,9994,1998,7996,1415,262,0.14158495097058235,0.13113113113113112,0.11703561561281024,0.14664233775101465,0.029606722138204408,1.0,0.4997,0.3998,1,1,0.14
02_noise_sweep,5,21746174353368347065350509640610325941,20000,0.0,0.14,readout_flip,0.0,0.5,0.2,,0.11,0.95,20000,10070,2014,8056,1403,303,0.13932472691161868,0.15044687189672293,0.1354993359360488,0.16672532901711817,0.03122599308106938,1.0,0.5035,0.4028,1,1,0.14
02_noise_sweep,6,194811770257303634366609350149856275076,20000,0.0,0.14,readout_flip,0.0,0.5,0.2,,0.11,0.95,20000,10126,2025,8101,1439,289,0.14210942129172427,0.14271604938271604,0.12815722807417454,0.15862785130748466,0.030470623233310123,1.0,0.5063,0.40505,1,1,0.14
02_noise_sweep,7,267575304844755848674088096472448490728,20000,0.0,0.14,readout_flip,0.0,0.5,0.2,,0.11,0.95,20000,10036,2007,8029,1403,290,0.1397967317656437,0.14449427005480817,0.12979117617778038,0.1605556615898782,0.03076448541209781,1.0,0.5018,0.40145,1,1,0.14
02_noise_sweep,8,252500643671417788331293977214856604836,20000,0.0,0.14,readout_flip,0.0,0.5,0.2,,0.11,0.95,20000,10044,2008,8036,1398,262,0.13918757467144563,0.13047808764940239,0.11644837064339196,0.14591895283850184,0.029470582195109882,1.0,0.5022,0.4018,1,1,0.14
02_noise_sweep,9,127500324751971711149200341809884428224,20000,0.0,0.14,readout_flip,0.0,0.5,0.2,,0.11,0.95,20000,9981,1996,7985,1399,270,0.14016631600040075,0.13527054108216433,0.12096511025036992,0.1509771761853745,0.030012065935004592,1.0,0.49905,0.39925,1,1,0.14
02_noise_sweep,10,151239532432292799679557198018947147478,20000,0.0,0.14,readout_flip,0.0,0.5,0.2,,0.11,0.95,20000,10067,2013,8054,1454,288,0.1444323035661071,0.14307004470938897,0.12845350844647396,0.1590462631814577,0.03059275473498374,1.0,0.50335,0.4027,1,1,0.14
02_noise_sweep,11,202304508203397966868588312279410450730,20000,0.0,0.14,readout_flip,0.0,0.5,0.2,,0.11,0.95,20000,9976,1995,7981,1370,308,0.13732959101844427,0.1543859649122807,0.13919648876991353,0.17090387265965046,0.03170738388973693,1.0,0.4988,0.39905,1,1,0.14
02_noise_sweep,12,229262087145702910976962728977417798266,20000,0.0,0.14,readout_flip,0.0,0.5,0.2,,0.11,0.95,20000,10035,2007,8028,1381,267,0.13761833582461386,0.13303437967115098,0.11887517969559545,0.14859566265322105,0.029720482957625596,1.0,0.50175,0.4014,1,1,0.14
02_noise_sweep,13,314751937201988132184934481442488094907,20000,0.0,0.14,readout_flip,0.0,0.5,0.2,,0.11,0.95,20000,9911,1982,7929,1408,276,0.14206437291897892,0.13925327951564076,0.12470806917779491,0.15519416387900936,0.030486094701214453,1.0,0.49555,0.39645,1,1,0.14
02_noise_sweep,14,316838325403671436022501676057084307034,20000,0.0,0.14,readout_flip,0.0,0.5,0.2,,0.11,0.95,20000,9996,1999,7997,1402,288,0.1402561024409764,0.144072036018009,0.12936038042834824,0.16014903444172052,0.030788654013372274,1.0,0.4998,0.39985,1,1,0.14
02_noise_sweep,15,213482533182053067543933360192029110607,20000,0.0,0.14,readout_flip,0.0,0.5,0.2,,0.11,0.95,20000,9946,1989,7957,1367,275,0.13744218781419668,0.13826043237807945,0.12378695150591155,0.15412851255134544,0.030341561045433882,1.0,0.4973,0.39785,1,1,0.14
02_noise_sweep,16,126243732379916739370830197917539597728,20000,0.0,0.14,readout_flip,0.0,0.5,0.2,,0.11,0.95,20000,9966,1993,7973,1407,283,0.1411800120409392,0.14199698946312092,0.12736074644212983,0.15801066164012936,0.030649915197999533,1.0,0.4983,0.39865,1,1,0.14
02_noise_sweep,17,69959932954995098328596066228347497601,20000,0.0,0.14,readout_flip,0.0,0.5,0.2,,0.11,0.95,20000,9992,1998,7994,1373,269,0.13740992794235388,0.13463463463463463,0.12036691108979121,0.15030460309690102,0.029937692007109815,1.0,0.4996,0.3997,1,1,0.14
02_noise_sweep,18,332927559652311293651191545287486809376,20000,0.0,0.14,readout_flip,0.0,0.5,0.2,,0.11,0.95,20000,9914,1982,7932,1412,275,0.14242485374218278,0.13874873864783047,0.12422759145135281,0.15466751186147498,0.030439920410122168,1.0,0.4957,0.3966,1,1,0.14
02_noise_sweep,19,50967315188771554382928507175871242196,20000,0.0,0.14,readout_flip,0.0,0.5,0.2,,0.11,0.95,20000,9944,1988,7956,1407,295,0.1414923572003218,0.14839034205231388,0.13344226410583662,0.16469464643537116,0.031252382329534534,1.0,0.4972,0.3978,1,1,0.14
02_noise_sweep,20,293157366113135887211595157443403226230,20000,0.0,0.14,readout_flip,0.0,0.5,0.2,,0.11,0.95,20000,9984,1996,7988,1448,283,0.1450320512820513,0.14178356713426854,0.12716779466267825,0.15777552237242787,0.03060772770974962,1.0,0.4992,0.3994,1,1,0.14
02_noise_sweep,21,253870462039808146613626537415304040301,20000,0.0,0.14,readout_flip,0.0,0.5,0.2,,0.11,0.95,20000,10017,2003,8014,1406,263,0.1403613856444045,0.13130304543185223,0.11721574175847863,0.14680185489414968,0.029586113135671055,1.0,0.50085,0.4007,1,1,0.14
02_noise_sweep,22,11783655497445109107547930416054668148,20000,0.0,0.14,readout_flip,0.0,0.5,0.2,,0.11,0.95,20000,9868,1973,7895,1364,242,0.13822456424807458,0.12265585402939685,0.10890977553472914,0.1378684659089328,0.028958690374203677,1.0,0.4934,0.39475,1,1,0.14
02_noise_sweep,23,306506765740873137066586048275218364329,20000,0.0,0.14,readout_flip,0.0,0.5,0.2,,0.11,0.95,20000,9898,1979,7919,1473,290,0.14881794301879167,0.14653865588681153,0.1316425547915496,0.16280431398026693,0.03116175918871733,1.0,0.4949,0.39595,1,1,0.14
02_noise_sweep,24,28211728225935870254821473434102951399,20000,0.0,0.14,readout_flip,0.0,0.5,0.2,,0.11,0.95,20000,9966,1993,7973,1336,255,0.13405578968492876,0.12794781736076266,0.11399519764404172,0.14333192091656827,0.029336723272526552,1.0,0.4983,0.39865,1,1,0.14
02_noise_sweep,25,218119139738709270931512780146885115944,20000,0.0,0.14,readout_flip,0.0,0.5,0.2,,0.11,0.95,20000,10115,2023,8092,1395,289,0.13791398912506178,0.14285714285714285,0.12828493828754947,0.1587831282790557,0.03049818999150622,1.0,0.50575,0.4046,1,1,0.14
02_noise_sweep,26,157372806776140937931838990591345300024,20000,0.0,0.14,readout_flip,0.0,0.5,0.2,,0.11,0.95,20000,9956,1991,7965,1409,298,0.14152269987946967,0.1496735308890005,0.13467840176478776,0.16601790478546166,0.0313395030206739,1.0,0.4978,0.39825,1,1,0.14
02_noise_sweep,27,103004445590971391239525612784430541129,20000,0.0,0.14,readout_flip,0.0,0.5,0.2,,0.11,0.95,20000,10057,2011,8046,1399,277,0.13910708958934076,0.13774241670810541,0.12336920570293243,0.15349697469976986,0.03012776899683743,1.0,0.50285,0.4023,1,1,0.14
02_noise_sweep,28,96501592910599381369967097391462096191,20000,0.0,0.14,readout_flip,0.0,0.5,0.2,,0.11,0.95,20000,10017,2003,8014,1441,288,0.14385544574223819,0.14378432351472792,0.12909996972483218,0.15983240023000916,0.03073243050517699,1.0,0.50085,0.4007,1,1,0.14
02_noise_sweep,29,292085353835399864826723717310378582626,20000,0.0,0.14,readout_flip,0.0,0.5,0.2,,0.11,0.95,20000,10117,2023,8094,1421,255,0.14045665711179203,0.12605042016806722,0.11229226892703636,0.14122605959564438,0.028933790668608017,1.0,0.50585,0.4047,1,1,0.14
02_noise_sweep,30,83566820029433663424397828163975063957,20000,0.0,0.14,readout_flip,0.0,0.5,0.2,,0.11,0.95,20000,9969,1993,7976,1463,276,0.14675494031497643,0.13848469643753136,0.12401435065156657,0.15434598505028035,0.03033163439871378,1.0,0.49845,0.3988,1,1,0.14
02_noise_sweep,31,297067600671923548363601527216267773514,20000,0.0,0.14,readout_flip,0.0,0.5,0.2,,0.11,0.95,20000,10019,2003,8016,1489,279,0.1486176265096317,0.13929106340489267,0.12481689039477616,0.15514616117126845,0.030329270776492293,1.0,0.50095,0.4008,1,1,0.14
02_noise_sweep,32,222564984732367645266415648504140919752,20000,0.0,0.14,readout_flip,0.0,0.5,0.2,,0.11,0.95,20000,9919,1983,7936,1348,291,0.13590079645125516,0.14674735249621784,0.13185605162399097,0.16300464610295554,0.031148594478964564,1.0,0.49595,0.3968,1,1,0.14
02_noise_sweep,33,83533757036510773102793822361958324424,20000,0.0,0.14,readout_flip,0.0,0.5,0.2,,0.11,0.95,20000,10053,2010,8043,1422,256,0.1414503133393017,0.12736318407960198,0.11349623011347171,0.14265176831077908,0.029155538197307374,1.0,0.50265,0.40215,1,1,0.14
02_noise_sweep,34,197243168561085632395741123866760123467,20000,0.0,0.14,readout_flip,0.0,0.5,0.2,,0.11,0.95,20000,10046,2009,8037,1390,281,0.13836352777224767,0.13987058237929317,0.125389657994642,0.15572610318021754,0.030336445185575545,1.0,0.5023,0.40185,1,1,0.14
02_noise_sweep,35,20145034292077700860847811466070443291,20000,0.0,0.14,readout_flip,0.0,0.5,0.2,,0.11,0.95,20000,9935,1987,7948,1429,279,0.14383492702566683,0.1404126824358329,0.1258299428480018,0.15638311652514875,0.03055317367714694,1.0,0.49675,0.3974,1,1,0.14
02_noise_sweep,36,65578493737433404266827003049805334080,20000,0.0,0.14,readout_flip,0.0,0.5,0.2,,0.11,0.95,20000,10004,2000,8004,1355,293,0.13544582167133146,0.1465,0.13168049828559023,0.16267485414225555,0.030994355856665323,1.0,0.5002,0.4002,1,1,0.14
02_noise_sweep,37,54831999383333186720709147733766649952,20000,0.0,0.14,readout_flip,0.0,0.5,0.2,,0.11,0.95,20000,10106,2021,8085,1343,269,0.1328913516722739,0.13310242454230578,0.11898663193093416,0.14861034780311017,0.029623715872176007,1.0,0.5053,0.40425,1,1,0.14
02_noise_sweep,38,80554150800142973442419317053298380567,20000,0.0,0.14,readout_flip,0.0,0.5,0.2,,0.11,0.95,20000,9935,1987,7948,1441,279,0.14504277805737292,0.1404126824358329,0.1258299428480018,0.15638311652514875,0.03055317367714694,1.0,0.49675,0.3974,1,1,0.14
02_noise_sweep,39,69586963164965639683388364103406114697,20000,0.0,0.14,readout_flip,0.0,0.5,0.2,,0.11,0.95,20000,10049,2009,8040,1403,277,0.1396158821773311,0.13787954206072672,0.12349298208704107,0.15364829815443826,0.030155316067397187,1.0,0.50245,0.402,1,1,0.14
02_noise_sweep,40,236022179473007058345727654040225415282,20000,0.0,0.14,readout_flip,0.0,0.5,0.2,,0.11,0.95,20000,10043,2008,8035,1390,273,0.13840485910584488,0.13595617529880477,0.12165838290053985,0.15164419589361697,0.02998581299307712,1.0,0.50215,0.40175,1,1,0.14
02_noise_sweep,41,150132689376096926063106637603092409493,20000,0.0,0.14,readout_flip,0.0,0.5,0.2,,0.11,0.95,20000,9927,1985,7942,1417,298,0.14274201672207112,0.15012594458438286,0.13508886970335426,0.16651458700273064,0.03142571729937638,1.0,0.49635,0.3971,1,1,0.14
02_noise_sweep,42,224590364939608093973693099111890586781,20000,0.0,0.14,readout_flip,0.0,0.5,0.2,,0.11,0.95,20000,9955,1991,7964,1382,284,0.1388247112004018,0.14264188849824208,0.1279685105988726,0.15869159278536027,0.03072308218648767,1.0,0.49775,0.3982,1,1,0.14
02_noise_sweep,43,333327454773329150468358269748597964033,20000,0.0,0.14,readout_flip,0.0,0.5,0.2,,0.11,0.95,20000,9992,1998,7994,1375,288,0.13761008807045635,0.14414414414414414,0.12942564739193754,0.16022838902825173,0.03080274163631419,1.0,0.4996,0.3997,1,1,0.14
02_noise_sweep,44,141615494136903290608437158202233141201,20000,0.0,0.14,readout_flip,0.0,0.5,0.2,,0.11,0.95,20000,9904,1980,7924,1382,277,0.13953957996768981,0.1398989898989899,0.12531607119315222,0.15587648899878284,0.030560417805630624,1.0,0.4952,0.3962,1,1,0.14
02_noise_sweep,45,105003887034959781016336226600791057183,20000,0.0,0.14,readout_flip,0.0,0.5,0.2,,0.11,0.95,20000,10044,2008,8036,1406,294,0.13998407009159697,0.14641434262948208,0.13162694317764248,0.16255203212174377,0.030925088944101287,1.0,0.5022,0.4018,1,1,0.14
02_noise_sweep,46,113628036208190522330449868735876419260,20000,0.0,0.14,readout_flip,0.0,0.5,0.2,,0.11,0.95,20000,10056,2011,8045,1432,283,0.1424025457438345,0.1407260069617106,0.12621174227339957,0.15661024172241703,0.030398499449017458,1.0,0.5028,0.40225,1,1,0.14
02_noise_sweep,47,203983683335417101718951966924564948934,20000,0.0,0.14,readout_flip,0.0,0.5,0.2,,0.11,0.95,20000,10024,2004,8020,1433,285,0.14295690343176376,0.14221556886227546,0.12760748438938435,0.1581926998331986,0.030585215443814262,1.0,0.5012,0.401,1,1,0.14
02_noise_sweep,48,228776384593343329391060799015260281074,20000,0.0,0.14,readout_flip,0.0,0.5,0.2,,0.11,0.95,20000,9934,1986,7948,1365,279,0.13740688544392993,0.1404833836858006,0.1258938050858994,0.15646108119417482,0.03056727610827542,1.0,0.4967,0.3974,1,1,0.14
02_noise_sweep,49,293951769353747144434812927854353090618,20000,0.0,0.14,readout_flip,0.0,0.5,0.2,,0.11,0.95,20000,10031,2006,8025,1390,280,0.13857043166184826,0.13958125623130607,0.1251036767077535,0.155436589961607,0.03033291325385351,1.0,0.50155,0.40125,1,1,0.14
02_noise_sweep,50,118655253673482164207240900380864000235,20000,0.0,0.14,readout_flip,0.0,0.5,0.2,,0.11,0.95,20000,9984,1996,7988,1420,297,0.1422275641025641,0.14879759519038077,0.1338597833870335,0.16508464352430832,0.031224860137274824,1.0,0.4992,0.3994,1,1,0.14
02_noise_sweep,51,308859389491565525471062321854170757108,20000,0.0,0.14,readout_flip,0.0,0.5,0.2,,0.11,0.95,20000,10073,2014,8059,1429,307,0.1418643899533406,0.15243296921549157,0.13739762763522526,0.16879166990343517,0.03139404226820991,1.0,0.50365,0.40295,1,1,0.14
02_noise_sweep,52,282303055698085353027725447162584550700,20000,0.0,0.14,readout_flip,0.0,0.5,0.2,,0.11,0.95,20000,9960,1992,7968,1410,295,0.14156626506024098,0.14809236947791166,0.13317210585129172,0.16436728847093277,0.03119518261964105,1.0,0.498,0.3984,1,1,0.14
02_noise_sweep,53,79337756563371040449083724694489700489,20000,0.0,0.14,readout_flip,0.0,0.5,0.2,,0.11,0.95,20000,9983,1996,7987,1442,282,0.14444555744766102,0.14128256513026052,0.12669027005989883,0.15725296769833333,0.0305626976384345,1.0,0.49915,0.39935,1,1,0.14
02_noise_sweep,54,214371118528880203432167413579431246426,20000,0.0,0.14,readout_flip,0.0,0.5,0.2,,0.11,0.95,20000,10077,2015,8062,1372,290,0.1361516324302868,0.14392059553349876,0.1292717404192983,0.15992454900193492,0.030652808582636637,1.0,0.50385,0.4031,1,1,0.14
02_noise_sweep,55,290831667793548906092533740889316161077,20000,0.0,0.14,readout_flip,0.0,0.5,0.2,,0.11,0.95,20000,10049,2009,8040,1364,244,0.13573489899492486,0.1214534594325535,0.10788741161949758,0.13646440092159526,0.028576989302097677,1.0,0.50245,0.402,1,1,0.14
02_noise_sweep,56,35577845716647464892151587484657578778,20000,0.0,0.14,readout_flip,0.0,0.5,0.2,,0.11,0.95,20000,9988,1997,7991,1433,309,0.1434721665999199,0.15473209814722083,0.13953478000934882,0.17125519091978741,0.03172041091043859,1.0,0.4994,0.39955,1,1,0.14
02_noise_sweep,57,301313614358220092843544268653503212545,20000,0.0,0.14,readout_flip,0.0,0.5,0.2,,0.11,0.95,20000,10000,2000,8000,1393,290,0.1393,0.145,0.1302491199839655,0.16111198358572404,0.03086286360175855,1.0,0.5,0.4,1,1,0.14
02_noise_sweep,58,130699286609145801728193909513894920850,20000,0.0,0.14,readout_flip,0.0,0.5,0.2,,0.11,0.95,20000,9899,1979,7920,1385,280,0.13991312253763005,0.1414855987872663,0.12682414536252284,0.15753618829523813,0.03071204293271529,1.0,0.49495,0.396,1,1,0.14
02_noise_sweep,59,131543460104992593384581801740522627663,20000,0.0,0.14,readout_flip,0.0,0.5,0.2,,0.11,0.95,20000,10118,2023,8095,1436,276,0.1419252816762206,0.13643104300543746,0.12216104401788992,0.15207918153192063,0.029918137514030704,1.0,0.5059,0.40475,1,1,0.14
02_noise_sweep,60,220220003777651020753890918100499071068,20000,0.0,0.14,readout_flip,0.0,0.5,0.2,,0.11,0.95,20000,9997,1999,7998,1433,306,0.14334300290087026,0.15307653826913456,0.13795901340559547,0.16952486461603866,0.031565851210443197,1.0,0.49985,0.3999,1,1,0.14
02_noise_sweep,61,299958140916682456230643446650572589793,20000,0.0,0.14,readout_flip,0.0,0.5,0.2,,0.11,0.95,20000,10004,2000,8004,1366,279,0.1365453818472611,0.1395,0.12500559293773536,0.155376598152048,0.03037100521431263,1.0,0.5002,0.4002,1,1,0.14
02_noise_sweep,62,3398208784127877124127309300775709435,20000,0.0,0.14,readout_flip,0.0,0.5,0.2,,0.11,0.95,20000,10041,2008,8033,1377,260,0.13713773528533016,0.1294820717131474,0.11550199946774237,0.14487709577555813,0.029375096307815762,1.0,0.50205,0.40165,1,1,0.14
02_noise_sweep,63,10619004325965121455602910448359236861,20000,0.0,0.14,readout_flip,0.0,0.5,0.2,,0.11,0.95,20000,10021,2004,8017,1383,252,0.13801017862488774,0.12574850299401197,0.1119440288295554,0.14098503416477826,0.029041005335222858,1.0,0.50105,0.40085,1,1,0.14
02_noise_sweep,64,18053225141144148626890479686793038843,20000,0.0,0.14,readout_flip,0.0,0.5,0.2,,0.11,0.95,20000,9944,1988,7956,1357,273,0.13646419951729685,0.13732394366197184,0.12289189186574559,0.15315490713312538,0.03026301526737979,1.0,0.4972,0.3978,1,1,0.14
02_noise_sweep,65,169928046819101306717340575369165966179,20000,0.0,0.14,readout_flip,0.0,0.5,0.2,,0.11,0.95,20000,9964,1992,7972,1392,299,0.13970293054997993,0.1501004016064257,0.13508973019974355,0.166457998534337,0.03136826833459344,1.0,0.4982,0.3986,1,1,0.14
02_noise_sweep,66,121745875446802951552053656636221569127,20000,0.0,0.14,readout_flip,0.0,0.5,0.2,,0.11,0.95,20000,10103,2020,8083,1452,294,0.14371968722161735,0.14554455445544554,0.1308386856677102,0.161596008878751,0.0307573232110408,1.0,0.50515,0.40415,1,1,0.14
02_noise_sweep,67,68754048587670112876458489581861363541,20000,0.0,0.14,readout_flip,0.0,0.5,0.2,,0.11,0.95,20000,9964,1992,7972,1341,274,0.13458450421517462,0.13755020080321284,0.12312109335830539,0.1533745453016747,0.0302534519433693,1.0,0.4982,0.3986,1,1,0.14
02_noise_sweep,68,212379294452780615794150994656901051513,20000,0.0,0.14,readout_flip,0.0,0.5,0.2,,0.11,0.95,20000,9967,1993,7974,1344,253,0.13484498846192436,0.12694430506773707,0.11304263582338904,0.1422813191999603,0.029238683376571248,1.0,0.49835,0.3987,1,1,0.14
02_noise_sweep,69,257101331673500651636606310950182269449,20000,0.0,0.14,readout_flip,0.0,0.5,0.2,,0.11,0.95,20000,10023,2004,8019,1432,283,0.14287139578968372,0.1412175648702595,0.12665610425827617,0.15715189079895836,0.03049578654068219,1.0,0.50115,0.40095,1,1,0.14
02_noise_sweep,70,234538906859057469681189581031778077848,20000,0.0,0.14,readout_flip,0.0,0.5,0.2,,0.11,0.95,20000,10028,2005,8023,1467,318,0.14629038691663343,0.15860349127182044,0.1432683278052813,0.17524434327246421,0.03197601546718293,1.0,0.5014,0.40115,1,1,0.14
02_noise_sweep,71,292958060324848600605893370355062062486,20000,0.0,0.14,readout_flip,0.0,0.5,0.2,,0.11,0.95,20000,9983,1996,7987,1304,235,0.13062205749774616,0.11773547094188377,0.10432519822392997,0.13261431352122524,0.028289115297295275,1.0,0.49915,0.39935,1,1,0.14
02_noise_sweep,72,200697444504838009358821900102527223301,20000,0.0,0.14,readout_flip,0.0,0.5,0.2,,0.11,0.95,20000,9997,1999,7998,1409,280,0.14094228268480544,0.14007003501750875,0.12554522468632573,0.1559755398941584,0.03043031520783268,1.0,0.49985,0.3999,1,1,0.14
02_noise_sweep,73,83268545761173148215522209917871262899,20000,0.0,0.14,readout_flip,0.0,0.5,0.2,,0.11,0.95,20000,9989,1997,7992,1415,268,0.1416558214035439,0.1342013019529294,0.11995130102565314,0.1498559125548168,0.02990461152916367,1.0,0.49945,0.3996,1,1,0.14
02_noise_sweep,74,64183272295120467844831738297713830358,20000,0.0,0.14,readout_flip,0.0,0.5,0.2,,0.11,0.95,20000,10160,2032,8128,1410,261,0.13877952755905512,0.12844488188976377,0.11459518211312733,0.1436967671653294,0.02910158505220206,1.0,0.508,0.4064,1,1,0.14
02_noise_sweep,75,52577170938579848530230812472382212312,20000,0.0,0.14,readout_flip,0.0,0.5,0.2,,0.11,0.95,20000,9970,1994,7976,1344,264,0.13480441323971915,0.13239719157472418,0.1182255567880368,0.14798248313052356,0.029756926342486764,1.0,0.4985,0.3988,1,1,0.14
02_noise_sweep,76,287245271868410653998024638540053608996,20000,0.0,0.14,readout_flip,0.0,0.5,0.2,,0.11,0.95,20000,10024,2004,8020,1476,290,0.1472466081404629,0.14471057884231536,0.12998704277453196,0.16079361436142212,0.030806571586890152,1.0,0.5012,0.401,1,1,0.14
02_noise_sweep,77,301945913182468377656541435256417050911,20000,0.0,0.14,readout_flip,0.0,0.5,0.2,,0.11,0.95,20000,10025,2005,8020,1405,274,0.1401496259351621,0.13665835411471322,0.12231659142739462,0.15238973564366107,0.030073144216266445,1.0,0.50125,0.401,1,1,0.14
02_noise_sweep,78,200404438424741265167253827978002485691,20000,0.0,0.14,readout_flip,0.0,0.5,0.2,,0.11,0.95,20000,10084,2016,8068,1419,286,0.14071796905989686,0.14186507936507936,0.12731480809020415,0.15777759671512406,0.030462788624919912,1.0,0.5042,0.4034,1,1,0.14
02_noise_sweep,79,219422681210760187248384566335831812764,20000,0.0,0.14,readout_flip,0.0,0.5,0.2,,0.11,0.95,20000,9981,1996,7985,1440,284,0.1442741208295762,0.14228456913827656,0.1276453837392547,0.15829801257272538,0.030652628833470696,1.0,0.49905,0.39925,1,1,0.14
02_noise_sweep,80,4299177318777796287819868131962960011,20000,0.0,0.14,readout_flip,0.0,0.5,0.2,,0.11,0.95,20000,10044,2008,8036,1471,283,0.14645559538032657,0.1409362549800797,0.12640180062991777,0.15684191935720546,0.03044011872728769,1.0,0.5022,0.4018,1,1,0.14
02_noise_sweep,81,197301238257549469584227554576107001737,20000,0.0,0.14,readout_flip,0.0,0.5,0.2,,0.11,0.95,20000,9883,1976,7907,1321,260,0.13366386724678742,0.13157894736842105,0.1173867580872679,0.14720082112865768,0.029814063041389782,1.0,0.49415,0.39535,1,1,0.14
02_noise_sweep,82,234529907498989922275647959194327513569,20000,0.0,0.14,readout_flip,0.0,0.5,0.2,,0.11,0.95,20000,10130,2026,8104,1409,276,0.1390918065153011,0.1362290227048371,0.12197875631750313,0.15185615645624093,0.029877400138737797,1.0,0.5065,0.4052,1,1,0.14
02_noise_sweep,83,24120890947762444215014384044059703292,20000,0.0,0.14,readout_flip,0.0,0.5,0.2,,0.11,0.95,20000,9802,1960,7842,1372,264,0.13997143440114262,0.1346938775510204,0.12029235994189362,0.1505245415100546,0.030232181568160973,1.0,0.4901,0.3921,1,1,0.14
02_noise_sweep,84,315794905526973966530218517323538919260,20000,0.0,0.14,readout_flip,0.0,0.5,0.2,,0.11,0.95,20000,9995,1999,7996,1428,280,0.14287143571785893,0.14007003501750875,0.12554522468632573,0.1559755398941584,0.03043031520783268,1.0,0.49975,0.3998,1,1,0.14
02_noise_sweep,85,250876742385848103439120491183071531090,20000,0.0,0.14,readout_flip,0.0,0.5,0.2,,0.11,0.95,20000,9978,1995,7983,1345,270,0.1347965524153137,0.13533834586466165,0.1210262140792901,0.15105212230940862,0.030025908230118525,1.0,0.4989,0.39915,1,1,0.14
02_noise_sweep,86,79571129537406857910191812190019870117,20000,0.0,0.14,readout_flip,0.0,0.5,0.2,,0.11,0.95,20000,9894,1978,7916,1434,284,0.14493632504548212,0.1435793731041456,0.1288163499773407,0.15972411640334122,0.030907766426000516,1.0,0.4947,0.3958,1,1,0.14
02_noise_sweep,87,192363967286671893419500029436871522112,20000,0.0,0.14,readout_flip,0.0,0.5,0.2,,0.11,0.95,20000,10183,2036,8147,1376,271,0.13512717273887853,0.13310412573673872,0.11903781180164016,0.14855232686348183,0.029514515061841662,1.0,0.50915,0.40735,1,1,0.14
02_noise_sweep,88,36774000322056987853697545291129778250,20000,0.0,0.14,readout_flip,0.0,0.5,0.2,,0.11,0.95,20000,9912,1982,7930,1403,296,0.141545601291364,0.14934409687184663,0.1343313289232006,0.16571349901313365,0.03138217008993305,1.0,0.4956,0.3965,1,1,0.14
02_noise_sweep,89,224261247810175005043675734703862819796,20000,0.0,0.14,readout_flip,0.0,0.5,0.2,,0.11,0.95,20000,9953,1990,7963,1441,283,0.14478046820054255,0.14221105527638192,0.12755428483380246,0.15824650253559083,0.03069221770178837,1.0,0.49765,0.39815,1,1,0.14
02_noise_sweep,90,152925452908236609043979154741421703555,20000,0.0,0.14,readout_flip,0.0,0.5,0.2,,0.11,0.95,20000,9903,1980,7923,1383,283,0.13965465010602848,0.14292929292929293,0.12820368398429305,0.15903774666885995,0.0308340626845669,1.0,0.49515,0.39615,1,1,0.14
02_noise_sweep,91,110625579055478967740111034722730929892,20000,0.0,0.14,readout_flip,0.0,0.5,0.2,,0.11,0.95,20000,10029,2005,8024,1424,311,0.14198823412104897,0.15511221945137157,0.1399273930286613,0.17161608695711084,0.03168869392844953,1.0,0.50145,0.4012,1,1,0.14
02_noise_sweep,92,45027188229529037643944626116492530089,20000,0.0,0.14,readout_flip,0.0,0.5,0.2,,0.11,0.95,20000,10032,2006,8026,1400,297,0.13955342902711323,0.14805583250249252,0.13318702014278722,0.16427000374181655,0.031082983599029335,1.0,0.5016,0.4013,1,1,0.14
02_noise_sweep,93,204508680065570297685626991601237751291,20000,0.0,0.14,readout_flip,0.0,0.5,0.2,,0.11,0.95,20000,9932,1986,7946,1407,279,0.14166331051147804,0.1404833836858006,0.1258938050858994,0.15646108119417482,0.03056727610827542,1.0,0.4966,0.3973,1,1,0.14
02_noise_sweep,94,67359032003777358232371754455904203812,20000,0.0,0.14,readout_flip,0.0,0.5,0.2,,0.11,0.95,20000,9998,1999,7999,1393,265,0.13932786557311463,0.1325662831415708,0.11840318102781948,0.14813886425969353,0.029735683231874047,1.0,0.4999,0.39995,1,1,0.14
02_noise_sweep,95,70300289140623119427931627674291967568,20000,0.0,0.14,readout_flip,0.0,0.5,0.2,,0.11,0.95,20000,9986,1997,7989,1412,274,0.141397957139996,0.13720580871306962,0.12281041992129504,0.1529942703443456,0.03018385042305055,1.0,0.4993,0.39945,1,1,0.14
02_noise_sweep,96,207525172696845105968953163136177188630,20000,0.0,0.14,readout_flip,0.0,0.5,0.2,,0.11,0.95,20000,10101,2020,8081,1450,306,0.14355014355014356,0.15148514851485148,0.13651289497579921,0.1677804359749112,0.031267540999112,1.0,0.50505,0.40405,1,1,0.14
02_noise_sweep,97,22320504946197648674000259763525780296,20000,0.0,0.14,readout_flip,0.0,0.5,0.2,,0.11,0.95,20000,10056,2011,8045,1383,310,0.13752983293556087,0.15415216310293386,0.13903078560564586,0.17059231455918522,0.031561528953539364,1.0,0.5028,0.40225,1,1,0.14
02_noise_sweep,98,207944676666366357122005701920873481993,20000,0.0,0.14,readout_flip,0.0,0.5,0.2,,0.11,0.95,20000,9987,1997,7990,1385,276,0.13868028436968058,0.13820731096644967,0.12376399963759861,0.1540398495230989,0.03027584988550029,1.0,0.49935,0.3995,1,1,0.14
02_noise_sweep,99,295211302551024137059415080508785569105,20000,0.0,0.14,readout_flip,0.0,0.5,0.2,,0.11,0.95,20000,9897,1979,7918,1379,303,0.13933515206628272,0.1531076301162203,0.1379159018738048,0.16964346254628387,0.03172756067247906,1.0,0.49485,0.3959,1,1,0.14
02_noise_sweep,100,189554562958573171699963784754260626599,20000,0.0,0.14,readout_flip,0.0,0.5,0.2,,0.11,0.95,20000,10138,2027,8111,1457,271,0.14371670941014006,0.13369511593487912,0.1195703797975598,0.1492056275317682,0.029635247734208392,1.0,0.5069,0.40555,1,1,0.14
02_noise_sweep,101,49437426562536579590415014284586474396,20000,0.0,0.14,readout_flip,0.0,0.5,0.2,,0.11,0.95,20000,9948,1989,7959,1389,274,0.1396260554885404,0.13775766716943189,0.12330825327346419,0.1536036186560058,0.030295365382541614,1.0,0.4974,0.39795,1,1,0.14
02_noise_sweep,102,326800460040300813317398007984363486107,20000,0.0,0.14,readout_flip,0.0,0.5,0.2,,0.11,0.95,20000,9897,1979,7918,1377,263,0.13913307062746286,0.1328954017180394,0.11864817363194788,0.14856505033191872,0.02991687669997084,1.0,0.49485,0.3959,1,1,0.14
02_noise_sweep,103,92148141915058915306042462604838972651,20000,0.0,0.14,readout_flip,0.0,0.5,0.2,,0.11,0.95,20000,9894,1978,7916,1382,266,0.13968061451384678,0.134479271991911,0.12015072082160143,0.1502248212964596,0.03007410047485816,1.0,0.4947,0.3958,1,1,0.14
02_noise_sweep,104,20386893802121492827578815443873151815,20000,0.0,0.14,readout_flip,0.0,0.5,0.2,,0.11,0.95,20000,9990,1998,7992,1372,289,0.13733733733733733,0.14464464464464463,0.12990307003820953,0.1607500464995322,0.030846976461322673,1.0,0.4995,0.3996,1,1,0.14
02_noise_sweep,105,59330101688136331046631340072103354233,20000,0.0,0.14,readout_flip,0.0,0.5,0.2,,0.11,0.95,20000,10021,2004,8017,1454,300,0.14509529987027242,0.1497005988023952,0.13475079461130898,0.16599080835138727,0.031240013740078287,1.0,0.50105,0.40085,1,1,0.14
02_noise_sweep,106,104418083090205519690033326842037799078,20000,0.0,0.14,readout_flip,0.0,0.5,0.2,,0.11,0.95,20000,10055,2011,8044,1466,320,0.14579811039283938,0.15912481352560914,0.14378938985169157,0.17576004963499672,0.031970659783305155,1.0,0.50275,0.4022,1,1,0.14
02_noise_sweep,107,179422726690452496962304179078445339273,20000,0.0,0.14,readout_flip,0.0,0.5,0.2,,0.11,0.95,20000,9963,1992,7971,1335,274,0.13399578440228846,0.13755020080321284,0.12312109335830539,0.1533745453016747,0.0302534519433693,1.0,0.49815,0.39855,1,1,0.14
02_noise_sweep,108,103295690392621026124627253854974256797,20000,0.0,0.14,readout_flip,0.0,0.5,0.2,,0.11,0.95,20000,10054,2010,8044,1421,283,0.14133678138054506,0.1407960199004975,0.12627503150181127,0.15668739154533037,0.030412360043519104,1.0,0.5027,0.4022,1,1,0.14
02_noise_sweep,109,320163300316367204542042444772352880515,20000,0.0,0.14,readout_flip,0.0,0.5,0.2,,0.11,0.95,20000,10021,2004,8017,1352,299,0.13491667498253668,0.14920159680638723,0.13427414675619834,0.16547136162382373,0.03119721486762539,1.0,0.50105,0.40085,1,1,0.14
02_noise_sweep,110,253259100773485817813417007001929992915,20000,0.0,0.14,readout_flip,0.0,0.5,0.2,,0.11,0.95,20000,9904,1980,7924,1399,277,0.14125605815831987,0.1398989898989899,0.12531607119315222,0.15587648899878284,0.030560417805630624,1.0,0.4952,0.3962,1,1,0.14
02_noise_sweep,111,66305989812759075542704065105164802433,20000,0.0,0.14,readout_flip,0.0,0.5,0.2,,0.11,0.95,20000,10069,2013,8056,1404,285,0.13943787863740192,0.14157973174366617,0.12703242634478726,0.15749239652167438,0.03045997017688712,1.0,0.50345,0.4028,1,1,0.14
02_noise_sweep,112,300953048568253742658216190141017002985,20000,0.0,0.14,readout_flip,0.0,0.5,0.2,,0.11,0.95,20000,9985,1997,7988,1392,291,0.13940911367050576,0.1457185778668002,0.13092416279669306,0.16187337807693114,0.030949215280238085,1.0,0.49925,0.3994,1,1,0.14
02_noise_sweep,113,162351955394079012913560315211771856146,20000,0.0,0.14,readout_flip,0.0,0.5,0.2,,0.11,0.95,20000,10003,2000,8003,1377,254,0.1376587023892832,0.127,0.11311861187744657,0.14231150539436807,0.029192893516921503,1.0,0.50015,0.40015,1,1,0.14
02_noise_sweep,114,242895733262076517844252538670748747530,20000,0.0,0.14,readout_flip,0.0,0.5,0.2,,0.11,0.95,20000,10045,2009,8036,1354,272,0.13479342956694873,0.13539074166251866,0.12112361764264484,0.1510495614321093,0.02992594378946445,1.0,0.50225,0.4018,1,1,0.14
02_noise_sweep,115,275795732735092199241348579020970844536,20000,0.0,0.14,readout_flip,0.0,0.5,0.2,,0.11,0.95,20000,10103,2020,8083,1356,275,0.13421755914084926,0.13613861386138615,0.12187255099316284,0.1517859692465704,0.029913418253407556,1.0,0.50515,0.40415,1,1,0.14
02_noise_sweep,116,138423641906774541982684549283483312667,20000,0.0,0.14,readout_flip,0.0,0.5,0.2,,0.11,0.95,20000,10034,2006,8028,1376,262,0.13713374526609529,0.13060817547357925,0.11656534757700658,0.14606305851150816,0.029497710934501584,1.0,0.5017,0.4014,1,1,0.14
02_noise_sweep,117,229682962290754681998210051814141876735,20000,0.0,0.14,readout_flip,0.0,0.5,0.2,,0.11,0.95,20000,10024,2004,8020,1406,279,0.1402633679169992,0.13922155688622753,0.12475411612582499,0.15506950060071262,0.03031538447488763,1.0,0.5012,0.401,1,1,0.14
02_noise_sweep,118,10141008885965497412556399764187598564,20000,0.0,0.14,readout_flip,0.0,0.5,0.2,,0.11,0.95,20000,9919,1983,7936,1393,295,0.14043754410726889,0.1487644982349975,0.13378150779006598,0.16510568131317205,0.03132417352310607,1.0,0.49595,0.3968,1,1,0.14
02_noise_sweep,119,187243399938436255110612379950434993814,20000,0.0,0.14,readout_flip,0.0,0.5,0.2,,0.11,0.95,20000,10029,2005,8024,1392,267,0.13879748728686808,0.13316708229426433,0.11899466544109492,0.14874247053798736,0.02974780509689244,1.0,0.50145,0.4012,1,1,0.14
02_noise_sweep,120,24458964402449628056608891978763078666,20000,0.0,0.14,readout_flip,0.0,0.5,0.2,,0.11,0.95,20000,10012,2002,8010,1425,282,0.14232920495405513,0.14085914085914086,0.12630756513398017,0.15678632362956563,0.030478758495585456,1.0,0.5006,0.4005,1,1,0.14
02_noise_sweep,121,78393984973367539537920911882466133476,20000,0.0,0.14,readout_flip,0.0,0.5,0.2,,0.11,0.95,20000,9983,1996,7987,1439,299,0.14414504657918462,0.1497995991983968,0.1348167700246249,0.1661278154404649,0.03131104541584001,1.0,0.49915,0.39935,1,1,0.14
02_noise_sweep,122,6782524995509988940282586534236690246,20000,0.0,0.14,readout_flip,0.0,0.5,0.2,,0.11,0.95,20000,9983,1996,7987,1385,289,0.13873585094660923,0.14478957915831664,0.13003428641227188,0.16090950628407813,0.030875219871806248,1.0,0.49915,0.39935,1,1,0.14
02_noise_sweep,123,21823000231782881489466368996028116771,20000,0.0,0.14,readout_flip,0.0,0.5,0.2,,0.11,0.95,20000,10081,2016,8065,1401,276,0.13897430810435474,0.13690476190476192,0.12258850882235828,0.15260212873650641,0.030013619914148137,1.0,0.50405,0.40325,1,1,0.14
02_noise_sweep,124,280580052729674341623230805647761958265,20000,0.0,0.14,readout_flip,0.0,0.5,0.2,,0.11,0.95,20000,10014,2002,8012,1368,272,0.1366087477531456,0.13586413586413587,0.12155041014541411,0.1515726008540642,0.0300221907086501,1.0,0.5007,0.4006,1,1,0.14
02_noise_sweep,125,248340657937115098327702056688587379413,20000,0.0,0.14,readout_flip,0.0,0.5,0.2,,0.11,0.95,20000,10079,2015,8064,1423,286,0.14118464133346562,0.14193548387096774,0.1273784940970001,0.15785512655445597,0.030476632457455854,1.0,0.50395,0.4032,1,1,0.14
02_noise_sweep,126,112291019131422858852681877668383170696,20000,0.0,0.14,readout_flip,0.0,0.5,0.2,,0.11,0.95,20000,10066,2013,8053,1421,271,0.1411682892906815,0.13462493790362642,0.12040835995459091,0.15023336869167733,0.02982500873708642,1.0,0.5033,0.40265,1,1,0.14
02_noise_sweep,127,91233580045553665474227146351018786303,20000,0.0,0.14,readout_flip,0.0,0.5,0.2,,0.11,0.95,20000,10043,2008,8035,1387,257,0.13810614358259485,0.12798804780876494,0.11408297766257294,0.14331377522283764,0.0292307975602647,1.0,0.50215,0.40175,1,1,0.14
02_noise_sweep,128,309093931058818475543798123201737685760,20000,0.0,0.14,readout_flip,0.0,0.5,0.2,,0.11,0.95,20000,9959,1991,7968,1347,266,0.1352545436288784,0.13360120542440984,0.11936017715256543,0.14925337930393195,0.029893202151366524,1.0,0.49795,0.3984,1,1,0.14
02_noise_sweep,129,304177154237840125402961534116958119954,20000,0.0,0.14,readout_flip,0.0,0.5,0.2,,0.11,0.95,20000,9955,1991,7964,1338,262,0.13440482169763937,0.131592164741336,0.1174502247076262,0.14715298798715218,0.02970276327952598,1.0,0.49775,0.3982,1,1,0.14
02_noise_sweep,130,40396086981701609691920433551993313734,20000,0.0,0.14,readout_flip,0.0,0.5,0.2,,0.11,0.95,20000,10041,2008,8033,1458,313,0.14520466089034956,0.15587649402390438,0.14066940128587063,0.17239774228015176,0.03172834099428112,1.0,0.50205,0.40165,1,1,0.14
02_noise_sweep,131,265744108299115680387585844717708538637,20000,0.0,0.14,readout_flip,0.0,0.5,0.2,,0.11,0.95,20000,10008,2001,8007,1298,261,0.1296962430055955,0.13043478260869565,0.11638392445181686,0.1459018819929527,0.029517957541135842,1.0,0.5004,0.40035,1,1,0.14
02_noise_sweep,132,44878715887790582672777262543442706859,20000,0.0,0.14,readout_flip,0.0,0.5,0.2,,0.11,0.95,20000,9985,1997,7988,1382,312,0.13840761141712568,0.15623435152729093,0.14097174121332906,0.17281696805839247,0.03184522684506341,1.0,0.49925,0.3994,1,1,0.14
02_noise_sweep,133,133996056986818262227904168388685749294,20000,0.0,0.14,readout_flip,0.0,0.5,0.2,,0.11,0.95,20000,10166,2033,8133,1520,303,0.14951800118040529,0.14904082636497787,0.13422262859210168,0.16518283381133184,0.030960205219230152,1.0,0.5083,0.40665,1,1,0.14
02_noise_sweep,134,122983413079309171076483883232353173675,20000,0.0,0.14,readout_flip,0.0,0.5,0.2,,0.11,0.95,20000,9966,1993,7973,1410,276,0.14148103552077063,0.13848469643753136,0.12401435065156657,0.15434598505028035,0.03033163439871378,1.0,0.4983,0.39865,1,1,0.14
02_noise_sweep,135,91315043658813866947026931488367706286,20000,0.0,0.14,readout_flip,0.0,0.5,0.2,,0.11,0.95,20000,10041,2008,8033,1414,262,0.14082262722836372,0.13047808764940239,0.11644837064339196,0.14591895283850184,0.029470582195109882,1.0,0.50205,0.40165,1,1,0.14
02_noise_sweep,136,59856384647424580616253351508994304517,20000,0.0,0.14,readout_flip,0.0,0.5,0.2,,0.11,0.95,20000,9952,1990,7962,1411,275,0.14178054662379422,0.13819095477386933,0.12372425807006027,0.1540518190450565,0.030327560974996226,1.0,0.4976,0.3981,1,1,0.14
02_noise_sweep,137,273652428866665268926886751240959464933,20000,0.0,0.14,readout_flip,0.0,0.5,0.2,,0.11,0.95,20000,9924,1984,7940,1350,246,0.13603385731559856,0.12399193548387097,0.11021236739010261,0.13922475779937643,0.029012390409273822,1.0,0.4962,0.397,1,1,0.14
02_noise_sweep,138,41154425452454968477195013496932108671,20000,0.0,0.14,readout_flip,0.0,0.5,0.2,,0.11,0.95,20000,9934,1986,7948,1361,272,0.1370042279041675,0.13695871097683787,0.12253732525342592,0.15278182461762946,0.030244499364203536,1.0,0.4967,0.3974,1,1,0.14
02_noise_sweep,139,186631462484406199207704245365004630491,20000,0.0,0.14,readout_flip,0.0,0.5,0.2,,0.11,0.95,20000,10029,2005,8024,1429,284,0.14248678831388972,0.14164588528678304,0.12706785029876383,0.15759446404653954,0.03052661374777571,1.0,0.50145,0.4012,1,1,0.14
02_noise_sweep,140,221060087141163601543921207390597520558,20000,0.0,0.14,readout_flip,0.0,0.5,0.2,,0.11,0.95,20000,9869,1973,7896,1379,279,0.1397304691458101,0.141409021794222,0.12672995423781647,0.15748173927647607,0.030751785038659607,1.0,0.49345,0.3948,1,1,0.14
02_noise_sweep,141,325244295200499640987006980770107333325,20000,0.0,0.14,readout_flip,0.0,0.5,0.2,,0.11,0.95,20000,9954,1990,7964,1413,293,0.14195298372513562,0.14723618090452262,0.13234762719594848,0.16348404799129043,0.031136420795341957,1.0,0.4977,0.3982,1,1,0.14
02_noise_sweep,142,141875193824337203914589966955238668327,20000,0.0,0.14,readout_flip,0.0,0.5,0.2,,0.11,0.95,20000,9953,1990,7963,1401,309,0.14076157942328946,0.15527638190954773,0.14002976652815746,0.17185132916763435,0.031821562639476886,1.0,0.49765,0.39815,1,1,0.14
02_noise_sweep,143,305761720414203301600771080770787407576,20000,0.0,0.14,readout_flip,0.0,0.5,0.2,,0.11,0.95,20000,10089,2017,8072,1374,265,0.13618792744573296,0.13138324243926625,0.11733853933197705,0.14682936779925773,0.029490828467280683,1.0,0.50445,0.4036,1,1,0.14
02_noise_sweep,144,61771973402420478122573380323037222384,20000,0.0,0.14,readout_flip,0.0,0.5,0.2,,0.11,0.95,20000,9864,1972,7892,1344,283,0.1362530413625304,0.14350912778904665,0.12872798528036467,0.15967645945722636,0.030948474176861696,1.0,0.4932,0.3946,1,1,0.14
02_noise_sweep,145,121544228806251939266143286191365910966,20000,0.0,0.14,readout_flip,0.0,0.5,0.2,,0.11,0.95,20000,10029,2005,8024,1389,302,0.13849835477116362,0.15062344139650874,0.1356360254979152,0.16694706594103403,0.03131104044311883,1.0,0.50145,0.4012,1,1,0.14
02_noise_sweep,146,293815015874242225080826935044145409402,20000,0.0,0.14,readout_flip,0.0,0.5,0.2,,0.11,0.95,20000,10073,2014,8059,1417,285,0.1406730864687779,0.14150943396226415,0.12696885088432674,0.1574149674341201,0.030446116549793345,1.0,0.50365,0.40295,1,1,0.14
02_noise_sweep,147,264765304563792036456644423248110598058,20000,0.0,0.14,readout_flip,0.0,0.5,0.2,,0.11,0.95,20000,9867,1973,7894,1422,286,0.144116752812405,0.1449569183983781,0.13011209519274508,0.16118160276734245,0.031069507574597366,1.0,0.49335,0.3947,1,1,0.14
02_noise_sweep,148,144453174260745713196606290893673166949,20000,0.0,0.14,readout_flip,0.0,0.5,0.2,,0.11,0.95,20000,9904,1980,7924,1405,289,0.14186187399030695,0.14595959595959596,0.1310936415260984,0.16219665958827248,0.03110301806217408,1.0,0.4952,0.3962,1,1,0.14
02_noise_sweep,149,115770861638667623467094383675805420919,20000,0.0,0.14,readout_flip,0.0,0.5,0.2,,0.11,0.95,20000,9888,1977,7911,1448,291,0.1464401294498382,0.1471927162367223,0.1322595073944257,0.16349432803341224,0.031234820638986527,1.0,0.4944,0.39555,1,1,0.14
02_noise_sweep,0,264909029402142671172525729456401990471,20000,0.0,0.16,readout_flip,0.0,0.5,0.2,,0.11,0.95,20000,10009,2001,8008,1658,328,0.16565091417724048,0.16391804097951024,0.14834433231043656,0.18077967693108812,0.03243534462065156,1.0,0.50045,0.4004,1,1,0.16
02_noise_sweep,1,147761025545719649897957872171725623102,20000,0.0,0.16,readout_flip,0.0,0.5,0.2,,0.11,0.95,20000,10015,2003,8012,1582,313,0.1579630554168747,0.15626560159760358,0.14102352854203865,0.17282361471501562,0.03180008617297697,1.0,0.50075,0.4006,1,1,0.16
02_noise_sweep,2,33734722131147481575150867396975850772,20000,0.0,0.16,readout_flip,0.0,0.5,0.2,,0.11,0.95,20000,9968,1993,7975,1629,338,0.16342295345104335,0.16959357752132465,0.1537570663537015,0.18670133900322589,0.032944272649524375,1.0,0.4984,0.39875,1,1,0.16
02_noise_sweep,3,315704681209042983998234284528633498748,20000,0.0,0.16,readout_flip,0.0,0.5,0.2,,0.11,0.95,20000,9871,1974,7897,1677,333,0.16989160166143247,0.16869300911854104,0.15282023852288815,0.18585274046304792,0.033032501940159775,1.0,0.49355,0.39485,1,1,0.16
02_noise_sweep,4,103349777579441751828284459054620859742,20000,0.0,0.16,readout_flip,0.0,0.5,0.2,,0.11,0.95,20000,9946,1989,7957,1605,335,0.161371405590187,0.16842634489693314,0.1526219524124259,0.1855090393120508,0.032887086899624884,1.0,0.4973,0.39785,1,1,0.16
02_noise_sweep,5,30787704697724095965740095828108156330,20000,0.0,0.16,readout_flip,0.0,0.5,0.2,,0.11,0.95,20000,10005,2001,8004,1589,307,0.15882058970514742,0.15342328835582209,0.13829775412230022,0.1698769676754654,0.031579213553165175,1.0,0.50025,0.4002,1,1,0.16
02_noise_sweep,6,304911326425928676306537809882824183512,20000,0.0,0.16,readout_flip,0.0,0.5,0.2,,0.11,0.95,20000,9999,1999,8000,1532,301,0.15321532153215323,0.15057528764382191,0.13556854475095795,0.1669224268396858,0.03135388208872786,1.0,0.49995,0.4,1,1,0.16
02_noise_sweep,7,8202351957198537048175836546463879155,20000,0.0,0.16,readout_flip,0.0,0.5,0.2,,0.11,0.95,20000,9897,1979,7918,1574,328,0.15903809235121755,0.1657402728650834,0.15000805718907706,0.18276764501615045,0.03275958782707339,1.0,0.49485,0.3959,1,1,0.16
02_noise_sweep,8,1746321560376166971607622979743450982,20000,0.0,0.16,readout_flip,0.0,0.5,0.2,,0.11,0.95,20000,10107,2021,8086,1571,320,0.1554368259622044,0.15833745670460167,0.14307184440506884,0.17489944960215656,0.031827605197087716,1.0,0.50535,0.4043,1,1,0.16
02_noise_sweep,9,20260032681002750381624267948718863951,20000,0.0,0.16,readout_flip,0.0,0.5,0.2,,0.11,0.95,20000,10081,2016,8065,1593,346,0.15802003769467315,0.17162698412698413,0.1557961131243759,0.18870689515973393,0.03291078203535802,1.0,0.50405,0.40325,1,1,0.16
02_noise_sweep,10,10119794362182222398140276250499119111,20000,0.0,0.16,readout_flip,0.0,0.5,0.2,,0.11,0.95,20000,9986,1997,7989,1603,303,0.16052473462847988,0.1517275913870806,0.13666242470414086,0.16813006953982468,0.03146764483568382,1.0,0.4993,0.39945,1,1,0.16
02_noise_sweep,11,1122873465517309758686837666717990822,20000,0.0,0.16,readout_flip,0.0,0.5,0.2,,0.11,0.95,20000,10000,2000,8000,1586,303,0.1586,0.1515,0.13645572450384624,0.16788045745118702,0.03142473294734077,1.0,0.5,0.4,1,1,0.16
02_noise_sweep,12,154798477598355999490569565629548659349,20000,0.0,0.16,readout_flip,0.0,0.5,0.2,,0.11,0.95,20000,10042,2008,8034,1645,319,0.1638119896434973,0.15886454183266932,0.1435292274416081,0.17550260084019412,0.031973373398586025,1.0,0.5021,0.4017,1,1,0.16
02_noise_sweep,13,233759093320999469978433005326548077153,20000,0.0,0.16,readout_flip,0.0,0.5,0.2,,0.11,0.95,20000,9999,1999,8000,1660,343,0.16601660166016602,0.17158579289644824,0.15569207921851597,0.18873930639244701,0.03304722717393105,1.0,0.49995,0.4,1,1,0.16
02_noise_sweep,14,194098751515269049898982230175866091677,20000,0.0,0.16,readout_flip,0.0,0.5,0.2,,0.11,0.95,20000,9952,1990,7962,1596,311,0.16036977491961416,0.15628140703517587,0.14099109906715607,0.17289617419220488,0.03190507512504881,1.0,0.4976,0.3981,1,1,0.16
02_noise_sweep,15,87290363776422241186211107680892026235,20000,0.0,0.16,readout_flip,0.0,0.5,0.2,,0.11,0.95,20000,10023,2004,8019,1654,366,0.16502045295819615,0.18263473053892215,0.1663311564472857,0.20015268897190924,0.033821532524623554,1.0,0.50115,0.40095,1,1,0.16
02_noise_sweep,16,58755328286585145077148993573216312617,20000,0.0,0.16,readout_flip,0.0,0.5,0.2,,0.11,0.95,20000,10068,2013,8055,1587,312,0.15762812872467222,0.15499254843517138,0.13984180713981081,0.17145755457988093,0.03161574744007012,1.0,0.5034,0.40275,1,1,0.16
02_noise_sweep,17,164956627061578727123958802500806273233,20000,0.0,0.16,readout_flip,0.0,0.5,0.2,,0.11,0.95,20000,9790,1958,7832,1571,320,0.16046986721144024,0.1634320735444331,0.14771587410242298,0.18046633242904736,0.032750458326624377,1.0,0.4895,0.3916,1,1,0.16
02_noise_sweep,18,319251615048068665812038185926596664346,20000,0.0,0.16,readout_flip,0.0,0.5,0.2,,0.11,0.95,20000,9881,1976,7905,1582,336,0.1601052525048072,0.1700404858299595,0.15412062666481413,0.18724077669889944,0.033120150034085305,1.0,0.49405,0.39525,1,1,0.16
02_noise_sweep,19,93572400684278534483070330348925281734,20000,0.0,0.16,readout_flip,0.0,0.5,0.2,,0.11,0.95,20000,9856,1971,7885,1519,313,0.15411931818181818,0.15880263825469304,0.14333287268168096,0.17559979708149756,0.0322669243998166,1.0,0.4928,0.39425,1,1,0.16
02_noise_sweep,20,98243424727546561537812950115880232122,20000,0.0,0.16,readout_flip,0.0,0.5,0.2,,0.11,0.95,20000,10013,2002,8011,1561,321,0.15589733346649357,0.16033966033966035,0.1449197013133857,0.17706061073002347,0.032140909416637775,1.0,0.50065,0.40055,1,1,0.16
02_noise_sweep,21,143714180099701798542684415602143372642,20000,0.0,0.16,readout_flip,0.0,0.5,0.2,,0.11,0.95,20000,10047,2009,8038,1548,284,0.1540758435353837,0.141363862618218,0.1268128434591822,0.15728377841571245,0.03047093495653025,1.0,0.50235,0.4019,1,1,0.16
02_noise_sweep,22,135246689110548948584682886457767270814,20000,0.0,0.16,readout_flip,0.0,0.5,0.2,,0.11,0.95,20000,10124,2024,8100,1625,343,0.16050967996839194,0.16946640316205533,0.15375185550163492,0.18643324911787337,0.03268139361623845,1.0,0.5062,0.405,1,1,0.16
02_noise_sweep,23,279466772319604621957578653891646830477,20000,0.0,0.16,readout_flip,0.0,0.5,0.2,,0.11,0.95,20000,9870,1974,7896,1591,300,0.16119554204660588,0.1519756838905775,0.1368158496924637,0.16848741722395538,0.031671567531491696,1.0,0.4935,0.3948,1,1,0.16
02_noise_sweep,24,186614061622006507860032409370819151918,20000,0.0,0.16,readout_flip,0.0,0.5,0.2,,0.11,0.95,20000,9931,1986,7945,1627,335,0.16383042996677072,0.1686807653575025,0.15285456487458332,0.18578621267764195,0.03293164780305863,1.0,0.49655,0.39725,1,1,0.16
02_noise_sweep,25,221365068343825139958404078284618407283,20000,0.0,0.16,readout_flip,0.0,0.5,0.2,,0.11,0.95,20000,9965,1993,7972,1504,304,0.15092824887104866,0.15253386853988962,0.13741855413348875,0.1689860710900074,0.03156751695651866,1.0,0.49825,0.3986,1,1,0.16
02_noise_sweep,26,258541604201977209653587946517211452952,20000,0.0,0.16,readout_flip,0.0,0.5,0.2,,0.11,0.95,20000,10122,2024,8098,1686,327,0.16656787196206282,0.1615612648221344,0.14617056522959623,0.1782342130429945,0.032063647813398266,1.0,0.5061,0.4049,1,1,0.16
02_noise_sweep,27,54344078673227737319704544191279052152,20000,0.0,0.16,readout_flip,0.0,0.5,0.2,,0.11,0.95,20000,9982,1996,7986,1644,333,0.16469645361650972,0.16683366733466934,0.15112088858508113,0.18382639229372386,0.032705503708642725,1.0,0.4991,0.3993,1,1,0.16
02_noise_sweep,28,80337294873753863335893684213618585142,20000,0.0,0.16,readout_flip,0.0,0.5,0.2,,0.11,0.95,20000,9872,1974,7898,1629,327,0.16501215559157212,0.1656534954407295,0.14990579114928285,0.1826999674603774,0.03279417631109455,1.0,0.4936,0.3949,1,1,0.16
02_noise_sweep,29,25666634333461833829622895067407132545,20000,0.0,0.16,readout_flip,0.0,0.5,0.2,,0.11,0.95,20000,10092,2018,8074,1654,334,0.1638921918351169,0.16551040634291378,0.14993411595386993,0.18235774396899848,0.03242362801512855,1.0,0.5046,0.4037,1,1,0.16
02_noise_sweep,30,115757016982256459742116378885266615900,20000,0.0,0.16,readout_flip,0.0,0.5,0.2,,0.11,0.95,20000,9973,1994,7979,1566,328,0.1570239647047027,0.16449348044132397,0.14886968037430717,0.18140750749133652,0.03253782711702935,1.0,0.49865,0.39895,1,1,0.16
02_noise_sweep,31,104145758822201667549605488697306292955,20000,0.0,0.16,readout_flip,0.0,0.5,0.2,,0.11,0.95,20000,9974,1994,7980,1586,337,0.15901343493082012,0.16900702106318957,0.15319806910746872,0.18608884268823359,0.032890773580764865,1.0,0.4987,0.399,1,1,0.16
02_noise_sweep,32,308424312017046157679071916128306059666,20000,0.0,0.16,readout_flip,0.0,0.5,0.2,,0.11,0.95,20000,9934,1986,7948,1549,310,0.1559291322730018,0.15609264853977844,0.14079581523187656,0.1727173322881384,0.03192151705626184,1.0,0.4967,0.3974,1,1,0.16
02_noise_sweep,33,224218143284838939260293733918454433397,20000,0.0,0.16,readout_flip,0.0,0.5,0.2,,0.11,0.95,20000,10104,2020,8084,1571,293,0.15548297703879652,0.14504950495049504,0.130366222694675,0.1610802521514321,0.030714029456757108,1.0,0.5052,0.4042,1,1,0.16
02_noise_sweep,34,39164613852420502930747226052974802924,20000,0.0,0.16,readout_flip,0.0,0.5,0.2,,0.11,0.95,20000,9927,1985,7942,1581,287,0.15926261710486553,0.14458438287153652,0.12979962594548736,0.16074211445212663,0.030942488506639276,1.0,0.49635,0.3971,1,1,0.16
02_noise_sweep,35,235115787559543466540765035795068517937,20000,0.0,0.16,readout_flip,0.0,0.5,0.2,,0.11,0.95,20000,9924,1984,7940,1586,320,0.15981459089076985,0.16129032258064516,0.14576322188575805,0.17812652091227135,0.032363299026513304,1.0,0.4962,0.397,1,1,0.16
02_noise_sweep,36,148550685855131207165435521778169813875,20000,0.0,0.16,readout_flip,0.0,0.5,0.2,,0.11,0.95,20000,10000,2000,8000,1659,314,0.1659,0.157,0.14171529226202792,0.17359980217291157,0.03188450991088365,1.0,0.5,0.4,1,1,0.16
02_noise_sweep,37,260886693164738305030453145438034694174,20000,0.0,0.16,readout_flip,0.0,0.5,0.2,,0.11,0.95,20000,9935,1987,7948,1558,335,0.1568193256165073,0.16859587317564168,0.15277694860849342,0.1856937296241443,0.032916781015650876,1.0,0.49675,0.3974,1,1,0.16
02_noise_sweep,38,179294270984623929734890160791577663327,20000,0.0,0.16,readout_flip,0.0,0.5,0.2,,0.11,0.95,20000,9971,1994,7977,1586,306,0.1590612777053455,0.1534603811434303,0.1383078562665208,0.16994556199231298,0.031637705725792165,1.0,0.49855,0.39885,1,1,0.16
02_noise_sweep,39,115107625683690939924379536824937659153,20000,0.0,0.16,readout_flip,0.0,0.5,0.2,,0.11,0.95,20000,9955,1991,7964,1614,319,0.16212958312405826,0.16022099447513813,0.14476533983701073,0.17698527146226345,0.03221993162525272,1.0,0.49775,0.3982,1,1,0.16
02_noise_sweep,40,157887639053522619116789117339230146318,20000,0.0,0.16,readout_flip,0.0,0.5,0.2,,0.11,0.95,20000,9987,1997,7990,1568,323,0.157004105336938,0.16174261392088132,0.14624495335335458,0.17853912984117992,0.03229417648782534,1.0,0.49935,0.3995,1,1,0.16
02_noise_sweep,41,200819269500532939243520395810407543869,20000,0.0,0.16,readout_flip,0.0,0.5,0.2,,0.11,0.95,20000,10060,2012,8048,1576,290,0.15666003976143142,0.1441351888667992,0.12946604070925044,0.160160634179286,0.03069459347003556,1.0,0.503,0.4024,1,1,0.16
02_noise_sweep,42,159072757769047358434903759048878558622,20000,0.0,0.16,readout_flip,0.0,0.5,0.2,,0.11,0.95,20000,9956,1991,7965,1626,318,0.16331860184813177,0.15971873430436967,0.1442844349830085,0.1764635903758359,0.0321791553928274,1.0,0.4978,0.39825,1,1,0.16
02_noise_sweep,43,234570307039260815608153137947883200670,20000,0.0,0.16,readout_flip,0.0,0.5,0.2,,0.11,0.95,20000,9975,1995,7980,1595,323,0.1598997493734336,0.1619047619047619,0.14639284088644144,0.17871621463820092,0.03232337375175948,1.0,0.49875,0.399,1,1,0.16
02_noise_sweep,44,76378651952102186763680702539516816892,20000,0.0,0.16,readout_flip,0.0,0.5,0.2,,0.11,0.95,20000,10047,2009,8038,1588,320,0.15805713148203443,0.15928322548531607,0.14393376383837161,0.1759331864369447,0.03199942259857308,1.0,0.50235,0.4019,1,1,0.16
02_noise_sweep,45,267933594610349139639118273979689322745,20000,0.0,0.16,readout_flip,0.0,0.5,0.2,,0.11,0.95,20000,10015,2003,8012,1550,295,0.15476784822765852,0.1472790813779331,0.1324347817262113,0.1634737247532497,0.031038943027038413,1.0,0.50075,0.4006,1,1,0.16
02_noise_sweep,46,171260643030985176457769822365582677733,20000,0.0,0.16,readout_flip,0.0,0.5,0.2,,0.11,0.95,20000,9894,1978,7916,1592,303,0.16090559935314333,0.1531850353892821,0.1379862142952385,0.1697283388070988,0.031742124511860315,1.0,0.4947,0.3958,1,1,0.16
02_noise_sweep,47,114039851217515878744795470246166309194,20000,0.0,0.16,readout_flip,0.0,0.5,0.2,,0.11,0.95,20000,10088,2017,8071,1618,326,0.1603885804916733,0.16162617749132374,0.14620719348450265,0.1783316049244654,0.03212441143996275,1.0,0.5044,0.40355,1,1,0.16
02_noise_sweep,48,291252857279637100234989499462957924395,20000,0.0,0.16,readout_flip,0.0,0.5,0.2,,0.11,0.95,20000,9963,1992,7971,1628,324,0.16340459700893306,0.16265060240963855,0.1470961710050859,0.179503647803095,0.032407476798009094,1.0,0.49815,0.39855,1,1,0.16
02_noise_sweep,49,310658178195475097460520477255265617347,20000,0.0,0.16,readout_flip,0.0,0.5,0.2,,0.11,0.95,20000,10000,2000,8000,1672,323,0.1672,0.1615,0.1460236816757033,0.17827415933370488,0.0322504776580016,1.0,0.5,0.4,1,1,0.16
02_noise_sweep,50,61045006944357442593982412058541450402,20000,0.0,0.16,readout_flip,0.0,0.5,0.2,,0.11,0.95,20000,10053,2010,8043,1572,315,0.15637123246792003,0.15671641791044777,0.14148033840891963,0.17326214345053706,0.03178180504161743,1.0,0.50265,0.40215,1,1,0.16
02_noise_sweep,51,126169185906749733063475976581846830647,20000,0.0,0.16,readout_flip,0.0,0.5,0.2,,0.11,0.95,20000,10066,2013,8053,1646,331,0.16352076296443474,0.16443119721808247,0.1488808254976063,0.18125987837806226,0.03237905288045595,1.0,0.5033,0.40265,1,1,0.16
02_noise_sweep,52,261398041149781283421107649755563802337,20000,0.0,0.16,readout_flip,0.0,0.5,0.2,,0.11,0.95,20000,9987,1997,7990,1565,302,0.15670371482927806,0.1512268402603906,0.1361839046824183,0.1676090101140188,0.031425105431600486,1.0,0.49935,0.3995,1,1,0.16
02_noise_sweep,53,181334930816657460042519195471672156715,20000,0.0,0.16,readout_flip,0.0,0.5,0.2,,0.11,0.95,20000,10008,2001,8007,1627,320,0.1625699440447642,0.15992003998001,0.14451417186432441,0.1766291564462445,0.03211498458192008,1.0,0.5004,0.40035,1,1,0.16
02_noise_sweep,54,163291876816191321924979236426308207190,20000,0.0,0.16,readout_flip,0.0,0.5,0.2,,0.11,0.95,20000,10033,2006,8027,1568,310,0.15628426193561248,0.15453639082751744,0.1393802410408786,0.17101312659655826,0.03163288555567967,1.0,0.50165,0.40135,1,1,0.16
02_noise_sweep,55,280822029143697824335752144942878611538,20000,0.0,0.16,readout_flip,0.0,0.5,0.2,,0.11,0.95,20000,9918,1983,7935,1632,334,0.1645493042952208,0.16843166918809885,0.15260414217942006,0.18554133784266033,0.03293719566324027,1.0,0.4959,0.39675,1,1,0.16
02_noise_sweep,56,229652633823560989732068794958173435334,20000,0.0,0.16,readout_flip,0.0,0.5,0.2,,0.11,0.95,20000,9999,1999,8000,1656,324,0.16561656165616562,0.16208104052026012,0.1465765935100593,0.1788817476631402,0.032305154153080884,1.0,0.49995,0.4,1,1,0.16
02_noise_sweep,57,168334517546654164050238889956454900960,20000,0.0,0.16,readout_flip,0.0,0.5,0.2,,0.11,0.95,20000,9984,1996,7988,1590,291,0.15925480769230768,0.14579158316633267,0.1309902890821354,0.16195366216796253,0.03096337308582714,1.0,0.4992,0.3994,1,1,0.16
02_noise_sweep,58,290610397646404847202259381450012831885,20000,0.0,0.16,readout_flip,0.0,0.5,0.2,,0.11,0.95,20000,9899,1979,7920,1565,318,0.1580967774522679,0.16068721576553815,0.1451669305410303,0.17752223655014165,0.03235530600911135,1.0,0.49495,0.396,1,1,0.16
02_noise_sweep,59,280044490600651406434841421283149310974,20000,0.0,0.16,readout_flip,0.0,0.5,0.2,,0.11,0.95,20000,9938,1987,7951,1602,314,0.1611994365063393,0.1580271766482134,0.14265042294034874,0.17472364821998132,0.03207322527963258,1.0,0.4969,0.39755,1,1,0.16
02_noise_sweep,60,299722147573606660827287215913771467468,20000,0.0,0.16,readout_flip,0.0,0.5,0.2,,0.11,0.95,20000,9978,1995,7983,1527,286,0.15303668069753457,0.14335839598997493,0.1286657339668303,0.15942187612328534,0.030756142156455057,1.0,0.4989,0.39915,1,1,0.16
02_noise_sweep,61,203894609147701019010013198692249566550,20000,0.0,0.16,readout_flip,0.0,0.5,0.2,,0.11,0.95,20000,10093,2018,8075,1650,335,0.16347963935400772,0.166005946481665,0.15040935160989555,0.18287170555753157,0.032462353947636025,1.0,0.50465,0.40375,1,1,0.16
02_noise_sweep,62,160265080865218827676711454275530572148,20000,0.0,0.16,readout_flip,0.0,0.5,0.2,,0.11,0.95,20000,9979,1995,7984,1542,329,0.1545245014530514,0.1649122807017544,0.149274877590052,0.1818376555726217,0.03256277798256968,1.0,0.49895,0.3992,1,1,0.16
02_noise_sweep,63,200834971149854672628895073961043037370,20000,0.0,0.16,readout_flip,0.0,0.5,0.2,,0.11,0.95,20000,10014,2002,8012,1613,332,0.1610744957060116,0.16583416583416583,0.15018498834391542,0.18276328923996793,0.032578300896052514,1.0,0.5007,0.4006,1,1,0.16
02_noise_sweep,64,33109251804306865442611124249136773255,20000,0.0,0.16,readout_flip,0.0,0.5,0.2,,0.11,0.95,20000,9944,1988,7956,1539,314,0.15476669348350763,0.1579476861167002,0.14257805171146573,0.17463668243448746,0.03205863072302173,1.0,0.4972,0.3978,1,1,0.16
02_noise_sweep,65,177116772054627928086115354635160906997,20000,0.0,0.16,readout_flip,0.0,0.5,0.2,,0.11,0.95,20000,9952,1990,7962,1620,319,0.16278135048231512,0.16030150753768843,0.14483871599120424,0.1770732675224332,0.03223455153122895,1.0,0.4976,0.3981,1,1,0.16
02_noise_sweep,66,200769024366884262990585063877018481606,20000,0.0,0.16,readout_flip,0.0,0.5,0.2,,0.11,0.95,20000,10139,2027,8112,1583,299,0.15612979583785383,0.14750863344844597,0.13273816598269278,0.1636126181746202,0.030874452191927415,1.0,0.50695,0.4056,1,1,0.16
02_noise_sweep,67,240632206119782991770536424656735008209,20000,0.0,0.16,readout_flip,0.0,0.5,0.2,,0.11,0.95,20000,9906,1981,7925,1579,301,0.15939834443771453,0.1519434628975265,0.13681067728169055,0.1684235045862449,0.031612827304554336,1.0,0.4953,0.39625,1,1,0.16
02_noise_sweep,68,7660502705074578109562814410618825866,20000,0.0,0.16,readout_flip,0.0,0.5,0.2,,0.11,0.95,20000,9905,1981,7924,1600,340,0.16153457849570924,0.17163048965169106,0.1556658293838789,0.18886620151545686,0.03320037213157795,1.0,0.49525,0.3962,1,1,0.16
02_noise_sweep,69,250769155938185586615975379872652469928,20000,0.0,0.16,readout_flip,0.0,0.5,0.2,,0.11,0.95,20000,9975,1995,7980,1591,330,0.15949874686716792,0.16541353383458646,0.14975540597481407,0.18235770679419816,0.03260230081938409,1.0,0.49875,0.399,1,1,0.16
02_noise_sweep,70,199872315123890999227007131067476235769,20000,0.0,0.16,readout_flip,0.0,0.5,0.2,,0.11,0.95,20000,9955,1991,7964,1573,333,0.1580110497237569,0.16725263686589653,0.15150377598911985,0.18428303847617078,0.03277926248705093,1.0,0.49775,0.3982,1,1,0.16
02_noise_sweep,71,315446267899500818706818252570457279967,20000,0.0,0.16,readout_flip,0.0,0.5,0.2,,0.11,0.95,20000,9996,1999,7997,1537,309,0.15376150460184074,0.15457728864432216,0.13939399763495186,0.1710856242452765,0.03169162661032465,1.0,0.4998,0.39985,1,1,0.16
02_noise_sweep,72,26284786236439077220756814317570965601,20000,0.0,0.16,readout_flip,0.0,0.5,0.2,,0.11,0.95,20000,10041,2008,8033,1643,333,0.16362912060551738,0.16583665338645417,0.15020981061508523,0.18273961533686991,0.03252980472178468,1.0,0.50205,0.40165,1,1,0.16
02_noise_sweep,73,187311158857241825236525991795600270786,20000,0.0,0.16,readout_flip,0.0,0.5,0.2,,0.11,0.95,20000,9989,1997,7992,1540,314,0.15416958654519972,0.157235853780671,0.1419300013820954,0.17385786678468304,0.03192786540258763,1.0,0.49945,0.3996,1,1,0.16
02_noise_sweep,74,303540864234074119925550120674872765297,20000,0.0,0.16,readout_flip,0.0,0.5,0.2,,0.11,0.95,20000,9888,1977,7911,1611,325,0.1629247572815534,0.16439049064238745,0.1487067485987433,0.18137593212723588,0.032669183528492574,1.0,0.4944,0.39555,1,1,0.16
02_noise_sweep,75,55938462386945799581815486677947716251,20000,0.0,0.16,readout_flip,0.0,0.5,0.2,,0.11,0.95,20000,10046,2009,8037,1645,308,0.16374676488154488,0.15331010452961671,0.1382183545440722,0.16972515293110355,0.031506798387031354,1.0,0.5023,0.40185,1,1,0.16
02_noise_sweep,76,146095637220339762308763301832962710639,20000,0.0,0.16,readout_flip,0.0,0.5,0.2,,0.11,0.95,20000,9940,1988,7952,1613,310,0.16227364185110665,0.15593561368209255,0.14065296471102118,0.17254538551814347,0.03189242080712229,1.0,0.497,0.3976,1,1,0.16
02_noise_sweep,77,331936247320266708097800738312606527159,20000,0.0,0.16,readout_flip,0.0,0.5,0.2,,0.11,0.95,20000,9975,1995,7980,1577,321,0.1580952380952381,0.16090225563909774,0.14543259864776784,0.17767529766419735,0.03224269901642951,1.0,0.49875,0.399,1,1,0.16
02_noise_sweep,78,4480670158893322773305309797077333546,20000,0.0,0.16,readout_flip,0.0,0.5,0.2,,0.11,0.95,20000,9938,1987,7951,1661,343,0.16713624471724692,0.17262204328132863,0.15664089417770316,0.18986658674914697,0.03322569257144381,1.0,0.4969,0.39755,1,1,0.16
02_noise_sweep,79,103556454547881331229054422779339519247,20000,0.0,0.16,readout_flip,0.0,0.5,0.2,,0.11,0.95,20000,10134,2026,8108,1637,324,0.16153542530096704,0.15992102665350444,0.1446064434997785,0.17652280331312473,0.03191635981334623,1.0,0.5067,0.4054,1,1,0.16
02_noise_sweep,80,120543213361113494014721384132005889422,20000,0.0,0.16,readout_flip,0.0,0.5,0.2,,0.11,0.95,20000,10004,2000,8004,1574,321,0.15733706517393042,0.1605,0.14506587373687918,0.1772358013670915,0.032169927630212314,1.0,0.5002,0.4002,1,1,0.16
02_noise_sweep,81,205676644600841487146788716477981860466,20000,0.0,0.16,readout_flip,0.0,0.5,0.2,,0.11,0.95,20000,9994,1998,7996,1562,313,0.15629377626575947,0.15665665665665665,0.14137944398052923,0.17325159537847198,0.03187215139794275,1.0,0.4997,0.3998,1,1,0.16
02_noise_sweep,82,224160540271279509162656016263826608742,20000,0.0,0.16,readout_flip,0.0,0.5,0.2,,0.11,0.95,20000,9897,1979,7918,1525,293,0.15408709710013135,0.1480545730166751,0.13308932296697304,0.16438350633906015,0.031294183372087114,1.0,0.49485,0.3959,1,1,0.16
02_noise_sweep,83,64032982338931688757495014096726215478,20000,0.0,0.16,readout_flip,0.0,0.5,0.2,,0.11,0.95,20000,10008,2001,8007,1582,300,0.15807354116706634,0.14992503748125938,0.1349544896386335,0.1662371363445458,0.0312826467059123,1.0,0.5004,0.40035,1,1,0.16
02_noise_sweep,84,93838511109598297180217195809648525568,20000,0.0,0.16,readout_flip,0.0,0.5,0.2,,0.11,0.95,20000,9941,1988,7953,1608,321,0.16175435066894678,0.16146881287726358,0.1459491408451053,0.17829426515522778,0.032345124310122486,1.0,0.49705,0.39765,1,1,0.16
02_noise_sweep,85,177082529414155888074548282818311919175,20000,0.0,0.16,readout_flip,0.0,0.5,0.2,,0.11,0.95,20000,10014,2002,8012,1667,338,0.1664669462752147,0.16883116883116883,0.15305967419640198,0.18587113004592187,0.03281145584951989,1.0,0.5007,0.4006,1,1,0.16
02_noise_sweep,86,259319771412950670466218559819905089285,20000,0.0,0.16,readout_flip,0.0,0.5,0.2,,0.11,0.95,20000,9881,1976,7905,1571,312,0.1589920048578079,0.15789473684210525,0.1424827986166394,0.17463423922672008,0.032151440610080684,1.0,0.49405,0.39525,1,1,0.16
02_noise_sweep,87,303586293955393191943654361904585485948,20000,0.0,0.16,readout_flip,0.0,0.5,0.2,,0.11,0.95,20000,10097,2019,8078,1703,336,0.168663959591958,0.1664190193164933,0.15080924779326688,0.18329575874278964,0.03248651094952276,1.0,0.50485,0.4039,1,1,0.16
02_noise_sweep,88,205311523797136740537629033410848871186,20000,0.0,0.16,readout_flip,0.0,0.5,0.2,,0.11,0.95,20000,10029,2005,8024,1551,278,0.15465151061920432,0.13865336658354116,0.12421631056021194,0.15447241142054283,0.030256100860330884,1.0,0.50145,0.4012,1,1,0.16
02_noise_sweep,89,327744399952834544444013191205734090636,20000,0.0,0.16,readout_flip,0.0,0.5,0.2,,0.11,0.95,20000,9973,1994,7979,1677,356,0.1681540158427755,0.17853560682046138,0.1623494994416783,0.1959579406508144,0.033608441209136086,1.0,0.49865,0.39895,1,1,0.16
02_noise_sweep,90,208616448326815138013382318590748679904,20000,0.0,0.16,readout_flip,0.0,0.5,0.2,,0.11,0.95,20000,10047,2009,8038,1580,303,0.1572608738927043,0.15082130413140865,0.13583935988192203,0.16713604642652852,0.03129668654460649,1.0,0.50235,0.4019,1,1,0.16
02_noise_sweep,91,322074363915150519132279845215331829509,20000,0.0,0.16,readout_flip,0.0,0.5,0.2,,0.11,0.95,20000,10061,2012,8049,1588,315,0.15783719312195607,0.15656063618290258,0.14133850891563238,0.17309170386087414,0.03175319494524176,1.0,0.50305,0.40245,1,1,0.16
02_noise_sweep,92,277866477554595107459097205403375940363,20000,0.0,0.16,readout_flip,0.0,0.5,0.2,,0.11,0.95,20000,9997,1999,7998,1624,341,0.16244873462038611,0.17058529264632316,0.15473166711498515,0.18770255592358165,0.0329708888085965,1.0,0.49985,0.3999,1,1,0.16
02_noise_sweep,93,321531386090332049449424478084587962518,20000,0.0,0.16,readout_flip,0.0,0.5,0.2,,0.11,0.95,20000,10065,2013,8052,1596,309,0.1585692995529061,0.15350223546944858,0.1384164224740757,0.16990799048414607,0.03149156801007036,1.0,0.50325,0.4026,1,1,0.16
02_noise_sweep,94,149417604599156791175520384751755186145,20000,0.0,0.16,readout_flip,0.0,0.5,0.2,,0.11,0.95,20000,9930,1986,7944,1571,310,0.15820745216515608,0.15609264853977844,0.14079581523187656,0.1727173322881384,0.03192151705626184,1.0,0.4965,0.3972,1,1,0.16
02_noise_sweep,95,43436831811013607194289027748709518915,20000,0.0,0.16,readout_flip,0.0,0.5,0.2,,0.11,0.95,20000,9948,1989,7959,1535,293,0.15430237233614796,0.14731020613373555,0.13241471218843162,0.16356541016899126,0.03115069798055964,1.0,0.4974,0.39795,1,1,0.16
02_noise_sweep,96,93635295705080893031810445610894648160,20000,0.0,0.16,readout_flip,0.0,0.5,0.2,,0.11,0.95,20000,10022,2004,8018,1615,329,0.16114547994412293,0.16417165668662675,0.14859860320146973,0.18102974265877902,0.0324311394573093,1.0,0.5011,0.4009,1,1,0.16
02_noise_sweep,97,61410712662136937052605979161395170599,20000,0.0,0.16,readout_flip,0.0,0.5,0.2,,0.11,0.95,20000,10045,2009,8036,1608,319,0.16007964161274266,0.15878546540567445,0.14345717227252797,0.1754161577694433,0.03195898549691534,1.0,0.50225,0.4018,1,1,0.16
02_noise_sweep,98,83412817107274566952689621738084408946,20000,0.0,0.16,readout_flip,0.0,0.5,0.2,,0.11,0.95,20000,9983,1996,7987,1588,331,0.15907041971351296,0.1658316633266533,0.15016005385583073,0.1827870684692263,0.032627014613395566,1.0,0.49915,0.39935,1,1,0.16
02_noise_sweep,99,60749284184211545906069901827733003406,20000,0.0,0.16,readout_flip,0.0,0.5,0.2,,0.11,0.95,20000,10008,2001,8007,1684,328,0.1682653876898481,0.16391804097951024,0.14834433231043656,0.18077967693108812,0.03243534462065156,1.0,0.5004,0.40035,1,1,0.16
02_noise_sweep,100,8064657093267367469864856298768027327,20000,0.0,0.16,readout_flip,0.0,0.5,0.2,,0.11,0.95,20000,9917,1983,7934,1645,337,0.16587677725118483,0.16994452849218356,0.15405553757626575,0.18710981097803328,0.03305427340176753,1.0,0.49585,0.3967,1,1,0.16
02_noise_sweep,101,334326718180837317712253684107524806571,20000,0.0,0.16,readout_flip,0.0,0.5,0.2,,0.11,0.95,20000,10073,2014,8059,1709,335,0.16966147125980344,0.1663356504468719,0.15071071452766432,0.18323101110944967,0.032520296581785346,1.0,0.50365,0.40295,1,1,0.16
02_noise_sweep,102,162399658753539953342661613988462516893,20000,0.0,0.16,readout_flip,0.0,0.5,0.2,,0.11,0.95,20000,10124,2024,8100,1583,313,0.15636112208613195,0.15464426877470355,0.13954805486866906,0.17104893785036873,0.031500882981699674,1.0,0.5062,0.405,1,1,0.16
02_noise_sweep,103,232537855690845134358691552129112850932,20000,0.0,0.16,readout_flip,0.0,0.5,0.2,,0.11,0.95,20000,10006,2001,8005,1569,331,0.15680591645012992,0.16541729135432284,0.14978153302549277,0.1823352315651404,0.032553698539647624,1.0,0.5003,0.40025,1,1,0.16
02_noise_sweep,104,67863694374040443904777356144728562919,20000,0.0,0.16,readout_flip,0.0,0.5,0.2,,0.11,0.95,20000,9944,1988,7956,1565,311,0.1573813354786806,0.15643863179074446,0.14113415015530784,0.17306829605305396,0.031934145897746125,1.0,0.4972,0.3978,1,1,0.16
02_noise_sweep,105,144350959746651784918207509879926377555,20000,0.0,0.16,readout_flip,0.0,0.5,0.2,,0.11,0.95,20000,10028,2005,8023,1593,304,0.15885520542481052,0.15162094763092268,0.13658925471854452,0.1679850341752542,0.03139577945670968,1.0,0.5014,0.40115,1,1,0.16
02_noise_sweep,106,69546643926866903774374712065797070996,20000,0.0,0.16,readout_flip,0.0,0.5,0.2,,0.11,0.95,20000,9914,1982,7932,1582,307,0.1595723219689328,0.15489404641775983,0.13963475191837818,0.17148850320169753,0.031853751283319354,1.0,0.4957,0.3966,1,1,0.16
02_noise_sweep,107,148976031269986865268838410153635314294,20000,0.0,0.16,readout_flip,0.0,0.5,0.2,,0.11,0.95,20000,9939,1987,7952,1575,322,0.1584666465439179,0.16205334675390035,0.1465052862177353,0.1789055876368072,0.03240030141907191,1.0,0.49695,0.3976,1,1,0.16
02_noise_sweep,108,322055051738814929599157960009758561327,20000,0.0,0.16,readout_flip,0.0,0.5,0.2,,0.11,0.95,20000,9930,1986,7944,1557,321,0.156797583081571,0.16163141993957703,0.14609739923977264,0.17847190549441486,0.03237450625464222,1.0,0.4965,0.3972,1,1,0.16
02_noise_sweep,109,177277581801913152163137957405254152903,20000,0.0,0.16,readout_flip,0.0,0.5,0.2,,0.11,0.95,20000,10019,2003,8016,1651,325,0.16478690488072661,0.16225661507738393,0.14675965040025468,0.17904658404186186,0.032286933641607174,1.0,0.50095,0.4008,1,1,0.16
02_noise_sweep,110,170757702739333370352075998217105789238,20000,0.0,0.16,readout_flip,0.0,0.5,0.2,,0.11,0.95,20000,9951,1990,7961,1594,300,0.160184906039594,0.1507537688442211,0.1357066714370836,0.16714662522264717,0.03143995378556358,1.0,0.49755,0.39805,1,1,0.16
02_noise_sweep,111,249967867582130232259290004525925080066,20000,0.0,0.16,readout_flip,0.0,0.5,0.2,,0.11,0.95,20000,9896,1979,7917,1604,330,0.16208569118835894,0.1667508842849924,0.1509769419546475,0.18381606727339106,0.032839125318743556,1.0,0.4948,0.39585,1,1,0.16
02_noise_sweep,112,170531695571268584912537918645750883463,20000,0.0,0.16,readout_flip,0.0,0.5,0.2,,0.11,0.95,20000,10043,2008,8035,1640,349,0.16329781937668028,0.17380478087649404,0.15785732377010245,0.19099792809059898,0.033140604320496536,1.0,0.50215,0.40175,1,1,0.16
02_noise_sweep,113,282486906797698869138810801614110346069,20000,0.0,0.16,readout_flip,0.0,0.5,0.2,,0.11,0.95,20000,10112,2022,8090,1608,306,0.15901898734177214,0.1513353115727003,0.13637674956987503,0.16761616958935413,0.031239420019479103,1.0,0.5056,0.4045,1,1,0.16
02_noise_sweep,114,77992884619621611668127353100620289433,20000,0.0,0.16,readout_flip,0.0,0.5,0.2,,0.11,0.95,20000,10016,2003,8013,1609,325,0.16064297124600638,0.16225661507738393,0.14675965040025468,0.17904658404186186,0.032286933641607174,1.0,0.5008,0.40065,1,1,0.16
02_noise_sweep,115,319196867368849566196550832268894607901,20000,0.0,0.16,readout_flip,0.0,0.5,0.2,,0.11,0.95,20000,9932,1986,7946,1619,305,0.16300845751107532,0.15357502517623364,0.13838830614800451,0.17009931536556844,0.031711009217563924,1.0,0.4966,0.3973,1,1,0.16
02_noise_sweep,116,145130796832962304490791351469800222980,20000,0.0,0.16,readout_flip,0.0,0.5,0.2,,0.11,0.95,20000,9945,1989,7956,1574,307,0.15827048768225238,0.15434891905480141,0.13913917573774445,0.17089123640869638,0.03175206067095193,1.0,0.49725,0.3978,1,1,0.16
02_noise_sweep,117,150806871300757871056732495619053766275,20000,0.0,0.16,readout_flip,0.0,0.5,0.2,,0.11,0.95,20000,9960,1992,7968,1608,310,0.1614457831325301,0.15562248995983935,0.14036813185214356,0.17220251651454113,0.031834384662397575,1.0,0.498,0.3984,1,1,0.16
02_noise_sweep,118,90458572458375642331014121702760602656,20000,0.0,0.16,readout_flip,0.0,0.5,0.2,,0.11,0.95,20000,9915,1983,7932,1597,320,0.1610690872415532,0.16137165910237014,0.14583736842832437,0.1782153917767357,0.03237802334841133,1.0,0.49575,0.3966,1,1,0.16
02_noise_sweep,119,68864154742650517395696499645435015154,20000,0.0,0.16,readout_flip,0.0,0.5,0.2,,0.11,0.95,20000,10060,2012,8048,1640,308,0.16302186878727634,0.15308151093439365,0.13801054079971348,0.16947468136816146,0.031464140568447985,1.0,0.503,0.4024,1,1,0.16
02_noise_sweep,120,276312008848343400216927834075757265378,20000,0.0,0.16,readout_flip,0.0,0.5,0.2,,0.11,0.95,20000,10196,2039,8157,1705,327,0.1672224401726167,0.1603727317312408,0.1450860403928419,0.1769367264646789,0.031850686071837,1.0,0.5098,0.40785,1,1,0.16
02_noise_sweep,121,323472998236357193345894055517819025073,20000,0.0,0.16,readout_flip,0.0,0.5,0.2,,0.11,0.95,20000,10049,2009,8040,1624,319,0.16160812021096627,0.15878546540567445,0.14345717227252797,0.1754161577694433,0.03195898549691534,1.0,0.50245,0.402,1,1,0.16
02_noise_sweep,122,208798619491173988020295550626074994988,20000,0.0,0.16,readout_flip,0.0,0.5,0.2,,0.11,0.95,20000,9988,1997,7991,1565,339,0.1566880256307569,0.16975463194792187,0.15392684484136795,0.18685050951362162,0.03292366467225366,1.0,0.4994,0.39955,1,1,0.16
02_noise_sweep,123,149169901160592696702964807388767385377,20000,0.0,0.16,readout_flip,0.0,0.5,0.2,,0.11,0.95,20000,10032,2006,8026,1634,350,0.16287878787878787,0.1744765702891326,0.15849502435959648,0.19170247790194214,0.033207453542345666,1.0,0.5016,0.4013,1,1,0.16
02_noise_sweep,124,108425051612487400679491894598108032715,20000,0.0,0.16,readout_flip,0.0,0.5,0.2,,0.11,0.95,20000,9994,1998,7996,1583,332,0.15839503702221333,0.16616616616616617,0.15048831915298586,0.18312524243951242,0.032636923286526565,1.0,0.4997,0.3998,1,1,0.16
02_noise_sweep,125,147567285984455397881022836346572036922,20000,0.0,0.16,readout_flip,0.0,0.5,0.2,,0.11,0.95,20000,10049,2009,8040,1651,324,0.16429495472186287,0.16127426580388252,0.1458406778156404,0.17800075339305607,0.03216007557741568,1.0,0.50245,0.402,1,1,0.16
02_noise_sweep,126,214141724071523912243828614010105069860,20000,0.0,0.16,readout_flip,0.0,0.5,0.2,,0.11,0.95,20000,10101,2020,8081,1664,341,0.16473616473616473,0.16881188118811882,0.15310875084262823,0.1857722696204759,0.03266351877784768,1.0,0.50505,0.40405,1,1,0.16
02_noise_sweep,127,111691187812596905165373349662064635446,20000,0.0,0.16,readout_flip,0.0,0.5,0.2,,0.11,0.95,20000,10123,2024,8099,1674,351,0.16536599822187098,0.1734189723320158,0.15754735639747192,0.1905279113954952,0.03298055499802327,1.0,0.50615,0.40495,1,1,0.16
02_noise_sweep,128,178598143584180690337727120067906313318,20000,0.0,0.16,readout_flip,0.0,0.5,0.2,,0.11,0.95,20000,9971,1994,7977,1630,314,0.1634740748169692,0.15747241725175526,0.142145362344536,0.1741166994076832,0.0319713370631472,1.0,0.49855,0.39885,1,1,0.16
02_noise_sweep,129,333231531230057023245542584634835395087,20000,0.0,0.16,readout_flip,0.0,0.5,0.2,,0.11,0.95,20000,9884,1976,7908,1595,316,0.1613719142047754,0.15991902834008098,0.14442020051338372,0.17673756491670145,0.03231736440331773,1.0,0.4942,0.3954,1,1,0.16
02_noise_sweep,130,29327488626112880283728506955426012660,20000,0.0,0.16,readout_flip,0.0,0.5,0.2,,0.11,0.95,20000,10088,2017,8071,1589,327,0.1575138778747026,0.16212196331184928,0.1466822472321236,0.17884623791910234,0.03216399068697873,1.0,0.5044,0.40355,1,1,0.16
02_noise_sweep,131,73352243149562049707065722818228084130,20000,0.0,0.16,readout_flip,0.0,0.5,0.2,,0.11,0.95,20000,10054,2010,8044,1595,305,0.1586433260393873,0.1517412935323383,0.13672216212582858,0.16808905135477967,0.03136688922895109,1.0,0.5027,0.4022,1,1,0.16
02_noise_sweep,132,328437257869560135440273283421466672923,20000,0.0,0.16,readout_flip,0.0,0.5,0.2,,0.11,0.95,20000,9963,1992,7971,1535,300,0.1540700592191107,0.15060240963855423,0.1355692878602404,0.16698052447680414,0.031411236616563754,1.0,0.49815,0.39855,1,1,0.16
02_noise_sweep,133,118643223306097707575236134338629633003,20000,0.0,0.16,readout_flip,0.0,0.5,0.2,,0.11,0.95,20000,9832,1966,7866,1578,326,0.16049633848657446,0.16581892166836215,0.15003366820948313,0.1829075722563022,0.03287390404681906,1.0,0.4916,0.3933,1,1,0.16
02_noise_sweep,134,91861173283279411640001074396867600768,20000,0.0,0.16,readout_flip,0.0,0.5,0.2,,0.11,0.95,20000,10041,2008,8033,1637,314,0.16303157056070114,0.15637450199203187,0.14114589896820537,0.17291535871711364,0.03176945974890827,1.0,0.50205,0.40165,1,1,0.16
02_noise_sweep,135,13741142559424797077402757414595890552,20000,0.0,0.16,readout_flip,0.0,0.5,0.2,,0.11,0.95,20000,9933,1986,7947,1568,301,0.15785764622973925,0.1515609264853978,0.13646336222476604,0.16800383848365327,0.03154047625888723,1.0,0.49665,0.39735,1,1,0.16
02_noise_sweep,136,165873394849202088510274224720965043074,20000,0.0,0.16,readout_flip,0.0,0.5,0.2,,0.11,0.95,20000,9984,1996,7988,1542,326,0.1544471153846154,0.16332665330661322,0.14775890193999378,0.18018782400069336,0.03242892206069958,1.0,0.4992,0.3994,1,1,0.16
02_noise_sweep,137,323511514621324680145541286107465895478,20000,0.0,0.16,readout_flip,0.0,0.5,0.2,,0.11,0.95,20000,10007,2001,8006,1622,307,0.1620865394224043,0.15342328835582209,0.13829775412230022,0.1698769676754654,0.031579213553165175,1.0,0.50035,0.4003,1,1,0.16
02_noise_sweep,138,305096373733702902718185669582876255629,20000,0.0,0.16,readout_flip,0.0,0.5,0.2,,0.11,0.95,20000,9881,1976,7905,1592,299,0.1611172958202611,0.1513157894736842,0.1361927183249438,0.1677919548615572,0.031599236536613395,1.0,0.49405,0.39525,1,1,0.16
02_noise_sweep,139,70387664835205091561360551734071724501,20000,0.0,0.16,readout_flip,0.0,0.5,0.2,,0.11,0.95,20000,10142,2028,8114,1602,341,0.15795701045158747,0.16814595660749507,0.15249942023701468,0.18504731887656017,0.03254789863954549,1.0,0.5071,0.4057,1,1,0.16
02_noise_sweep,140,203871929369284953023607625206295885547,20000,0.0,0.16,readout_flip,0.0,0.5,0.2,,0.11,0.95,20000,9904,1980,7924,1540,321,0.15549273021001617,0.1621212121212121,0.14654398794851353,0.17900695562568636,0.03246296767717283,1.0,0.4952,0.3962,1,1,0.16
02_noise_sweep,141,62452175644380562795101925927244254211,20000,0.0,0.16,readout_flip,0.0,0.5,0.2,,0.11,0.95,20000,10016,2003,8013,1578,327,0.15754792332268372,0.163255117324014,0.14771643862738132,0.1800829776789123,0.032366539051530974,1.0,0.5008,0.40065,1,1,0.16
02_noise_sweep,142,217084355317521002747654531268130196996,20000,0.0,0.16,readout_flip,0.0,0.5,0.2,,0.11,0.95,20000,9986,1997,7989,1549,318,0.15511716402964149,0.15923885828743115,0.14384720024901915,0.17593898570787309,0.03209178545885394,1.0,0.4993,0.39945,1,1,0.16
02_noise_sweep,143,133070965294033523143122000725188609530,20000,0.0,0.16,readout_flip,0.0,0.5,0.2,,0.11,0.95,20000,10076,2015,8061,1643,314,0.1630607383882493,0.15583126550868487,0.1406514214522166,0.1723208805876792,0.031669459135462596,1.0,0.5038,0.40305,1,1,0.16
02_noise_sweep,144,335185926613915756587994358967860603849,20000,0.0,0.16,readout_flip,0.0,0.5,0.2,,0.11,0.95,20000,9977,1995,7982,1656,340,0.16598175804350004,0.17042606516290726,0.15456359848880555,0.18755531034359227,0.03299171185478672,1.0,0.49885,0.3991,1,1,0.16
02_noise_sweep,145,62507083115635584722032707050112066532,20000,0.0,0.16,readout_flip,0.0,0.5,0.2,,0.11,0.95,20000,10038,2007,8031,1538,323,0.1532177724646344,0.16093672147483806,0.14550997690052592,0.17765894125068876,0.032148964350162845,1.0,0.5019,0.40155,1,1,0.16
02_noise_sweep,146,208189255940459309304773206999418586701,20000,0.0,0.16,readout_flip,0.0,0.5,0.2,,0.11,0.95,20000,9931,1986,7945,1565,304,0.15758735273386365,0.15307150050352467,0.13790698084341968,0.16957553546886484,0.031668554625445156,1.0,0.49655,0.39725,1,1,0.16
02_noise_sweep,147,162173839814428169283490069570558928649,20000,0.0,0.16,readout_flip,0.0,0.5,0.2,,0.11,0.95,20000,9984,1996,7988,1575,340,0.15775240384615385,0.17034068136272545,0.15448546497127122,0.18746237084565162,0.0329769058743804,1.0,0.4992,0.3994,1,1,0.16
02_noise_sweep,148,167575276298885384583815441809116152034,20000,0.0,0.16,readout_flip,0.0,0.5,0.2,,0.11,0.95,20000,9869,1973,7896,1588,323,0.160907893403587,0.16371008616320323,0.14803957462558492,0.18068757540513325,0.032648000779548325,1.0,0.49345,0.3948,1,1,0.16
02_noise_sweep,149,333881715025824910877656132483024488290,20000,0.0,0.16,readout_flip,0.0,0.5,0.2,,0.11,0.95,20000,9859,1971,7888,1633,335,0.1656354599857998,0.16996448503297817,0.15402834950471322,0.1871845897978111,0.03315624029309788,1.0,0.49295,0.3944,1,1,0.16
02_noise_sweep,0,78367799500648457224043702411840597299,20000,0.0,0.18,readout_flip,0.0,0.5,0.2,,0.11,0.95,20000,9842,1968,7874,1729,339,0.17567567567567569,0.1722560975609756,0.15621575403825938,0.18957343493055623,0.03335768089229685,1.0,0.4921,0.3937,1,1,0.18
02_noise_sweep,1,306401682823072293614363183221646403346,20000,0.0,0.18,readout_flip,0.0,0.5,0.2,,0.11,0.95,20000,9928,1985,7943,1831,384,0.18442788074133762,0.19345088161209067,0.17667292623571268,0.211413039791145,0.03474011355543233,1.0,0.4964,0.39715,1,1,0.18
02_noise_sweep,2,167263247373942469218884546890114106659,20000,0.0,0.18,readout_flip,0.0,0.5,0.2,,0.11,0.95,20000,10124,2024,8100,1825,333,0.18026471750296325,0.16452569169960474,0.14901199930565645,0.1813104013470283,0.032298402041371854,1.0,0.5062,0.405,1,1,0.18
02_noise_sweep,3,116658820499090472204252477123801212670,20000,0.0,0.18,readout_flip,0.0,0.5,0.2,,0.11,0.95,20000,9963,1992,7971,1792,362,0.17986550235872728,0.1817269076305221,0.1654106130203203,0.19926838270049327,0.033857769680172956,1.0,0.49815,0.39855,1,1,0.18
02_noise_sweep,4,217354873409339726193920264790487827705,20000,0.0,0.18,readout_flip,0.0,0.5,0.2,,0.11,0.95,20000,10080,2016,8064,1774,344,0.1759920634920635,0.17063492063492064,0.15484361579411796,0.18767903904069919,0.03283542324658123,1.0,0.504,0.4032,1,1,0.18
02_noise_sweep,5,223713623045466810509197679293321927866,20000,0.0,0.18,readout_flip,0.0,0.5,0.2,,0.11,0.95,20000,10089,2017,8072,1789,370,0.17732183566260284,0.1834407535944472,0.1671575603222545,0.20092745474606213,0.03376989442380762,1.0,0.50445,0.4036,1,1,0.18
02_noise_sweep,6,265446307716343387958933146773039244154,20000,0.0,0.18,readout_flip,0.0,0.5,0.2,,0.11,0.95,20000,10012,2002,8010,1811,357,0.18088294047143427,0.17832167832167833,0.16217494738036287,0.1957005246136893,0.03352557723332644,1.0,0.5006,0.4005,1,1,0.18
02_noise_sweep,7,194600363004807730542051352044028350374,20000,0.0,0.18,readout_flip,0.0,0.5,0.2,,0.11,0.95,20000,9981,1996,7985,1831,368,0.18344855224927362,0.1843687374749499,0.16796844576595799,0.2019816098034362,0.03401316403747823,1.0,0.49905,0.39925,1,1,0.18
02_noise_sweep,8,51756467309277884051710756902283710867,20000,0.0,0.18,readout_flip,0.0,0.5,0.2,,0.11,0.95,20000,9949,1989,7960,1756,324,0.1765001507689215,0.16289592760180996,0.14731997687653486,0.17977150144228488,0.03245152456575001,1.0,0.49745,0.398,1,1,0.18
02_noise_sweep,9,206549453288954134761309705538531718022,20000,0.0,0.18,readout_flip,0.0,0.5,0.2,,0.11,0.95,20000,10071,2014,8057,1834,406,0.1821070400158872,0.2015888778550149,0.18464320302397202,0.2196707510056492,0.035027547981677176,1.0,0.50355,0.40285,1,1,0.18
02_noise_sweep,10,245612456191054799247952134121580705096,20000,0.0,0.18,readout_flip,0.0,0.5,0.2,,0.11,0.95,20000,10011,2002,8009,1797,366,0.17950254719808212,0.18281718281718282,0.16649888656185627,0.20035037541985665,0.03385148885800038,1.0,0.50055,0.40045,1,1,0.18
02_noise_sweep,11,295716932837355774277905868696641613331,20000,0.0,0.18,readout_flip,0.0,0.5,0.2,,0.11,0.95,20000,10025,2005,8020,1818,385,0.18134663341645885,0.19201995012468828,0.17537424277732327,0.20984354303788177,0.0344693002605585,1.0,0.50125,0.401,1,1,0.18
02_noise_sweep,12,187374047693203823314894827158761698137,20000,0.0,0.18,readout_flip,0.0,0.5,0.2,,0.11,0.95,20000,10029,2005,8024,1861,369,0.18556187057533155,0.18403990024937655,0.167687393177021,0.20160081299938773,0.03391341982236673,1.0,0.50145,0.4012,1,1,0.18
02_noise_sweep,13,30609889399471549142509437029369140319,20000,0.0,0.18,readout_flip,0.0,0.5,0.2,,0.11,0.95,20000,10014,2002,8012,1749,342,0.17465548232474537,0.17082917082917082,0.1549771681662254,0.18794198718172547,0.03296481901550008,1.0,0.5007,0.4006,1,1,0.18
02_noise_sweep,14,124550021836133237294688315941150402265,20000,0.0,0.18,readout_flip,0.0,0.5,0.2,,0.11,0.95,20000,10052,2010,8042,1785,321,0.1775766016713092,0.15970149253731344,0.1443379467173112,0.17636329616945456,0.03202534945214336,1.0,0.5026,0.4021,1,1,0.18
02_noise_sweep,15,140533032391705531058826977262781963649,20000,0.0,0.18,readout_flip,0.0,0.5,0.2,,0.11,0.95,20000,10109,2021,8088,1815,367,0.1795429815016322,0.18159327065809006,0.16539507313369728,0.1989996085370479,0.03360453540335062,1.0,0.50545,0.4044,1,1,0.18
02_noise_sweep,16,334858059551350926292853841924062958068,20000,0.0,0.18,readout_flip,0.0,0.5,0.2,,0.11,0.95,20000,10009,2001,8008,1776,370,0.17744030372664601,0.18490754622688654,0.16850683618717519,0.20251574794186764,0.03400891175469245,1.0,0.50045,0.4004,1,1,0.18
02_noise_sweep,17,192929318607878558316092115602618575751,20000,0.0,0.18,readout_flip,0.0,0.5,0.2,,0.11,0.95,20000,9898,1979,7919,1853,364,0.18720953728025863,0.1839312784234462,0.16747984124601614,0.20160738736981124,0.034127546123795094,1.0,0.4949,0.39595,1,1,0.18
02_noise_sweep,18,146565341996119312531447002073475069730,20000,0.0,0.18,readout_flip,0.0,0.5,0.2,,0.11,0.95,20000,9897,1979,7918,1725,312,0.1742952409821158,0.15765538150581102,0.14226495224246277,0.1743722937802759,0.03210734153781314,1.0,0.49485,0.3959,1,1,0.18
02_noise_sweep,19,99566217867863750991330103434262366128,20000,0.0,0.18,readout_flip,0.0,0.5,0.2,,0.11,0.95,20000,9929,1985,7944,1840,373,0.18531574176654245,0.18790931989924434,0.17133335846375014,0.20569089125463663,0.03435753279088649,1.0,0.49645,0.3972,1,1,0.18
02_noise_sweep,20,277504772054636606205404564794635120696,20000,0.0,0.18,readout_flip,0.0,0.5,0.2,,0.11,0.95,20000,9851,1970,7881,1781,360,0.18079382803776267,0.18274111675126903,0.16629873668368492,0.2004183851935533,0.03411964850986837,1.0,0.49255,0.39405,1,1,0.18
02_noise_sweep,21,298189051197120286767349633628456107365,20000,0.0,0.18,readout_flip,0.0,0.5,0.2,,0.11,0.95,20000,10044,2008,8036,1851,386,0.18428912783751494,0.19223107569721115,0.17558976522286932,0.21004770905180772,0.03445794382893841,1.0,0.5022,0.4018,1,1,0.18
02_noise_sweep,22,42067019002003023942348747307930838716,20000,0.0,0.18,readout_flip,0.0,0.5,0.2,,0.11,0.95,20000,9974,1994,7980,1762,364,0.1766593142169641,0.18254764292878636,0.16620808050080624,0.2001080030850719,0.03389992258426566,1.0,0.4987,0.399,1,1,0.18
02_noise_sweep,23,141368979475669658406476557475575094635,20000,0.0,0.18,readout_flip,0.0,0.5,0.2,,0.11,0.95,20000,10117,2023,8094,1798,344,0.17772066818226748,0.17004448838358874,0.1543030370109565,0.187036664626703,0.0327336276157465,1.0,0.50585,0.4047,1,1,0.18
02_noise_sweep,24,332927311727075221633094788953227570056,20000,0.0,0.18,readout_flip,0.0,0.5,0.2,,0.11,0.95,20000,10019,2003,8016,1875,391,0.1871444255913764,0.19520718921617575,0.17843951211760026,0.2131417238423586,0.03470221172475835,1.0,0.50095,0.4008,1,1,0.18
02_noise_sweep,25,34064493552916719600383503768000285025,20000,0.0,0.18,readout_flip,0.0,0.5,0.2,,0.11,0.95,20000,9990,1998,7992,1802,347,0.18038038038038037,0.17367367367367367,0.15769311738738057,0.19090664596840484,0.033213528581024276,1.0,0.4995,0.3996,1,1,0.18
02_noise_sweep,26,272666869179986050983518244230555210708,20000,0.0,0.18,readout_flip,0.0,0.5,0.2,,0.11,0.95,20000,9984,1996,7988,1815,349,0.1817908653846154,0.1748496993987976,0.15881505252107797,0.1921334967877107,0.03331844426663272,1.0,0.4992,0.3994,1,1,0.18
02_noise_sweep,27,87535158480110321679757858189231728912,20000,0.0,0.18,readout_flip,0.0,0.5,0.2,,0.11,0.95,20000,10074,2014,8060,1801,375,0.17877704983124876,0.1861966236345581,0.16979912238742617,0.20378892910462149,0.033989806717195314,1.0,0.5037,0.403,1,1,0.18
02_noise_sweep,28,285283226946676469452451623149377396415,20000,0.0,0.18,readout_flip,0.0,0.5,0.2,,0.11,0.95,20000,9975,1995,7980,1822,359,0.18265664160401002,0.1799498746867168,0.16371323518567435,0.1974166861671561,0.03370345098148175,1.0,0.49875,0.399,1,1,0.18
02_noise_sweep,29,36088916534539596043083812649317079544,20000,0.0,0.18,readout_flip,0.0,0.5,0.2,,0.11,0.95,20000,10012,2002,8010,1812,350,0.1809828206152617,0.17482517482517482,0.15881459272094253,0.19208126483826235,0.03326667211731982,1.0,0.5006,0.4005,1,1,0.18
02_noise_sweep,30,325110366172084232093460020283344766308,20000,0.0,0.18,readout_flip,0.0,0.5,0.2,,0.11,0.95,20000,9994,1998,7996,1834,371,0.18351010606363818,0.1856856856856857,0.16924409508142702,0.20333359109561783,0.03408949601419081,1.0,0.4997,0.3998,1,1,0.18
02_noise_sweep,31,265818430620015236376710164531228248464,20000,0.0,0.18,readout_flip,0.0,0.5,0.2,,0.11,0.95,20000,9874,1974,7900,1780,361,0.18027141989062184,0.1828774062816616,0.166445878650056,0.20054079542516723,0.03409491677511123,1.0,0.4937,0.395,1,1,0.18
02_noise_sweep,32,94651449861826451385092539903073398410,20000,0.0,0.18,readout_flip,0.0,0.5,0.2,,0.11,0.95,20000,10009,2001,8008,1794,381,0.179238685183335,0.1904047976011994,0.17380153110923718,0.20819448929987,0.034392958190632816,1.0,0.50045,0.4004,1,1,0.18
02_noise_sweep,33,76324353116237094487322935109322748389,20000,0.0,0.18,readout_flip,0.0,0.5,0.2,,0.11,0.95,20000,10083,2016,8067,1766,351,0.17514628582763067,0.17410714285714285,0.15817822567075096,0.19127566623659065,0.033097440565839686,1.0,0.50415,0.40335,1,1,0.18
02_noise_sweep,34,157731010561021821099838128857969918189,20000,0.0,0.18,readout_flip,0.0,0.5,0.2,,0.11,0.95,20000,10022,2004,8018,1801,346,0.17970464977050488,0.17265469061876249,0.1567374765364545,0.18982447722925602,0.033087000692801516,1.0,0.5011,0.4009,1,1,0.18
02_noise_sweep,35,253005683449394781263477004819818713748,20000,0.0,0.18,readout_flip,0.0,0.5,0.2,,0.11,0.95,20000,9894,1978,7916,1790,367,0.18091772791590863,0.18554095045500504,0.16902496971383674,0.20327598076670816,0.03425101105287143,1.0,0.4947,0.3958,1,1,0.18
02_noise_sweep,36,322523150522676103071376378929172022984,20000,0.0,0.18,readout_flip,0.0,0.5,0.2,,0.11,0.95,20000,10010,2002,8008,1826,377,0.1824175824175824,0.18831168831168832,0.1717888711031643,0.20602835641902287,0.034239485315858575,1.0,0.5005,0.4004,1,1,0.18
02_noise_sweep,37,332190179955272593974747809125247712755,20000,0.0,0.18,readout_flip,0.0,0.5,0.2,,0.11,0.95,20000,10073,2014,8059,1731,356,0.17184552764816838,0.17676266137040714,0.16072247321337954,0.19403357349757458,0.03331110028419504,1.0,0.50365,0.40295,1,1,0.18
02_noise_sweep,38,232663572141263759444229799905949841979,20000,0.0,0.18,readout_flip,0.0,0.5,0.2,,0.11,0.95,20000,10062,2012,8050,1814,339,0.18028225004969192,0.16848906560636182,0.152769059544321,0.1854725496046368,0.03270349006031581,1.0,0.5031,0.4025,1,1,0.18
02_noise_sweep,39,219333456426358831287189318854686819954,20000,0.0,0.18,readout_flip,0.0,0.5,0.2,,0.11,0.95,20000,9986,1997,7989,1817,353,0.1819547366312838,0.17676514772158236,0.1606593874413736,0.19411207917901424,0.03345269173764065,1.0,0.4993,0.39945,1,1,0.18
02_noise_sweep,40,131198807576729877776423644005539359615,20000,0.0,0.18,readout_flip,0.0,0.5,0.2,,0.11,0.95,20000,9895,1979,7916,1753,374,0.1771601819100556,0.1889843355229914,0.17234451174868304,0.20682925198119984,0.0344847402325168,1.0,0.49475,0.3958,1,1,0.18
02_noise_sweep,41,297263486495740502888550683940022783452,20000,0.0,0.18,readout_flip,0.0,0.5,0.2,,0.11,0.95,20000,10007,2001,8006,1907,368,0.19056660337763565,0.1839080459770115,0.16754476374438865,0.20148265015191524,0.033937886407526596,1.0,0.50035,0.4003,1,1,0.18
02_noise_sweep,42,137434736735150356643652295130239229383,20000,0.0,0.18,readout_flip,0.0,0.5,0.2,,0.11,0.95,20000,9930,1986,7944,1814,346,0.1826787512588117,0.17421953675730112,0.1581710568158611,0.19152587795053674,0.03335482113467564,1.0,0.4965,0.3972,1,1,0.18
02_noise_sweep,43,213606788343106571142646810093961973971,20000,0.0,0.18,readout_flip,0.0,0.5,0.2,,0.11,0.95,20000,9857,1971,7886,1811,352,0.1837273003956579,0.17858954845256214,0.1623108384080062,0.19611867281128542,0.033807834403279224,1.0,0.49285,0.3943,1,1,0.18
02_noise_sweep,44,83140968910162622212862169895432605231,20000,0.0,0.18,readout_flip,0.0,0.5,0.2,,0.11,0.95,20000,10116,2023,8093,1816,351,0.17951759588770264,0.17350469599604548,0.1576259395901823,0.19062106105652046,0.03299512146633815,1.0,0.5058,0.40465,1,1,0.18
02_noise_sweep,45,19270712823708342528862769973022331889,20000,0.0,0.18,readout_flip,0.0,0.5,0.2,,0.11,0.95,20000,9916,1983,7933,1812,356,0.1827349737797499,0.1795259707513868,0.16325849081746321,0.1970326917742206,0.03377420095675737,1.0,0.4958,0.39665,1,1,0.18
02_noise_sweep,46,199111975255699523067851706509063666893,20000,0.0,0.18,readout_flip,0.0,0.5,0.2,,0.11,0.95,20000,10012,2002,8010,1837,361,0.18347982421094686,0.18031968031968032,0.16409622012019853,0.1977676029794806,0.03367138285928206,1.0,0.5006,0.4005,1,1,0.18
02_noise_sweep,47,128082550585586202653172536941457684099,20000,0.0,0.18,readout_flip,0.0,0.5,0.2,,0.11,0.95,20000,10008,2001,8007,1767,355,0.17655875299760193,0.1774112943528236,0.16129591225553513,0.19476289512796557,0.03346698287243044,1.0,0.5004,0.40035,1,1,0.18
02_noise_sweep,48,310739019150999312412817446971937701119,20000,0.0,0.18,readout_flip,0.0,0.5,0.2,,0.11,0.95,20000,9987,1997,7990,1755,334,0.1757284469810754,0.16725087631447172,0.15152479597467688,0.18425466114267053,0.032729865167993644,1.0,0.49935,0.3995,1,1,0.18
02_noise_sweep,49,85346758326715307655265024788304798286,20000,0.0,0.18,readout_flip,0.0,0.5,0.2,,0.11,0.95,20000,9956,1991,7965,1772,347,0.1779831257533146,0.17428427925665493,0.1582526083541919,0.19157040927711524,0.03331780092292336,1.0,0.4978,0.39825,1,1,0.18
02_noise_sweep,50,13973433425570333760888745380147206941,20000,0.0,0.18,readout_flip,0.0,0.5,0.2,,0.11,0.95,20000,9976,1995,7981,1800,363,0.18043303929430635,0.18195488721804512,0.16564173774672403,0.19949050203146063,0.0338487642847366,1.0,0.4988,0.39905,1,1,0.18
02_noise_sweep,51,34558299625216874333968061325265179792,20000,0.0,0.18,readout_flip,0.0,0.5,0.2,,0.11,0.95,20000,9969,1993,7976,1723,346,0.17283579095195103,0.173607626693427,0.15761044682370234,0.19086061268226767,0.03325016585856533,1.0,0.49845,0.3988,1,1,0.18
02_noise_sweep,52,59760860734869405014451649091477945858,20000,0.0,0.18,readout_flip,0.0,0.5,0.2,,0.11,0.95,20000,9877,1975,7902,1833,365,0.1855826668016604,0.1848101265822785,0.16830952595184842,0.20253446235736797,0.034224936405519546,1.0,0.49385,0.3951,1,1,0.18
02_noise_sweep,53,7854982733032009326487156759688941619,20000,0.0,0.18,readout_flip,0.0,0.5,0.2,,0.11,0.95,20000,10046,2009,8037,1818,367,0.18096754927334263,0.1826779492284719,0.16639228132731984,0.20017481991521366,0.03378253858789382,1.0,0.5023,0.40185,1,1,0.18
02_noise_sweep,54,208123038040514995493024454421758619743,20000,0.0,0.18,readout_flip,0.0,0.5,0.2,,0.11,0.95,20000,9887,1977,7910,1811,361,0.18316981895418227,0.18259989883662114,0.16619091427277433,0.2002399555924132,0.03404904131963887,1.0,0.49435,0.3955,1,1,0.18
02_noise_sweep,55,155182121103920261406811195223258730046,20000,0.0,0.18,readout_flip,0.0,0.5,0.2,,0.11,0.95,20000,10100,2020,8080,1799,322,0.1781188118811881,0.1594059405940594,0.14409136087710975,0.17601348527926639,0.03192212440215664,1.0,0.505,0.404,1,1,0.18
02_noise_sweep,56,146794864833725537271399445778575271224,20000,0.0,0.18,readout_flip,0.0,0.5,0.2,,0.11,0.95,20000,10171,2034,8137,1854,346,0.1822829613607315,0.17010816125860373,0.15440508993968416,0.18705496614504186,0.0326498762053577,1.0,0.50855,0.40685,1,1,0.18
02_noise_sweep,57,58476615694982121601486640088783046527,20000,0.0,0.18,readout_flip,0.0,0.5,0.2,,0.11,0.95,20000,10033,2006,8027,1742,349,0.1736270307983654,0.17397806580259223,0.15801614188481405,0.19118625701112202,0.033170115126307964,1.0,0.50165,0.40135,1,1,0.18
02_noise_sweep,58,288795270132018834067742304037248861429,20000,0.0,0.18,readout_flip,0.0,0.5,0.2,,0.11,0.95,20000,9991,1998,7993,1816,387,0.18176358722850566,0.19369369369369369,0.1769597562780883,0.21160321177979619,0.03464345550170789,1.0,0.49955,0.39965,1,1,0.18
02_noise_sweep,59,210349719607430069849133002423720179088,20000,0.0,0.18,readout_flip,0.0,0.5,0.2,,0.11,0.95,20000,9902,1980,7922,1809,347,0.18269036558271057,0.17525252525252524,0.15913987852980904,0.19262283704300193,0.033482958513192884,1.0,0.4951,0.3961,1,1,0.18
02_noise_sweep,60,271221662728985316803598405769311911634,20000,0.0,0.18,readout_flip,0.0,0.5,0.2,,0.11,0.95,20000,9936,1987,7949,1825,365,0.1836755233494364,0.18369401107196778,0.1672834203944083,0.2013252679415261,0.03404184754711781,1.0,0.4968,0.39745,1,1,0.18
02_noise_sweep,61,278270221568949008173527629993226661921,20000,0.0,0.18,readout_flip,0.0,0.5,0.2,,0.11,0.95,20000,9852,1970,7882,1793,334,0.18199350385708485,0.16954314720812183,0.15362025871222085,0.18675229543511052,0.03313203672288967,1.0,0.4926,0.3941,1,1,0.18
02_noise_sweep,62,281543347749375709173659132478110742752,20000,0.0,0.18,readout_flip,0.0,0.5,0.2,,0.11,0.95,20000,9965,1993,7972,1780,358,0.17862518815855494,0.17962870045158053,0.16339656261103783,0.19709347811849617,0.03369691550745835,1.0,0.49825,0.3986,1,1,0.18
02_noise_sweep,63,129368276011514185046204234992365225571,20000,0.0,0.18,readout_flip,0.0,0.5,0.2,,0.11,0.95,20000,9968,1993,7975,1836,375,0.18418940609951845,0.18815855494229805,0.17160548201115416,0.20591144878509549,0.03430596677394132,1.0,0.4984,0.39875,1,1,0.18
02_noise_sweep,64,90428329556885582706767847838408323796,20000,0.0,0.18,readout_flip,0.0,0.5,0.2,,0.11,0.95,20000,10046,2009,8037,1805,356,0.17967350189130002,0.17720258835241415,0.1611261632934247,0.19451111538231328,0.033384952088888586,1.0,0.5023,0.40185,1,1,0.18
02_noise_sweep,65,171398227871034376082106046741384151920,20000,0.0,0.18,readout_flip,0.0,0.5,0.2,,0.11,0.95,20000,9976,1995,7981,1749,366,0.1753207698476343,0.18345864661654135,0.16708861675465528,0.20104536184254504,0.03395674508788976,1.0,0.4988,0.39905,1,1,0.18
02_noise_sweep,66,66948617059933021520706134741835965042,20000,0.0,0.18,readout_flip,0.0,0.5,0.2,,0.11,0.95,20000,9914,1982,7932,1832,359,0.18478918700827113,0.18113017154389505,0.16479712962896131,0.19869687217789228,0.03389974254893097,1.0,0.4957,0.3966,1,1,0.18
02_noise_sweep,67,21657102245865278656104961984097415414,20000,0.0,0.18,readout_flip,0.0,0.5,0.2,,0.11,0.95,20000,10026,2005,8021,1868,353,0.18631557949331737,0.17605985037406482,0.16001246681739417,0.19334615972021824,0.033333692902824064,1.0,0.5013,0.40105,1,1,0.18
02_noise_sweep,68,338198954522680326492087927736621589342,20000,0.0,0.18,readout_flip,0.0,0.5,0.2,,0.11,0.95,20000,10058,2011,8047,1838,368,0.18274010737721216,0.18299353555445053,0.16670378295673097,0.20049208527487197,0.033788302318141006,1.0,0.5029,0.40235,1,1,0.18
02_noise_sweep,69,288448211946891146603059906000226796334,20000,0.0,0.18,readout_flip,0.0,0.5,0.2,,0.11,0.95,20000,9922,1984,7938,1796,351,0.18101189276355573,0.17691532258064516,0.16075307407626846,0.19432627880101852,0.03357320472475006,1.0,0.4961,0.3969,1,1,0.18
02_noise_sweep,70,323607512005431165056806373775398803700,20000,0.0,0.18,readout_flip,0.0,0.5,0.2,,0.11,0.95,20000,10010,2002,8008,1772,351,0.17702297702297703,0.17532467532467533,0.15929449585172575,0.1925984494838859,0.033303953632160155,1.0,0.5005,0.4004,1,1,0.18
02_noise_sweep,71,330535264368248897201284303195161076481,20000,0.0,0.18,readout_flip,0.0,0.5,0.2,,0.11,0.95,20000,10018,2003,8015,1827,351,0.18237173088440806,0.17523714428357465,0.15921423979070973,0.19250335888570833,0.0332891190949986,1.0,0.5009,0.40075,1,1,0.18
02_noise_sweep,72,249369497019452231313359378890879843648,20000,0.0,0.18,readout_flip,0.0,0.5,0.2,,0.11,0.95,20000,10091,2018,8073,1873,392,0.185610940441978,0.19425173439048563,0.17757812697711187,0.21208717313016193,0.03450904615305006,1.0,0.50455,0.40365,1,1,0.18
02_noise_sweep,73,86348841055012050605299168561383499692,20000,0.0,0.18,readout_flip,0.0,0.5,0.2,,0.11,0.95,20000,9941,1988,7953,1822,357,0.18328136002414244,0.1795774647887324,0.16332768415116786,0.19706317710026186,0.033735492949094004,1.0,0.49705,0.39765,1,1,0.18
02_noise_sweep,74,222872620436050497529763524488071046400,20000,0.0,0.18,readout_flip,0.0,0.5,0.2,,0.11,0.95,20000,9942,1988,7954,1801,348,0.1811506739086703,0.1750503018108652,0.1589767907185907,0.19237720672006484,0.03340041600147414,1.0,0.4971,0.3977,1,1,0.18
02_noise_sweep,75,41459977995142542063856872500719817448,20000,0.0,0.18,readout_flip,0.0,0.5,0.2,,0.11,0.95,20000,9919,1983,7936,1822,347,0.18368787176126625,0.17498739283913262,0.15889691008779722,0.1923346669072306,0.033437756819433395,1.0,0.49595,0.3968,1,1,0.18
02_noise_sweep,76,25519081098774346763165193506962994210,20000,0.0,0.18,readout_flip,0.0,0.5,0.2,,0.11,0.95,20000,10019,2003,8016,1862,378,0.18584689090727619,0.18871692461308037,0.17218322119748455,0.2064423326453235,0.03425911144783894,1.0,0.50095,0.4008,1,1,0.18
02_noise_sweep,77,286555907130127862587868653387359344184,20000,0.0,0.18,readout_flip,0.0,0.5,0.2,,0.11,0.95,20000,9931,1986,7945,1770,340,0.1782297855200886,0.17119838872104734,0.1552703745983436,0.18839592896032373,0.033125554361980114,1.0,0.49655,0.39725,1,1,0.18
02_noise_sweep,78,111263616654962389095315046174426700935,20000,0.0,0.18,readout_flip,0.0,0.5,0.2,,0.11,0.95,20000,9960,1992,7968,1758,362,0.17650602409638555,0.1817269076305221,0.1654106130203203,0.19926838270049327,0.033857769680172956,1.0,0.498,0.3984,1,1,0.18
02_noise_sweep,79,74898275998180635505881051275249915271,20000,0.0,0.18,readout_flip,0.0,0.5,0.2,,0.11,0.95,20000,9970,1994,7976,1784,371,0.1789368104312939,0.1860581745235707,0.16958684321656212,0.20373680342602826,0.034149960209466146,1.0,0.4985,0.3988,1,1,0.18
02_noise_sweep,80,133576035965820355623524889648880215024,20000,0.0,0.18,readout_flip,0.0,0.5,0.2,,0.11,0.95,20000,9912,1982,7930,1830,375,0.18462469733656175,0.18920282542885974,0.17256710313063958,0.20704097457983797,0.03447387144919839,1.0,0.4956,0.3965,1,1,0.18
02_noise_sweep,81,42240852909211573728128651783197675318,20000,0.0,0.18,readout_flip,0.0,0.5,0.2,,0.11,0.95,20000,10143,2028,8115,1825,362,0.17992704328108056,0.17850098619329388,0.1624472407582064,0.19577040248406816,0.03332316172586175,1.0,0.50715,0.40575,1,1,0.18
02_noise_sweep,82,194102792621846787206254266962943315894,20000,0.0,0.18,readout_flip,0.0,0.5,0.2,,0.11,0.95,20000,10115,2023,8092,1830,361,0.18091942659416707,0.17844784972812655,0.1623770760418376,0.1957374946177841,0.033360418575946515,1.0,0.50575,0.4046,1,1,0.18
02_noise_sweep,83,94307500169197642855945751925044005747,20000,0.0,0.18,readout_flip,0.0,0.5,0.2,,0.11,0.95,20000,9987,1997,7990,1791,346,0.1793331330729949,0.17325988983475213,0.15729187971347558,0.19048253077421318,0.0331906510607376,1.0,0.49935,0.3995,1,1,0.18
02_noise_sweep,84,93181911209375228452913159649558825234,20000,0.0,0.18,readout_flip,0.0,0.5,0.2,,0.11,0.95,20000,10001,2000,8001,1815,339,0.18148185181481852,0.1695,0.15369388536505793,0.18657328288785022,0.032879397522792286,1.0,0.50005,0.40005,1,1,0.18
02_noise_sweep,85,190033749877372527672612914260423310859,20000,0.0,0.18,readout_flip,0.0,0.5,0.2,,0.11,0.95,20000,9980,1996,7984,1748,344,0.1751503006012024,0.17234468937875752,0.15640921824627466,0.18953893467814412,0.03312971643186946,1.0,0.499,0.3992,1,1,0.18
02_noise_sweep,86,288996432026616124790752321488922529759,20000,0.0,0.18,readout_flip,0.0,0.5,0.2,,0.11,0.95,20000,9750,1950,7800,1752,383,0.17969230769230768,0.19641025641025642,0.17938122288104358,0.21463306898752876,0.035251846106485185,1.0,0.4875,0.39,1,1,0.18
02_noise_sweep,87,218926823699570379693805045912743489212,20000,0.0,0.18,readout_flip,0.0,0.5,0.2,,0.11,0.95,20000,10016,2003,8013,1784,338,0.1781150159744409,0.16874687968047927,0.15298257666713594,0.18577933989213136,0.03279676322499542,1.0,0.5008,0.40065,1,1,0.18
02_noise_sweep,88,53377356504934686509671150904269202827,20000,0.0,0.18,readout_flip,0.0,0.5,0.2,,0.11,0.95,20000,9940,1988,7952,1789,358,0.17997987927565393,0.18008048289738432,0.16381136357675383,0.19758359365387299,0.03377223007711916,1.0,0.497,0.3976,1,1,0.18
02_noise_sweep,89,304544203897738571643031235683452876339,20000,0.0,0.18,readout_flip,0.0,0.5,0.2,,0.11,0.95,20000,9931,1986,7945,1762,370,0.17742422716745546,0.1863041289023162,0.16979172664754832,0.20402773294977133,0.03423600630222301,1.0,0.49655,0.39725,1,1,0.18
02_noise_sweep,90,62821438222006606202350035485118481262,20000,0.0,0.18,readout_flip,0.0,0.5,0.2,,0.11,0.95,20000,9999,1999,8000,1838,376,0.18381838183818383,0.18809404702351176,0.17156729305384555,0.20581727500165392,0.03424998194780837,1.0,0.49995,0.4,1,1,0.18
02_noise_sweep,91,209095855061906686619138507012184388073,20000,0.0,0.18,readout_flip,0.0,0.5,0.2,,0.11,0.95,20000,9890,1978,7912,1721,325,0.17401415571284126,0.16430738119312438,0.1486309049390685,0.1812852222620277,0.0326543173229592,1.0,0.4945,0.3956,1,1,0.18
02_noise_sweep,92,20618461859442037051579072099455799707,20000,0.0,0.18,readout_flip,0.0,0.5,0.2,,0.11,0.95,20000,9983,1996,7987,1694,346,0.16968847039967946,0.17334669338677355,0.15737140064274838,0.1905769108354183,0.03320551019266993,1.0,0.49915,0.39935,1,1,0.18
02_noise_sweep,93,271504868104428166851970993337911098097,20000,0.0,0.18,readout_flip,0.0,0.5,0.2,,0.11,0.95,20000,10099,2019,8080,1799,347,0.17813644915338153,0.17186726102030708,0.15603814263272373,0.1889426544424618,0.03290451180973808,1.0,0.50495,0.404,1,1,0.18
02_noise_sweep,94,339299616673461407503817091620275653513,20000,0.0,0.18,readout_flip,0.0,0.5,0.2,,0.11,0.95,20000,10007,2001,8006,1759,355,0.1757769561307085,0.1774112943528236,0.16129591225553513,0.19476289512796557,0.03346698287243044,1.0,0.50035,0.4003,1,1,0.18
02_noise_sweep,95,188757585518767502185508466234908460198,20000,0.0,0.18,readout_flip,0.0,0.5,0.2,,0.11,0.95,20000,9940,1988,7952,1762,347,0.1772635814889336,0.17454728370221329,0.15849360796676198,0.19185629349269645,0.033362685525934466,1.0,0.497,0.3976,1,1,0.18
02_noise_sweep,96,179569014441955582605545015841410639250,20000,0.0,0.18,readout_flip,0.0,0.5,0.2,,0.11,0.95,20000,10022,2004,8018,1817,348,0.18130113749750548,0.17365269461077845,0.15769596226050966,0.1908581806705493,0.033162218410039634,1.0,0.5011,0.4009,1,1,0.18
02_noise_sweep,97,51794919100037975631612056516327831357,20000,0.0,0.18,readout_flip,0.0,0.5,0.2,,0.11,0.95,20000,10025,2005,8020,1805,358,0.1800498753117207,0.17855361596009975,0.16240956360869815,0.19592705656603812,0.03351749295733997,1.0,0.50125,0.401,1,1,0.18
02_noise_sweep,98,94572136424603144074690783615313164591,20000,0.0,0.18,readout_flip,0.0,0.5,0.2,,0.11,0.95,20000,10104,2020,8084,1816,363,0.17973079968329375,0.1797029702970297,0.16357269027833515,0.19704916359255925,0.0334764733142241,1.0,0.5052,0.4042,1,1,0.18
02_noise_sweep,99,253583607305357806235017326943049810452,20000,0.0,0.18,readout_flip,0.0,0.5,0.2,,0.11,0.95,20000,10010,2002,8008,1769,364,0.17672327672327673,0.18181818181818182,0.16553767765763053,0.19931740877126888,0.033779731113638356,1.0,0.5005,0.4004,1,1,0.18
02_noise_sweep,100,265575502558464982503016930954063005311,20000,0.0,0.18,readout_flip,0.0,0.5,0.2,,0.11,0.95,20000,9935,1987,7948,1814,369,0.18258681429290388,0.18570709612481126,0.16922095565956885,0.20340613402347174,0.03418517836390289,1.0,0.49675,0.3974,1,1,0.18
02_noise_sweep,101,306534808127256325726146388953574752329,20000,0.0,0.18,readout_flip,0.0,0.5,0.2,,0.11,0.95,20000,10104,2020,8084,1839,359,0.18200712589073634,0.17772277227722771,0.16166841544805824,0.19500055962141974,0.0333321441733615,1.0,0.5052,0.4042,1,1,0.18
02_noise_sweep,102,100295117868181293946750712551827825169,20000,0.0,0.18,readout_flip,0.0,0.5,0.2,,0.11,0.95,20000,9871,1974,7897,1778,370,0.18012359436733866,0.18743667679837892,0.17083384168872254,0.20525366295091438,0.03441982126219184,1.0,0.49355,0.39485,1,1,0.18
02_noise_sweep,103,14672691985558332569000565801262074266,20000,0.0,0.18,readout_flip,0.0,0.5,0.2,,0.11,0.95,20000,10057,2011,8046,1822,352,0.18116734612707566,0.17503729487817007,0.15905286497082666,0.19226086034580475,0.033207995374978094,1.0,0.50285,0.4023,1,1,0.18
02_noise_sweep,104,305959967578794934345974973912086731612,20000,0.0,0.18,readout_flip,0.0,0.5,0.2,,0.11,0.95,20000,9970,1994,7976,1814,337,0.18194583751253762,0.16900702106318957,0.15319806910746872,0.18608884268823359,0.032890773580764865,1.0,0.4985,0.3988,1,1,0.18
02_noise_sweep,105,17824344865441596347748739269062138824,20000,0.0,0.18,readout_flip,0.0,0.5,0.2,,0.11,0.95,20000,10068,2013,8055,1758,373,0.17461263408820024,0.18529557873820168,0.16892756780796575,0.20286241872828298,0.03393485092031723,1.0,0.5034,0.40275,1,1,0.18
02_noise_sweep,106,300619923088609523651268840669546163165,20000,0.0,0.18,readout_flip,0.0,0.5,0.2,,0.11,0.95,20000,10072,2014,8058,1845,325,0.18318109610802225,0.16137040714995035,0.14595114920531413,0.17807899496806642,0.032127845762752294,1.0,0.5036,0.4029,1,1,0.18
02_noise_sweep,107,185621945641513029923416380791131393031,20000,0.0,0.18,readout_flip,0.0,0.5,0.2,,0.11,0.95,20000,10035,2007,8028,1789,363,0.17827603388141505,0.18086696562032886,0.16464209867985174,0.1983111593302188,0.033669060650367066,1.0,0.50175,0.4014,1,1,0.18
02_noise_sweep,108,319577689717044378565791411516664636376,20000,0.0,0.18,readout_flip,0.0,0.5,0.2,,0.11,0.95,20000,10006,2001,8005,1814,335,0.1812912252648411,0.16741629185407297,0.1516985425542971,0.18440856250181398,0.03271001994751688,1.0,0.5003,0.40025,1,1,0.18
02_noise_sweep,109,282980853710488926887856494530640364949,20000,0.0,0.18,readout_flip,0.0,0.5,0.2,,0.11,0.95,20000,10028,2005,8023,1824,330,0.18189070602313523,0.16458852867830423,0.14900193744458542,0.1814579183622573,0.03245598091767188,1.0,0.5014,0.40115,1,1,0.18
02_noise_sweep,110,267277085918534260223311009135409319199,20000,0.0,0.18,readout_flip,0.0,0.5,0.2,,0.11,0.95,20000,9958,1991,7967,1792,351,0.17995581442056638,0.17629331993972877,0.16018268496564916,0.19365067642737696,0.0334679914617278,1.0,0.4979,0.39835,1,1,0.18
02_noise_sweep,111,121101700345028570468551638879167500710,20000,0.0,0.18,readout_flip,0.0,0.5,0.2,,0.11,0.95,20000,10044,2008,8036,1774,311,0.17662285941855835,0.1548804780876494,0.13971657567642645,0.17136233965100264,0.03164576397457619,1.0,0.5022,0.4018,1,1,0.18
02_noise_sweep,112,81071408336997651293868600542036812008,20000,0.0,0.18,readout_flip,0.0,0.5,0.2,,0.11,0.95,20000,9938,1987,7951,1802,362,0.18132421010263636,0.18218419728233518,0.16583076945793518,0.19976411786766957,0.03393334840973439,1.0,0.4969,0.39755,1,1,0.18
02_noise_sweep,113,218482256060901007610621234297912890762,20000,0.0,0.18,readout_flip,0.0,0.5,0.2,,0.11,0.95,20000,10007,2001,8006,1801,365,0.1799740181872689,0.18240879560219891,0.16610200664300967,0.19993265190418585,0.033830645261176184,1.0,0.50035,0.4003,1,1,0.18
02_noise_sweep,114,89942235648915416470434978452716621896,20000,0.0,0.18,readout_flip,0.0,0.5,0.2,,0.11,0.95,20000,10077,2015,8062,1770,356,0.17564751414111343,0.17667493796526054,0.16064197793276866,0.19393834618978664,0.03329636825701798,1.0,0.50385,0.4031,1,1,0.18
02_noise_sweep,115,208490206488758062612719419662110364791,20000,0.0,0.18,readout_flip,0.0,0.5,0.2,,0.11,0.95,20000,10027,2005,8022,1795,362,0.17901665503141517,0.1805486284289277,0.1643281100407128,0.19799090504372258,0.03366279500300978,1.0,0.50135,0.4011,1,1,0.18
02_noise_sweep,116,33362339732818783228261049115004129217,20000,0.0,0.18,readout_flip,0.0,0.5,0.2,,0.11,0.95,20000,10059,2011,8048,1822,367,0.18113132518142958,0.182496270512183,0.16622524531454594,0.19997798898487126,0.033752743670325325,1.0,0.50295,0.4024,1,1,0.18
02_noise_sweep,117,134152150058337302480360057254641028502,20000,0.0,0.18,readout_flip,0.0,0.5,0.2,,0.11,0.95,20000,10084,2016,8068,1876,395,0.18603728679095596,0.19593253968253968,0.17919149901996081,0.21383016877182062,0.03463866975185981,1.0,0.5042,0.4034,1,1,0.18
02_noise_sweep,118,339939854412124525737440940363782178854,20000,0.0,0.18,readout_flip,0.0,0.5,0.2,,0.11,0.95,20000,10052,2010,8042,1850,349,0.18404297652208515,0.1736318407960199,0.15769882473217733,0.19080996961536412,0.03311114488318678,1.0,0.5026,0.4021,1,1,0.18
02_noise_sweep,119,302716700209972080495031156543411495438,20000,0.0,0.18,readout_flip,0.0,0.5,0.2,,0.11,0.95,20000,9937,1987,7950,1774,364,0.17852470564556708,0.1831907398087569,0.1667991554952564,0.20080493250390144,0.034005777008645044,1.0,0.49685,0.3975,1,1,0.18
02_noise_sweep,120,323852112109187849256728543991522898055,20000,0.0,0.18,readout_flip,0.0,0.5,0.2,,0.11,0.95,20000,10101,2020,8081,1814,374,0.1795861795861796,0.18514851485148515,0.16881329355977007,0.2026789770150195,0.03386568345524943,1.0,0.50505,0.40405,1,1,0.18
02_noise_sweep,121,131544360096152904931992826262313012235,20000,0.0,0.18,readout_flip,0.0,0.5,0.2,,0.11,0.95,20000,9890,1978,7912,1775,337,0.179474216380182,0.17037411526794743,0.1544484786362601,0.18757759807325003,0.03312911943698993,1.0,0.4945,0.3956,1,1,0.18
02_noise_sweep,122,127376047659848056923206057589605957466,20000,0.0,0.18,readout_flip,0.0,0.5,0.2,,0.11,0.95,20000,9965,1993,7972,1742,372,0.1748118414450577,0.18665328650275967,0.17015586144858555,0.2043563240417731,0.03420046259318754,1.0,0.49825,0.3986,1,1,0.18
02_noise_sweep,123,261052423596384550599297492868202033548,20000,0.0,0.18,readout_flip,0.0,0.5,0.2,,0.11,0.95,20000,10002,2000,8002,1798,382,0.17976404719056188,0.191,0.1743711269973035,0.20881360822251077,0.034442481225207267,1.0,0.5001,0.4001,1,1,0.18
02_noise_sweep,124,233465872674603594007730728414662865427,20000,0.0,0.18,readout_flip,0.0,0.5,0.2,,0.11,0.95,20000,10016,2003,8013,1764,351,0.1761182108626198,0.17523714428357465,0.15921423979070973,0.19250335888570833,0.0332891190949986,1.0,0.5008,0.40065,1,1,0.18
02_noise_sweep,125,167538835210175704455056131531709517170,20000,0.0,0.18,readout_flip,0.0,0.5,0.2,,0.11,0.95,20000,9962,1992,7970,1694,341,0.17004617546677375,0.17118473895582328,0.15528031538091655,0.18835492467765266,0.03307460929673611,1.0,0.4981,0.3985,1,1,0.18
02_noise_sweep,126,19929150506202989100404613021316855104,20000,0.0,0.18,readout_flip,0.0,0.5,0.2,,0.11,0.95,20000,9957,1991,7966,1845,366,0.1852967761373908,0.18382722250125566,0.1674274858714113,0.20144466462806113,0.034017178756649835,1.0,0.49785,0.3983,1,1,0.18
02_noise_sweep,127,153028238239239853905514741667918744806,20000,0.0,0.18,readout_flip,0.0,0.5,0.2,,0.11,0.95,20000,9789,1957,7832,1774,365,0.1812238226580856,0.18650996423096577,0.16987251905823386,0.20437571785024494,0.03450319879201108,1.0,0.48945,0.3916,1,1,0.18
02_noise_sweep,128,220951117748552472226872223105219520574,20000,0.0,0.18,readout_flip,0.0,0.5,0.2,,0.11,0.95,20000,10060,2012,8048,1772,357,0.17614314115308152,0.17743538767395625,0.16136148103872494,0.1947386753895713,0.03337719435084635,1.0,0.503,0.4024,1,1,0.18
02_noise_sweep,129,103127891806669307649553848297317342282,20000,0.0,0.18,readout_flip,0.0,0.5,0.2,,0.11,0.95,20000,10148,2029,8119,1789,363,0.1762908947575877,0.17890586495810745,0.1628404363087665,0.1961848362494264,0.03334439994065991,1.0,0.5074,0.40595,1,1,0.18
02_noise_sweep,130,159749662999806764260602540112091263533,20000,0.0,0.18,readout_flip,0.0,0.5,0.2,,0.11,0.95,20000,9875,1975,7900,1790,380,0.18126582278481013,0.19240506329113924,0.17562401237427216,0.21038036175881852,0.03475634938454636,1.0,0.49375,0.395,1,1,0.18
02_noise_sweep,131,47866523580816496377389073100397907113,20000,0.0,0.18,readout_flip,0.0,0.5,0.2,,0.11,0.95,20000,9887,1977,7910,1878,372,0.18994639425508242,0.18816388467374812,0.1715462390289575,0.20599102196209929,0.03444478293314179,1.0,0.49435,0.3955,1,1,0.18
02_noise_sweep,132,292506887132691728045095936576922881696,20000,0.0,0.18,readout_flip,0.0,0.5,0.2,,0.11,0.95,20000,9842,1968,7874,1817,373,0.1846169477748425,0.18953252032520326,0.17282775921608282,0.2074469608768573,0.03461920166077448,1.0,0.4921,0.3937,1,1,0.18
02_noise_sweep,133,290963714679456255791806560444159900669,20000,0.0,0.18,readout_flip,0.0,0.5,0.2,,0.11,0.95,20000,10035,2007,8028,1849,393,0.1842551071250623,0.19581464872944693,0.17904160198752328,0.2137499109166891,0.03470830892916582,1.0,0.50175,0.4014,1,1,0.18
02_noise_sweep,134,211730499821283179990544144106744693369,20000,0.0,0.18,readout_flip,0.0,0.5,0.2,,0.11,0.95,20000,9921,1984,7937,1731,347,0.1744783791956456,0.1748991935483871,0.15881608547044854,0.19223880159016002,0.03342271611971148,1.0,0.49605,0.39685,1,1,0.18
02_noise_sweep,135,246840534228688231361163996551972033624,20000,0.0,0.18,readout_flip,0.0,0.5,0.2,,0.11,0.95,20000,9971,1994,7977,1788,333,0.17932002808143616,0.1670010030090271,0.15127381097410825,0.18400877907490137,0.03273496810079313,1.0,0.49855,0.39885,1,1,0.18
02_noise_sweep,136,15701869655188200469955156726148084037,20000,0.0,0.18,readout_flip,0.0,0.5,0.2,,0.11,0.95,20000,9916,1983,7933,1783,344,0.17981040742234772,0.1734745335350479,0.15744395738892916,0.19076775107388008,0.03332379368495092,1.0,0.4958,0.39665,1,1,0.18
02_noise_sweep,137,259513426094464822995366666874841094344,20000,0.0,0.18,readout_flip,0.0,0.5,0.2,,0.11,0.95,20000,10011,2002,8009,1784,372,0.1782039756268105,0.18581418581418582,0.16938363872926626,0.20344814991088717,0.034064511181620905,1.0,0.50055,0.40045,1,1,0.18
02_noise_sweep,138,156292963385940226155513209087758878996,20000,0.0,0.18,readout_flip,0.0,0.5,0.2,,0.11,0.95,20000,10042,2008,8034,1799,364,0.17914758016331409,0.18127490039840638,0.16503841572055467,0.19872854792959632,0.03369013220904166,1.0,0.5021,0.4017,1,1,0.18
02_noise_sweep,139,214918270453067091504639669578175716969,20000,0.0,0.18,readout_flip,0.0,0.5,0.2,,0.11,0.95,20000,9963,1992,7971,1846,373,0.1852855565592693,0.18724899598393574,0.17072550597330988,0.20497640938010786,0.03425090340679798,1.0,0.49815,0.39855,1,1,0.18
02_noise_sweep,140,256234826205412512618353290346699290794,20000,0.0,0.18,readout_flip,0.0,0.5,0.2,,0.11,0.95,20000,9977,1995,7982,1812,388,0.1816177207577428,0.19448621553884712,0.17771182213565132,0.2124349078009973,0.03472308566534599,1.0,0.49885,0.3991,1,1,0.18
02_noise_sweep,141,151313783531113687148325585643827816549,20000,0.0,0.18,readout_flip,0.0,0.5,0.2,,0.11,0.95,20000,9958,1991,7967,1781,371,0.17885117493472585,0.18633852335509793,0.16984481722913544,0.2040402629724857,0.03419544574335026,1.0,0.4979,0.39835,1,1,0.18
02_noise_sweep,142,32648516608419654462874909539468444064,20000,0.0,0.18,readout_flip,0.0,0.5,0.2,,0.11,0.95,20000,9922,1984,7938,1786,365,0.18000403144527313,0.18397177419354838,0.16753877143570142,0.2016262117999599,0.03408744036425848,1.0,0.4961,0.3969,1,1,0.18
02_noise_sweep,143,9061573897492845011896243184173005403,20000,0.0,0.18,readout_flip,0.0,0.5,0.2,,0.11,0.95,20000,10193,2038,8155,1764,357,0.17305994309820466,0.17517173699705593,0.15928418662793864,0.1922815315230179,0.03299734489507927,1.0,0.50965,0.40775,1,1,0.18
02_noise_sweep,144,325577863718864119027526276847127390297,20000,0.0,0.18,readout_flip,0.0,0.5,0.2,,0.11,0.95,20000,9987,1997,7990,1795,364,0.17973365374987485,0.18227341011517276,0.16595604373813638,0.19981079680506436,0.03385475306692798,1.0,0.49935,0.3995,1,1,0.18
02_noise_sweep,145,25396495150778978560850358919380499369,20000,0.0,0.18,readout_flip,0.0,0.5,0.2,,0.11,0.95,20000,10096,2019,8077,1789,348,0.17719889064976227,0.1723625557206538,0.1565137975935843,0.18945570771243114,0.03294191011884684,1.0,0.5048,0.40385,1,1,0.18
02_noise_sweep,146,49565262831587226609781533426414864884,20000,0.0,0.18,readout_flip,0.0,0.5,0.2,,0.11,0.95,20000,10051,2010,8041,1871,353,0.18615063177793253,0.17562189054726368,0.15961078167725448,0.19287052002182634,0.033259738344571854,1.0,0.50255,0.40205,1,1,0.18
02_noise_sweep,147,74184697068808119550824875096847254282,20000,0.0,0.18,readout_flip,0.0,0.5,0.2,,0.11,0.95,20000,9912,1982,7930,1813,353,0.182909604519774,0.1781029263370333,0.1618865772611847,0.19556464608180993,0.03367806882062524,1.0,0.4956,0.3965,1,1,0.18
02_noise_sweep,148,307374808887823755181604588678555450248,20000,0.0,0.18,readout_flip,0.0,0.5,0.2,,0.11,0.95,20000,10024,2004,8020,1831,382,0.1826616121308859,0.1906187624750499,0.17401971011556877,0.20840164862641375,0.03438193851084498,1.0,0.5012,0.401,1,1,0.18
02_noise_sweep,149,290803831328602136359842521593409996079,20000,0.0,0.18,readout_flip,0.0,0.5,0.2,,0.11,0.95,20000,10039,2007,8032,1812,332,0.1804960653451539,0.1654210264075735,0.14980754082571454,0.1823128537937427,0.032505312968028166,1.0,0.50195,0.4016,1,1,0.18
02_noise_sweep,0,3302397912605985444351213352789977090,20000,0.0,0.2,readout_flip,0.0,0.5,0.2,,0.11,0.95,20000,10146,2029,8117,2039,378,0.20096589789079441,0.18629866929521932,0.1699558955120515,0.20382704536790205,0.033871149855850546,1.0,0.5073,0.40585,1,1,0.2
02_noise_sweep,1,163015200208115836234272664335614952889,20000,0.0,0.2,readout_flip,0.0,0.5,0.2,,0.11,0.95,20000,10030,2006,8024,2132,421,0.21256231306081755,0.2098703888334995,0.19261333752291518,0.2282365036964041,0.03562316617348893,1.0,0.5015,0.4012,1,1,0.2
02_noise_sweep,2,168257608197997653249532380937590579861,20000,0.0,0.2,readout_flip,0.0,0.5,0.2,,0.11,0.95,20000,9978,1995,7983,1965,377,0.1969332531569453,0.18897243107769424,0.17239745262304298,0.2067429016438815,0.034345449020838525,1.0,0.4989,0.39915,1,1,0.2
02_noise_sweep,3,247221819476298790754591322881470129033,20000,0.0,0.2,readout_flip,0.0,0.5,0.2,,0.11,0.95,20000,10053,2010,8043,2037,413,0.20262608176663682,0.2054726368159204,0.18837867779769965,0.2236902341744719,0.035311556376772246,1.0,0.50265,0.40215,1,1,0.2
02_noise_sweep,4,299113407969751817578871250501823067876,20000,0.0,0.2,readout_flip,0.0,0.5,0.2,,0.11,0.95,20000,10027,2005,8022,1992,385,0.1986636082577042,0.19201995012468828,0.17537424277732327,0.20984354303788177,0.0344693002605585,1.0,0.50135,0.4011,1,1,0.2
02_noise_sweep,5,280407265290226450863899562617655528079,20000,0.0,0.2,readout_flip,0.0,0.5,0.2,,0.11,0.95,20000,10016,2003,8013,1945,398,0.19418929712460065,0.19870194707938094,0.1818113561780922,0.21674601630648632,0.034934660128394135,1.0,0.5008,0.40065,1,1,0.2
02_noise_sweep,6,68516031292744518384532181685891536628,20000,0.0,0.2,readout_flip,0.0,0.5,0.2,,0.11,0.95,20000,10056,2011,8045,1956,374,0.19451073985680192,0.1859771258080557,0.16957598053525536,0.2035756912894619,0.03399971075420655,1.0,0.5028,0.40225,1,1,0.2
02_noise_sweep,7,136921343633761709348361646000342004981,20000,0.0,0.2,readout_flip,0.0,0.5,0.2,,0.11,0.95,20000,9850,1970,7880,1919,383,0.1948223350253807,0.19441624365482232,0.1775420718924156,0.21247985989974028,0.034937788007324666,1.0,0.4925,0.394,1,1,0.2
02_noise_sweep,8,21086290845901592074140141343817796104,20000,0.0,0.2,readout_flip,0.0,0.5,0.2,,0.11,0.95,20000,9947,1989,7958,2037,407,0.2047853624208304,0.20462543991955756,0.18747326485416907,0.22291636007097124,0.03544309521680217,1.0,0.49735,0.3979,1,1,0.2
02_noise_sweep,9,114530402045185727761391631955829407368,20000,0.0,0.2,readout_flip,0.0,0.5,0.2,,0.11,0.95,20000,10024,2004,8020,2022,379,0.20171588188347964,0.18912175648702595,0.1725772163637529,0.2068558586302069,0.034278642266453996,1.0,0.5012,0.401,1,1,0.2
02_noise_sweep,10,244414515961018884945607480225767028263,20000,0.0,0.2,readout_flip,0.0,0.5,0.2,,0.11,0.95,20000,9975,1995,7980,1965,408,0.19699248120300752,0.20451127819548873,0.1873879149809664,0.22277040708245338,0.03538249210148697,1.0,0.49875,0.399,1,1,0.2
02_noise_sweep,11,144063984355163442443617091205072002893,20000,0.0,0.2,readout_flip,0.0,0.5,0.2,,0.11,0.95,20000,10085,2017,8068,2087,451,0.20694100148735747,0.22359940505701537,0.20595118578439206,0.2422984554068163,0.03634726962242424,1.0,0.50425,0.4034,1,1,0.2
02_noise_sweep,12,228446648848067016852287983692490128330,20000,0.0,0.2,readout_flip,0.0,0.5,0.2,,0.11,0.95,20000,9984,1996,7988,2057,397,0.20602964743589744,0.19889779559118237,0.18197180818711614,0.21698054641162343,0.035008738224507285,1.0,0.4992,0.3994,1,1,0.2
02_noise_sweep,13,312272677232917028866692685604206896736,20000,0.0,0.2,readout_flip,0.0,0.5,0.2,,0.11,0.95,20000,9905,1981,7924,2008,369,0.2027258960121151,0.18626956082786472,0.16973839889096637,0.20401510949325685,0.03427671060229048,1.0,0.49525,0.3962,1,1,0.2
02_noise_sweep,14,54917613891772290955315879287109322649,20000,0.0,0.2,readout_flip,0.0,0.5,0.2,,0.11,0.95,20000,10015,2003,8012,1961,417,0.19580629056415377,0.20818771842236644,0.19097395081899488,0.22651864937526545,0.03554469855627057,1.0,0.50075,0.4006,1,1,0.2
02_noise_sweep,15,292047252699440320849409572982593464814,20000,0.0,0.2,readout_flip,0.0,0.5,0.2,,0.11,0.95,20000,10047,2009,8038,2067,430,0.20573305464317707,0.21403683424589348,0.1966563143705979,0.2325088615726734,0.03585254720207548,1.0,0.50235,0.4019,1,1,0.2
02_noise_sweep,16,232709963432832753211956710772054968922,20000,0.0,0.2,readout_flip,0.0,0.5,0.2,,0.11,0.95,20000,9984,1996,7988,1925,402,0.19280849358974358,0.20140280561122245,0.18438993056095204,0.2195628204221574,0.03517288986120537,1.0,0.4992,0.3994,1,1,0.2
02_noise_sweep,17,130231580842930193946454555193724848146,20000,0.0,0.2,readout_flip,0.0,0.5,0.2,,0.11,0.95,20000,9968,1993,7975,1964,384,0.19703049759229535,0.1926743602609132,0.17595681625769277,0.2105743504562298,0.034617534198537026,1.0,0.4984,0.39875,1,1,0.2
02_noise_sweep,18,3728510831616134236680831602034656457,20000,0.0,0.2,readout_flip,0.0,0.5,0.2,,0.11,0.95,20000,9984,1996,7988,1953,394,0.19561298076923078,0.19739478957915832,0.1805214508448391,0.21543066592327856,0.03490921507843947,1.0,0.4992,0.3994,1,1,0.2
02_noise_sweep,19,10517493130189105197505182149015178860,20000,0.0,0.2,readout_flip,0.0,0.5,0.2,,0.11,0.95,20000,9892,1978,7914,2002,376,0.2023857662757784,0.19009100101112233,0.1734064850469389,0.20797692756491643,0.03457044251797753,1.0,0.4946,0.3957,1,1,0.2
02_noise_sweep,20,38238954490372604664631665959133020863,20000,0.0,0.2,readout_flip,0.0,0.5,0.2,,0.11,0.95,20000,10008,2001,8007,2010,407,0.20083932853717026,0.20339830084957522,0.1863375980557514,0.22159563537896226,0.03525803732321087,1.0,0.5004,0.40035,1,1,0.2
02_noise_sweep,21,333494086315644989100600534701559858715,20000,0.0,0.2,readout_flip,0.0,0.5,0.2,,0.11,0.95,20000,9888,1977,7911,1984,368,0.20064724919093851,0.18614061709661103,0.16959817984019704,0.20390039346872546,0.03430221362852842,1.0,0.4944,0.39555,1,1,0.2
02_noise_sweep,22,164457722350522145168632507381023849669,20000,0.0,0.2,readout_flip,0.0,0.5,0.2,,0.11,0.95,20000,9956,1991,7965,1980,412,0.19887505022097227,0.20693119035660473,0.1897094387652865,0.2252816649939544,0.0355722262286679,1.0,0.4978,0.39825,1,1,0.2
02_noise_sweep,23,120313990061962916925487710842143424913,20000,0.0,0.2,readout_flip,0.0,0.5,0.2,,0.11,0.95,20000,9931,1986,7945,2000,396,0.20138958815829222,0.19939577039274925,0.18241130871647715,0.21754088611434125,0.0351295773978641,1.0,0.49655,0.39725,1,1,0.2
02_noise_sweep,24,54004756929577645255103850711486702312,20000,0.0,0.2,readout_flip,0.0,0.5,0.2,,0.11,0.95,20000,9992,1998,7994,1961,368,0.1962570056044836,0.1841841841841842,0.16779871594822615,0.20178172987616128,0.033983013927935124,1.0,0.4996,0.3997,1,1,0.2
02_noise_sweep,25,43104464307027796725253201939349456883,20000,0.0,0.2,readout_flip,0.0,0.5,0.2,,0.11,0.95,20000,9992,1998,7994,2080,434,0.20816653322658127,0.2172172172172172,0.19968825498840923,0.23583147859444162,0.03614322360603239,1.0,0.4996,0.3997,1,1,0.2
02_noise_sweep,26,77670705994982689292235575936098524829,20000,0.0,0.2,readout_flip,0.0,0.5,0.2,,0.11,0.95,20000,10175,2035,8140,1955,385,0.19213759213759213,0.1891891891891892,0.17276411510710074,0.20678548423658702,0.03402136912948628,1.0,0.50875,0.407,1,1,0.2
02_noise_sweep,27,82852665244333911278906285636772973800,20000,0.0,0.2,readout_flip,0.0,0.5,0.2,,0.11,0.95,20000,9965,1993,7972,2053,426,0.20602107375815354,0.21374811841445057,0.19630959934589393,0.23228800165050256,0.035978402304608637,1.0,0.49825,0.3986,1,1,0.2
02_noise_sweep,28,29840332084505435195222590998727596539,20000,0.0,0.2,readout_flip,0.0,0.5,0.2,,0.11,0.95,20000,9945,1989,7956,2044,403,0.20553041729512317,0.20261437908496732,0.18553090718012719,0.22084434923386517,0.03531344205373799,1.0,0.49725,0.3978,1,1,0.2
02_noise_sweep,29,254521043521987699799557357140285455235,20000,0.0,0.2,readout_flip,0.0,0.5,0.2,,0.11,0.95,20000,10045,2009,8036,2068,404,0.20587356893977102,0.20109507217521155,0.18414601650764356,0.21918503336865658,0.03503901686101302,1.0,0.50225,0.4018,1,1,0.2
02_noise_sweep,30,47074111619673914781462211921299705111,20000,0.0,0.2,readout_flip,0.0,0.5,0.2,,0.11,0.95,20000,9860,1972,7888,1997,407,0.20253549695740364,0.2063894523326572,0.18910604470741793,0.22481454349039887,0.035708498782980935,1.0,0.493,0.3944,1,1,0.2
02_noise_sweep,31,165252383915039841882641266445902001259,20000,0.0,0.2,readout_flip,0.0,0.5,0.2,,0.11,0.95,20000,9945,1989,7956,2019,428,0.20301659125188537,0.21518350930115637,0.19768153095566687,0.2337835286530004,0.03610199769733352,1.0,0.49725,0.3978,1,1,0.2
02_noise_sweep,32,175927032203451550143487886287210021000,20000,0.0,0.2,readout_flip,0.0,0.5,0.2,,0.11,0.95,20000,10074,2014,8060,2079,381,0.2063728409767719,0.18917576961271101,0.17266888632879956,0.20686611404148814,0.03419722771268857,1.0,0.5037,0.403,1,1,0.2
02_noise_sweep,33,240727689477854824845033696228450472019,20000,0.0,0.2,readout_flip,0.0,0.5,0.2,,0.11,0.95,20000,9959,1991,7968,1982,356,0.19901596545837935,0.17880462079357107,0.16259640030370706,0.19624989079146785,0.033653490487760784,1.0,0.49795,0.3984,1,1,0.2
02_noise_sweep,34,76567601676101166358322446962601363716,20000,0.0,0.2,readout_flip,0.0,0.5,0.2,,0.11,0.95,20000,10089,2017,8072,1986,384,0.1968480523342254,0.19038175508180466,0.17384291838994495,0.20809771106998262,0.03425479268003767,1.0,0.50445,0.4036,1,1,0.2
02_noise_sweep,35,123155247414624795408445960946639106474,20000,0.0,0.2,readout_flip,0.0,0.5,0.2,,0.11,0.95,20000,10053,2010,8043,2006,418,0.19954242514672238,0.20796019900497512,0.19078299805429091,0.22625154810730483,0.035468550053013914,1.0,0.50265,0.40215,1,1,0.2
02_noise_sweep,36,216758526917723477414807245891709284185,20000,0.0,0.2,readout_flip,0.0,0.5,0.2,,0.11,0.95,20000,10076,2015,8061,2032,404,0.2016673283048829,0.20049627791563276,0.18359220880763588,0.21854014055224458,0.034947931744608696,1.0,0.5038,0.40305,1,1,0.2
02_noise_sweep,37,242925702434758186875161856496709390434,20000,0.0,0.2,readout_flip,0.0,0.5,0.2,,0.11,0.95,20000,9997,1999,7998,2031,399,0.20316094828448533,0.19959979989994997,0.18266163687925135,0.21769030075880386,0.0350286638795525,1.0,0.49985,0.3999,1,1,0.2
02_noise_sweep,38,29331483132849343738633004694745745315,20000,0.0,0.2,readout_flip,0.0,0.5,0.2,,0.11,0.95,20000,9958,1991,7967,1973,403,0.1981321550512151,0.2024108488196886,0.18534265219847218,0.22062517809690096,0.035282525898428785,1.0,0.4979,0.39835,1,1,0.2
02_noise_sweep,39,149493590718192004024588603731440259472,20000,0.0,0.2,readout_flip,0.0,0.5,0.2,,0.11,0.95,20000,10014,2002,8012,2011,428,0.20081885360495308,0.2137862137862138,0.1963844306328698,0.23228427348606168,0.035899842853191866,1.0,0.5007,0.4006,1,1,0.2
02_noise_sweep,40,208320238817692217222394096470226184592,20000,0.0,0.2,readout_flip,0.0,0.5,0.2,,0.11,0.95,20000,9931,1986,7945,2019,398,0.203302789245796,0.20040281973816718,0.18338329287188412,0.2185791123615111,0.03519581948962697,1.0,0.49655,0.39725,1,1,0.2
02_noise_sweep,41,199419781660822768867955138340783972960,20000,0.0,0.2,readout_flip,0.0,0.5,0.2,,0.11,0.95,20000,9953,1990,7963,1984,383,0.19933688335175323,0.19246231155778895,0.1757402722158587,0.21036939333199062,0.03462912111613192,1.0,0.49765,0.39815,1,1,0.2
02_noise_sweep,42,112192679912333973419581858705523861668,20000,0.0,0.2,readout_flip,0.0,0.5,0.2,,0.11,0.95,20000,9942,1988,7954,2043,420,0.20549185274592638,0.2112676056338028,0.19388903939333108,0.22975986854751762,0.035870829154186545,1.0,0.4971,0.3977,1,1,0.2
02_noise_sweep,43,176107581258672430827957449339717666417,20000,0.0,0.2,readout_flip,0.0,0.5,0.2,,0.11,0.95,20000,9947,1989,7958,1965,401,0.1975469990952046,0.2016088486676722,0.18455998332292387,0.2198080888354945,0.03524810551257063,1.0,0.49735,0.3979,1,1,0.2
02_noise_sweep,44,242953048928692543512600331446835236506,20000,0.0,0.2,readout_flip,0.0,0.5,0.2,,0.11,0.95,20000,9909,1981,7928,1931,389,0.19487334746190332,0.19636547198384655,0.17946704710615607,0.21443920437109293,0.034972157264936854,1.0,0.49545,0.3964,1,1,0.2
02_noise_sweep,45,211080351654237171474882268073048517744,20000,0.0,0.2,readout_flip,0.0,0.5,0.2,,0.11,0.95,20000,10000,2000,8000,2030,388,0.203,0.194,0.1772631843610461,0.21191004857508067,0.03464686421403457,1.0,0.5,0.4,1,1,0.2
02_noise_sweep,46,63228689140194597575560743022409463599,20000,0.0,0.2,readout_flip,0.0,0.5,0.2,,0.11,0.95,20000,9868,1973,7895,1987,396,0.20135792460478313,0.20070957932083122,0.18362534127978647,0.21895699797136514,0.03533165669157867,1.0,0.4934,0.39475,1,1,0.2
02_noise_sweep,47,41542976410169975876228610309301271423,20000,0.0,0.2,readout_flip,0.0,0.5,0.2,,0.11,0.95,20000,10034,2006,8028,2042,408,0.2035080725533187,0.2033898305084746,0.18634996706539741,0.22156353040108878,0.03521356333569137,1.0,0.5017,0.4014,1,1,0.2
02_noise_sweep,48,277211876228716170853831447312889899584,20000,0.0,0.2,readout_flip,0.0,0.5,0.2,,0.11,0.95,20000,10076,2015,8061,1991,413,0.19759825327510916,0.20496277915632755,0.18790649281814517,0.22314186127373378,0.03523536845558861,1.0,0.5038,0.40305,1,1,0.2
02_noise_sweep,49,49253462092972482839735386306514425704,20000,0.0,0.2,readout_flip,0.0,0.5,0.2,,0.11,0.95,20000,9906,1981,7925,1943,370,0.1961437512618615,0.1867743563856638,0.17022439135278003,0.20453675418609443,0.0343123628333144,1.0,0.4953,0.39625,1,1,0.2
02_noise_sweep,50,104768756926205659275142409592050484738,20000,0.0,0.2,readout_flip,0.0,0.5,0.2,,0.11,0.95,20000,9976,1995,7981,1937,390,0.19416599839615076,0.19548872180451127,0.17867865149737538,0.21346923765195036,0.034790586154574976,1.0,0.4988,0.39905,1,1,0.2
02_noise_sweep,51,246000760381779307629030115551436607689,20000,0.0,0.2,readout_flip,0.0,0.5,0.2,,0.11,0.95,20000,10058,2011,8047,1999,398,0.19874726585802346,0.1979114868224764,0.1810809142274773,0.21589397196969728,0.03481305774221999,1.0,0.5029,0.40235,1,1,0.2
02_noise_sweep,52,45278060630903397070288834200635131600,20000,0.0,0.2,readout_flip,0.0,0.5,0.2,,0.11,0.95,20000,9984,1996,7988,1963,404,0.19661458333333334,0.20240480961923848,0.1853574777517086,0.22059543178514882,0.03523795403344021,1.0,0.4992,0.3994,1,1,0.2
02_noise_sweep,53,144641738392954548954494616985094118584,20000,0.0,0.2,readout_flip,0.0,0.5,0.2,,0.11,0.95,20000,9849,1969,7880,2007,414,0.20377703320134025,0.21025901472828848,0.1928330180719267,0.2288133616214239,0.035980343549497196,1.0,0.49245,0.394,1,1,0.2
02_noise_sweep,54,273066745819435759879005696721746625959,20000,0.0,0.2,readout_flip,0.0,0.5,0.2,,0.11,0.95,20000,9967,1993,7974,2012,406,0.20186615832246413,0.2037129954841947,0.18660851145950683,0.22195745416428306,0.03534894270477623,1.0,0.49835,0.3987,1,1,0.2
02_noise_sweep,55,332037909501636069114476836637748568171,20000,0.0,0.2,readout_flip,0.0,0.5,0.2,,0.11,0.95,20000,10057,2011,8046,2069,413,0.20572735408173412,0.20537046245648932,0.18828405092886485,0.22358034425109552,0.035296293322230665,1.0,0.50285,0.4023,1,1,0.2
02_noise_sweep,56,40015867784949925847618477047462425818,20000,0.0,0.2,readout_flip,0.0,0.5,0.2,,0.11,0.95,20000,9946,1989,7957,2047,419,0.20581138145988337,0.2106586224233283,0.1933043515461556,0.22912837891242865,0.03582402736627305,1.0,0.4973,0.39785,1,1,0.2
02_noise_sweep,57,95136076907578324569807808771075801667,20000,0.0,0.2,readout_flip,0.0,0.5,0.2,,0.11,0.95,20000,9968,1993,7975,1989,411,0.19953852327447832,0.20622177621675866,0.1890322393396027,0.22454163512733885,0.03550939578773615,1.0,0.4984,0.39875,1,1,0.2
02_noise_sweep,58,15901916310337075101134626362652015591,20000,0.0,0.2,readout_flip,0.0,0.5,0.2,,0.11,0.95,20000,10120,2024,8096,2089,436,0.20642292490118577,0.21541501976284586,0.19805276250079168,0.2338554890101751,0.03580272650938343,1.0,0.506,0.4048,1,1,0.2
02_noise_sweep,59,157357428497996406407217409360231314979,20000,0.0,0.2,readout_flip,0.0,0.5,0.2,,0.11,0.95,20000,10041,2008,8033,2001,410,0.19928293994622048,0.20418326693227093,0.18712465388945865,0.22237155924833774,0.03524690535887909,1.0,0.50205,0.40165,1,1,0.2
02_noise_sweep,60,155479461053963108835475090971923486245,20000,0.0,0.2,readout_flip,0.0,0.5,0.2,,0.11,0.95,20000,9948,1989,7959,1957,399,0.19672295938882187,0.20060331825037708,0.18358923071333666,0.2187716571895077,0.035182426476171036,1.0,0.4974,0.39795,1,1,0.2
02_noise_sweep,61,112743584166075122975584747346584648204,20000,0.0,0.2,readout_flip,0.0,0.5,0.2,,0.11,0.95,20000,10059,2011,8048,1975,395,0.19634158465056167,0.1964196916956738,0.1796414224247158,0.2143555619759016,0.034714139551185796,1.0,0.50295,0.4024,1,1,0.2
02_noise_sweep,62,140426618080001154583823168294199392496,20000,0.0,0.2,readout_flip,0.0,0.5,0.2,,0.11,0.95,20000,9928,1985,7943,1995,386,0.20094681708299758,0.19445843828715365,0.17764434806175883,0.21245283911209356,0.03480849105033473,1.0,0.4964,0.39715,1,1,0.2
02_noise_sweep,63,105494062393440561834293719849450159052,20000,0.0,0.2,readout_flip,0.0,0.5,0.2,,0.11,0.95,20000,10110,2022,8088,1999,401,0.19772502472799208,0.19831849653808112,0.18151800697357354,0.21626310038405736,0.03474509341048382,1.0,0.5055,0.4044,1,1,0.2
02_noise_sweep,64,38533293636766545635922273309561375512,20000,0.0,0.2,readout_flip,0.0,0.5,0.2,,0.11,0.95,20000,10042,2008,8034,2006,440,0.19976100378410674,0.21912350597609562,0.20157650710497535,0.2377431296117202,0.03616662250674485,1.0,0.5021,0.4017,1,1,0.2
02_noise_sweep,65,76082671802196194942873924024194104643,20000,0.0,0.2,readout_flip,0.0,0.5,0.2,,0.11,0.95,20000,9987,1997,7990,2000,375,0.20026033843997196,0.18778167250876315,0.1712584548199993,0.20550375964601442,0.03424530482601512,1.0,0.49935,0.3995,1,1,0.2
02_noise_sweep,66,55046542002508274928395291082746312609,20000,0.0,0.2,readout_flip,0.0,0.5,0.2,,0.11,0.95,20000,10039,2007,8032,2030,410,0.20221137563502342,0.2042850024912805,0.1872188355361022,0.22248102180812396,0.03526218627202177,1.0,0.50195,0.4016,1,1,0.2
02_noise_sweep,67,63889647142150099056769205673408880886,20000,0.0,0.2,readout_flip,0.0,0.5,0.2,,0.11,0.95,20000,10064,2012,8052,2017,409,0.2004173290937997,0.20328031809145128,0.18626874044946434,0.22142277478580968,0.03515403433634534,1.0,0.5032,0.4026,1,1,0.2
02_noise_sweep,68,172829700370542086919535166776622134503,20000,0.0,0.2,readout_flip,0.0,0.5,0.2,,0.11,0.95,20000,9878,1975,7903,1965,401,0.19892690828102855,0.20303797468354431,0.18588156166716654,0.22134735261934815,0.03546579095218161,1.0,0.4939,0.39515,1,1,0.2
02_noise_sweep,69,56867017662935009790946630972490954850,20000,0.0,0.2,readout_flip,0.0,0.5,0.2,,0.11,0.95,20000,10073,2014,8059,2052,417,0.2037128958602204,0.2070506454816286,0.18992023119824802,0.22529646244148,0.03537623124323197,1.0,0.50365,0.40295,1,1,0.2
02_noise_sweep,70,157745827270331291172333834402920478809,20000,0.0,0.2,readout_flip,0.0,0.5,0.2,,0.11,0.95,20000,9887,1977,7910,1993,375,0.20157782947304542,0.18968133535660092,0.1730077774377883,0.20755849931486917,0.03455072187708086,1.0,0.49435,0.3955,1,1,0.2
02_noise_sweep,71,54762100687059399951697675700740607593,20000,0.0,0.2,readout_flip,0.0,0.5,0.2,,0.11,0.95,20000,9907,1981,7926,2043,424,0.2062178257797517,0.21403331650681473,0.1965344925207049,0.23263905936933924,0.036104566848634334,1.0,0.49535,0.3963,1,1,0.2
02_noise_sweep,72,254999175800621369356641083937579515896,20000,0.0,0.2,readout_flip,0.0,0.5,0.2,,0.11,0.95,20000,9982,1996,7986,2014,403,0.20176317371268282,0.20190380761523047,0.18487368297196158,0.22007914728802183,0.03520546431606025,1.0,0.4991,0.3993,1,1,0.2
02_noise_sweep,73,68549508709846363545442907815075132718,20000,0.0,0.2,readout_flip,0.0,0.5,0.2,,0.11,0.95,20000,10075,2015,8060,2026,410,0.20109181141439206,0.20347394540942929,0.18646802792669065,0.22160832458785545,0.035140296661164805,1.0,0.50375,0.403,1,1,0.2
02_noise_sweep,74,66981109684985158688598612719810995862,20000,0.0,0.2,readout_flip,0.0,0.5,0.2,,0.11,0.95,20000,10124,2024,8100,2030,422,0.20051363097589886,0.208498023715415,0.19136056133495308,0.22673990462246077,0.03537934328750769,1.0,0.5062,0.405,1,1,0.2
02_noise_sweep,75,56607572109463513013398838319736077374,20000,0.0,0.2,readout_flip,0.0,0.5,0.2,,0.11,0.95,20000,9941,1988,7953,1946,392,0.19575495422995676,0.19718309859154928,0.1802845007649695,0.2152497197583596,0.03496521899339011,1.0,0.49705,0.39765,1,1,0.2
02_noise_sweep,76,96590269251524140415766840534233855375,20000,0.0,0.2,readout_flip,0.0,0.5,0.2,,0.11,0.95,20000,10024,2004,8020,2007,408,0.200219473264166,0.20359281437125748,0.18653782820733608,0.22178198968417615,0.035244161476840064,1.0,0.5012,0.401,1,1,0.2
02_noise_sweep,77,49943135845696665509026249790708823956,20000,0.0,0.2,readout_flip,0.0,0.5,0.2,,0.11,0.95,20000,10029,2005,8024,1993,370,0.19872370126632766,0.18453865336658354,0.16816747816678754,0.20211632673704596,0.03394884857025843,1.0,0.50145,0.4012,1,1,0.2
02_noise_sweep,78,178336768310504374552294250085575169367,20000,0.0,0.2,readout_flip,0.0,0.5,0.2,,0.11,0.95,20000,9954,1990,7964,1950,383,0.19590114526823388,0.19246231155778895,0.1757402722158587,0.21036939333199062,0.03462912111613192,1.0,0.4977,0.3982,1,1,0.2
02_noise_sweep,79,293215294861245863085522579684115679840,20000,0.0,0.2,readout_flip,0.0,0.5,0.2,,0.11,0.95,20000,10025,2005,8020,1992,388,0.19870324189526184,0.19351620947630924,0.17681680737322963,0.21138777462424974,0.0345709672510201,1.0,0.50125,0.401,1,1,0.2
02_noise_sweep,80,241486777806488799905993798111805773081,20000,0.0,0.2,readout_flip,0.0,0.5,0.2,,0.11,0.95,20000,10097,2019,8078,2075,409,0.20550658611468753,0.20257553244180287,0.18561643839593406,0.22066426899070585,0.03504783059477179,1.0,0.50485,0.4039,1,1,0.2
02_noise_sweep,81,122482709330162464033057957585935589593,20000,0.0,0.2,readout_flip,0.0,0.5,0.2,,0.11,0.95,20000,9925,1985,7940,2022,409,0.203727959697733,0.20604534005037783,0.18882832747518621,0.22439790288910547,0.03556957541391925,1.0,0.49625,0.397,1,1,0.2
02_noise_sweep,82,186032057969516866265580687327036694667,20000,0.0,0.2,readout_flip,0.0,0.5,0.2,,0.11,0.95,20000,10026,2005,8021,1996,392,0.199082385796928,0.19551122194513715,0.17874084151448372,0.2134461353926947,0.034705293878210974,1.0,0.5013,0.40105,1,1,0.2
02_noise_sweep,83,170771431764699518114805278589375474813,20000,0.0,0.2,readout_flip,0.0,0.5,0.2,,0.11,0.95,20000,10056,2011,8045,2000,402,0.19888623707239458,0.1999005469915465,0.18300083145408425,0.21794459047183318,0.03494375901774893,1.0,0.5028,0.40225,1,1,0.2
02_noise_sweep,84,277998982237935667364469333611055372891,20000,0.0,0.2,readout_flip,0.0,0.5,0.2,,0.11,0.95,20000,10053,2010,8043,1990,374,0.19795086043966975,0.18606965174129353,0.16966114937588284,0.20367581591877976,0.03401466654289692,1.0,0.50265,0.40215,1,1,0.2
02_noise_sweep,85,35936959918322412203141042153073199086,20000,0.0,0.2,readout_flip,0.0,0.5,0.2,,0.11,0.95,20000,9932,1986,7946,2098,424,0.2112364075714861,0.2134944612286002,0.19603449397506797,0.23206064649182592,0.03602615251675795,1.0,0.4966,0.3973,1,1,0.2
02_noise_sweep,86,138960788973764620792483278231847154449,20000,0.0,0.2,readout_flip,0.0,0.5,0.2,,0.11,0.95,20000,9979,1995,7984,1959,381,0.1963122557370478,0.19097744360902255,0.17432932004701357,0.20881335264526513,0.03448403259825156,1.0,0.49895,0.3992,1,1,0.2
02_noise_sweep,87,27585322052558285013977034379524308394,20000,0.0,0.2,readout_flip,0.0,0.5,0.2,,0.11,0.95,20000,10067,2013,8054,2011,436,0.19976159729810272,0.21659215101838053,0.1991464260712234,0.23511748445589564,0.03597105838467224,1.0,0.50335,0.4027,1,1,0.2
02_noise_sweep,88,334217826182898121360406267675475616393,20000,0.0,0.2,readout_flip,0.0,0.5,0.2,,0.11,0.95,20000,9985,1997,7988,1952,388,0.1954932398597897,0.1942914371557336,0.1775320946325729,0.21222465265131057,0.03469255801873766,1.0,0.49925,0.3994,1,1,0.2
02_noise_sweep,89,188569232223872191916455936562354109060,20000,0.0,0.2,readout_flip,0.0,0.5,0.2,,0.11,0.95,20000,9907,1981,7926,1992,409,0.20106995054002222,0.20646138313982837,0.18921352431918131,0.22484547025109347,0.03563194593191216,1.0,0.49535,0.3963,1,1,0.2
02_noise_sweep,90,2616958656467160608939165355710111709,20000,0.0,0.2,readout_flip,0.0,0.5,0.2,,0.11,0.95,20000,9953,1990,7963,2039,417,0.20486285542047625,0.20954773869346735,0.19223444015827074,0.22798024397025363,0.03574580381198289,1.0,0.49765,0.39815,1,1,0.2
02_noise_sweep,91,284099007379077735233623369645133916496,20000,0.0,0.2,readout_flip,0.0,0.5,0.2,,0.11,0.95,20000,9884,1976,7908,1908,389,0.19303925536220154,0.19686234817813766,0.17992568659955266,0.21497535728827627,0.03504967068872361,1.0,0.4942,0.3954,1,1,0.2
02_noise_sweep,92,157981450734866476535881510433746833,20000,0.0,0.2,readout_flip,0.0,0.5,0.2,,0.11,0.95,20000,9947,1989,7958,1993,414,0.2003619181662813,0.2081447963800905,0.19087400763819376,0.22654076218145555,0.03566675454326179,1.0,0.49735,0.3979,1,1,0.2
02_noise_sweep,93,98500294278760304879604310399434700282,20000,0.0,0.2,readout_flip,0.0,0.5,0.2,,0.11,0.95,20000,9922,1984,7938,2003,400,0.20187462205200565,0.20161290322580644,0.18454317004431142,0.2198358890872859,0.035292719042974485,1.0,0.4961,0.3969,1,1,0.2
02_noise_sweep,94,173065378535042961405040115037159630575,20000,0.0,0.2,readout_flip,0.0,0.5,0.2,,0.11,0.95,20000,9992,1998,7994,1965,399,0.19665732586068854,0.1996996996996997,0.1827539739875148,0.2177979554809994,0.03504398149348459,1.0,0.4996,0.3997,1,1,0.2
02_noise_sweep,95,168884677083595140530779306799792740214,20000,0.0,0.2,readout_flip,0.0,0.5,0.2,,0.11,0.95,20000,9979,1995,7984,1972,406,0.19761499148211242,0.20350877192982456,0.18641953742286393,0.22173762542787873,0.03531808800501479,1.0,0.49895,0.3992,1,1,0.2
02_noise_sweep,96,142590987945140642174102081690758877886,20000,0.0,0.2,readout_flip,0.0,0.5,0.2,,0.11,0.95,20000,9960,1992,7968,2031,400,0.2039156626506024,0.20080321285140562,0.1837945760425974,0.2189635965908488,0.035169020548251384,1.0,0.498,0.3984,1,1,0.2
02_noise_sweep,97,125949735316331952224385540090484415108,20000,0.0,0.2,readout_flip,0.0,0.5,0.2,,0.11,0.95,20000,10017,2003,8014,2003,435,0.1999600678845962,0.21717423864203694,0.19966784012014832,0.2357633968517054,0.036095556731557066,1.0,0.50085,0.4007,1,1,0.2
02_noise_sweep,98,333843676353382745677687849938969297144,20000,0.0,0.2,readout_flip,0.0,0.5,0.2,,0.11,0.95,20000,10035,2007,8028,1950,417,0.19431988041853512,0.2077727952167414,0.19058942902853007,0.2260726877909959,0.03548325876246583,1.0,0.50175,0.4014,1,1,0.2
02_noise_sweep,99,169438410722382073591415849159842559191,20000,0.0,0.2,readout_flip,0.0,0.5,0.2,,0.11,0.95,20000,10012,2002,8010,1990,392,0.19876148621654016,0.1958041958041958,0.17901132707263034,0.21376221709565812,0.03475089002302778,1.0,0.5006,0.4005,1,1,0.2
02_noise_sweep,100,119612562700088801747830152200640965805,20000,0.0,0.2,readout_flip,0.0,0.5,0.2,,0.11,0.95,20000,10075,2015,8060,1961,389,0.19464019851116626,0.19305210918114143,0.17640928568909903,0.2108630557841173,0.034453770095018266,1.0,0.50375,0.403,1,1,0.2
02_noise_sweep,101,2878557647663318489025629853044755888,20000,0.0,0.2,readout_flip,0.0,0.5,0.2,,0.11,0.95,20000,9938,1987,7951,2055,424,0.2067820487019521,0.21338701560140916,0.19593479961108043,0.2319453085946708,0.03601050898359037,1.0,0.4969,0.39755,1,1,0.2
02_noise_sweep,102,293395692142268325791677188251684547431,20000,0.0,0.2,readout_flip,0.0,0.5,0.2,,0.11,0.95,20000,9951,1990,7961,1984,386,0.19937694704049844,0.19396984924623115,0.17719361752958518,0.21192531436361778,0.0347316968340326,1.0,0.49755,0.39805,1,1,0.2
02_noise_sweep,103,113729679199681822226049147727158377447,20000,0.0,0.2,readout_flip,0.0,0.5,0.2,,0.11,0.95,20000,10094,2018,8076,2074,448,0.20546859520507232,0.222001982160555,0.20440731257074274,0.24065303323181897,0.03624572066107623,1.0,0.5047,0.4038,1,1,0.2
02_noise_sweep,104,301564903301186857662710846084055359107,20000,0.0,0.2,readout_flip,0.0,0.5,0.2,,0.11,0.95,20000,10022,2004,8018,2020,383,0.20155657553382558,0.19111776447105788,0.17450063107721941,0.2089168222474373,0.03441619117021788,1.0,0.5011,0.4009,1,1,0.2
02_noise_sweep,105,12303573569091032639278855680781337038,20000,0.0,0.2,readout_flip,0.0,0.5,0.2,,0.11,0.95,20000,10035,2007,8028,2052,407,0.20448430493273542,0.2027902341803687,0.18577491199843285,0.22094111985637913,0.035166207857946274,1.0,0.50175,0.4014,1,1,0.2
02_noise_sweep,106,301759727881231511320167428726786948551,20000,0.0,0.2,readout_flip,0.0,0.5,0.2,,0.11,0.95,20000,10031,2006,8025,1990,400,0.19838500647991228,0.19940179461615154,0.18249905623750975,0.21745361430415608,0.034954558066646324,1.0,0.50155,0.40125,1,1,0.2
02_noise_sweep,107,107849957412348694665844790323742789732,20000,0.0,0.2,readout_flip,0.0,0.5,0.2,,0.11,0.95,20000,9931,1986,7945,2005,390,0.20189306212868793,0.19637462235649547,0.17949640443471773,0.21442515918837016,0.034928754753652425,1.0,0.49655,0.39725,1,1,0.2
02_noise_sweep,108,106199113176654829415430623497136789242,20000,0.0,0.2,readout_flip,0.0,0.5,0.2,,0.11,0.95,20000,9884,1976,7908,2033,413,0.20568595710238768,0.2090080971659919,0.19165360652658553,0.22749180288159748,0.03583819635501195,1.0,0.4942,0.3954,1,1,0.2
02_noise_sweep,109,298166091737772066390592606151752378882,20000,0.0,0.2,readout_flip,0.0,0.5,0.2,,0.11,0.95,20000,9992,1998,7994,2020,415,0.2021617293835068,0.20770770770770772,0.1904891485600501,0.22604806278930376,0.03555891422925367,1.0,0.4996,0.3997,1,1,0.2
02_noise_sweep,110,4063690174584752333012107882748056359,20000,0.0,0.2,readout_flip,0.0,0.5,0.2,,0.11,0.95,20000,9970,1994,7976,2011,422,0.2017051153460381,0.21163490471414242,0.19426958439550993,0.23010916451741256,0.03583958012190264,1.0,0.4985,0.3988,1,1,0.2
02_noise_sweep,111,31746115594881760973809774266715344020,20000,0.0,0.2,readout_flip,0.0,0.5,0.2,,0.11,0.95,20000,10036,2007,8029,2021,382,0.20137504982064566,0.19033383158943698,0.17375707611137137,0.2080937433316557,0.034336667220284334,1.0,0.5018,0.40145,1,1,0.2
02_noise_sweep,112,48964293012911810078860062798890876677,20000,0.0,0.2,readout_flip,0.0,0.5,0.2,,0.11,0.95,20000,9864,1972,7892,1988,376,0.20154095701540958,0.19066937119675456,0.17393923742483586,0.20860231490792447,0.03466307748308861,1.0,0.4932,0.3946,1,1,0.2
02_noise_sweep,113,275899296504906841147518049423489948032,20000,0.0,0.2,readout_flip,0.0,0.5,0.2,,0.11,0.95,20000,9938,1987,7951,1998,390,0.20104648822700744,0.19627579265223954,0.17940517332865905,0.21431852342668925,0.034913350098030205,1.0,0.4969,0.39755,1,1,0.2
02_noise_sweep,114,193000678743560643244522662571123883803,20000,0.0,0.2,readout_flip,0.0,0.5,0.2,,0.11,0.95,20000,10079,2015,8064,1991,380,0.19753943843635283,0.18858560794044665,0.172104206181232,0.20625213055998587,0.03414792437875386,1.0,0.50395,0.4032,1,1,0.2
02_noise_sweep,115,249871468689891174953037926828306502925,20000,0.0,0.2,readout_flip,0.0,0.5,0.2,,0.11,0.95,20000,9893,1978,7915,1969,390,0.19902961690083898,0.19716885743174925,0.18022960921561093,0.21528207782272735,0.035052468607116416,1.0,0.49465,0.39575,1,1,0.2
02_noise_sweep,116,204814910665518764191230330221282445753,20000,0.0,0.2,readout_flip,0.0,0.5,0.2,,0.11,0.95,20000,9963,1992,7971,1907,381,0.19140821037840008,0.19126506024096385,0.17459441908652484,0.209124165090605,0.03452974600408015,1.0,0.49815,0.39855,1,1,0.2
02_noise_sweep,117,330888105301342455024017934794497878638,20000,0.0,0.2,readout_flip,0.0,0.5,0.2,,0.11,0.95,20000,9919,1983,7936,1966,412,0.19820546426051014,0.20776601109430157,0.190482676034083,0.22617938582568217,0.03569670979159917,1.0,0.49595,0.3968,1,1,0.2
02_noise_sweep,118,239883680876975541713346387058893119091,20000,0.0,0.2,readout_flip,0.0,0.5,0.2,,0.11,0.95,20000,9823,1964,7859,1947,392,0.19820828667413215,0.19959266802443992,0.18250976448480188,0.21784843271104282,0.03533866822624093,1.0,0.49115,0.39295,1,1,0.2
02_noise_sweep,119,54819576927326495494831503401677905962,20000,0.0,0.2,readout_flip,0.0,0.5,0.2,,0.11,0.95,20000,10095,2019,8076,1984,374,0.19653293709757305,0.18524021792966816,0.16889769741705485,0.20277822189053823,0.03388052447348339,1.0,0.50475,0.4038,1,1,0.2
02_noise_sweep,120,310821851517840036247414213898692034236,20000,0.0,0.2,readout_flip,0.0,0.5,0.2,,0.11,0.95,20000,9902,1980,7922,2018,396,0.2037972126843062,0.2,0.18296962934320157,0.21819219499622258,0.03522256565302101,1.0,0.4951,0.3961,1,1,0.2
02_noise_sweep,121,67054849055694164033692294182363975592,20000,0.0,0.2,readout_flip,0.0,0.5,0.2,,0.11,0.95,20000,9913,1982,7931,1985,397,0.20024210632502773,0.20030272452068618,0.18327011024721282,0.21849482183074767,0.03522471158353485,1.0,0.49565,0.39655,1,1,0.2
02_noise_sweep,122,300160370752818804959292649456996567146,20000,0.0,0.2,readout_flip,0.0,0.5,0.2,,0.11,0.95,20000,9931,1986,7945,1948,392,0.1961534588661766,0.1973816717019134,0.18046786349801994,0.21546391052764483,0.03499604702962489,1.0,0.49655,0.39725,1,1,0.2
02_noise_sweep,123,78038973210102714598667069802322002298,20000,0.0,0.2,readout_flip,0.0,0.5,0.2,,0.11,0.95,20000,9948,1989,7959,1959,394,0.19692400482509048,0.19808949220713926,0.18116310473368383,0.21617982253022552,0.035016717796541696,1.0,0.4974,0.39795,1,1,0.2
02_noise_sweep,124,89146597644386513100916537568480897638,20000,0.0,0.2,readout_flip,0.0,0.5,0.2,,0.11,0.95,20000,10074,2014,8060,2044,418,0.2028985507246377,0.20754716981132076,0.1904002049277014,0.22580764685839996,0.03540744193069856,1.0,0.5037,0.403,1,1,0.2
02_noise_sweep,125,189951883820931993085947717229193555188,20000,0.0,0.2,readout_flip,0.0,0.5,0.2,,0.11,0.95,20000,10009,2001,8008,2023,402,0.20211809371565592,0.20089955022488756,0.18392455884359013,0.21902074900927612,0.03509619016568599,1.0,0.50045,0.4004,1,1,0.2
02_noise_sweep,126,324901687685735650728057519400457076739,20000,0.0,0.2,readout_flip,0.0,0.5,0.2,,0.11,0.95,20000,10049,2009,8040,1976,387,0.19663648124191463,0.19263315082130414,0.1759813959036613,0.21045811000577308,0.03447671410211178,1.0,0.50245,0.402,1,1,0.2
02_noise_sweep,127,255745288576876619955058749813118942193,20000,0.0,0.2,readout_flip,0.0,0.5,0.2,,0.11,0.95,20000,10069,2013,8056,2053,438,0.20389313735226935,0.21758569299552907,0.20010838969645353,0.23613882000497885,0.03603043030852532,1.0,0.50345,0.4028,1,1,0.2
02_noise_sweep,128,288387772288433184732814574958467592912,20000,0.0,0.2,readout_flip,0.0,0.5,0.2,,0.11,0.95,20000,9923,1984,7939,1993,388,0.2008465181900635,0.19556451612903225,0.1787068683795175,0.21359879330204462,0.03489192492252713,1.0,0.49615,0.39695,1,1,0.2
02_noise_sweep,129,218872681522935292162956821036174478514,20000,0.0,0.2,readout_flip,0.0,0.5,0.2,,0.11,0.95,20000,10031,2006,8025,2022,404,0.20157511713687568,0.20139581256231306,0.18442417595125762,0.2195089080528184,0.03508473210156077,1.0,0.50155,0.40125,1,1,0.2
02_noise_sweep,130,298178757112170399561750806992196637081,20000,0.0,0.2,readout_flip,0.0,0.5,0.2,,0.11,0.95,20000,10036,2007,8029,1984,432,0.19768832204065365,0.21524663677130046,0.1978187633970305,0.23376248086956639,0.035943717472535885,1.0,0.5018,0.40145,1,1,0.2
02_noise_sweep,131,187674469000278793807554998769674014924,20000,0.0,0.2,readout_flip,0.0,0.5,0.2,,0.11,0.95,20000,10046,2009,8037,2003,386,0.199382838940872,0.19213539074166253,0.17550151368365124,0.2099443719924381,0.03444285830878685,1.0,0.5023,0.40185,1,1,0.2
02_noise_sweep,132,99156759389868704036680777411199635723,20000,0.0,0.2,readout_flip,0.0,0.5,0.2,,0.11,0.95,20000,9858,1971,7887,1966,387,0.19943193345506188,0.1963470319634703,0.1794079724233873,0.21446742215395448,0.03505944973056718,1.0,0.4929,0.39435,1,1,0.2
02_noise_sweep,133,283899959454115499572044867462729551042,20000,0.0,0.2,readout_flip,0.0,0.5,0.2,,0.11,0.95,20000,9982,1996,7986,2038,420,0.20416750150270488,0.21042084168336672,0.19310386302849106,0.22885031493834992,0.03574645190985887,1.0,0.4991,0.3993,1,1,0.2
02_noise_sweep,134,44106155189916120383588828400414083643,20000,0.0,0.2,readout_flip,0.0,0.5,0.2,,0.11,0.95,20000,10168,2033,8135,2011,438,0.19777734067663258,0.21544515494343336,0.19811918411275095,0.2338444598961997,0.03572527578344875,1.0,0.5084,0.40675,1,1,0.2
02_noise_sweep,135,286782040674615021717748666371741642973,20000,0.0,0.2,readout_flip,0.0,0.5,0.2,,0.11,0.95,20000,10086,2017,8069,2025,400,0.2007733491969066,0.1983143282102132,0.1814938973516234,0.2162817199844309,0.0347878226328075,1.0,0.5043,0.40345,1,1,0.2
02_noise_sweep,136,201454937130418638849951572740032800053,20000,0.0,0.2,readout_flip,0.0,0.5,0.2,,0.11,0.95,20000,9937,1987,7950,1945,392,0.1957331186474791,0.1972823351786613,0.1803761355039671,0.21535676192493433,0.03498062642096722,1.0,0.49685,0.3975,1,1,0.2
02_noise_sweep,137,309818027808181614669099652703285968872,20000,0.0,0.2,readout_flip,0.0,0.5,0.2,,0.11,0.95,20000,10089,2017,8072,2086,415,0.20675983744672416,0.2057511155180962,0.18867649459607963,0.22394442387384353,0.0352679292777639,1.0,0.50445,0.4036,1,1,0.2
02_noise_sweep,138,242190584039762450561810238499465977961,20000,0.0,0.2,readout_flip,0.0,0.5,0.2,,0.11,0.95,20000,10078,2015,8063,2117,419,0.21006152014288548,0.20794044665012407,0.19078451836048269,0.2262078388860619,0.03542332052557923,1.0,0.5039,0.40315,1,1,0.2
02_noise_sweep,139,135910961965327546234012710905469980880,20000,0.0,0.2,readout_flip,0.0,0.5,0.2,,0.11,0.95,20000,9907,1981,7926,2048,428,0.20672251943070555,0.2160524987380111,0.19848830391428218,0.23471579659436714,0.03622749268008496,1.0,0.49535,0.3963,1,1,0.2
02_noise_sweep,140,193174771196277889077287922390026774906,20000,0.0,0.2,readout_flip,0.0,0.5,0.2,,0.11,0.95,20000,9876,1975,7901,1927,376,0.19511948157148643,0.19037974683544304,0.1736724524443583,0.2082891521356992,0.0346166996913409,1.0,0.4938,0.39505,1,1,0.2
02_noise_sweep,141,195155177821438913944462499100006328562,20000,0.0,0.2,readout_flip,0.0,0.5,0.2,,0.11,0.95,20000,9948,1989,7959,1929,382,0.19390832328106153,0.19205630970336854,0.17534488676964544,0.20995493496082002,0.03461004819117458,1.0,0.4974,0.39795,1,1,0.2
02_noise_sweep,142,267654569183759213783666837556541982403,20000,0.0,0.2,readout_flip,0.0,0.5,0.2,,0.11,0.95,20000,10034,2006,8028,2020,379,0.20131552720749452,0.1889332003988036,0.17240349976413766,0.20665200009987478,0.03424850033573712,1.0,0.5017,0.4014,1,1,0.2
02_noise_sweep,143,278092429433462808587889911721535641080,20000,0.0,0.2,readout_flip,0.0,0.5,0.2,,0.11,0.95,20000,9999,1999,8000,1992,393,0.19921992199219923,0.1965982991495748,0.1797652179801939,0.21459523194067287,0.03483001396047897,1.0,0.49995,0.4,1,1,0.2
02_noise_sweep,144,83090714466895281091199781777613150037,20000,0.0,0.2,readout_flip,0.0,0.5,0.2,,0.11,0.95,20000,9979,1995,7984,1999,409,0.20032067341416976,0.2050125313283208,0.1878721665465234,0.223286735123235,0.0354145685767116,1.0,0.49895,0.3992,1,1,0.2
02_noise_sweep,145,262145769364531231121006458934546638765,20000,0.0,0.2,readout_flip,0.0,0.5,0.2,,0.11,0.95,20000,9988,1997,7991,1939,419,0.19413295955146176,0.20981472208312468,0.1925219527050026,0.2282217574522627,0.03569980474726009,1.0,0.4994,0.39955,1,1,0.2
02_noise_sweep,146,309944565769489428299914260209735490496,20000,0.0,0.2,readout_flip,0.0,0.5,0.2,,0.11,0.95,20000,9926,1985,7941,2067,386,0.2082409832762442,0.19445843828715365,0.17764434806175883,0.21245283911209356,0.03480849105033473,1.0,0.4963,0.39705,1,1,0.2
02_noise_sweep,147,293280027176707834290637403385022596536,20000,0.0,0.2,readout_flip,0.0,0.5,0.2,,0.11,0.95,20000,9990,1998,7992,1977,386,0.19789789789789788,0.1931931931931932,0.17647718962754816,0.21108669831278387,0.03460950868523571,1.0,0.4995,0.3996,1,1,0.2
02_noise_sweep,148,113063073172470988403989910286632851862,20000,0.0,0.2,readout_flip,0.0,0.5,0.2,,0.11,0.95,20000,10069,2013,8056,1975,372,0.19614658853908035,0.18479880774962743,0.16844928209062104,0.20234905485847104,0.03389977276785,1.0,0.50345,0.4028,1,1,0.2
02_noise_sweep,149,32978054477200174894444081588097156839,20000,0.0,0.2,readout_flip,0.0,0.5,0.2,,0.11,0.95,20000,9994,1998,7996,2001,407,0.20022013207924755,0.2037037037037037,0.18662022205668527,0.22192434835224872,0.035304126295563454,1.0,0.4997,0.3998,1,1,0.2
