experiment,repeat,seed,n_signals,eve_fraction,noise_probability,noise_model,loss_probability,basis_probability_z,sample_fraction,sample_size,abort_threshold,confidence,n_detected,n_sifted,n_test,n_remaining,actual_errors,test_errors,qber_actual,qber_estimate,qber_ci_low,qber_ci_high,qber_ci_width,detected_fraction,sifted_fraction,candidate_fraction,has_error,full_sample,expected_qber
03_sample_uncertainty,0,112674980254981233315599771978324626055,20000,0.2,0.0,depolarizing,0.0,0.5,0.2,10,0.11,0.95,20000,9936,10,9926,505,1,0.05082528180354267,0.1,0.017876213095072896,0.40415002679523837,0.38627381370016545,1.0,0.4968,0.4963,1,1,0.05
03_sample_uncertainty,1,129496980274079221990693567944672073612,20000,0.2,0.0,depolarizing,0.0,0.5,0.2,10,0.11,0.95,20000,10044,10,10034,509,0,0.050677021107128635,0.0,2.7755575615628914e-17,0.27753279986288915,0.27753279986288915,1.0,0.5022,0.5017,0,1,0.05
03_sample_uncertainty,2,229125988795489251907854541041117682508,20000,0.2,0.0,depolarizing,0.0,0.5,0.2,10,0.11,0.95,20000,10029,10,10019,493,2,0.04915744341409911,0.2,0.056682151454375246,0.5098375284633582,0.4531553770089829,1.0,0.50145,0.50095,1,1,0.05
03_sample_uncertainty,3,254336937024148234510680402110706229219,20000,0.2,0.0,depolarizing,0.0,0.5,0.2,10,0.11,0.95,20000,9980,10,9970,487,0,0.04879759519038076,0.0,2.7755575615628914e-17,0.27753279986288915,0.27753279986288915,1.0,0.499,0.4985,0,1,0.05
03_sample_uncertainty,4,162745144429074972553327323938247087123,20000,0.2,0.0,depolarizing,0.0,0.5,0.2,10,0.11,0.95,20000,9963,10,9953,490,2,0.049181973301214495,0.2,0.056682151454375246,0.5098375284633582,0.4531553770089829,1.0,0.49815,0.49765,1,1,0.05
03_sample_uncertainty,5,11555172614223173116485787890724438885,20000,0.2,0.0,depolarizing,0.0,0.5,0.2,10,0.11,0.95,20000,10002,10,9992,510,0,0.05098980203959208,0.0,2.7755575615628914e-17,0.27753279986288915,0.27753279986288915,1.0,0.5001,0.4996,0,1,0.05
03_sample_uncertainty,6,109336563187665799753697214240906147343,20000,0.2,0.0,depolarizing,0.0,0.5,0.2,10,0.11,0.95,20000,9859,10,9849,516,0,0.05233796531088346,0.0,2.7755575615628914e-17,0.27753279986288915,0.27753279986288915,1.0,0.49295,0.49245,0,1,0.05
03_sample_uncertainty,7,255624050140922372397575157374388256807,20000,0.2,0.0,depolarizing,0.0,0.5,0.2,10,0.11,0.95,20000,10018,10,10008,511,1,0.05100818526652026,0.1,0.017876213095072896,0.40415002679523837,0.38627381370016545,1.0,0.5009,0.5004,1,1,0.05
03_sample_uncertainty,8,86550812490075072198496206522284948147,20000,0.2,0.0,depolarizing,0.0,0.5,0.2,10,0.11,0.95,20000,10135,10,10125,507,2,0.05002466699555994,0.2,0.056682151454375246,0.5098375284633582,0.4531553770089829,1.0,0.50675,0.50625,1,1,0.05
03_sample_uncertainty,9,338397211535659527423857794685532987577,20000,0.2,0.0,depolarizing,0.0,0.5,0.2,10,0.11,0.95,20000,10010,10,10000,497,1,0.04965034965034965,0.1,0.017876213095072896,0.40415002679523837,0.38627381370016545,1.0,0.5005,0.5,1,1,0.05
03_sample_uncertainty,10,62637992989285617412917593044424791140,20000,0.2,0.0,depolarizing,0.0,0.5,0.2,10,0.11,0.95,20000,9845,10,9835,496,0,0.05038090401218893,0.0,2.7755575615628914e-17,0.27753279986288915,0.27753279986288915,1.0,0.49225,0.49175,0,1,0.05
03_sample_uncertainty,11,28648292035829286672465294408029801709,20000,0.2,0.0,depolarizing,0.0,0.5,0.2,10,0.11,0.95,20000,9997,10,9987,500,0,0.05001500450135041,0.0,2.7755575615628914e-17,0.27753279986288915,0.27753279986288915,1.0,0.49985,0.49935,0,1,0.05
03_sample_uncertainty,12,335325630076737181594305778998315278238,20000,0.2,0.0,depolarizing,0.0,0.5,0.2,10,0.11,0.95,20000,9915,10,9905,469,0,0.047302067574382246,0.0,2.7755575615628914e-17,0.27753279986288915,0.27753279986288915,1.0,0.49575,0.49525,0,1,0.05
03_sample_uncertainty,13,52180736801342520730342375731490818812,20000,0.2,0.0,depolarizing,0.0,0.5,0.2,10,0.11,0.95,20000,9999,10,9989,526,0,0.052605260526052605,0.0,2.7755575615628914e-17,0.27753279986288915,0.27753279986288915,1.0,0.49995,0.49945,0,1,0.05
03_sample_uncertainty,14,112175620189114547312084550053902905334,20000,0.2,0.0,depolarizing,0.0,0.5,0.2,10,0.11,0.95,20000,9975,10,9965,472,0,0.04731829573934837,0.0,2.7755575615628914e-17,0.27753279986288915,0.27753279986288915,1.0,0.49875,0.49825,0,1,0.05
03_sample_uncertainty,15,242362422422533140204939911624074696360,20000,0.2,0.0,depolarizing,0.0,0.5,0.2,10,0.11,0.95,20000,10053,10,10043,568,1,0.05650054710036805,0.1,0.017876213095072896,0.40415002679523837,0.38627381370016545,1.0,0.50265,0.50215,1,1,0.05
03_sample_uncertainty,16,34486268711160839333840199887366012227,20000,0.2,0.0,depolarizing,0.0,0.5,0.2,10,0.11,0.95,20000,10077,10,10067,486,2,0.048228639476034535,0.2,0.056682151454375246,0.5098375284633582,0.4531553770089829,1.0,0.50385,0.50335,1,1,0.05
03_sample_uncertainty,17,219333814956343086708570250795470810762,20000,0.2,0.0,depolarizing,0.0,0.5,0.2,10,0.11,0.95,20000,10171,10,10161,505,0,0.04965096843968145,0.0,2.7755575615628914e-17,0.27753279986288915,0.27753279986288915,1.0,0.50855,0.50805,0,1,0.05
03_sample_uncertainty,18,47906307033616827246450049732187502408,20000,0.2,0.0,depolarizing,0.0,0.5,0.2,10,0.11,0.95,20000,9954,10,9944,512,0,0.05143660839863372,0.0,2.7755575615628914e-17,0.27753279986288915,0.27753279986288915,1.0,0.4977,0.4972,0,1,0.05
03_sample_uncertainty,19,78802793088237265821530712420997265170,20000,0.2,0.0,depolarizing,0.0,0.5,0.2,10,0.11,0.95,20000,9990,10,9980,509,0,0.05095095095095095,0.0,2.7755575615628914e-17,0.27753279986288915,0.27753279986288915,1.0,0.4995,0.499,0,1,0.05
03_sample_uncertainty,20,316862650843498547566075909392651194531,20000,0.2,0.0,depolarizing,0.0,0.5,0.2,10,0.11,0.95,20000,10081,10,10071,446,0,0.044241642694177165,0.0,2.7755575615628914e-17,0.27753279986288915,0.27753279986288915,1.0,0.50405,0.50355,0,1,0.05
03_sample_uncertainty,21,66422138609355931615674546200600270416,20000,0.2,0.0,depolarizing,0.0,0.5,0.2,10,0.11,0.95,20000,9932,10,9922,487,1,0.04903342730567861,0.1,0.017876213095072896,0.40415002679523837,0.38627381370016545,1.0,0.4966,0.4961,1,1,0.05
03_sample_uncertainty,22,325492954953620902386583552117237125927,20000,0.2,0.0,depolarizing,0.0,0.5,0.2,10,0.11,0.95,20000,9998,10,9988,535,1,0.053510702140428086,0.1,0.017876213095072896,0.40415002679523837,0.38627381370016545,1.0,0.4999,0.4994,1,1,0.05
03_sample_uncertainty,23,328264446461108662647031559777629714706,20000,0.2,0.0,depolarizing,0.0,0.5,0.2,10,0.11,0.95,20000,10076,10,10066,493,0,0.04892814608971814,0.0,2.7755575615628914e-17,0.27753279986288915,0.27753279986288915,1.0,0.5038,0.5033,0,1,0.05
03_sample_uncertainty,24,5334887687060019905853932472689293912,20000,0.2,0.0,depolarizing,0.0,0.5,0.2,10,0.11,0.95,20000,10069,10,10059,517,1,0.05134571456947065,0.1,0.017876213095072896,0.40415002679523837,0.38627381370016545,1.0,0.50345,0.50295,1,1,0.05
03_sample_uncertainty,25,235539869267345075408488511622944529439,20000,0.2,0.0,depolarizing,0.0,0.5,0.2,10,0.11,0.95,20000,9953,10,9943,490,0,0.049231387521350346,0.0,2.7755575615628914e-17,0.27753279986288915,0.27753279986288915,1.0,0.49765,0.49715,0,1,0.05
03_sample_uncertainty,26,338000892939047318223750921211893549196,20000,0.2,0.0,depolarizing,0.0,0.5,0.2,10,0.11,0.95,20000,10133,10,10123,482,0,0.04756735418928254,0.0,2.7755575615628914e-17,0.27753279986288915,0.27753279986288915,1.0,0.50665,0.50615,0,1,0.05
03_sample_uncertainty,27,179319396779833176162244562821508574906,20000,0.2,0.0,depolarizing,0.0,0.5,0.2,10,0.11,0.95,20000,9840,10,9830,487,0,0.04949186991869919,0.0,2.7755575615628914e-17,0.27753279986288915,0.27753279986288915,1.0,0.492,0.4915,0,1,0.05
03_sample_uncertainty,28,122334519018400982610109743238553954358,20000,0.2,0.0,depolarizing,0.0,0.5,0.2,10,0.11,0.95,20000,9905,10,9895,460,1,0.04644119131751641,0.1,0.017876213095072896,0.40415002679523837,0.38627381370016545,1.0,0.49525,0.49475,1,1,0.05
03_sample_uncertainty,29,306669887094248810243341612987743706281,20000,0.2,0.0,depolarizing,0.0,0.5,0.2,10,0.11,0.95,20000,9890,10,9880,485,1,0.04903943377148635,0.1,0.017876213095072896,0.40415002679523837,0.38627381370016545,1.0,0.4945,0.494,1,1,0.05
03_sample_uncertainty,30,308819572579509230234802092982114331525,20000,0.2,0.0,depolarizing,0.0,0.5,0.2,10,0.11,0.95,20000,10026,10,10016,456,0,0.045481747456612806,0.0,2.7755575615628914e-17,0.27753279986288915,0.27753279986288915,1.0,0.5013,0.5008,0,1,0.05
03_sample_uncertainty,31,99164398523651294982751824196160731807,20000,0.2,0.0,depolarizing,0.0,0.5,0.2,10,0.11,0.95,20000,10092,10,10082,485,0,0.04805786761791518,0.0,2.7755575615628914e-17,0.27753279986288915,0.27753279986288915,1.0,0.5046,0.5041,0,1,0.05
03_sample_uncertainty,32,166147716433734809039438321168883211687,20000,0.2,0.0,depolarizing,0.0,0.5,0.2,10,0.11,0.95,20000,10130,10,10120,548,0,0.05409674234945706,0.0,2.7755575615628914e-17,0.27753279986288915,0.27753279986288915,1.0,0.5065,0.506,0,1,0.05
03_sample_uncertainty,33,302831457517590005524606499746213516561,20000,0.2,0.0,depolarizing,0.0,0.5,0.2,10,0.11,0.95,20000,10050,10,10040,481,0,0.04786069651741293,0.0,2.7755575615628914e-17,0.27753279986288915,0.27753279986288915,1.0,0.5025,0.502,0,1,0.05
03_sample_uncertainty,34,239188626156139428604669259506527029032,20000,0.2,0.0,depolarizing,0.0,0.5,0.2,10,0.11,0.95,20000,9944,10,9934,494,1,0.049678197908286405,0.1,0.017876213095072896,0.40415002679523837,0.38627381370016545,1.0,0.4972,0.4967,1,1,0.05
03_sample_uncertainty,35,125974972223295680728218082093786979361,20000,0.2,0.0,depolarizing,0.0,0.5,0.2,10,0.11,0.95,20000,10005,10,9995,470,0,0.04697651174412794,0.0,2.7755575615628914e-17,0.27753279986288915,0.27753279986288915,1.0,0.50025,0.49975,0,1,0.05
03_sample_uncertainty,36,157962216358383428569392829482651465379,20000,0.2,0.0,depolarizing,0.0,0.5,0.2,10,0.11,0.95,20000,9971,10,9961,504,1,0.050546585096780665,0.1,0.017876213095072896,0.40415002679523837,0.38627381370016545,1.0,0.49855,0.49805,1,1,0.05
03_sample_uncertainty,37,162513521435858184801279755072625053343,20000,0.2,0.0,depolarizing,0.0,0.5,0.2,10,0.11,0.95,20000,10077,10,10067,529,0,0.05249578247494294,0.0,2.7755575615628914e-17,0.27753279986288915,0.27753279986288915,1.0,0.50385,0.50335,0,1,0.05
03_sample_uncertainty,38,92269867148728887503413386655917302917,20000,0.2,0.0,depolarizing,0.0,0.5,0.2,10,0.11,0.95,20000,9980,10,9970,483,1,0.04839679358717435,0.1,0.017876213095072896,0.40415002679523837,0.38627381370016545,1.0,0.499,0.4985,1,1,0.05
03_sample_uncertainty,39,249988430845955587577779070053761748414,20000,0.2,0.0,depolarizing,0.0,0.5,0.2,10,0.11,0.95,20000,9966,10,9956,450,0,0.04515352197471403,0.0,2.7755575615628914e-17,0.27753279986288915,0.27753279986288915,1.0,0.4983,0.4978,0,1,0.05
03_sample_uncertainty,40,107403811256276397699981217080394754521,20000,0.2,0.0,depolarizing,0.0,0.5,0.2,10,0.11,0.95,20000,9945,10,9935,452,1,0.045449974861739566,0.1,0.017876213095072896,0.40415002679523837,0.38627381370016545,1.0,0.49725,0.49675,1,1,0.05
03_sample_uncertainty,41,202200466578802628349395520788208818681,20000,0.2,0.0,depolarizing,0.0,0.5,0.2,10,0.11,0.95,20000,10045,10,10035,497,0,0.049477351916376304,0.0,2.7755575615628914e-17,0.27753279986288915,0.27753279986288915,1.0,0.50225,0.50175,0,1,0.05
03_sample_uncertainty,42,53097478553867204819936443704925726264,20000,0.2,0.0,depolarizing,0.0,0.5,0.2,10,0.11,0.95,20000,9874,10,9864,481,0,0.04871379380190399,0.0,2.7755575615628914e-17,0.27753279986288915,0.27753279986288915,1.0,0.4937,0.4932,0,1,0.05
03_sample_uncertainty,43,80901161089846912260239225152307154117,20000,0.2,0.0,depolarizing,0.0,0.5,0.2,10,0.11,0.95,20000,10025,10,10015,493,0,0.04917705735660848,0.0,2.7755575615628914e-17,0.27753279986288915,0.27753279986288915,1.0,0.50125,0.50075,0,1,0.05
03_sample_uncertainty,44,78538281450052427880966582563856529305,20000,0.2,0.0,depolarizing,0.0,0.5,0.2,10,0.11,0.95,20000,10059,10,10049,474,0,0.04712198031613481,0.0,2.7755575615628914e-17,0.27753279986288915,0.27753279986288915,1.0,0.50295,0.50245,0,1,0.05
03_sample_uncertainty,45,14906298852298265578553820287650365859,20000,0.2,0.0,depolarizing,0.0,0.5,0.2,10,0.11,0.95,20000,9984,10,9974,532,0,0.05328525641025641,0.0,2.7755575615628914e-17,0.27753279986288915,0.27753279986288915,1.0,0.4992,0.4987,0,1,0.05
03_sample_uncertainty,46,26121991391730693346132162238281349789,20000,0.2,0.0,depolarizing,0.0,0.5,0.2,10,0.11,0.95,20000,9974,10,9964,519,0,0.052035291758572286,0.0,2.7755575615628914e-17,0.27753279986288915,0.27753279986288915,1.0,0.4987,0.4982,0,1,0.05
03_sample_uncertainty,47,50098062507302752285193926239557715661,20000,0.2,0.0,depolarizing,0.0,0.5,0.2,10,0.11,0.95,20000,9944,10,9934,493,1,0.049577634754625906,0.1,0.017876213095072896,0.40415002679523837,0.38627381370016545,1.0,0.4972,0.4967,1,1,0.05
03_sample_uncertainty,48,263876155487905150634208273109050820656,20000,0.2,0.0,depolarizing,0.0,0.5,0.2,10,0.11,0.95,20000,10035,10,10025,545,1,0.05430991529646238,0.1,0.017876213095072896,0.40415002679523837,0.38627381370016545,1.0,0.50175,0.50125,1,1,0.05
03_sample_uncertainty,49,22386603822068362987200562694415971160,20000,0.2,0.0,depolarizing,0.0,0.5,0.2,10,0.11,0.95,20000,10048,10,10038,493,2,0.04906449044585987,0.2,0.056682151454375246,0.5098375284633582,0.4531553770089829,1.0,0.5024,0.5019,1,1,0.05
03_sample_uncertainty,50,188975777491926486815038311646658221686,20000,0.2,0.0,depolarizing,0.0,0.5,0.2,10,0.11,0.95,20000,10001,10,9991,501,0,0.050094990500949906,0.0,2.7755575615628914e-17,0.27753279986288915,0.27753279986288915,1.0,0.50005,0.49955,0,1,0.05
03_sample_uncertainty,51,138254669346959926123358241538893820756,20000,0.2,0.0,depolarizing,0.0,0.5,0.2,10,0.11,0.95,20000,10071,10,10061,481,0,0.04776089762684937,0.0,2.7755575615628914e-17,0.27753279986288915,0.27753279986288915,1.0,0.50355,0.50305,0,1,0.05
03_sample_uncertainty,52,260740786459902549748464498087853766014,20000,0.2,0.0,depolarizing,0.0,0.5,0.2,10,0.11,0.95,20000,9874,10,9864,465,0,0.0470933765444602,0.0,2.7755575615628914e-17,0.27753279986288915,0.27753279986288915,1.0,0.4937,0.4932,0,1,0.05
03_sample_uncertainty,53,129477824751446327684855201022224697328,20000,0.2,0.0,depolarizing,0.0,0.5,0.2,10,0.11,0.95,20000,10003,10,9993,508,0,0.05078476457062881,0.0,2.7755575615628914e-17,0.27753279986288915,0.27753279986288915,1.0,0.50015,0.49965,0,1,0.05
03_sample_uncertainty,54,148871509322226492513302333560764922525,20000,0.2,0.0,depolarizing,0.0,0.5,0.2,10,0.11,0.95,20000,10064,10,10054,500,2,0.049682034976152624,0.2,0.056682151454375246,0.5098375284633582,0.4531553770089829,1.0,0.5032,0.5027,1,1,0.05
03_sample_uncertainty,55,31285376387789371328984010058052919555,20000,0.2,0.0,depolarizing,0.0,0.5,0.2,10,0.11,0.95,20000,10121,10,10111,498,1,0.049204624049007016,0.1,0.017876213095072896,0.40415002679523837,0.38627381370016545,1.0,0.50605,0.50555,1,1,0.05
03_sample_uncertainty,56,160067894928764429302041735328173711448,20000,0.2,0.0,depolarizing,0.0,0.5,0.2,10,0.11,0.95,20000,10019,10,10009,487,2,0.04860764547360016,0.2,0.056682151454375246,0.5098375284633582,0.4531553770089829,1.0,0.50095,0.50045,1,1,0.05
03_sample_uncertainty,57,55575016781413066879968429211849876494,20000,0.2,0.0,depolarizing,0.0,0.5,0.2,10,0.11,0.95,20000,10032,10,10022,500,0,0.04984051036682616,0.0,2.7755575615628914e-17,0.27753279986288915,0.27753279986288915,1.0,0.5016,0.5011,0,1,0.05
03_sample_uncertainty,58,290703795450126825316398416501394960581,20000,0.2,0.0,depolarizing,0.0,0.5,0.2,10,0.11,0.95,20000,10055,10,10045,449,0,0.04465440079562407,0.0,2.7755575615628914e-17,0.27753279986288915,0.27753279986288915,1.0,0.50275,0.50225,0,1,0.05
03_sample_uncertainty,59,135089918369970776944294429241605439468,20000,0.2,0.0,depolarizing,0.0,0.5,0.2,10,0.11,0.95,20000,10024,10,10014,527,0,0.052573822825219475,0.0,2.7755575615628914e-17,0.27753279986288915,0.27753279986288915,1.0,0.5012,0.5007,0,1,0.05
03_sample_uncertainty,60,110087974234372964929370514105792198234,20000,0.2,0.0,depolarizing,0.0,0.5,0.2,10,0.11,0.95,20000,9982,10,9972,478,0,0.04788619515127229,0.0,2.7755575615628914e-17,0.27753279986288915,0.27753279986288915,1.0,0.4991,0.4986,0,1,0.05
03_sample_uncertainty,61,140110423720762282401728300162572105165,20000,0.2,0.0,depolarizing,0.0,0.5,0.2,10,0.11,0.95,20000,10063,10,10053,479,0,0.04760011924873298,0.0,2.7755575615628914e-17,0.27753279986288915,0.27753279986288915,1.0,0.50315,0.50265,0,1,0.05
03_sample_uncertainty,62,202786212039419864953137885442334781320,20000,0.2,0.0,depolarizing,0.0,0.5,0.2,10,0.11,0.95,20000,9876,10,9866,447,0,0.04526123936816525,0.0,2.7755575615628914e-17,0.27753279986288915,0.27753279986288915,1.0,0.4938,0.4933,0,1,0.05
03_sample_uncertainty,63,143936009840483391386893821374187281621,20000,0.2,0.0,depolarizing,0.0,0.5,0.2,10,0.11,0.95,20000,9997,10,9987,484,0,0.04841452435730719,0.0,2.7755575615628914e-17,0.27753279986288915,0.27753279986288915,1.0,0.49985,0.49935,0,1,0.05
03_sample_uncertainty,64,180981179835370532995579137566425354370,20000,0.2,0.0,depolarizing,0.0,0.5,0.2,10,0.11,0.95,20000,10054,10,10044,511,0,0.050825542072806845,0.0,2.7755575615628914e-17,0.27753279986288915,0.27753279986288915,1.0,0.5027,0.5022,0,1,0.05
03_sample_uncertainty,65,188610301709238312919500416691823327451,20000,0.2,0.0,depolarizing,0.0,0.5,0.2,10,0.11,0.95,20000,9951,10,9941,498,1,0.05004522158577027,0.1,0.017876213095072896,0.40415002679523837,0.38627381370016545,1.0,0.49755,0.49705,1,1,0.05
03_sample_uncertainty,66,146641693822212788362070794165090752710,20000,0.2,0.0,depolarizing,0.0,0.5,0.2,10,0.11,0.95,20000,9954,10,9944,483,1,0.04852320675105485,0.1,0.017876213095072896,0.40415002679523837,0.38627381370016545,1.0,0.4977,0.4972,1,1,0.05
03_sample_uncertainty,67,39589250056255553164716297285137482308,20000,0.2,0.0,depolarizing,0.0,0.5,0.2,10,0.11,0.95,20000,9948,10,9938,486,0,0.048854041013269,0.0,2.7755575615628914e-17,0.27753279986288915,0.27753279986288915,1.0,0.4974,0.4969,0,1,0.05
03_sample_uncertainty,68,271727654212100014482516424680324161739,20000,0.2,0.0,depolarizing,0.0,0.5,0.2,10,0.11,0.95,20000,10024,10,10014,483,0,0.04818435754189944,0.0,2.7755575615628914e-17,0.27753279986288915,0.27753279986288915,1.0,0.5012,0.5007,0,1,0.05
03_sample_uncertainty,69,236427456889524835218438780221023941565,20000,0.2,0.0,depolarizing,0.0,0.5,0.2,10,0.11,0.95,20000,9970,10,9960,512,1,0.051354062186559676,0.1,0.017876213095072896,0.40415002679523837,0.38627381370016545,1.0,0.4985,0.498,1,1,0.05
03_sample_uncertainty,70,312199502381182788700981840767333806365,20000,0.2,0.0,depolarizing,0.0,0.5,0.2,10,0.11,0.95,20000,10065,10,10055,517,1,0.05136612021857923,0.1,0.017876213095072896,0.40415002679523837,0.38627381370016545,1.0,0.50325,0.50275,1,1,0.05
03_sample_uncertainty,71,214804662218583751426524444222643989522,20000,0.2,0.0,depolarizing,0.0,0.5,0.2,10,0.11,0.95,20000,10109,10,10099,521,0,0.05153823325749332,0.0,2.7755575615628914e-17,0.27753279986288915,0.27753279986288915,1.0,0.50545,0.50495,0,1,0.05
03_sample_uncertainty,72,3557597143321554685771788688594220951,20000,0.2,0.0,depolarizing,0.0,0.5,0.2,10,0.11,0.95,20000,9949,10,9939,502,0,0.0504573323952156,0.0,2.7755575615628914e-17,0.27753279986288915,0.27753279986288915,1.0,0.49745,0.49695,0,1,0.05
03_sample_uncertainty,73,156501236881287724770809171369811765797,20000,0.2,0.0,depolarizing,0.0,0.5,0.2,10,0.11,0.95,20000,10113,10,10103,492,1,0.04865025215069712,0.1,0.017876213095072896,0.40415002679523837,0.38627381370016545,1.0,0.50565,0.50515,1,1,0.05
03_sample_uncertainty,74,135995372922083604254350935830017176559,20000,0.2,0.0,depolarizing,0.0,0.5,0.2,10,0.11,0.95,20000,9932,10,9922,484,0,0.048731373338703185,0.0,2.7755575615628914e-17,0.27753279986288915,0.27753279986288915,1.0,0.4966,0.4961,0,1,0.05
03_sample_uncertainty,75,257440880599911693773520291906249227253,20000,0.2,0.0,depolarizing,0.0,0.5,0.2,10,0.11,0.95,20000,9905,10,9895,497,0,0.05017667844522968,0.0,2.7755575615628914e-17,0.27753279986288915,0.27753279986288915,1.0,0.49525,0.49475,0,1,0.05
03_sample_uncertainty,76,205131225832481808747095973124107179816,20000,0.2,0.0,depolarizing,0.0,0.5,0.2,10,0.11,0.95,20000,9956,10,9946,520,1,0.052229811169144234,0.1,0.017876213095072896,0.40415002679523837,0.38627381370016545,1.0,0.4978,0.4973,1,1,0.05
03_sample_uncertainty,77,195012499744255596826522975177552342906,20000,0.2,0.0,depolarizing,0.0,0.5,0.2,10,0.11,0.95,20000,9959,10,9949,505,0,0.05070790239983934,0.0,2.7755575615628914e-17,0.27753279986288915,0.27753279986288915,1.0,0.49795,0.49745,0,1,0.05
03_sample_uncertainty,78,8651617002289240771672366158309295085,20000,0.2,0.0,depolarizing,0.0,0.5,0.2,10,0.11,0.95,20000,10004,10,9994,522,2,0.052179128348660536,0.2,0.056682151454375246,0.5098375284633582,0.4531553770089829,1.0,0.5002,0.4997,1,1,0.05
03_sample_uncertainty,79,318077635043722975146269666348892444587,20000,0.2,0.0,depolarizing,0.0,0.5,0.2,10,0.11,0.95,20000,10128,10,10118,520,1,0.05134281200631911,0.1,0.017876213095072896,0.40415002679523837,0.38627381370016545,1.0,0.5064,0.5059,1,1,0.05
03_sample_uncertainty,80,34394939297011760919108243973203241597,20000,0.2,0.0,depolarizing,0.0,0.5,0.2,10,0.11,0.95,20000,9901,10,9891,508,0,0.05130794869205131,0.0,2.7755575615628914e-17,0.27753279986288915,0.27753279986288915,1.0,0.49505,0.49455,0,1,0.05
03_sample_uncertainty,81,277927526050668615472979096770645467598,20000,0.2,0.0,depolarizing,0.0,0.5,0.2,10,0.11,0.95,20000,9934,10,9924,489,0,0.04922488423595732,0.0,2.7755575615628914e-17,0.27753279986288915,0.27753279986288915,1.0,0.4967,0.4962,0,1,0.05
03_sample_uncertainty,82,1002560597014314134842838442981801110,20000,0.2,0.0,depolarizing,0.0,0.5,0.2,10,0.11,0.95,20000,10023,10,10013,493,1,0.04918687019854335,0.1,0.017876213095072896,0.40415002679523837,0.38627381370016545,1.0,0.50115,0.50065,1,1,0.05
03_sample_uncertainty,83,278755335446056837263909530415461029517,20000,0.2,0.0,depolarizing,0.0,0.5,0.2,10,0.11,0.95,20000,10022,10,10012,479,0,0.047794851327080425,0.0,2.7755575615628914e-17,0.27753279986288915,0.27753279986288915,1.0,0.5011,0.5006,0,1,0.05
03_sample_uncertainty,84,61566315306931257167669103286559896674,20000,0.2,0.0,depolarizing,0.0,0.5,0.2,10,0.11,0.95,20000,9899,10,9889,534,0,0.0539448429134256,0.0,2.7755575615628914e-17,0.27753279986288915,0.27753279986288915,1.0,0.49495,0.49445,0,1,0.05
03_sample_uncertainty,85,238505479980909571921551856743605784836,20000,0.2,0.0,depolarizing,0.0,0.5,0.2,10,0.11,0.95,20000,10040,10,10030,508,1,0.050597609561752986,0.1,0.017876213095072896,0.40415002679523837,0.38627381370016545,1.0,0.502,0.5015,1,1,0.05
03_sample_uncertainty,86,63160045389680172059428417583605520092,20000,0.2,0.0,depolarizing,0.0,0.5,0.2,10,0.11,0.95,20000,9988,10,9978,503,0,0.05036043251902283,0.0,2.7755575615628914e-17,0.27753279986288915,0.27753279986288915,1.0,0.4994,0.4989,0,1,0.05
03_sample_uncertainty,87,278065379783400024778495900997691712732,20000,0.2,0.0,depolarizing,0.0,0.5,0.2,10,0.11,0.95,20000,10019,10,10009,514,1,0.05130252520211598,0.1,0.017876213095072896,0.40415002679523837,0.38627381370016545,1.0,0.50095,0.50045,1,1,0.05
03_sample_uncertainty,88,297844997449123186059103243241396142490,20000,0.2,0.0,depolarizing,0.0,0.5,0.2,10,0.11,0.95,20000,10135,10,10125,521,1,0.051406018746916624,0.1,0.017876213095072896,0.40415002679523837,0.38627381370016545,1.0,0.50675,0.50625,1,1,0.05
03_sample_uncertainty,89,199600011508822859999428277917978875707,20000,0.2,0.0,depolarizing,0.0,0.5,0.2,10,0.11,0.95,20000,9969,10,9959,473,2,0.04744708596649614,0.2,0.056682151454375246,0.5098375284633582,0.4531553770089829,1.0,0.49845,0.49795,1,1,0.05
03_sample_uncertainty,90,170431014536254832982795745901789742088,20000,0.2,0.0,depolarizing,0.0,0.5,0.2,10,0.11,0.95,20000,9916,10,9906,519,0,0.05233965308592174,0.0,2.7755575615628914e-17,0.27753279986288915,0.27753279986288915,1.0,0.4958,0.4953,0,1,0.05
03_sample_uncertainty,91,314068882482603839071835468896670301051,20000,0.2,0.0,depolarizing,0.0,0.5,0.2,10,0.11,0.95,20000,10036,10,10026,497,0,0.04952172180151455,0.0,2.7755575615628914e-17,0.27753279986288915,0.27753279986288915,1.0,0.5018,0.5013,0,1,0.05
03_sample_uncertainty,92,214569408749330921870622748544622394550,20000,0.2,0.0,depolarizing,0.0,0.5,0.2,10,0.11,0.95,20000,9892,10,9882,492,1,0.04973716134249899,0.1,0.017876213095072896,0.40415002679523837,0.38627381370016545,1.0,0.4946,0.4941,1,1,0.05
03_sample_uncertainty,93,181628997570470026314927530746103239513,20000,0.2,0.0,depolarizing,0.0,0.5,0.2,10,0.11,0.95,20000,10050,10,10040,468,1,0.046567164179104475,0.1,0.017876213095072896,0.40415002679523837,0.38627381370016545,1.0,0.5025,0.502,1,1,0.05
03_sample_uncertainty,94,87478226821273898968847704695713774468,20000,0.2,0.0,depolarizing,0.0,0.5,0.2,10,0.11,0.95,20000,9895,10,9885,520,0,0.05255179383527034,0.0,2.7755575615628914e-17,0.27753279986288915,0.27753279986288915,1.0,0.49475,0.49425,0,1,0.05
03_sample_uncertainty,95,153438632881266726078714885521710516386,20000,0.2,0.0,depolarizing,0.0,0.5,0.2,10,0.11,0.95,20000,10107,10,10097,518,0,0.05125160779657663,0.0,2.7755575615628914e-17,0.27753279986288915,0.27753279986288915,1.0,0.50535,0.50485,0,1,0.05
03_sample_uncertainty,96,228567510752648020044649631464365450736,20000,0.2,0.0,depolarizing,0.0,0.5,0.2,10,0.11,0.95,20000,9996,10,9986,525,1,0.052521008403361345,0.1,0.017876213095072896,0.40415002679523837,0.38627381370016545,1.0,0.4998,0.4993,1,1,0.05
03_sample_uncertainty,97,309257845722298716508663201986241415413,20000,0.2,0.0,depolarizing,0.0,0.5,0.2,10,0.11,0.95,20000,10101,10,10091,505,0,0.049995049995049994,0.0,2.7755575615628914e-17,0.27753279986288915,0.27753279986288915,1.0,0.50505,0.50455,0,1,0.05
03_sample_uncertainty,98,90045051426410942029774629682246964931,20000,0.2,0.0,depolarizing,0.0,0.5,0.2,10,0.11,0.95,20000,9953,10,9943,515,1,0.05174319300713353,0.1,0.017876213095072896,0.40415002679523837,0.38627381370016545,1.0,0.49765,0.49715,1,1,0.05
03_sample_uncertainty,99,61887991637564689128204522788794703083,20000,0.2,0.0,depolarizing,0.0,0.5,0.2,10,0.11,0.95,20000,9888,10,9878,505,0,0.05107200647249191,0.0,2.7755575615628914e-17,0.27753279986288915,0.27753279986288915,1.0,0.4944,0.4939,0,1,0.05
03_sample_uncertainty,100,192089184956243312362640221607343206783,20000,0.2,0.0,depolarizing,0.0,0.5,0.2,10,0.11,0.95,20000,10027,10,10017,514,0,0.05126159369701805,0.0,2.7755575615628914e-17,0.27753279986288915,0.27753279986288915,1.0,0.50135,0.50085,0,1,0.05
03_sample_uncertainty,101,187441996085215084006505389718655251269,20000,0.2,0.0,depolarizing,0.0,0.5,0.2,10,0.11,0.95,20000,10020,10,10010,504,0,0.05029940119760479,0.0,2.7755575615628914e-17,0.27753279986288915,0.27753279986288915,1.0,0.501,0.5005,0,1,0.05
03_sample_uncertainty,102,116967457971171156253064924084436022000,20000,0.2,0.0,depolarizing,0.0,0.5,0.2,10,0.11,0.95,20000,9974,10,9964,498,1,0.049929817525566474,0.1,0.017876213095072896,0.40415002679523837,0.38627381370016545,1.0,0.4987,0.4982,1,1,0.05
03_sample_uncertainty,103,171372573053958088257300014148785579597,20000,0.2,0.0,depolarizing,0.0,0.5,0.2,10,0.11,0.95,20000,10171,10,10161,485,0,0.04768459345197129,0.0,2.7755575615628914e-17,0.27753279986288915,0.27753279986288915,1.0,0.50855,0.50805,0,1,0.05
03_sample_uncertainty,104,178532003927614372328876632022496059793,20000,0.2,0.0,depolarizing,0.0,0.5,0.2,10,0.11,0.95,20000,10131,10,10121,503,1,0.04964959036620274,0.1,0.017876213095072896,0.40415002679523837,0.38627381370016545,1.0,0.50655,0.50605,1,1,0.05
03_sample_uncertainty,105,99367489086998441568303324427134633646,20000,0.2,0.0,depolarizing,0.0,0.5,0.2,10,0.11,0.95,20000,9887,10,9877,490,2,0.049560028320016186,0.2,0.056682151454375246,0.5098375284633582,0.4531553770089829,1.0,0.49435,0.49385,1,1,0.05
03_sample_uncertainty,106,305268843187196280811533000892344916889,20000,0.2,0.0,depolarizing,0.0,0.5,0.2,10,0.11,0.95,20000,10062,10,10052,493,0,0.048996223414828066,0.0,2.7755575615628914e-17,0.27753279986288915,0.27753279986288915,1.0,0.5031,0.5026,0,1,0.05
03_sample_uncertainty,107,220380506299222384135091506333938979528,20000,0.2,0.0,depolarizing,0.0,0.5,0.2,10,0.11,0.95,20000,10027,10,10017,509,0,0.05076294006183305,0.0,2.7755575615628914e-17,0.27753279986288915,0.27753279986288915,1.0,0.50135,0.50085,0,1,0.05
03_sample_uncertainty,108,307081446479155574075383390736263196155,20000,0.2,0.0,depolarizing,0.0,0.5,0.2,10,0.11,0.95,20000,10014,10,10004,497,0,0.049630517275813864,0.0,2.7755575615628914e-17,0.27753279986288915,0.27753279986288915,1.0,0.5007,0.5002,0,1,0.05
03_sample_uncertainty,109,102738774849877298762641959780123173899,20000,0.2,0.0,depolarizing,0.0,0.5,0.2,10,0.11,0.95,20000,9943,10,9933,509,2,0.05119179322136176,0.2,0.056682151454375246,0.5098375284633582,0.4531553770089829,1.0,0.49715,0.49665,1,1,0.05
03_sample_uncertainty,110,197047346729146943170505349746661251605,20000,0.2,0.0,depolarizing,0.0,0.5,0.2,10,0.11,0.95,20000,10041,10,10031,491,1,0.04889951200079674,0.1,0.017876213095072896,0.40415002679523837,0.38627381370016545,1.0,0.50205,0.50155,1,1,0.05
03_sample_uncertainty,111,123135886343382213385446187423250925912,20000,0.2,0.0,depolarizing,0.0,0.5,0.2,10,0.11,0.95,20000,10046,10,10036,528,1,0.05255823213219192,0.1,0.017876213095072896,0.40415002679523837,0.38627381370016545,1.0,0.5023,0.5018,1,1,0.05
03_sample_uncertainty,112,131287079246284827765183584883086895126,20000,0.2,0.0,depolarizing,0.0,0.5,0.2,10,0.11,0.95,20000,9949,10,9939,521,1,0.05236707206754448,0.1,0.017876213095072896,0.40415002679523837,0.38627381370016545,1.0,0.49745,0.49695,1,1,0.05
03_sample_uncertainty,113,106394389668077533483779384755718735412,20000,0.2,0.0,depolarizing,0.0,0.5,0.2,10,0.11,0.95,20000,9970,10,9960,514,1,0.051554663991975926,0.1,0.017876213095072896,0.40415002679523837,0.38627381370016545,1.0,0.4985,0.498,1,1,0.05
03_sample_uncertainty,114,12880206172092193518178533683339880822,20000,0.2,0.0,depolarizing,0.0,0.5,0.2,10,0.11,0.95,20000,10072,10,10062,535,0,0.05311755361397935,0.0,2.7755575615628914e-17,0.27753279986288915,0.27753279986288915,1.0,0.5036,0.5031,0,1,0.05
03_sample_uncertainty,115,30208984815946088506494002805713710403,20000,0.2,0.0,depolarizing,0.0,0.5,0.2,10,0.11,0.95,20000,9928,10,9918,508,0,0.05116841257050766,0.0,2.7755575615628914e-17,0.27753279986288915,0.27753279986288915,1.0,0.4964,0.4959,0,1,0.05
03_sample_uncertainty,116,240674164702647783494459800512485175569,20000,0.2,0.0,depolarizing,0.0,0.5,0.2,10,0.11,0.95,20000,10078,10,10068,483,1,0.04792617582853741,0.1,0.017876213095072896,0.40415002679523837,0.38627381370016545,1.0,0.5039,0.5034,1,1,0.05
03_sample_uncertainty,117,67345420428566250169255004235209211445,20000,0.2,0.0,depolarizing,0.0,0.5,0.2,10,0.11,0.95,20000,9988,10,9978,523,1,0.05236283540248298,0.1,0.017876213095072896,0.40415002679523837,0.38627381370016545,1.0,0.4994,0.4989,1,1,0.05
03_sample_uncertainty,118,336178875517033463600203280540912698049,20000,0.2,0.0,depolarizing,0.0,0.5,0.2,10,0.11,0.95,20000,9995,10,9985,527,0,0.052726363181590796,0.0,2.7755575615628914e-17,0.27753279986288915,0.27753279986288915,1.0,0.49975,0.49925,0,1,0.05
03_sample_uncertainty,119,82549276000380804309395122764104639630,20000,0.2,0.0,depolarizing,0.0,0.5,0.2,10,0.11,0.95,20000,9937,10,9927,516,1,0.051927140988225824,0.1,0.017876213095072896,0.40415002679523837,0.38627381370016545,1.0,0.49685,0.49635,1,1,0.05
03_sample_uncertainty,120,91465617820283349616447271652547288670,20000,0.2,0.0,depolarizing,0.0,0.5,0.2,10,0.11,0.95,20000,10032,10,10022,478,2,0.04764752791068581,0.2,0.056682151454375246,0.5098375284633582,0.4531553770089829,1.0,0.5016,0.5011,1,1,0.05
03_sample_uncertainty,121,101106698985333370044742583708930021868,20000,0.2,0.0,depolarizing,0.0,0.5,0.2,10,0.11,0.95,20000,10214,10,10204,523,1,0.051204229488936756,0.1,0.017876213095072896,0.40415002679523837,0.38627381370016545,1.0,0.5107,0.5102,1,1,0.05
03_sample_uncertainty,122,320437446178846200321722852292739517935,20000,0.2,0.0,depolarizing,0.0,0.5,0.2,10,0.11,0.95,20000,10081,10,10071,470,0,0.04662235889296697,0.0,2.7755575615628914e-17,0.27753279986288915,0.27753279986288915,1.0,0.50405,0.50355,0,1,0.05
03_sample_uncertainty,123,226264100223482813374000801912895921065,20000,0.2,0.0,depolarizing,0.0,0.5,0.2,10,0.11,0.95,20000,10186,10,10176,529,0,0.051934027096014135,0.0,2.7755575615628914e-17,0.27753279986288915,0.27753279986288915,1.0,0.5093,0.5088,0,1,0.05
03_sample_uncertainty,124,137846118779994332637187723646492440781,20000,0.2,0.0,depolarizing,0.0,0.5,0.2,10,0.11,0.95,20000,9971,10,9961,500,1,0.05014542172299669,0.1,0.017876213095072896,0.40415002679523837,0.38627381370016545,1.0,0.49855,0.49805,1,1,0.05
03_sample_uncertainty,125,317539406698633561447234757143829065732,20000,0.2,0.0,depolarizing,0.0,0.5,0.2,10,0.11,0.95,20000,9882,10,9872,485,0,0.04907913377858733,0.0,2.7755575615628914e-17,0.27753279986288915,0.27753279986288915,1.0,0.4941,0.4936,0,1,0.05
03_sample_uncertainty,126,221710642216105586114564367881637084589,20000,0.2,0.0,depolarizing,0.0,0.5,0.2,10,0.11,0.95,20000,9943,10,9933,511,2,0.051392939756612695,0.2,0.056682151454375246,0.5098375284633582,0.4531553770089829,1.0,0.49715,0.49665,1,1,0.05
03_sample_uncertainty,127,313008734574261012466115515119065956429,20000,0.2,0.0,depolarizing,0.0,0.5,0.2,10,0.11,0.95,20000,10011,10,10001,515,0,0.05144341224652882,0.0,2.7755575615628914e-17,0.27753279986288915,0.27753279986288915,1.0,0.50055,0.50005,0,1,0.05
03_sample_uncertainty,128,68833225230861705738116925522432303711,20000,0.2,0.0,depolarizing,0.0,0.5,0.2,10,0.11,0.95,20000,10036,10,10026,492,1,0.04902351534475887,0.1,0.017876213095072896,0.40415002679523837,0.38627381370016545,1.0,0.5018,0.5013,1,1,0.05
03_sample_uncertainty,129,71827938761264114008276237766418063466,20000,0.2,0.0,depolarizing,0.0,0.5,0.2,10,0.11,0.95,20000,10039,10,10029,504,3,0.050204203605936845,0.3,0.10779126740630102,0.6032218525388546,0.4954305851325536,1.0,0.50195,0.50145,1,1,0.05
03_sample_uncertainty,130,70721824911569763472211210121014837045,20000,0.2,0.0,depolarizing,0.0,0.5,0.2,10,0.11,0.95,20000,9946,10,9936,497,1,0.04996983712045043,0.1,0.017876213095072896,0.40415002679523837,0.38627381370016545,1.0,0.4973,0.4968,1,1,0.05
03_sample_uncertainty,131,287111059703987768566175720193517270374,20000,0.2,0.0,depolarizing,0.0,0.5,0.2,10,0.11,0.95,20000,9934,10,9924,501,0,0.050432856855244616,0.0,2.7755575615628914e-17,0.27753279986288915,0.27753279986288915,1.0,0.4967,0.4962,0,1,0.05
03_sample_uncertainty,132,38923754514392703590162591926747706791,20000,0.2,0.0,depolarizing,0.0,0.5,0.2,10,0.11,0.95,20000,9958,10,9948,479,1,0.04810202851978309,0.1,0.017876213095072896,0.40415002679523837,0.38627381370016545,1.0,0.4979,0.4974,1,1,0.05
03_sample_uncertainty,133,19671339752898188921868021426866424664,20000,0.2,0.0,depolarizing,0.0,0.5,0.2,10,0.11,0.95,20000,9981,10,9971,483,0,0.04839194469492035,0.0,2.7755575615628914e-17,0.27753279986288915,0.27753279986288915,1.0,0.49905,0.49855,0,1,0.05
03_sample_uncertainty,134,182359394921032742243672777970660994329,20000,0.2,0.0,depolarizing,0.0,0.5,0.2,10,0.11,0.95,20000,9938,10,9928,516,1,0.05192191587844637,0.1,0.017876213095072896,0.40415002679523837,0.38627381370016545,1.0,0.4969,0.4964,1,1,0.05
03_sample_uncertainty,135,34018249222025026450420146687900201677,20000,0.2,0.0,depolarizing,0.0,0.5,0.2,10,0.11,0.95,20000,9969,10,9959,494,0,0.04955361621025178,0.0,2.7755575615628914e-17,0.27753279986288915,0.27753279986288915,1.0,0.49845,0.49795,0,1,0.05
03_sample_uncertainty,136,113887001532803486904452154945681602894,20000,0.2,0.0,depolarizing,0.0,0.5,0.2,10,0.11,0.95,20000,9982,10,9972,495,1,0.04958926066920457,0.1,0.017876213095072896,0.40415002679523837,0.38627381370016545,1.0,0.4991,0.4986,1,1,0.05
03_sample_uncertainty,137,72923824676986117015572351749176547822,20000,0.2,0.0,depolarizing,0.0,0.5,0.2,10,0.11,0.95,20000,9877,10,9867,540,1,0.054672471398197836,0.1,0.017876213095072896,0.40415002679523837,0.38627381370016545,1.0,0.49385,0.49335,1,1,0.05
03_sample_uncertainty,138,2161123691440658785734337954769798511,20000,0.2,0.0,depolarizing,0.0,0.5,0.2,10,0.11,0.95,20000,9953,10,9943,490,0,0.049231387521350346,0.0,2.7755575615628914e-17,0.27753279986288915,0.27753279986288915,1.0,0.49765,0.49715,0,1,0.05
03_sample_uncertainty,139,223277595133328991513489596067305820800,20000,0.2,0.0,depolarizing,0.0,0.5,0.2,10,0.11,0.95,20000,9998,10,9988,510,0,0.051010202040408084,0.0,2.7755575615628914e-17,0.27753279986288915,0.27753279986288915,1.0,0.4999,0.4994,0,1,0.05
03_sample_uncertainty,140,181128362446109329570159133678351318233,20000,0.2,0.0,depolarizing,0.0,0.5,0.2,10,0.11,0.95,20000,9897,10,9887,482,0,0.0487016267555825,0.0,2.7755575615628914e-17,0.27753279986288915,0.27753279986288915,1.0,0.49485,0.49435,0,1,0.05
03_sample_uncertainty,141,141987087454979858394260423305612752575,20000,0.2,0.0,depolarizing,0.0,0.5,0.2,10,0.11,0.95,20000,10118,10,10108,499,0,0.04931804704487053,0.0,2.7755575615628914e-17,0.27753279986288915,0.27753279986288915,1.0,0.5059,0.5054,0,1,0.05
03_sample_uncertainty,142,112716949834924812756249820938512145406,20000,0.2,0.0,depolarizing,0.0,0.5,0.2,10,0.11,0.95,20000,10063,10,10053,483,2,0.047997615025340355,0.2,0.056682151454375246,0.5098375284633582,0.4531553770089829,1.0,0.50315,0.50265,1,1,0.05
03_sample_uncertainty,143,96807286683247598613740766238837646798,20000,0.2,0.0,depolarizing,0.0,0.5,0.2,10,0.11,0.95,20000,10012,10,10002,486,1,0.048541749900119856,0.1,0.017876213095072896,0.40415002679523837,0.38627381370016545,1.0,0.5006,0.5001,1,1,0.05
03_sample_uncertainty,144,251373620069367845136186256158006209095,20000,0.2,0.0,depolarizing,0.0,0.5,0.2,10,0.11,0.95,20000,10005,10,9995,496,0,0.0495752123938031,0.0,2.7755575615628914e-17,0.27753279986288915,0.27753279986288915,1.0,0.50025,0.49975,0,1,0.05
03_sample_uncertainty,145,15524083822775241067126461507178373454,20000,0.2,0.0,depolarizing,0.0,0.5,0.2,10,0.11,0.95,20000,9905,10,9895,505,0,0.05098435133770823,0.0,2.7755575615628914e-17,0.27753279986288915,0.27753279986288915,1.0,0.49525,0.49475,0,1,0.05
03_sample_uncertainty,146,276201783990719526154271202860225106617,20000,0.2,0.0,depolarizing,0.0,0.5,0.2,10,0.11,0.95,20000,10133,10,10123,556,0,0.05487022599427613,0.0,2.7755575615628914e-17,0.27753279986288915,0.27753279986288915,1.0,0.50665,0.50615,0,1,0.05
03_sample_uncertainty,147,13233405617281747001745452238388256329,20000,0.2,0.0,depolarizing,0.0,0.5,0.2,10,0.11,0.95,20000,9939,10,9929,519,0,0.05221853305161485,0.0,2.7755575615628914e-17,0.27753279986288915,0.27753279986288915,1.0,0.49695,0.49645,0,1,0.05
03_sample_uncertainty,148,212858220983544331301927557532510221437,20000,0.2,0.0,depolarizing,0.0,0.5,0.2,10,0.11,0.95,20000,9908,10,9898,530,0,0.053492127573677835,0.0,2.7755575615628914e-17,0.27753279986288915,0.27753279986288915,1.0,0.4954,0.4949,0,1,0.05
03_sample_uncertainty,149,85241822723302993834666460878040526769,20000,0.2,0.0,depolarizing,0.0,0.5,0.2,10,0.11,0.95,20000,10004,10,9994,484,1,0.048380647740903636,0.1,0.017876213095072896,0.40415002679523837,0.38627381370016545,1.0,0.5002,0.4997,1,1,0.05
03_sample_uncertainty,0,169120663527584573055730733822114830035,20000,0.2,0.0,depolarizing,0.0,0.5,0.2,25,0.11,0.95,20000,10011,25,9986,492,2,0.049145939466586755,0.08,0.02222040128484759,0.2496610895039531,0.2274406882191055,1.0,0.50055,0.4993,1,1,0.05
03_sample_uncertainty,1,165821212132096333226799287287761013070,20000,0.2,0.0,depolarizing,0.0,0.5,0.2,25,0.11,0.95,20000,9869,25,9844,514,0,0.05208227783970007,0.0,0.0,0.13319225093904843,0.13319225093904843,1.0,0.49345,0.4922,0,1,0.05
03_sample_uncertainty,2,13402639133315347200521194148145788007,20000,0.2,0.0,depolarizing,0.0,0.5,0.2,25,0.11,0.95,20000,10045,25,10020,540,1,0.05375808860129418,0.04,0.007096233501987251,0.19544063736193729,0.18834440385995005,1.0,0.50225,0.501,1,1,0.05
03_sample_uncertainty,3,9719496130513961134212753766604370425,20000,0.2,0.0,depolarizing,0.0,0.5,0.2,25,0.11,0.95,20000,9982,25,9957,480,0,0.04808655580044079,0.0,0.0,0.13319225093904843,0.13319225093904843,1.0,0.4991,0.49785,0,1,0.05
03_sample_uncertainty,4,95321841384554682197264670811517491319,20000,0.2,0.0,depolarizing,0.0,0.5,0.2,25,0.11,0.95,20000,9953,25,9928,506,1,0.05083894303225158,0.04,0.007096233501987251,0.19544063736193729,0.18834440385995005,1.0,0.49765,0.4964,1,1,0.05
03_sample_uncertainty,5,133686342327677769497173973104573691826,20000,0.2,0.0,depolarizing,0.0,0.5,0.2,25,0.11,0.95,20000,9993,25,9968,509,1,0.05093565495847093,0.04,0.007096233501987251,0.19544063736193729,0.18834440385995005,1.0,0.49965,0.4984,1,1,0.05
03_sample_uncertainty,6,209416061860468548908495772118402159359,20000,0.2,0.0,depolarizing,0.0,0.5,0.2,25,0.11,0.95,20000,9997,25,9972,490,2,0.0490147044113234,0.08,0.02222040128484759,0.2496610895039531,0.2274406882191055,1.0,0.49985,0.4986,1,1,0.05
03_sample_uncertainty,7,308676114010926849924726715291660367162,20000,0.2,0.0,depolarizing,0.0,0.5,0.2,25,0.11,0.95,20000,10015,25,9990,537,2,0.05361957064403395,0.08,0.02222040128484759,0.2496610895039531,0.2274406882191055,1.0,0.50075,0.4995,1,1,0.05
03_sample_uncertainty,8,2509221893079006834984725858235158572,20000,0.2,0.0,depolarizing,0.0,0.5,0.2,25,0.11,0.95,20000,10051,25,10026,486,1,0.048353397671873445,0.04,0.007096233501987251,0.19544063736193729,0.18834440385995005,1.0,0.50255,0.5013,1,1,0.05
03_sample_uncertainty,9,269817781338202158183188812762017207864,20000,0.2,0.0,depolarizing,0.0,0.5,0.2,25,0.11,0.95,20000,10109,25,10084,548,2,0.05420912058561678,0.08,0.02222040128484759,0.2496610895039531,0.2274406882191055,1.0,0.50545,0.5042,1,1,0.05
03_sample_uncertainty,10,161010538573826834256662289121312167126,20000,0.2,0.0,depolarizing,0.0,0.5,0.2,25,0.11,0.95,20000,10210,25,10185,516,1,0.0505386875612145,0.04,0.007096233501987251,0.19544063736193729,0.18834440385995005,1.0,0.5105,0.50925,1,1,0.05
03_sample_uncertainty,11,207448103997692342982446853853608879952,20000,0.2,0.0,depolarizing,0.0,0.5,0.2,25,0.11,0.95,20000,10130,25,10105,507,1,0.05004935834155972,0.04,0.007096233501987251,0.19544063736193729,0.18834440385995005,1.0,0.5065,0.50525,1,1,0.05
03_sample_uncertainty,12,206164783117599672919436551157799775045,20000,0.2,0.0,depolarizing,0.0,0.5,0.2,25,0.11,0.95,20000,10044,25,10019,531,1,0.0528673835125448,0.04,0.007096233501987251,0.19544063736193729,0.18834440385995005,1.0,0.5022,0.50095,1,1,0.05
03_sample_uncertainty,13,29976072160973657247655459266435154792,20000,0.2,0.0,depolarizing,0.0,0.5,0.2,25,0.11,0.95,20000,10112,25,10087,532,3,0.05261075949367089,0.12,0.041668171504403634,0.2995579392092732,0.2578897677048696,1.0,0.5056,0.50435,1,1,0.05
03_sample_uncertainty,14,222455283948159941055817956287254410016,20000,0.2,0.0,depolarizing,0.0,0.5,0.2,25,0.11,0.95,20000,9999,25,9974,488,2,0.048804880488048805,0.08,0.02222040128484759,0.2496610895039531,0.2274406882191055,1.0,0.49995,0.4987,1,1,0.05
03_sample_uncertainty,15,164496800354868180884394500488583502877,20000,0.2,0.0,depolarizing,0.0,0.5,0.2,25,0.11,0.95,20000,9945,25,9920,488,1,0.04906988436400201,0.04,0.007096233501987251,0.19544063736193729,0.18834440385995005,1.0,0.49725,0.496,1,1,0.05
03_sample_uncertainty,16,334676778139011569775369816529125220780,20000,0.2,0.0,depolarizing,0.0,0.5,0.2,25,0.11,0.95,20000,9745,25,9720,485,1,0.049769112365315546,0.04,0.007096233501987251,0.19544063736193729,0.18834440385995005,1.0,0.48725,0.486,1,1,0.05
03_sample_uncertainty,17,264464287782801360350509139371353068803,20000,0.2,0.0,depolarizing,0.0,0.5,0.2,25,0.11,0.95,20000,9882,25,9857,519,0,0.0525197328476017,0.0,0.0,0.13319225093904843,0.13319225093904843,1.0,0.4941,0.49285,0,1,0.05
03_sample_uncertainty,18,42475374352495749392177601850963833236,20000,0.2,0.0,depolarizing,0.0,0.5,0.2,25,0.11,0.95,20000,10020,25,9995,525,2,0.05239520958083832,0.08,0.02222040128484759,0.2496610895039531,0.2274406882191055,1.0,0.501,0.49975,1,1,0.05
03_sample_uncertainty,19,159410794325799080913400779986702630373,20000,0.2,0.0,depolarizing,0.0,0.5,0.2,25,0.11,0.95,20000,10017,25,9992,542,2,0.05410801637216731,0.08,0.02222040128484759,0.2496610895039531,0.2274406882191055,1.0,0.50085,0.4996,1,1,0.05
03_sample_uncertainty,20,174520059325771980566209054167351160801,20000,0.2,0.0,depolarizing,0.0,0.5,0.2,25,0.11,0.95,20000,9953,25,9928,516,1,0.051843665226564854,0.04,0.007096233501987251,0.19544063736193729,0.18834440385995005,1.0,0.49765,0.4964,1,1,0.05
03_sample_uncertainty,21,290486961448327220571094318514390835415,20000,0.2,0.0,depolarizing,0.0,0.5,0.2,25,0.11,0.95,20000,9904,25,9879,459,1,0.04634491114701131,0.04,0.007096233501987251,0.19544063736193729,0.18834440385995005,1.0,0.4952,0.49395,1,1,0.05
03_sample_uncertainty,22,298794555751075891027098726455209885960,20000,0.2,0.0,depolarizing,0.0,0.5,0.2,25,0.11,0.95,20000,9862,25,9837,487,1,0.0493814642060434,0.04,0.007096233501987251,0.19544063736193729,0.18834440385995005,1.0,0.4931,0.49185,1,1,0.05
03_sample_uncertainty,23,319365053237562628072500091228040323161,20000,0.2,0.0,depolarizing,0.0,0.5,0.2,25,0.11,0.95,20000,9954,25,9929,492,2,0.04942736588306208,0.08,0.02222040128484759,0.2496610895039531,0.2274406882191055,1.0,0.4977,0.49645,1,1,0.05
03_sample_uncertainty,24,328324086990545809875743486179876353422,20000,0.2,0.0,depolarizing,0.0,0.5,0.2,25,0.11,0.95,20000,10073,25,10048,516,1,0.05122604983619577,0.04,0.007096233501987251,0.19544063736193729,0.18834440385995005,1.0,0.50365,0.5024,1,1,0.05
03_sample_uncertainty,25,100576673152359713106504634731921011184,20000,0.2,0.0,depolarizing,0.0,0.5,0.2,25,0.11,0.95,20000,10098,25,10073,466,2,0.046147752030104974,0.08,0.02222040128484759,0.2496610895039531,0.2274406882191055,1.0,0.5049,0.50365,1,1,0.05
03_sample_uncertainty,26,120916171135100219245164993226087069594,20000,0.2,0.0,depolarizing,0.0,0.5,0.2,25,0.11,0.95,20000,9888,25,9863,513,2,0.051881067961165046,0.08,0.02222040128484759,0.2496610895039531,0.2274406882191055,1.0,0.4944,0.49315,1,1,0.05
03_sample_uncertainty,27,241811859612586288027875336370004483103,20000,0.2,0.0,depolarizing,0.0,0.5,0.2,25,0.11,0.95,20000,9964,25,9939,552,1,0.055399437976716176,0.04,0.007096233501987251,0.19544063736193729,0.18834440385995005,1.0,0.4982,0.49695,1,1,0.05
03_sample_uncertainty,28,171859353295738021005945464100322135825,20000,0.2,0.0,depolarizing,0.0,0.5,0.2,25,0.11,0.95,20000,10006,25,9981,497,1,0.049670197881271236,0.04,0.007096233501987251,0.19544063736193729,0.18834440385995005,1.0,0.5003,0.49905,1,1,0.05
03_sample_uncertainty,29,133279411446560510102914689138872295059,20000,0.2,0.0,depolarizing,0.0,0.5,0.2,25,0.11,0.95,20000,9997,25,9972,526,1,0.052615784735420626,0.04,0.007096233501987251,0.19544063736193729,0.18834440385995005,1.0,0.49985,0.4986,1,1,0.05
03_sample_uncertainty,30,213709241239711698837134652441357318634,20000,0.2,0.0,depolarizing,0.0,0.5,0.2,25,0.11,0.95,20000,10009,25,9984,536,2,0.053551803376960735,0.08,0.02222040128484759,0.2496610895039531,0.2274406882191055,1.0,0.50045,0.4992,1,1,0.05
03_sample_uncertainty,31,118451488356536345133989102298948221773,20000,0.2,0.0,depolarizing,0.0,0.5,0.2,25,0.11,0.95,20000,9979,25,9954,472,3,0.04729932859003908,0.12,0.041668171504403634,0.2995579392092732,0.2578897677048696,1.0,0.49895,0.4977,1,1,0.05
03_sample_uncertainty,32,4417375819865756541730939176665209204,20000,0.2,0.0,depolarizing,0.0,0.5,0.2,25,0.11,0.95,20000,9987,25,9962,496,0,0.04966456393311305,0.0,0.0,0.13319225093904843,0.13319225093904843,1.0,0.49935,0.4981,0,1,0.05
03_sample_uncertainty,33,60200276689859180584157367376971421534,20000,0.2,0.0,depolarizing,0.0,0.5,0.2,25,0.11,0.95,20000,9933,25,9908,449,1,0.04520285915634753,0.04,0.007096233501987251,0.19544063736193729,0.18834440385995005,1.0,0.49665,0.4954,1,1,0.05
03_sample_uncertainty,34,106418821357767541926948495435838920161,20000,0.2,0.0,depolarizing,0.0,0.5,0.2,25,0.11,0.95,20000,9957,25,9932,508,4,0.05101938334839811,0.16,0.0640345145667644,0.3465362160717885,0.2825017015050241,1.0,0.49785,0.4966,1,1,0.05
03_sample_uncertainty,35,1479007226572397017626927812182143324,20000,0.2,0.0,depolarizing,0.0,0.5,0.2,25,0.11,0.95,20000,9944,25,9919,504,0,0.050683829444891394,0.0,0.0,0.13319225093904843,0.13319225093904843,1.0,0.4972,0.49595,0,1,0.05
03_sample_uncertainty,36,101884768565580867747609270043110217224,20000,0.2,0.0,depolarizing,0.0,0.5,0.2,25,0.11,0.95,20000,9971,25,9946,461,2,0.04623407882860295,0.08,0.02222040128484759,0.2496610895039531,0.2274406882191055,1.0,0.49855,0.4973,1,1,0.05
03_sample_uncertainty,37,131968403825856642795181700912409717459,20000,0.2,0.0,depolarizing,0.0,0.5,0.2,25,0.11,0.95,20000,10091,25,10066,537,2,0.05321573679516401,0.08,0.02222040128484759,0.2496610895039531,0.2274406882191055,1.0,0.50455,0.5033,1,1,0.05
03_sample_uncertainty,38,202325518434684037831337003272451725077,20000,0.2,0.0,depolarizing,0.0,0.5,0.2,25,0.11,0.95,20000,9992,25,9967,504,1,0.05044035228182546,0.04,0.007096233501987251,0.19544063736193729,0.18834440385995005,1.0,0.4996,0.49835,1,1,0.05
03_sample_uncertainty,39,153973887842447122557486125662917248335,20000,0.2,0.0,depolarizing,0.0,0.5,0.2,25,0.11,0.95,20000,9999,25,9974,524,2,0.052405240524052404,0.08,0.02222040128484759,0.2496610895039531,0.2274406882191055,1.0,0.49995,0.4987,1,1,0.05
03_sample_uncertainty,40,150151563253865131832053820553103195204,20000,0.2,0.0,depolarizing,0.0,0.5,0.2,25,0.11,0.95,20000,9921,25,9896,512,3,0.05160770083660921,0.12,0.041668171504403634,0.2995579392092732,0.2578897677048696,1.0,0.49605,0.4948,1,1,0.05
03_sample_uncertainty,41,317432055614197228763650073957186207116,20000,0.2,0.0,depolarizing,0.0,0.5,0.2,25,0.11,0.95,20000,10002,25,9977,485,2,0.048490301939612075,0.08,0.02222040128484759,0.2496610895039531,0.2274406882191055,1.0,0.5001,0.49885,1,1,0.05
03_sample_uncertainty,42,231456057890806531839406300224804613897,20000,0.2,0.0,depolarizing,0.0,0.5,0.2,25,0.11,0.95,20000,10050,25,10025,488,2,0.04855721393034826,0.08,0.02222040128484759,0.2496610895039531,0.2274406882191055,1.0,0.5025,0.50125,1,1,0.05
03_sample_uncertainty,43,154497878155656988441802912974751010140,20000,0.2,0.0,depolarizing,0.0,0.5,0.2,25,0.11,0.95,20000,9984,25,9959,512,3,0.05128205128205128,0.12,0.041668171504403634,0.2995579392092732,0.2578897677048696,1.0,0.4992,0.49795,1,1,0.05
03_sample_uncertainty,44,4555787941954011642002281182240868867,20000,0.2,0.0,depolarizing,0.0,0.5,0.2,25,0.11,0.95,20000,9961,25,9936,482,1,0.04838871599237025,0.04,0.007096233501987251,0.19544063736193729,0.18834440385995005,1.0,0.49805,0.4968,1,1,0.05
03_sample_uncertainty,45,243699621839003261923202886842526779591,20000,0.2,0.0,depolarizing,0.0,0.5,0.2,25,0.11,0.95,20000,10102,25,10077,538,0,0.05325678083547812,0.0,0.0,0.13319225093904843,0.13319225093904843,1.0,0.5051,0.50385,0,1,0.05
03_sample_uncertainty,46,125771315220801039679679206672841620930,20000,0.2,0.0,depolarizing,0.0,0.5,0.2,25,0.11,0.95,20000,10000,25,9975,506,1,0.0506,0.04,0.007096233501987251,0.19544063736193729,0.18834440385995005,1.0,0.5,0.49875,1,1,0.05
03_sample_uncertainty,47,254811466865944197288467906575416107372,20000,0.2,0.0,depolarizing,0.0,0.5,0.2,25,0.11,0.95,20000,10004,25,9979,523,1,0.05227908836465414,0.04,0.007096233501987251,0.19544063736193729,0.18834440385995005,1.0,0.5002,0.49895,1,1,0.05
03_sample_uncertainty,48,54267528133293004791509988887070035214,20000,0.2,0.0,depolarizing,0.0,0.5,0.2,25,0.11,0.95,20000,9959,25,9934,465,0,0.04669143488302038,0.0,0.0,0.13319225093904843,0.13319225093904843,1.0,0.49795,0.4967,0,1,0.05
03_sample_uncertainty,49,10959548208590214335422723309724647785,20000,0.2,0.0,depolarizing,0.0,0.5,0.2,25,0.11,0.95,20000,9912,25,9887,547,1,0.055185633575464084,0.04,0.007096233501987251,0.19544063736193729,0.18834440385995005,1.0,0.4956,0.49435,1,1,0.05
03_sample_uncertainty,50,195384485164024906993947164125137297830,20000,0.2,0.0,depolarizing,0.0,0.5,0.2,25,0.11,0.95,20000,9967,25,9942,529,2,0.05307514798836159,0.08,0.02222040128484759,0.2496610895039531,0.2274406882191055,1.0,0.49835,0.4971,1,1,0.05
03_sample_uncertainty,51,86475590427369251420665474521116096803,20000,0.2,0.0,depolarizing,0.0,0.5,0.2,25,0.11,0.95,20000,9898,25,9873,532,2,0.05374823196605375,0.08,0.02222040128484759,0.2496610895039531,0.2274406882191055,1.0,0.4949,0.49365,1,1,0.05
03_sample_uncertainty,52,285431552446234950891520669056108019454,20000,0.2,0.0,depolarizing,0.0,0.5,0.2,25,0.11,0.95,20000,10029,25,10004,498,1,0.049655997606939874,0.04,0.007096233501987251,0.19544063736193729,0.18834440385995005,1.0,0.50145,0.5002,1,1,0.05
03_sample_uncertainty,53,70842503200316163585904587376618469681,20000,0.2,0.0,depolarizing,0.0,0.5,0.2,25,0.11,0.95,20000,10083,25,10058,492,0,0.048795001487652485,0.0,0.0,0.13319225093904843,0.13319225093904843,1.0,0.50415,0.5029,0,1,0.05
03_sample_uncertainty,54,223478094973276300226887182566652612552,20000,0.2,0.0,depolarizing,0.0,0.5,0.2,25,0.11,0.95,20000,9994,25,9969,509,2,0.050930558335001,0.08,0.02222040128484759,0.2496610895039531,0.2274406882191055,1.0,0.4997,0.49845,1,1,0.05
03_sample_uncertainty,55,15753387478308006528681868598199492212,20000,0.2,0.0,depolarizing,0.0,0.5,0.2,25,0.11,0.95,20000,9976,25,9951,544,3,0.0545308740978348,0.12,0.041668171504403634,0.2995579392092732,0.2578897677048696,1.0,0.4988,0.49755,1,1,0.05
03_sample_uncertainty,56,70520841323752696493462849091194260820,20000,0.2,0.0,depolarizing,0.0,0.5,0.2,25,0.11,0.95,20000,9959,25,9934,501,3,0.050306255648157445,0.12,0.041668171504403634,0.2995579392092732,0.2578897677048696,1.0,0.49795,0.4967,1,1,0.05
03_sample_uncertainty,57,283817555246928380229948490294884671448,20000,0.2,0.0,depolarizing,0.0,0.5,0.2,25,0.11,0.95,20000,9966,25,9941,455,3,0.04565522777443307,0.12,0.041668171504403634,0.2995579392092732,0.2578897677048696,1.0,0.4983,0.49705,1,1,0.05
03_sample_uncertainty,58,93817727190501774282068688262288999453,20000,0.2,0.0,depolarizing,0.0,0.5,0.2,25,0.11,0.95,20000,10088,25,10063,533,0,0.05283505154639175,0.0,0.0,0.13319225093904843,0.13319225093904843,1.0,0.5044,0.50315,0,1,0.05
03_sample_uncertainty,59,188543609336131681993733094385887167698,20000,0.2,0.0,depolarizing,0.0,0.5,0.2,25,0.11,0.95,20000,9997,25,9972,477,0,0.04771431429428829,0.0,0.0,0.13319225093904843,0.13319225093904843,1.0,0.49985,0.4986,0,1,0.05
03_sample_uncertainty,60,305376823384316358490796441064532399668,20000,0.2,0.0,depolarizing,0.0,0.5,0.2,25,0.11,0.95,20000,10071,25,10046,520,2,0.05163340283983715,0.08,0.02222040128484759,0.2496610895039531,0.2274406882191055,1.0,0.50355,0.5023,1,1,0.05
03_sample_uncertainty,61,299701865808064256095538826391818304075,20000,0.2,0.0,depolarizing,0.0,0.5,0.2,25,0.11,0.95,20000,9984,25,9959,536,0,0.05368589743589743,0.0,0.0,0.13319225093904843,0.13319225093904843,1.0,0.4992,0.49795,0,1,0.05
03_sample_uncertainty,62,332592991231329456955158967226179618676,20000,0.2,0.0,depolarizing,0.0,0.5,0.2,25,0.11,0.95,20000,9923,25,9898,515,1,0.05189962712889247,0.04,0.007096233501987251,0.19544063736193729,0.18834440385995005,1.0,0.49615,0.4949,1,1,0.05
03_sample_uncertainty,63,274595643822839225795157110254090944780,20000,0.2,0.0,depolarizing,0.0,0.5,0.2,25,0.11,0.95,20000,9881,25,9856,517,1,0.052322639408966705,0.04,0.007096233501987251,0.19544063736193729,0.18834440385995005,1.0,0.49405,0.4928,1,1,0.05
03_sample_uncertainty,64,319513498088273275109669517553918529722,20000,0.2,0.0,depolarizing,0.0,0.5,0.2,25,0.11,0.95,20000,9962,25,9937,426,0,0.04276249749046376,0.0,0.0,0.13319225093904843,0.13319225093904843,1.0,0.4981,0.49685,0,1,0.05
03_sample_uncertainty,65,326571397818810570677824574599503408643,20000,0.2,0.0,depolarizing,0.0,0.5,0.2,25,0.11,0.95,20000,10043,25,10018,492,2,0.048989345813004084,0.08,0.02222040128484759,0.2496610895039531,0.2274406882191055,1.0,0.50215,0.5009,1,1,0.05
03_sample_uncertainty,66,217957862018225155842424027593045684715,20000,0.2,0.0,depolarizing,0.0,0.5,0.2,25,0.11,0.95,20000,10044,25,10019,447,0,0.044504181600955796,0.0,0.0,0.13319225093904843,0.13319225093904843,1.0,0.5022,0.50095,0,1,0.05
03_sample_uncertainty,67,280593298594874221662584908065337447990,20000,0.2,0.0,depolarizing,0.0,0.5,0.2,25,0.11,0.95,20000,9948,25,9923,496,4,0.049859268194611985,0.16,0.0640345145667644,0.3465362160717885,0.2825017015050241,1.0,0.4974,0.49615,1,1,0.05
03_sample_uncertainty,68,193859084543147556614339366335105603776,20000,0.2,0.0,depolarizing,0.0,0.5,0.2,25,0.11,0.95,20000,10111,25,10086,496,1,0.049055484126199186,0.04,0.007096233501987251,0.19544063736193729,0.18834440385995005,1.0,0.50555,0.5043,1,1,0.05
03_sample_uncertainty,69,282426685905921975377715756418327715419,20000,0.2,0.0,depolarizing,0.0,0.5,0.2,25,0.11,0.95,20000,9915,25,9890,474,2,0.04780635400907716,0.08,0.02222040128484759,0.2496610895039531,0.2274406882191055,1.0,0.49575,0.4945,1,1,0.05
03_sample_uncertainty,70,17130332064289084204511127744695989039,20000,0.2,0.0,depolarizing,0.0,0.5,0.2,25,0.11,0.95,20000,9960,25,9935,480,0,0.04819277108433735,0.0,0.0,0.13319225093904843,0.13319225093904843,1.0,0.498,0.49675,0,1,0.05
03_sample_uncertainty,71,285611701387756050275479228120613491092,20000,0.2,0.0,depolarizing,0.0,0.5,0.2,25,0.11,0.95,20000,10009,25,9984,486,1,0.04855629933060246,0.04,0.007096233501987251,0.19544063736193729,0.18834440385995005,1.0,0.50045,0.4992,1,1,0.05
03_sample_uncertainty,72,200216230438436555986391497464042947292,20000,0.2,0.0,depolarizing,0.0,0.5,0.2,25,0.11,0.95,20000,10042,25,10017,489,2,0.04869547898824935,0.08,0.02222040128484759,0.2496610895039531,0.2274406882191055,1.0,0.5021,0.50085,1,1,0.05
03_sample_uncertainty,73,337024760691993880066194725786118524419,20000,0.2,0.0,depolarizing,0.0,0.5,0.2,25,0.11,0.95,20000,10053,25,10028,480,2,0.04774694121157863,0.08,0.02222040128484759,0.2496610895039531,0.2274406882191055,1.0,0.50265,0.5014,1,1,0.05
03_sample_uncertainty,74,209318571457243221972434055239977730178,20000,0.2,0.0,depolarizing,0.0,0.5,0.2,25,0.11,0.95,20000,10190,25,10165,557,0,0.05466143277723258,0.0,0.0,0.13319225093904843,0.13319225093904843,1.0,0.5095,0.50825,0,1,0.05
03_sample_uncertainty,75,5373192067582395559527875148343039527,20000,0.2,0.0,depolarizing,0.0,0.5,0.2,25,0.11,0.95,20000,10059,25,10034,499,1,0.049607316830698876,0.04,0.007096233501987251,0.19544063736193729,0.18834440385995005,1.0,0.50295,0.5017,1,1,0.05
03_sample_uncertainty,76,42613684701352713054784119276868632870,20000,0.2,0.0,depolarizing,0.0,0.5,0.2,25,0.11,0.95,20000,9985,25,9960,475,1,0.04757135703555333,0.04,0.007096233501987251,0.19544063736193729,0.18834440385995005,1.0,0.49925,0.498,1,1,0.05
03_sample_uncertainty,77,234131456103113508988481355408418167871,20000,0.2,0.0,depolarizing,0.0,0.5,0.2,25,0.11,0.95,20000,10041,25,10016,468,0,0.046608903495667764,0.0,0.0,0.13319225093904843,0.13319225093904843,1.0,0.50205,0.5008,0,1,0.05
03_sample_uncertainty,78,295800045924713195590438388805584974917,20000,0.2,0.0,depolarizing,0.0,0.5,0.2,25,0.11,0.95,20000,9994,25,9969,464,1,0.046427856714028416,0.04,0.007096233501987251,0.19544063736193729,0.18834440385995005,1.0,0.4997,0.49845,1,1,0.05
03_sample_uncertainty,79,276807562690386916088799573608760664009,20000,0.2,0.0,depolarizing,0.0,0.5,0.2,25,0.11,0.95,20000,9978,25,9953,495,0,0.04960914010823812,0.0,0.0,0.13319225093904843,0.13319225093904843,1.0,0.4989,0.49765,0,1,0.05
03_sample_uncertainty,80,314070824293820358582236140987907985690,20000,0.2,0.0,depolarizing,0.0,0.5,0.2,25,0.11,0.95,20000,9992,25,9967,544,0,0.0544435548438751,0.0,0.0,0.13319225093904843,0.13319225093904843,1.0,0.4996,0.49835,0,1,0.05
03_sample_uncertainty,81,83883979663996507768854378200891427928,20000,0.2,0.0,depolarizing,0.0,0.5,0.2,25,0.11,0.95,20000,9963,25,9938,518,1,0.051992371775569604,0.04,0.007096233501987251,0.19544063736193729,0.18834440385995005,1.0,0.49815,0.4969,1,1,0.05
03_sample_uncertainty,82,326810039609073312172012850128019002258,20000,0.2,0.0,depolarizing,0.0,0.5,0.2,25,0.11,0.95,20000,9904,25,9879,521,1,0.052605008077544424,0.04,0.007096233501987251,0.19544063736193729,0.18834440385995005,1.0,0.4952,0.49395,1,1,0.05
03_sample_uncertainty,83,246390264060874087996984249332647478245,20000,0.2,0.0,depolarizing,0.0,0.5,0.2,25,0.11,0.95,20000,10000,25,9975,511,1,0.0511,0.04,0.007096233501987251,0.19544063736193729,0.18834440385995005,1.0,0.5,0.49875,1,1,0.05
03_sample_uncertainty,84,271234063327645797426839311065331169543,20000,0.2,0.0,depolarizing,0.0,0.5,0.2,25,0.11,0.95,20000,10078,25,10053,501,0,0.04971224449295495,0.0,0.0,0.13319225093904843,0.13319225093904843,1.0,0.5039,0.50265,0,1,0.05
03_sample_uncertainty,85,221816619674464770118002516154905298900,20000,0.2,0.0,depolarizing,0.0,0.5,0.2,25,0.11,0.95,20000,9979,25,9954,532,2,0.053311955105722016,0.08,0.02222040128484759,0.2496610895039531,0.2274406882191055,1.0,0.49895,0.4977,1,1,0.05
03_sample_uncertainty,86,39812615608117072530863015875616333898,20000,0.2,0.0,depolarizing,0.0,0.5,0.2,25,0.11,0.95,20000,9954,25,9929,530,2,0.053244926662648184,0.08,0.02222040128484759,0.2496610895039531,0.2274406882191055,1.0,0.4977,0.49645,1,1,0.05
03_sample_uncertainty,87,290634368327208045491531067769254891402,20000,0.2,0.0,depolarizing,0.0,0.5,0.2,25,0.11,0.95,20000,10014,25,9989,469,2,0.04683443179548632,0.08,0.02222040128484759,0.2496610895039531,0.2274406882191055,1.0,0.5007,0.49945,1,1,0.05
03_sample_uncertainty,88,200904048665820951342781055808174659925,20000,0.2,0.0,depolarizing,0.0,0.5,0.2,25,0.11,0.95,20000,9917,25,9892,512,3,0.051628516688514675,0.12,0.041668171504403634,0.2995579392092732,0.2578897677048696,1.0,0.49585,0.4946,1,1,0.05
03_sample_uncertainty,89,326227957238515169797526982189310790079,20000,0.2,0.0,depolarizing,0.0,0.5,0.2,25,0.11,0.95,20000,10032,25,10007,519,1,0.05173444976076555,0.04,0.007096233501987251,0.19544063736193729,0.18834440385995005,1.0,0.5016,0.50035,1,1,0.05
03_sample_uncertainty,90,261008758856690207163962269589270174959,20000,0.2,0.0,depolarizing,0.0,0.5,0.2,25,0.11,0.95,20000,9964,25,9939,503,1,0.050481734243275796,0.04,0.007096233501987251,0.19544063736193729,0.18834440385995005,1.0,0.4982,0.49695,1,1,0.05
03_sample_uncertainty,91,107226864697117068359527320698991933545,20000,0.2,0.0,depolarizing,0.0,0.5,0.2,25,0.11,0.95,20000,10099,25,10074,486,1,0.048123576591741754,0.04,0.007096233501987251,0.19544063736193729,0.18834440385995005,1.0,0.50495,0.5037,1,1,0.05
03_sample_uncertainty,92,142270288975826284974949919321010694830,20000,0.2,0.0,depolarizing,0.0,0.5,0.2,25,0.11,0.95,20000,9927,25,9902,466,1,0.04694268157550116,0.04,0.007096233501987251,0.19544063736193729,0.18834440385995005,1.0,0.49635,0.4951,1,1,0.05
03_sample_uncertainty,93,73225343898162013584072612961530501197,20000,0.2,0.0,depolarizing,0.0,0.5,0.2,25,0.11,0.95,20000,9992,25,9967,492,2,0.04923939151321057,0.08,0.02222040128484759,0.2496610895039531,0.2274406882191055,1.0,0.4996,0.49835,1,1,0.05
03_sample_uncertainty,94,10078534366423937252496497747531464155,20000,0.2,0.0,depolarizing,0.0,0.5,0.2,25,0.11,0.95,20000,10071,25,10046,506,2,0.050243272763380004,0.08,0.02222040128484759,0.2496610895039531,0.2274406882191055,1.0,0.50355,0.5023,1,1,0.05
03_sample_uncertainty,95,189024143519374366883233182925243529403,20000,0.2,0.0,depolarizing,0.0,0.5,0.2,25,0.11,0.95,20000,9987,25,9962,466,0,0.046660658856513465,0.0,0.0,0.13319225093904843,0.13319225093904843,1.0,0.49935,0.4981,0,1,0.05
03_sample_uncertainty,96,88472310515725839344774902764818491013,20000,0.2,0.0,depolarizing,0.0,0.5,0.2,25,0.11,0.95,20000,10068,25,10043,470,2,0.04668255860150974,0.08,0.02222040128484759,0.2496610895039531,0.2274406882191055,1.0,0.5034,0.50215,1,1,0.05
03_sample_uncertainty,97,290344028810455324373727501826325896887,20000,0.2,0.0,depolarizing,0.0,0.5,0.2,25,0.11,0.95,20000,9932,25,9907,547,2,0.055074506645187274,0.08,0.02222040128484759,0.2496610895039531,0.2274406882191055,1.0,0.4966,0.49535,1,1,0.05
03_sample_uncertainty,98,276380742898509136917610913530972730167,20000,0.2,0.0,depolarizing,0.0,0.5,0.2,25,0.11,0.95,20000,9849,25,9824,478,0,0.04853284597421058,0.0,0.0,0.13319225093904843,0.13319225093904843,1.0,0.49245,0.4912,0,1,0.05
03_sample_uncertainty,99,239442661013469176879354086001569033430,20000,0.2,0.0,depolarizing,0.0,0.5,0.2,25,0.11,0.95,20000,10054,25,10029,494,0,0.04913467276705789,0.0,0.0,0.13319225093904843,0.13319225093904843,1.0,0.5027,0.50145,0,1,0.05
03_sample_uncertainty,100,215147584267552103560564830631699735614,20000,0.2,0.0,depolarizing,0.0,0.5,0.2,25,0.11,0.95,20000,10109,25,10084,494,1,0.048867345929369865,0.04,0.007096233501987251,0.19544063736193729,0.18834440385995005,1.0,0.50545,0.5042,1,1,0.05
03_sample_uncertainty,101,260476241787425543149529133283340029124,20000,0.2,0.0,depolarizing,0.0,0.5,0.2,25,0.11,0.95,20000,10038,25,10013,500,1,0.049810719266786214,0.04,0.007096233501987251,0.19544063736193729,0.18834440385995005,1.0,0.5019,0.50065,1,1,0.05
03_sample_uncertainty,102,61477400031215292751540687383281941707,20000,0.2,0.0,depolarizing,0.0,0.5,0.2,25,0.11,0.95,20000,9925,25,9900,507,0,0.0510831234256927,0.0,0.0,0.13319225093904843,0.13319225093904843,1.0,0.49625,0.495,0,1,0.05
03_sample_uncertainty,103,159986636858520134666444917644630858314,20000,0.2,0.0,depolarizing,0.0,0.5,0.2,25,0.11,0.95,20000,10043,25,10018,482,1,0.04799362740217067,0.04,0.007096233501987251,0.19544063736193729,0.18834440385995005,1.0,0.50215,0.5009,1,1,0.05
03_sample_uncertainty,104,246060578996296428434532785330100469806,20000,0.2,0.0,depolarizing,0.0,0.5,0.2,25,0.11,0.95,20000,10082,25,10057,548,0,0.05435429478278119,0.0,0.0,0.13319225093904843,0.13319225093904843,1.0,0.5041,0.50285,0,1,0.05
03_sample_uncertainty,105,139444691847045329548481364614589627204,20000,0.2,0.0,depolarizing,0.0,0.5,0.2,25,0.11,0.95,20000,9931,25,9906,523,0,0.05266337730339341,0.0,0.0,0.13319225093904843,0.13319225093904843,1.0,0.49655,0.4953,0,1,0.05
03_sample_uncertainty,106,158766904178271370148505338525127369308,20000,0.2,0.0,depolarizing,0.0,0.5,0.2,25,0.11,0.95,20000,9978,25,9953,509,3,0.05101222689917819,0.12,0.041668171504403634,0.2995579392092732,0.2578897677048696,1.0,0.4989,0.49765,1,1,0.05
03_sample_uncertainty,107,138241792636966360342409879177368398055,20000,0.2,0.0,depolarizing,0.0,0.5,0.2,25,0.11,0.95,20000,10084,25,10059,483,0,0.04789765965886553,0.0,0.0,0.13319225093904843,0.13319225093904843,1.0,0.5042,0.50295,0,1,0.05
03_sample_uncertainty,108,174268780447670035986785698385671659120,20000,0.2,0.0,depolarizing,0.0,0.5,0.2,25,0.11,0.95,20000,10030,25,10005,467,1,0.04656031904287138,0.04,0.007096233501987251,0.19544063736193729,0.18834440385995005,1.0,0.5015,0.50025,1,1,0.05
03_sample_uncertainty,109,253712065640439378059421770038599485035,20000,0.2,0.0,depolarizing,0.0,0.5,0.2,25,0.11,0.95,20000,9887,25,9862,450,1,0.04551431172246384,0.04,0.007096233501987251,0.19544063736193729,0.18834440385995005,1.0,0.49435,0.4931,1,1,0.05
03_sample_uncertainty,110,42231408325085824223944873925652667662,20000,0.2,0.0,depolarizing,0.0,0.5,0.2,25,0.11,0.95,20000,10181,25,10156,497,1,0.04881642274825656,0.04,0.007096233501987251,0.19544063736193729,0.18834440385995005,1.0,0.50905,0.5078,1,1,0.05
03_sample_uncertainty,111,31536844384378311326034313225651362516,20000,0.2,0.0,depolarizing,0.0,0.5,0.2,25,0.11,0.95,20000,10009,25,9984,503,2,0.05025477070636427,0.08,0.02222040128484759,0.2496610895039531,0.2274406882191055,1.0,0.50045,0.4992,1,1,0.05
03_sample_uncertainty,112,263644417308463007288993470956301401786,20000,0.2,0.0,depolarizing,0.0,0.5,0.2,25,0.11,0.95,20000,10082,25,10057,506,0,0.050188454671692126,0.0,0.0,0.13319225093904843,0.13319225093904843,1.0,0.5041,0.50285,0,1,0.05
03_sample_uncertainty,113,310690126083294399842274960562705056355,20000,0.2,0.0,depolarizing,0.0,0.5,0.2,25,0.11,0.95,20000,9984,25,9959,486,2,0.048677884615384616,0.08,0.02222040128484759,0.2496610895039531,0.2274406882191055,1.0,0.4992,0.49795,1,1,0.05
03_sample_uncertainty,114,47125109710070930177424312668920180751,20000,0.2,0.0,depolarizing,0.0,0.5,0.2,25,0.11,0.95,20000,9958,25,9933,508,0,0.05101425989154449,0.0,0.0,0.13319225093904843,0.13319225093904843,1.0,0.4979,0.49665,0,1,0.05
03_sample_uncertainty,115,147550732962782765557470353726032496851,20000,0.2,0.0,depolarizing,0.0,0.5,0.2,25,0.11,0.95,20000,9981,25,9956,492,3,0.0492936579501052,0.12,0.041668171504403634,0.2995579392092732,0.2578897677048696,1.0,0.49905,0.4978,1,1,0.05
03_sample_uncertainty,116,42478460110691195563631573902821124129,20000,0.2,0.0,depolarizing,0.0,0.5,0.2,25,0.11,0.95,20000,10134,25,10109,536,0,0.0528912571541346,0.0,0.0,0.13319225093904843,0.13319225093904843,1.0,0.5067,0.50545,0,1,0.05
03_sample_uncertainty,117,88019501984970943443218362324492710320,20000,0.2,0.0,depolarizing,0.0,0.5,0.2,25,0.11,0.95,20000,9849,25,9824,471,1,0.04782211392019494,0.04,0.007096233501987251,0.19544063736193729,0.18834440385995005,1.0,0.49245,0.4912,1,1,0.05
03_sample_uncertainty,118,159726617972051420882359555618712960190,20000,0.2,0.0,depolarizing,0.0,0.5,0.2,25,0.11,0.95,20000,10036,25,10011,495,0,0.049322439218812276,0.0,0.0,0.13319225093904843,0.13319225093904843,1.0,0.5018,0.50055,0,1,0.05
03_sample_uncertainty,119,90155327495550127341025597507715537901,20000,0.2,0.0,depolarizing,0.0,0.5,0.2,25,0.11,0.95,20000,9928,25,9903,499,0,0.05026188557614827,0.0,0.0,0.13319225093904843,0.13319225093904843,1.0,0.4964,0.49515,0,1,0.05
03_sample_uncertainty,120,3452693751546840227651272570733990661,20000,0.2,0.0,depolarizing,0.0,0.5,0.2,25,0.11,0.95,20000,9816,25,9791,514,0,0.052363488182559086,0.0,0.0,0.13319225093904843,0.13319225093904843,1.0,0.4908,0.48955,0,1,0.05
03_sample_uncertainty,121,215893444425544359674635421695034363107,20000,0.2,0.0,depolarizing,0.0,0.5,0.2,25,0.11,0.95,20000,9952,25,9927,478,2,0.04803054662379421,0.08,0.02222040128484759,0.2496610895039531,0.2274406882191055,1.0,0.4976,0.49635,1,1,0.05
03_sample_uncertainty,122,206252682828015396535431229966133674280,20000,0.2,0.0,depolarizing,0.0,0.5,0.2,25,0.11,0.95,20000,9926,25,9901,475,0,0.04785412049163812,0.0,0.0,0.13319225093904843,0.13319225093904843,1.0,0.4963,0.49505,0,1,0.05
03_sample_uncertainty,123,301111442443600314156754204565679326562,20000,0.2,0.0,depolarizing,0.0,0.5,0.2,25,0.11,0.95,20000,10011,25,9986,490,1,0.04894615922485266,0.04,0.007096233501987251,0.19544063736193729,0.18834440385995005,1.0,0.50055,0.4993,1,1,0.05
03_sample_uncertainty,124,47440458930202032932906645919161973214,20000,0.2,0.0,depolarizing,0.0,0.5,0.2,25,0.11,0.95,20000,10061,25,10036,451,1,0.04482655799622304,0.04,0.007096233501987251,0.19544063736193729,0.18834440385995005,1.0,0.50305,0.5018,1,1,0.05
03_sample_uncertainty,125,133940151840730342938743688121219489832,20000,0.2,0.0,depolarizing,0.0,0.5,0.2,25,0.11,0.95,20000,9945,25,9920,495,2,0.049773755656108594,0.08,0.02222040128484759,0.2496610895039531,0.2274406882191055,1.0,0.49725,0.496,1,1,0.05
03_sample_uncertainty,126,266704899878014445646945230681988268495,20000,0.2,0.0,depolarizing,0.0,0.5,0.2,25,0.11,0.95,20000,10012,25,9987,490,2,0.04894127047542948,0.08,0.02222040128484759,0.2496610895039531,0.2274406882191055,1.0,0.5006,0.49935,1,1,0.05
03_sample_uncertainty,127,237687783988635352233062013515094958467,20000,0.2,0.0,depolarizing,0.0,0.5,0.2,25,0.11,0.95,20000,10010,25,9985,466,0,0.04655344655344655,0.0,0.0,0.13319225093904843,0.13319225093904843,1.0,0.5005,0.49925,0,1,0.05
03_sample_uncertainty,128,87805233329688352483195901788078237930,20000,0.2,0.0,depolarizing,0.0,0.5,0.2,25,0.11,0.95,20000,9920,25,9895,494,1,0.04979838709677419,0.04,0.007096233501987251,0.19544063736193729,0.18834440385995005,1.0,0.496,0.49475,1,1,0.05
03_sample_uncertainty,129,250604112313547511525907634465831215305,20000,0.2,0.0,depolarizing,0.0,0.5,0.2,25,0.11,0.95,20000,10051,25,10026,504,0,0.050144264252313206,0.0,0.0,0.13319225093904843,0.13319225093904843,1.0,0.50255,0.5013,0,1,0.05
03_sample_uncertainty,130,92160719280636795373253240162184881439,20000,0.2,0.0,depolarizing,0.0,0.5,0.2,25,0.11,0.95,20000,9997,25,9972,494,2,0.0494148244473342,0.08,0.02222040128484759,0.2496610895039531,0.2274406882191055,1.0,0.49985,0.4986,1,1,0.05
03_sample_uncertainty,131,79350418100939702925193087835532629346,20000,0.2,0.0,depolarizing,0.0,0.5,0.2,25,0.11,0.95,20000,10059,25,10034,522,0,0.05189382642409782,0.0,0.0,0.13319225093904843,0.13319225093904843,1.0,0.50295,0.5017,0,1,0.05
03_sample_uncertainty,132,247527446219210843718857195972621426207,20000,0.2,0.0,depolarizing,0.0,0.5,0.2,25,0.11,0.95,20000,10137,25,10112,542,0,0.05346749531419552,0.0,0.0,0.13319225093904843,0.13319225093904843,1.0,0.50685,0.5056,0,1,0.05
03_sample_uncertainty,133,34773920566241346262594718153188322391,20000,0.2,0.0,depolarizing,0.0,0.5,0.2,25,0.11,0.95,20000,9955,25,9930,473,1,0.04751381215469613,0.04,0.007096233501987251,0.19544063736193729,0.18834440385995005,1.0,0.49775,0.4965,1,1,0.05
03_sample_uncertainty,134,163247415332322005520823097493234140899,20000,0.2,0.0,depolarizing,0.0,0.5,0.2,25,0.11,0.95,20000,10052,25,10027,524,1,0.05212892956625547,0.04,0.007096233501987251,0.19544063736193729,0.18834440385995005,1.0,0.5026,0.50135,1,1,0.05
03_sample_uncertainty,135,920491321183705796705659651960991111,20000,0.2,0.0,depolarizing,0.0,0.5,0.2,25,0.11,0.95,20000,9921,25,9896,502,0,0.05059973792964419,0.0,0.0,0.13319225093904843,0.13319225093904843,1.0,0.49605,0.4948,0,1,0.05
03_sample_uncertainty,136,298408788191325492119142620510726943610,20000,0.2,0.0,depolarizing,0.0,0.5,0.2,25,0.11,0.95,20000,9949,25,9924,514,2,0.05166348376721278,0.08,0.02222040128484759,0.2496610895039531,0.2274406882191055,1.0,0.49745,0.4962,1,1,0.05
03_sample_uncertainty,137,50920471475032075466072126033149478905,20000,0.2,0.0,depolarizing,0.0,0.5,0.2,25,0.11,0.95,20000,9981,25,9956,520,2,0.05209898807734696,0.08,0.02222040128484759,0.2496610895039531,0.2274406882191055,1.0,0.49905,0.4978,1,1,0.05
03_sample_uncertainty,138,64129000312732078603190904406441850605,20000,0.2,0.0,depolarizing,0.0,0.5,0.2,25,0.11,0.95,20000,9984,25,9959,500,1,0.05008012820512821,0.04,0.007096233501987251,0.19544063736193729,0.18834440385995005,1.0,0.4992,0.49795,1,1,0.05
03_sample_uncertainty,139,135431573965960766500210626561860831585,20000,0.2,0.0,depolarizing,0.0,0.5,0.2,25,0.11,0.95,20000,9997,25,9972,516,0,0.05161548464539362,0.0,0.0,0.13319225093904843,0.13319225093904843,1.0,0.49985,0.4986,0,1,0.05
03_sample_uncertainty,140,276229498192106488678362732630402044797,20000,0.2,0.0,depolarizing,0.0,0.5,0.2,25,0.11,0.95,20000,10080,25,10055,501,1,0.04970238095238095,0.04,0.007096233501987251,0.19544063736193729,0.18834440385995005,1.0,0.504,0.50275,1,1,0.05
03_sample_uncertainty,141,79297337501353152529052117183081039186,20000,0.2,0.0,depolarizing,0.0,0.5,0.2,25,0.11,0.95,20000,10015,25,9990,534,2,0.05332001997004493,0.08,0.02222040128484759,0.2496610895039531,0.2274406882191055,1.0,0.50075,0.4995,1,1,0.05
03_sample_uncertainty,142,106255913395801545759879421330291476764,20000,0.2,0.0,depolarizing,0.0,0.5,0.2,25,0.11,0.95,20000,9996,25,9971,501,1,0.050120048019207684,0.04,0.007096233501987251,0.19544063736193729,0.18834440385995005,1.0,0.4998,0.49855,1,1,0.05
03_sample_uncertainty,143,106823146536610613250279618073657002323,20000,0.2,0.0,depolarizing,0.0,0.5,0.2,25,0.11,0.95,20000,10049,25,10024,510,1,0.050751318539158125,0.04,0.007096233501987251,0.19544063736193729,0.18834440385995005,1.0,0.50245,0.5012,1,1,0.05
03_sample_uncertainty,144,72936247470736837588531370288517748786,20000,0.2,0.0,depolarizing,0.0,0.5,0.2,25,0.11,0.95,20000,10064,25,10039,496,2,0.0492845786963434,0.08,0.02222040128484759,0.2496610895039531,0.2274406882191055,1.0,0.5032,0.50195,1,1,0.05
03_sample_uncertainty,145,94446463204627538397503918802768802262,20000,0.2,0.0,depolarizing,0.0,0.5,0.2,25,0.11,0.95,20000,9988,25,9963,488,0,0.048858630356427714,0.0,0.0,0.13319225093904843,0.13319225093904843,1.0,0.4994,0.49815,0,1,0.05
03_sample_uncertainty,146,166773159322063425821864114726219899870,20000,0.2,0.0,depolarizing,0.0,0.5,0.2,25,0.11,0.95,20000,10022,25,9997,496,2,0.04949111953701856,0.08,0.02222040128484759,0.2496610895039531,0.2274406882191055,1.0,0.5011,0.49985,1,1,0.05
03_sample_uncertainty,147,80669980868746955777274041264372354680,20000,0.2,0.0,depolarizing,0.0,0.5,0.2,25,0.11,0.95,20000,10030,25,10005,500,1,0.049850448654037885,0.04,0.007096233501987251,0.19544063736193729,0.18834440385995005,1.0,0.5015,0.50025,1,1,0.05
03_sample_uncertainty,148,42599929379861757658729535472602983017,20000,0.2,0.0,depolarizing,0.0,0.5,0.2,25,0.11,0.95,20000,9925,25,9900,448,1,0.04513853904282116,0.04,0.007096233501987251,0.19544063736193729,0.18834440385995005,1.0,0.49625,0.495,1,1,0.05
03_sample_uncertainty,149,158521611398766676219187334427939374792,20000,0.2,0.0,depolarizing,0.0,0.5,0.2,25,0.11,0.95,20000,9999,25,9974,499,3,0.0499049904990499,0.12,0.041668171504403634,0.2995579392092732,0.2578897677048696,1.0,0.49995,0.4987,1,1,0.05
03_sample_uncertainty,0,134148545596911281698756960983464361983,20000,0.2,0.0,depolarizing,0.0,0.5,0.2,50,0.11,0.95,20000,10137,50,10087,501,2,0.04942290618526191,0.04,0.011038884327619819,0.13460090687507018,0.12356202254745036,1.0,0.50685,0.50435,1,1,0.05
03_sample_uncertainty,1,263915856160487136300361151017846338346,20000,0.2,0.0,depolarizing,0.0,0.5,0.2,50,0.11,0.95,20000,9801,50,9751,502,1,0.05121926334047546,0.02,0.0035392592716462293,0.1049544358963781,0.10141517662473187,1.0,0.49005,0.48755,1,1,0.05
03_sample_uncertainty,2,95750924915800528293240981489245307009,20000,0.2,0.0,depolarizing,0.0,0.5,0.2,50,0.11,0.95,20000,10112,50,10062,522,2,0.05162183544303797,0.04,0.011038884327619819,0.13460090687507018,0.12356202254745036,1.0,0.5056,0.5031,1,1,0.05
03_sample_uncertainty,3,224035250058492752764307291006445491986,20000,0.2,0.0,depolarizing,0.0,0.5,0.2,50,0.11,0.95,20000,9939,50,9889,520,5,0.05231914679545226,0.1,0.04347576493189044,0.21360231437479654,0.17012654944290612,1.0,0.49695,0.49445,1,1,0.05
03_sample_uncertainty,4,126654562381317328453824068827400602962,20000,0.2,0.0,depolarizing,0.0,0.5,0.2,50,0.11,0.95,20000,9952,50,9902,489,2,0.049135852090032156,0.04,0.011038884327619819,0.13460090687507018,0.12356202254745036,1.0,0.4976,0.4951,1,1,0.05
03_sample_uncertainty,5,13471059792463516996552187744284053130,20000,0.2,0.0,depolarizing,0.0,0.5,0.2,50,0.11,0.95,20000,10162,50,10112,506,3,0.04979334776618776,0.06,0.020614970348973985,0.1621709168883817,0.14155594653940773,1.0,0.5081,0.5056,1,1,0.05
03_sample_uncertainty,6,334603885945207450561310074174042506395,20000,0.2,0.0,depolarizing,0.0,0.5,0.2,50,0.11,0.95,20000,10045,50,9995,486,1,0.04838227974116476,0.02,0.0035392592716462293,0.1049544358963781,0.10141517662473187,1.0,0.50225,0.49975,1,1,0.05
03_sample_uncertainty,7,74939129444105037117394255372912226747,20000,0.2,0.0,depolarizing,0.0,0.5,0.2,50,0.11,0.95,20000,9960,50,9910,472,4,0.04738955823293173,0.08,0.03154951408859297,0.18838246918342832,0.15683295509483536,1.0,0.498,0.4955,1,1,0.05
03_sample_uncertainty,8,103540011131481534359993338646145292624,20000,0.2,0.0,depolarizing,0.0,0.5,0.2,50,0.11,0.95,20000,10105,50,10055,484,5,0.04789708065314201,0.1,0.04347576493189044,0.21360231437479654,0.17012654944290612,1.0,0.50525,0.50275,1,1,0.05
03_sample_uncertainty,9,168924767646794797470913684272739475226,20000,0.2,0.0,depolarizing,0.0,0.5,0.2,50,0.11,0.95,20000,10058,50,10008,508,3,0.05050705905746669,0.06,0.020614970348973985,0.1621709168883817,0.14155594653940773,1.0,0.5029,0.5004,1,1,0.05
03_sample_uncertainty,10,30485472920079697923724169073257401752,20000,0.2,0.0,depolarizing,0.0,0.5,0.2,50,0.11,0.95,20000,9977,50,9927,517,2,0.05181918412348401,0.04,0.011038884327619819,0.13460090687507018,0.12356202254745036,1.0,0.49885,0.49635,1,1,0.05
03_sample_uncertainty,11,330856503645975928989597109349560440987,20000,0.2,0.0,depolarizing,0.0,0.5,0.2,50,0.11,0.95,20000,9993,50,9943,522,3,0.05223656559591714,0.06,0.020614970348973985,0.1621709168883817,0.14155594653940773,1.0,0.49965,0.49715,1,1,0.05
03_sample_uncertainty,12,131376801910877305660583178185828813718,20000,0.2,0.0,depolarizing,0.0,0.5,0.2,50,0.11,0.95,20000,9917,50,9867,489,2,0.049309266915397804,0.04,0.011038884327619819,0.13460090687507018,0.12356202254745036,1.0,0.49585,0.49335,1,1,0.05
03_sample_uncertainty,13,178005292037444475161984219697935846167,20000,0.2,0.0,depolarizing,0.0,0.5,0.2,50,0.11,0.95,20000,10028,50,9978,545,5,0.05434782608695652,0.1,0.04347576493189044,0.21360231437479654,0.17012654944290612,1.0,0.5014,0.4989,1,1,0.05
03_sample_uncertainty,14,120892955850644553619464593229936360020,20000,0.2,0.0,depolarizing,0.0,0.5,0.2,50,0.11,0.95,20000,10025,50,9975,483,0,0.04817955112219451,0.0,0.0,0.07134759913335868,0.07134759913335868,1.0,0.50125,0.49875,0,1,0.05
03_sample_uncertainty,15,72231163421339819163574193967824795882,20000,0.2,0.0,depolarizing,0.0,0.5,0.2,50,0.11,0.95,20000,9899,50,9849,490,4,0.04949994948984746,0.08,0.03154951408859297,0.18838246918342832,0.15683295509483536,1.0,0.49495,0.49245,1,1,0.05
03_sample_uncertainty,16,184097401550498513341105345834856388142,20000,0.2,0.0,depolarizing,0.0,0.5,0.2,50,0.11,0.95,20000,9982,50,9932,498,1,0.049889801642957324,0.02,0.0035392592716462293,0.1049544358963781,0.10141517662473187,1.0,0.4991,0.4966,1,1,0.05
03_sample_uncertainty,17,129040245282195925444214305968743352647,20000,0.2,0.0,depolarizing,0.0,0.5,0.2,50,0.11,0.95,20000,10033,50,9983,465,1,0.04634705471942589,0.02,0.0035392592716462293,0.1049544358963781,0.10141517662473187,1.0,0.50165,0.49915,1,1,0.05
03_sample_uncertainty,18,169889590708019258659726771369537035061,20000,0.2,0.0,depolarizing,0.0,0.5,0.2,50,0.11,0.95,20000,9954,50,9904,485,3,0.04872413100261202,0.06,0.020614970348973985,0.1621709168883817,0.14155594653940773,1.0,0.4977,0.4952,1,1,0.05
03_sample_uncertainty,19,141519331074886453450426728219497213434,20000,0.2,0.0,depolarizing,0.0,0.5,0.2,50,0.11,0.95,20000,9930,50,9880,494,3,0.04974823766364552,0.06,0.020614970348973985,0.1621709168883817,0.14155594653940773,1.0,0.4965,0.494,1,1,0.05
03_sample_uncertainty,20,149652403623938871584246124871217505673,20000,0.2,0.0,depolarizing,0.0,0.5,0.2,50,0.11,0.95,20000,9992,50,9942,452,1,0.04523618895116093,0.02,0.0035392592716462293,0.1049544358963781,0.10141517662473187,1.0,0.4996,0.4971,1,1,0.05
03_sample_uncertainty,21,270575005186265209456673827966219377844,20000,0.2,0.0,depolarizing,0.0,0.5,0.2,50,0.11,0.95,20000,9936,50,9886,526,5,0.05293880837359098,0.1,0.04347576493189044,0.21360231437479654,0.17012654944290612,1.0,0.4968,0.4943,1,1,0.05
03_sample_uncertainty,22,51905121154185595611785299043656974137,20000,0.2,0.0,depolarizing,0.0,0.5,0.2,50,0.11,0.95,20000,10064,50,10014,475,3,0.047197933227344994,0.06,0.020614970348973985,0.1621709168883817,0.14155594653940773,1.0,0.5032,0.5007,1,1,0.05
03_sample_uncertainty,23,123207538634014217591896439223797166378,20000,0.2,0.0,depolarizing,0.0,0.5,0.2,50,0.11,0.95,20000,9918,50,9868,521,0,0.05253075216777576,0.0,0.0,0.07134759913335868,0.07134759913335868,1.0,0.4959,0.4934,0,1,0.05
03_sample_uncertainty,24,105343252593312644392179562382061303524,20000,0.2,0.0,depolarizing,0.0,0.5,0.2,50,0.11,0.95,20000,9926,50,9876,497,2,0.05007052186177715,0.04,0.011038884327619819,0.13460090687507018,0.12356202254745036,1.0,0.4963,0.4938,1,1,0.05
03_sample_uncertainty,25,242831774994229245231975778620911921699,20000,0.2,0.0,depolarizing,0.0,0.5,0.2,50,0.11,0.95,20000,9854,50,9804,489,2,0.049624517962248836,0.04,0.011038884327619819,0.13460090687507018,0.12356202254745036,1.0,0.4927,0.4902,1,1,0.05
03_sample_uncertainty,26,246469740256409412181130967005808737031,20000,0.2,0.0,depolarizing,0.0,0.5,0.2,50,0.11,0.95,20000,9991,50,9941,514,3,0.05144630167150435,0.06,0.020614970348973985,0.1621709168883817,0.14155594653940773,1.0,0.49955,0.49705,1,1,0.05
03_sample_uncertainty,27,167908445176823999436038388187365711224,20000,0.2,0.0,depolarizing,0.0,0.5,0.2,50,0.11,0.95,20000,10058,50,10008,475,1,0.047226088685623384,0.02,0.0035392592716462293,0.1049544358963781,0.10141517662473187,1.0,0.5029,0.5004,1,1,0.05
03_sample_uncertainty,28,185322385173413294655933001084570903923,20000,0.2,0.0,depolarizing,0.0,0.5,0.2,50,0.11,0.95,20000,10064,50,10014,527,1,0.052364864864864864,0.02,0.0035392592716462293,0.1049544358963781,0.10141517662473187,1.0,0.5032,0.5007,1,1,0.05
03_sample_uncertainty,29,115219488622664151980897733858555220285,20000,0.2,0.0,depolarizing,0.0,0.5,0.2,50,0.11,0.95,20000,10012,50,9962,482,5,0.04814222932481023,0.1,0.04347576493189044,0.21360231437479654,0.17012654944290612,1.0,0.5006,0.4981,1,1,0.05
03_sample_uncertainty,30,145128177853701761943279703568811029463,20000,0.2,0.0,depolarizing,0.0,0.5,0.2,50,0.11,0.95,20000,10026,50,9976,452,1,0.045082784759624975,0.02,0.0035392592716462293,0.1049544358963781,0.10141517662473187,1.0,0.5013,0.4988,1,1,0.05
03_sample_uncertainty,31,17918712228932660982700787965701103833,20000,0.2,0.0,depolarizing,0.0,0.5,0.2,50,0.11,0.95,20000,10034,50,9984,448,4,0.0446481961331473,0.08,0.03154951408859297,0.18838246918342832,0.15683295509483536,1.0,0.5017,0.4992,1,1,0.05
03_sample_uncertainty,32,147172471599098352290967274215137689866,20000,0.2,0.0,depolarizing,0.0,0.5,0.2,50,0.11,0.95,20000,10053,50,10003,474,1,0.0471501044464339,0.02,0.0035392592716462293,0.1049544358963781,0.10141517662473187,1.0,0.50265,0.50015,1,1,0.05
03_sample_uncertainty,33,217369309529763634183793897369754557703,20000,0.2,0.0,depolarizing,0.0,0.5,0.2,50,0.11,0.95,20000,10041,50,9991,518,2,0.051588487202469877,0.04,0.011038884327619819,0.13460090687507018,0.12356202254745036,1.0,0.50205,0.49955,1,1,0.05
03_sample_uncertainty,34,301549807086135059135944017729140574155,20000,0.2,0.0,depolarizing,0.0,0.5,0.2,50,0.11,0.95,20000,9991,50,9941,481,5,0.04814332899609649,0.1,0.04347576493189044,0.21360231437479654,0.17012654944290612,1.0,0.49955,0.49705,1,1,0.05
03_sample_uncertainty,35,245379251701046417363493904308856544055,20000,0.2,0.0,depolarizing,0.0,0.5,0.2,50,0.11,0.95,20000,10033,50,9983,512,5,0.05103159573407754,0.1,0.04347576493189044,0.21360231437479654,0.17012654944290612,1.0,0.50165,0.49915,1,1,0.05
03_sample_uncertainty,36,84600512040409010202137263884690162498,20000,0.2,0.0,depolarizing,0.0,0.5,0.2,50,0.11,0.95,20000,9933,50,9883,527,4,0.053055471660122824,0.08,0.03154951408859297,0.18838246918342832,0.15683295509483536,1.0,0.49665,0.49415,1,1,0.05
03_sample_uncertainty,37,231908503831438428821354256447494663821,20000,0.2,0.0,depolarizing,0.0,0.5,0.2,50,0.11,0.95,20000,10080,50,10030,524,3,0.05198412698412699,0.06,0.020614970348973985,0.1621709168883817,0.14155594653940773,1.0,0.504,0.5015,1,1,0.05
03_sample_uncertainty,38,1749502851516953199876794791797398150,20000,0.2,0.0,depolarizing,0.0,0.5,0.2,50,0.11,0.95,20000,9929,50,9879,515,0,0.05186826467922248,0.0,0.0,0.07134759913335868,0.07134759913335868,1.0,0.49645,0.49395,0,1,0.05
03_sample_uncertainty,39,37978429556760425024788610976023790771,20000,0.2,0.0,depolarizing,0.0,0.5,0.2,50,0.11,0.95,20000,10054,50,10004,498,1,0.04953252436841058,0.02,0.0035392592716462293,0.1049544358963781,0.10141517662473187,1.0,0.5027,0.5002,1,1,0.05
03_sample_uncertainty,40,288987076559934946675026980701491428942,20000,0.2,0.0,depolarizing,0.0,0.5,0.2,50,0.11,0.95,20000,10074,50,10024,522,5,0.051816557474687316,0.1,0.04347576493189044,0.21360231437479654,0.17012654944290612,1.0,0.5037,0.5012,1,1,0.05
03_sample_uncertainty,41,78253064410726057048653346972545955483,20000,0.2,0.0,depolarizing,0.0,0.5,0.2,50,0.11,0.95,20000,10048,50,9998,531,4,0.05284633757961783,0.08,0.03154951408859297,0.18838246918342832,0.15683295509483536,1.0,0.5024,0.4999,1,1,0.05
03_sample_uncertainty,42,105041065166759109415970607771547457765,20000,0.2,0.0,depolarizing,0.0,0.5,0.2,50,0.11,0.95,20000,9832,50,9782,523,5,0.05319365337672905,0.1,0.04347576493189044,0.21360231437479654,0.17012654944290612,1.0,0.4916,0.4891,1,1,0.05
03_sample_uncertainty,43,302735887167007980373058618685390328192,20000,0.2,0.0,depolarizing,0.0,0.5,0.2,50,0.11,0.95,20000,10027,50,9977,517,0,0.05156078587812905,0.0,0.0,0.07134759913335868,0.07134759913335868,1.0,0.50135,0.49885,0,1,0.05
03_sample_uncertainty,44,31895215988114550945648322682153521989,20000,0.2,0.0,depolarizing,0.0,0.5,0.2,50,0.11,0.95,20000,9906,50,9856,489,2,0.049364021804966685,0.04,0.011038884327619819,0.13460090687507018,0.12356202254745036,1.0,0.4953,0.4928,1,1,0.05
03_sample_uncertainty,45,76586069076805884094883272022722541701,20000,0.2,0.0,depolarizing,0.0,0.5,0.2,50,0.11,0.95,20000,9879,50,9829,517,2,0.052333232108513004,0.04,0.011038884327619819,0.13460090687507018,0.12356202254745036,1.0,0.49395,0.49145,1,1,0.05
03_sample_uncertainty,46,129805954009370389718226971286097324218,20000,0.2,0.0,depolarizing,0.0,0.5,0.2,50,0.11,0.95,20000,10059,50,10009,483,2,0.04801670146137787,0.04,0.011038884327619819,0.13460090687507018,0.12356202254745036,1.0,0.50295,0.50045,1,1,0.05
03_sample_uncertainty,47,210268708685951248726312214476143524897,20000,0.2,0.0,depolarizing,0.0,0.5,0.2,50,0.11,0.95,20000,10066,50,10016,480,2,0.04768527717067356,0.04,0.011038884327619819,0.13460090687507018,0.12356202254745036,1.0,0.5033,0.5008,1,1,0.05
03_sample_uncertainty,48,233498807422574645299620269092626279939,20000,0.2,0.0,depolarizing,0.0,0.5,0.2,50,0.11,0.95,20000,9902,50,9852,478,2,0.048273076146233086,0.04,0.011038884327619819,0.13460090687507018,0.12356202254745036,1.0,0.4951,0.4926,1,1,0.05
03_sample_uncertainty,49,235705755447621987392981288789595103559,20000,0.2,0.0,depolarizing,0.0,0.5,0.2,50,0.11,0.95,20000,9955,50,9905,501,3,0.0503264691109995,0.06,0.020614970348973985,0.1621709168883817,0.14155594653940773,1.0,0.49775,0.49525,1,1,0.05
03_sample_uncertainty,50,55830771704757844345018843802609943493,20000,0.2,0.0,depolarizing,0.0,0.5,0.2,50,0.11,0.95,20000,9937,50,9887,515,2,0.0518265069940626,0.04,0.011038884327619819,0.13460090687507018,0.12356202254745036,1.0,0.49685,0.49435,1,1,0.05
03_sample_uncertainty,51,147589037664594302523320754502948486122,20000,0.2,0.0,depolarizing,0.0,0.5,0.2,50,0.11,0.95,20000,10143,50,10093,542,7,0.05343586710046337,0.14,0.06950833427016292,0.26186193710585537,0.19235360283569244,1.0,0.50715,0.50465,1,1,0.05
03_sample_uncertainty,52,256108055160528475358036814018544679092,20000,0.2,0.0,depolarizing,0.0,0.5,0.2,50,0.11,0.95,20000,9975,50,9925,487,5,0.048822055137844614,0.1,0.04347576493189044,0.21360231437479654,0.17012654944290612,1.0,0.49875,0.49625,1,1,0.05
03_sample_uncertainty,53,2223465509948789566812599715107908949,20000,0.2,0.0,depolarizing,0.0,0.5,0.2,50,0.11,0.95,20000,10080,50,10030,488,5,0.048412698412698414,0.1,0.04347576493189044,0.21360231437479654,0.17012654944290612,1.0,0.504,0.5015,1,1,0.05
03_sample_uncertainty,54,193178469406811752492783228098862176316,20000,0.2,0.0,depolarizing,0.0,0.5,0.2,50,0.11,0.95,20000,9998,50,9948,564,2,0.05641128225645129,0.04,0.011038884327619819,0.13460090687507018,0.12356202254745036,1.0,0.4999,0.4974,1,1,0.05
03_sample_uncertainty,55,221013233625081954932941510393349457743,20000,0.2,0.0,depolarizing,0.0,0.5,0.2,50,0.11,0.95,20000,9935,50,9885,504,2,0.05072974333165576,0.04,0.011038884327619819,0.13460090687507018,0.12356202254745036,1.0,0.49675,0.49425,1,1,0.05
03_sample_uncertainty,56,3230135288602455663205494481062607333,20000,0.2,0.0,depolarizing,0.0,0.5,0.2,50,0.11,0.95,20000,10044,50,9994,512,5,0.050975706889685383,0.1,0.04347576493189044,0.21360231437479654,0.17012654944290612,1.0,0.5022,0.4997,1,1,0.05
03_sample_uncertainty,57,324046043373978797419518244084324835714,20000,0.2,0.0,depolarizing,0.0,0.5,0.2,50,0.11,0.95,20000,10084,50,10034,513,7,0.05087266957556525,0.14,0.06950833427016292,0.26186193710585537,0.19235360283569244,1.0,0.5042,0.5017,1,1,0.05
03_sample_uncertainty,58,239941507072134226048742801458416596170,20000,0.2,0.0,depolarizing,0.0,0.5,0.2,50,0.11,0.95,20000,9952,50,9902,488,3,0.04903536977491962,0.06,0.020614970348973985,0.1621709168883817,0.14155594653940773,1.0,0.4976,0.4951,1,1,0.05
03_sample_uncertainty,59,144553230986298176956865712062491782136,20000,0.2,0.0,depolarizing,0.0,0.5,0.2,50,0.11,0.95,20000,10111,50,10061,518,0,0.051231332212441895,0.0,0.0,0.07134759913335868,0.07134759913335868,1.0,0.50555,0.50305,0,1,0.05
03_sample_uncertainty,60,338648227737097228176248405671600626526,20000,0.2,0.0,depolarizing,0.0,0.5,0.2,50,0.11,0.95,20000,9993,50,9943,495,2,0.049534674271990396,0.04,0.011038884327619819,0.13460090687507018,0.12356202254745036,1.0,0.49965,0.49715,1,1,0.05
03_sample_uncertainty,61,248838726136393452685508003400666215488,20000,0.2,0.0,depolarizing,0.0,0.5,0.2,50,0.11,0.95,20000,9873,50,9823,523,1,0.05297275397548871,0.02,0.0035392592716462293,0.1049544358963781,0.10141517662473187,1.0,0.49365,0.49115,1,1,0.05
03_sample_uncertainty,62,24500774576435378218430725928032334182,20000,0.2,0.0,depolarizing,0.0,0.5,0.2,50,0.11,0.95,20000,10074,50,10024,503,2,0.049930514194957316,0.04,0.011038884327619819,0.13460090687507018,0.12356202254745036,1.0,0.5037,0.5012,1,1,0.05
03_sample_uncertainty,63,277460279191246366001275417137007446151,20000,0.2,0.0,depolarizing,0.0,0.5,0.2,50,0.11,0.95,20000,10104,50,10054,495,5,0.04899049881235154,0.1,0.04347576493189044,0.21360231437479654,0.17012654944290612,1.0,0.5052,0.5027,1,1,0.05
03_sample_uncertainty,64,206051688381003176013254038142684662786,20000,0.2,0.0,depolarizing,0.0,0.5,0.2,50,0.11,0.95,20000,10019,50,9969,509,2,0.05080347340053898,0.04,0.011038884327619819,0.13460090687507018,0.12356202254745036,1.0,0.50095,0.49845,1,1,0.05
03_sample_uncertainty,65,222398263539875626640465007708245369395,20000,0.2,0.0,depolarizing,0.0,0.5,0.2,50,0.11,0.95,20000,10167,50,10117,515,2,0.050654076915510965,0.04,0.011038884327619819,0.13460090687507018,0.12356202254745036,1.0,0.50835,0.50585,1,1,0.05
03_sample_uncertainty,66,80742543613271304533348935316293244705,20000,0.2,0.0,depolarizing,0.0,0.5,0.2,50,0.11,0.95,20000,9935,50,9885,502,2,0.05052843482637141,0.04,0.011038884327619819,0.13460090687507018,0.12356202254745036,1.0,0.49675,0.49425,1,1,0.05
03_sample_uncertainty,67,155212094234645140102322886674761399217,20000,0.2,0.0,depolarizing,0.0,0.5,0.2,50,0.11,0.95,20000,9978,50,9928,514,3,0.05151332932451393,0.06,0.020614970348973985,0.1621709168883817,0.14155594653940773,1.0,0.4989,0.4964,1,1,0.05
03_sample_uncertainty,68,269444300591205192695453181898189608805,20000,0.2,0.0,depolarizing,0.0,0.5,0.2,50,0.11,0.95,20000,10004,50,9954,518,4,0.05177928828468613,0.08,0.03154951408859297,0.18838246918342832,0.15683295509483536,1.0,0.5002,0.4977,1,1,0.05
03_sample_uncertainty,69,173393865773403165308480156385376542404,20000,0.2,0.0,depolarizing,0.0,0.5,0.2,50,0.11,0.95,20000,10012,50,9962,494,0,0.049340791050739116,0.0,0.0,0.07134759913335868,0.07134759913335868,1.0,0.5006,0.4981,0,1,0.05
03_sample_uncertainty,70,12115124190740043013818510819102382722,20000,0.2,0.0,depolarizing,0.0,0.5,0.2,50,0.11,0.95,20000,10134,50,10084,553,3,0.05456877836984409,0.06,0.020614970348973985,0.1621709168883817,0.14155594653940773,1.0,0.5067,0.5042,1,1,0.05
03_sample_uncertainty,71,91008881617959322649033765138324300354,20000,0.2,0.0,depolarizing,0.0,0.5,0.2,50,0.11,0.95,20000,9973,50,9923,515,2,0.05163942645141883,0.04,0.011038884327619819,0.13460090687507018,0.12356202254745036,1.0,0.49865,0.49615,1,1,0.05
03_sample_uncertainty,72,325566711214654258486755154692626098308,20000,0.2,0.0,depolarizing,0.0,0.5,0.2,50,0.11,0.95,20000,10068,50,10018,506,4,0.05025824394119984,0.08,0.03154951408859297,0.18838246918342832,0.15683295509483536,1.0,0.5034,0.5009,1,1,0.05
03_sample_uncertainty,73,18084384943413132212337860440348488046,20000,0.2,0.0,depolarizing,0.0,0.5,0.2,50,0.11,0.95,20000,10125,50,10075,513,2,0.050666666666666665,0.04,0.011038884327619819,0.13460090687507018,0.12356202254745036,1.0,0.50625,0.50375,1,1,0.05
03_sample_uncertainty,74,154436267745288483954453616858207119704,20000,0.2,0.0,depolarizing,0.0,0.5,0.2,50,0.11,0.95,20000,10035,50,9985,517,2,0.051519681116093674,0.04,0.011038884327619819,0.13460090687507018,0.12356202254745036,1.0,0.50175,0.49925,1,1,0.05
03_sample_uncertainty,75,66780151688503609323349850279000407641,20000,0.2,0.0,depolarizing,0.0,0.5,0.2,50,0.11,0.95,20000,10081,50,10031,537,7,0.053268524947921836,0.14,0.06950833427016292,0.26186193710585537,0.19235360283569244,1.0,0.50405,0.50155,1,1,0.05
03_sample_uncertainty,76,28438024985990568426421051392257375796,20000,0.2,0.0,depolarizing,0.0,0.5,0.2,50,0.11,0.95,20000,10012,50,9962,471,4,0.04704354774270875,0.08,0.03154951408859297,0.18838246918342832,0.15683295509483536,1.0,0.5006,0.4981,1,1,0.05
03_sample_uncertainty,77,298219042808105517560050482968619657228,20000,0.2,0.0,depolarizing,0.0,0.5,0.2,50,0.11,0.95,20000,9948,50,9898,511,3,0.05136710896662646,0.06,0.020614970348973985,0.1621709168883817,0.14155594653940773,1.0,0.4974,0.4949,1,1,0.05
03_sample_uncertainty,78,267305668113897347674722019134764256481,20000,0.2,0.0,depolarizing,0.0,0.5,0.2,50,0.11,0.95,20000,9879,50,9829,477,5,0.04828423929547525,0.1,0.04347576493189044,0.21360231437479654,0.17012654944290612,1.0,0.49395,0.49145,1,1,0.05
03_sample_uncertainty,79,175473172998794234658722680823501058554,20000,0.2,0.0,depolarizing,0.0,0.5,0.2,50,0.11,0.95,20000,9960,50,9910,557,2,0.05592369477911647,0.04,0.011038884327619819,0.13460090687507018,0.12356202254745036,1.0,0.498,0.4955,1,1,0.05
03_sample_uncertainty,80,159559082971540407961049145436353728529,20000,0.2,0.0,depolarizing,0.0,0.5,0.2,50,0.11,0.95,20000,10059,50,10009,468,5,0.046525499552639425,0.1,0.04347576493189044,0.21360231437479654,0.17012654944290612,1.0,0.50295,0.50045,1,1,0.05
03_sample_uncertainty,81,308760640430432534988277161654338491985,20000,0.2,0.0,depolarizing,0.0,0.5,0.2,50,0.11,0.95,20000,9925,50,9875,512,1,0.05158690176322418,0.02,0.0035392592716462293,0.1049544358963781,0.10141517662473187,1.0,0.49625,0.49375,1,1,0.05
03_sample_uncertainty,82,130953322368331147186306707746827170752,20000,0.2,0.0,depolarizing,0.0,0.5,0.2,50,0.11,0.95,20000,9832,50,9782,479,2,0.04871847030105777,0.04,0.011038884327619819,0.13460090687507018,0.12356202254745036,1.0,0.4916,0.4891,1,1,0.05
03_sample_uncertainty,83,324874404965801432369812868782118808961,20000,0.2,0.0,depolarizing,0.0,0.5,0.2,50,0.11,0.95,20000,10017,50,9967,492,3,0.04911650194669063,0.06,0.020614970348973985,0.1621709168883817,0.14155594653940773,1.0,0.50085,0.49835,1,1,0.05
03_sample_uncertainty,84,207689735224862817156757853753536434087,20000,0.2,0.0,depolarizing,0.0,0.5,0.2,50,0.11,0.95,20000,9961,50,9911,504,1,0.050597329585382995,0.02,0.0035392592716462293,0.1049544358963781,0.10141517662473187,1.0,0.49805,0.49555,1,1,0.05
03_sample_uncertainty,85,152602992455696701806043734504584921903,20000,0.2,0.0,depolarizing,0.0,0.5,0.2,50,0.11,0.95,20000,9968,50,9918,496,2,0.04975922953451043,0.04,0.011038884327619819,0.13460090687507018,0.12356202254745036,1.0,0.4984,0.4959,1,1,0.05
03_sample_uncertainty,86,176479307372428051312107699668685675843,20000,0.2,0.0,depolarizing,0.0,0.5,0.2,50,0.11,0.95,20000,9932,50,9882,511,2,0.051449859041482075,0.04,0.011038884327619819,0.13460090687507018,0.12356202254745036,1.0,0.4966,0.4941,1,1,0.05
03_sample_uncertainty,87,62921052160992288937728881571940300865,20000,0.2,0.0,depolarizing,0.0,0.5,0.2,50,0.11,0.95,20000,9913,50,9863,499,3,0.05033794007868456,0.06,0.020614970348973985,0.1621709168883817,0.14155594653940773,1.0,0.49565,0.49315,1,1,0.05
03_sample_uncertainty,88,223326574990275492580202208442434185264,20000,0.2,0.0,depolarizing,0.0,0.5,0.2,50,0.11,0.95,20000,10097,50,10047,502,2,0.04971773794196296,0.04,0.011038884327619819,0.13460090687507018,0.12356202254745036,1.0,0.50485,0.50235,1,1,0.05
03_sample_uncertainty,89,166530358238556762938032337826285103594,20000,0.2,0.0,depolarizing,0.0,0.5,0.2,50,0.11,0.95,20000,9938,50,9888,480,4,0.0482994566311129,0.08,0.03154951408859297,0.18838246918342832,0.15683295509483536,1.0,0.4969,0.4944,1,1,0.05
03_sample_uncertainty,90,155686000157601069343853331013140998192,20000,0.2,0.0,depolarizing,0.0,0.5,0.2,50,0.11,0.95,20000,10066,50,10016,526,4,0.0522551162328631,0.08,0.03154951408859297,0.18838246918342832,0.15683295509483536,1.0,0.5033,0.5008,1,1,0.05
03_sample_uncertainty,91,79455349247044120254051059951892004049,20000,0.2,0.0,depolarizing,0.0,0.5,0.2,50,0.11,0.95,20000,9970,50,9920,520,4,0.05215646940822467,0.08,0.03154951408859297,0.18838246918342832,0.15683295509483536,1.0,0.4985,0.496,1,1,0.05
03_sample_uncertainty,92,98171260702983453591644252355977037716,20000,0.2,0.0,depolarizing,0.0,0.5,0.2,50,0.11,0.95,20000,9894,50,9844,512,1,0.05174853446533252,0.02,0.0035392592716462293,0.1049544358963781,0.10141517662473187,1.0,0.4947,0.4922,1,1,0.05
03_sample_uncertainty,93,336138223818576801916328446882477800695,20000,0.2,0.0,depolarizing,0.0,0.5,0.2,50,0.11,0.95,20000,9899,50,9849,484,3,0.04889382765935953,0.06,0.020614970348973985,0.1621709168883817,0.14155594653940773,1.0,0.49495,0.49245,1,1,0.05
03_sample_uncertainty,94,20324173900680425290763827438733841776,20000,0.2,0.0,depolarizing,0.0,0.5,0.2,50,0.11,0.95,20000,10085,50,10035,526,1,0.052156668319286066,0.02,0.0035392592716462293,0.1049544358963781,0.10141517662473187,1.0,0.50425,0.50175,1,1,0.05
03_sample_uncertainty,95,789826222264906734475525093251162212,20000,0.2,0.0,depolarizing,0.0,0.5,0.2,50,0.11,0.95,20000,10020,50,9970,525,1,0.05239520958083832,0.02,0.0035392592716462293,0.1049544358963781,0.10141517662473187,1.0,0.501,0.4985,1,1,0.05
03_sample_uncertainty,96,326757578588634161577879144349170629720,20000,0.2,0.0,depolarizing,0.0,0.5,0.2,50,0.11,0.95,20000,10018,50,9968,497,2,0.049610700738670396,0.04,0.011038884327619819,0.13460090687507018,0.12356202254745036,1.0,0.5009,0.4984,1,1,0.05
03_sample_uncertainty,97,207627167235588395530253869306152245971,20000,0.2,0.0,depolarizing,0.0,0.5,0.2,50,0.11,0.95,20000,10058,50,10008,464,0,0.04613243189500895,0.0,0.0,0.07134759913335868,0.07134759913335868,1.0,0.5029,0.5004,0,1,0.05
03_sample_uncertainty,98,141954570789997895840053040575503407506,20000,0.2,0.0,depolarizing,0.0,0.5,0.2,50,0.11,0.95,20000,9852,50,9802,502,3,0.050954120990661794,0.06,0.020614970348973985,0.1621709168883817,0.14155594653940773,1.0,0.4926,0.4901,1,1,0.05
03_sample_uncertainty,99,299434772924659385851376270032602423275,20000,0.2,0.0,depolarizing,0.0,0.5,0.2,50,0.11,0.95,20000,9895,50,9845,505,4,0.05103587670540677,0.08,0.03154951408859297,0.18838246918342832,0.15683295509483536,1.0,0.49475,0.49225,1,1,0.05
03_sample_uncertainty,100,7787205313535407639465276048608870804,20000,0.2,0.0,depolarizing,0.0,0.5,0.2,50,0.11,0.95,20000,9995,50,9945,510,0,0.05102551275637819,0.0,0.0,0.07134759913335868,0.07134759913335868,1.0,0.49975,0.49725,0,1,0.05
03_sample_uncertainty,101,315011142608681415399883422671172144548,20000,0.2,0.0,depolarizing,0.0,0.5,0.2,50,0.11,0.95,20000,10050,50,10000,536,2,0.05333333333333334,0.04,0.011038884327619819,0.13460090687507018,0.12356202254745036,1.0,0.5025,0.5,1,1,0.05
03_sample_uncertainty,102,9225712188534849523483786919735013846,20000,0.2,0.0,depolarizing,0.0,0.5,0.2,50,0.11,0.95,20000,10055,50,10005,552,2,0.05489806066633516,0.04,0.011038884327619819,0.13460090687507018,0.12356202254745036,1.0,0.50275,0.50025,1,1,0.05
03_sample_uncertainty,103,11281614564093008901070410046116870681,20000,0.2,0.0,depolarizing,0.0,0.5,0.2,50,0.11,0.95,20000,9976,50,9926,504,3,0.05052125100240577,0.06,0.020614970348973985,0.1621709168883817,0.14155594653940773,1.0,0.4988,0.4963,1,1,0.05
03_sample_uncertainty,104,216971766293461533528920141373025111552,20000,0.2,0.0,depolarizing,0.0,0.5,0.2,50,0.11,0.95,20000,9960,50,9910,515,3,0.051706827309236945,0.06,0.020614970348973985,0.1621709168883817,0.14155594653940773,1.0,0.498,0.4955,1,1,0.05
03_sample_uncertainty,105,276656011002612322340017502050778411217,20000,0.2,0.0,depolarizing,0.0,0.5,0.2,50,0.11,0.95,20000,10059,50,10009,539,2,0.05358385525400139,0.04,0.011038884327619819,0.13460090687507018,0.12356202254745036,1.0,0.50295,0.50045,1,1,0.05
03_sample_uncertainty,106,245123881753667761898757023665210153992,20000,0.2,0.0,depolarizing,0.0,0.5,0.2,50,0.11,0.95,20000,9926,50,9876,517,4,0.052085432198267174,0.08,0.03154951408859297,0.18838246918342832,0.15683295509483536,1.0,0.4963,0.4938,1,1,0.05
03_sample_uncertainty,107,307159885212328065622738805688910214624,20000,0.2,0.0,depolarizing,0.0,0.5,0.2,50,0.11,0.95,20000,10002,50,9952,527,2,0.05268946210757849,0.04,0.011038884327619819,0.13460090687507018,0.12356202254745036,1.0,0.5001,0.4976,1,1,0.05
03_sample_uncertainty,108,59537902677888489118123090709608831166,20000,0.2,0.0,depolarizing,0.0,0.5,0.2,50,0.11,0.95,20000,10096,50,10046,510,2,0.050515055467511887,0.04,0.011038884327619819,0.13460090687507018,0.12356202254745036,1.0,0.5048,0.5023,1,1,0.05
03_sample_uncertainty,109,83983598161053534223883384490015649161,20000,0.2,0.0,depolarizing,0.0,0.5,0.2,50,0.11,0.95,20000,9949,50,9899,491,4,0.049351693637551514,0.08,0.03154951408859297,0.18838246918342832,0.15683295509483536,1.0,0.49745,0.49495,1,1,0.05
03_sample_uncertainty,110,19477696334415297214199627402090576671,20000,0.2,0.0,depolarizing,0.0,0.5,0.2,50,0.11,0.95,20000,10088,50,10038,479,1,0.04748215701823949,0.02,0.0035392592716462293,0.1049544358963781,0.10141517662473187,1.0,0.5044,0.5019,1,1,0.05
03_sample_uncertainty,111,84247019443628944263715816436177727067,20000,0.2,0.0,depolarizing,0.0,0.5,0.2,50,0.11,0.95,20000,10047,50,9997,504,2,0.050164228127799346,0.04,0.011038884327619819,0.13460090687507018,0.12356202254745036,1.0,0.50235,0.49985,1,1,0.05
03_sample_uncertainty,112,305978640860010078640698322876965972983,20000,0.2,0.0,depolarizing,0.0,0.5,0.2,50,0.11,0.95,20000,9982,50,9932,527,4,0.052795031055900624,0.08,0.03154951408859297,0.18838246918342832,0.15683295509483536,1.0,0.4991,0.4966,1,1,0.05
03_sample_uncertainty,113,274612004140455180726107084520020647495,20000,0.2,0.0,depolarizing,0.0,0.5,0.2,50,0.11,0.95,20000,10019,50,9969,467,3,0.046611438267292145,0.06,0.020614970348973985,0.1621709168883817,0.14155594653940773,1.0,0.50095,0.49845,1,1,0.05
03_sample_uncertainty,114,249983307079628954403683889752157119371,20000,0.2,0.0,depolarizing,0.0,0.5,0.2,50,0.11,0.95,20000,9989,50,9939,547,3,0.054760236259885874,0.06,0.020614970348973985,0.1621709168883817,0.14155594653940773,1.0,0.49945,0.49695,1,1,0.05
03_sample_uncertainty,115,152006004647957525644599446483353538770,20000,0.2,0.0,depolarizing,0.0,0.5,0.2,50,0.11,0.95,20000,9981,50,9931,488,2,0.048892896503356376,0.04,0.011038884327619819,0.13460090687507018,0.12356202254745036,1.0,0.49905,0.49655,1,1,0.05
03_sample_uncertainty,116,134391914069854288327889263995030202982,20000,0.2,0.0,depolarizing,0.0,0.5,0.2,50,0.11,0.95,20000,10040,50,9990,450,2,0.044820717131474105,0.04,0.011038884327619819,0.13460090687507018,0.12356202254745036,1.0,0.502,0.4995,1,1,0.05
03_sample_uncertainty,117,321398615543194254973399773056345683541,20000,0.2,0.0,depolarizing,0.0,0.5,0.2,50,0.11,0.95,20000,9929,50,9879,463,2,0.046631080672776715,0.04,0.011038884327619819,0.13460090687507018,0.12356202254745036,1.0,0.49645,0.49395,1,1,0.05
03_sample_uncertainty,118,132948777259423016602974471661204836653,20000,0.2,0.0,depolarizing,0.0,0.5,0.2,50,0.11,0.95,20000,9909,50,9859,509,3,0.051367443738015946,0.06,0.020614970348973985,0.1621709168883817,0.14155594653940773,1.0,0.49545,0.49295,1,1,0.05
03_sample_uncertainty,119,246779830413503851024093758448067571918,20000,0.2,0.0,depolarizing,0.0,0.5,0.2,50,0.11,0.95,20000,9965,50,9915,500,3,0.050175614651279475,0.06,0.020614970348973985,0.1621709168883817,0.14155594653940773,1.0,0.49825,0.49575,1,1,0.05
03_sample_uncertainty,120,102234851285429038108023439418627478034,20000,0.2,0.0,depolarizing,0.0,0.5,0.2,50,0.11,0.95,20000,9986,50,9936,486,3,0.04866813538954536,0.06,0.020614970348973985,0.1621709168883817,0.14155594653940773,1.0,0.4993,0.4968,1,1,0.05
03_sample_uncertainty,121,92935947016817726137206624119042050726,20000,0.2,0.0,depolarizing,0.0,0.5,0.2,50,0.11,0.95,20000,9947,50,9897,535,2,0.0537850608223585,0.04,0.011038884327619819,0.13460090687507018,0.12356202254745036,1.0,0.49735,0.49485,1,1,0.05
03_sample_uncertainty,122,297659350667051419661009680091890518650,20000,0.2,0.0,depolarizing,0.0,0.5,0.2,50,0.11,0.95,20000,10036,50,9986,520,0,0.05181347150259067,0.0,0.0,0.07134759913335868,0.07134759913335868,1.0,0.5018,0.4993,0,1,0.05
03_sample_uncertainty,123,75761006928497905310027301830413695611,20000,0.2,0.0,depolarizing,0.0,0.5,0.2,50,0.11,0.95,20000,10009,50,9959,511,1,0.0510540513537816,0.02,0.0035392592716462293,0.1049544358963781,0.10141517662473187,1.0,0.50045,0.49795,1,1,0.05
03_sample_uncertainty,124,290672732391555842022805081471021944159,20000,0.2,0.0,depolarizing,0.0,0.5,0.2,50,0.11,0.95,20000,10002,50,9952,496,0,0.049590081983603276,0.0,0.0,0.07134759913335868,0.07134759913335868,1.0,0.5001,0.4976,0,1,0.05
03_sample_uncertainty,125,65800361021139160920040358647640160479,20000,0.2,0.0,depolarizing,0.0,0.5,0.2,50,0.11,0.95,20000,9923,50,9873,433,1,0.0436359971782727,0.02,0.0035392592716462293,0.1049544358963781,0.10141517662473187,1.0,0.49615,0.49365,1,1,0.05
03_sample_uncertainty,126,53233596435120428098064773848963264972,20000,0.2,0.0,depolarizing,0.0,0.5,0.2,50,0.11,0.95,20000,9984,50,9934,521,3,0.05218349358974359,0.06,0.020614970348973985,0.1621709168883817,0.14155594653940773,1.0,0.4992,0.4967,1,1,0.05
03_sample_uncertainty,127,19734254530577798393644525430124424936,20000,0.2,0.0,depolarizing,0.0,0.5,0.2,50,0.11,0.95,20000,10077,50,10027,519,2,0.051503423637987496,0.04,0.011038884327619819,0.13460090687507018,0.12356202254745036,1.0,0.50385,0.50135,1,1,0.05
03_sample_uncertainty,128,221189284704975259702937291276337390687,20000,0.2,0.0,depolarizing,0.0,0.5,0.2,50,0.11,0.95,20000,10067,50,10017,456,0,0.04529651336048475,0.0,0.0,0.07134759913335868,0.07134759913335868,1.0,0.50335,0.50085,0,1,0.05
03_sample_uncertainty,129,274235800252176136602354528496356848548,20000,0.2,0.0,depolarizing,0.0,0.5,0.2,50,0.11,0.95,20000,9974,50,9924,509,2,0.05103268498095047,0.04,0.011038884327619819,0.13460090687507018,0.12356202254745036,1.0,0.4987,0.4962,1,1,0.05
03_sample_uncertainty,130,65609967786758133315385655225054834756,20000,0.2,0.0,depolarizing,0.0,0.5,0.2,50,0.11,0.95,20000,10135,50,10085,536,2,0.05288603848051307,0.04,0.011038884327619819,0.13460090687507018,0.12356202254745036,1.0,0.50675,0.50425,1,1,0.05
03_sample_uncertainty,131,70919047486244360580000498975606515804,20000,0.2,0.0,depolarizing,0.0,0.5,0.2,50,0.11,0.95,20000,10089,50,10039,511,0,0.05064922192486867,0.0,0.0,0.07134759913335868,0.07134759913335868,1.0,0.50445,0.50195,0,1,0.05
03_sample_uncertainty,132,91803990035404476393601843984818138369,20000,0.2,0.0,depolarizing,0.0,0.5,0.2,50,0.11,0.95,20000,9988,50,9938,535,1,0.05356427713255907,0.02,0.0035392592716462293,0.1049544358963781,0.10141517662473187,1.0,0.4994,0.4969,1,1,0.05
03_sample_uncertainty,133,42360462954209351891870986459175777814,20000,0.2,0.0,depolarizing,0.0,0.5,0.2,50,0.11,0.95,20000,9978,50,9928,459,4,0.046001202645820805,0.08,0.03154951408859297,0.18838246918342832,0.15683295509483536,1.0,0.4989,0.4964,1,1,0.05
03_sample_uncertainty,134,212721817198225742751649703355698400586,20000,0.2,0.0,depolarizing,0.0,0.5,0.2,50,0.11,0.95,20000,9995,50,9945,496,3,0.0496248124062031,0.06,0.020614970348973985,0.1621709168883817,0.14155594653940773,1.0,0.49975,0.49725,1,1,0.05
03_sample_uncertainty,135,177157538953872654177648043299369190034,20000,0.2,0.0,depolarizing,0.0,0.5,0.2,50,0.11,0.95,20000,10007,50,9957,514,0,0.05136404516838213,0.0,0.0,0.07134759913335868,0.07134759913335868,1.0,0.50035,0.49785,0,1,0.05
03_sample_uncertainty,136,187355703711712077052639931592833335478,20000,0.2,0.0,depolarizing,0.0,0.5,0.2,50,0.11,0.95,20000,9875,50,9825,519,4,0.052556962025316456,0.08,0.03154951408859297,0.18838246918342832,0.15683295509483536,1.0,0.49375,0.49125,1,1,0.05
03_sample_uncertainty,137,170937131094208030611925742215908279978,20000,0.2,0.0,depolarizing,0.0,0.5,0.2,50,0.11,0.95,20000,10032,50,9982,493,4,0.04914274322169059,0.08,0.03154951408859297,0.18838246918342832,0.15683295509483536,1.0,0.5016,0.4991,1,1,0.05
03_sample_uncertainty,138,285510504470254377032095919736180014884,20000,0.2,0.0,depolarizing,0.0,0.5,0.2,50,0.11,0.95,20000,10019,50,9969,498,4,0.049705559437069564,0.08,0.03154951408859297,0.18838246918342832,0.15683295509483536,1.0,0.50095,0.49845,1,1,0.05
03_sample_uncertainty,139,291328382461008337855906102240750077483,20000,0.2,0.0,depolarizing,0.0,0.5,0.2,50,0.11,0.95,20000,10061,50,10011,514,2,0.05108836099791273,0.04,0.011038884327619819,0.13460090687507018,0.12356202254745036,1.0,0.50305,0.50055,1,1,0.05
03_sample_uncertainty,140,72382811110745088785174709425477150004,20000,0.2,0.0,depolarizing,0.0,0.5,0.2,50,0.11,0.95,20000,9996,50,9946,500,2,0.05002000800320128,0.04,0.011038884327619819,0.13460090687507018,0.12356202254745036,1.0,0.4998,0.4973,1,1,0.05
03_sample_uncertainty,141,99718510930786278135338125080612968298,20000,0.2,0.0,depolarizing,0.0,0.5,0.2,50,0.11,0.95,20000,9971,50,9921,516,1,0.05175007521813259,0.02,0.0035392592716462293,0.1049544358963781,0.10141517662473187,1.0,0.49855,0.49605,1,1,0.05
03_sample_uncertainty,142,212130952637523025613328383946460308224,20000,0.2,0.0,depolarizing,0.0,0.5,0.2,50,0.11,0.95,20000,10008,50,9958,486,4,0.048561151079136694,0.08,0.03154951408859297,0.18838246918342832,0.15683295509483536,1.0,0.5004,0.4979,1,1,0.05
03_sample_uncertainty,143,57704663473456866332069414470017778990,20000,0.2,0.0,depolarizing,0.0,0.5,0.2,50,0.11,0.95,20000,10001,50,9951,465,1,0.046495350464953504,0.02,0.0035392592716462293,0.1049544358963781,0.10141517662473187,1.0,0.50005,0.49755,1,1,0.05
03_sample_uncertainty,144,269890695524603744648959386187902942225,20000,0.2,0.0,depolarizing,0.0,0.5,0.2,50,0.11,0.95,20000,10019,50,9969,490,3,0.04890707655454636,0.06,0.020614970348973985,0.1621709168883817,0.14155594653940773,1.0,0.50095,0.49845,1,1,0.05
03_sample_uncertainty,145,281939272805630769810167486930792237784,20000,0.2,0.0,depolarizing,0.0,0.5,0.2,50,0.11,0.95,20000,9996,50,9946,485,1,0.04851940776310524,0.02,0.0035392592716462293,0.1049544358963781,0.10141517662473187,1.0,0.4998,0.4973,1,1,0.05
03_sample_uncertainty,146,255893870646294384110935984192762745455,20000,0.2,0.0,depolarizing,0.0,0.5,0.2,50,0.11,0.95,20000,9933,50,9883,523,3,0.05265277358300614,0.06,0.020614970348973985,0.1621709168883817,0.14155594653940773,1.0,0.49665,0.49415,1,1,0.05
03_sample_uncertainty,147,187239434925257490652987363830112523502,20000,0.2,0.0,depolarizing,0.0,0.5,0.2,50,0.11,0.95,20000,9962,50,9912,477,2,0.04788195141537844,0.04,0.011038884327619819,0.13460090687507018,0.12356202254745036,1.0,0.4981,0.4956,1,1,0.05
03_sample_uncertainty,148,299536831420147944801621113016125656085,20000,0.2,0.0,depolarizing,0.0,0.5,0.2,50,0.11,0.95,20000,9923,50,9873,514,1,0.05179885115388491,0.02,0.0035392592716462293,0.1049544358963781,0.10141517662473187,1.0,0.49615,0.49365,1,1,0.05
03_sample_uncertainty,149,209992606751153490420258425471266280087,20000,0.2,0.0,depolarizing,0.0,0.5,0.2,50,0.11,0.95,20000,10057,50,10007,519,3,0.051605846673958435,0.06,0.020614970348973985,0.1621709168883817,0.14155594653940773,1.0,0.50285,0.50035,1,1,0.05
03_sample_uncertainty,0,184311968154148566392738805882123238589,20000,0.2,0.0,depolarizing,0.0,0.5,0.2,100,0.11,0.95,20000,10093,100,9993,516,5,0.05112454176161696,0.05,0.02154367915436798,0.11175046923191911,0.09020679007755114,1.0,0.50465,0.49965,1,1,0.05
03_sample_uncertainty,1,112640737427920523526942539948254077905,20000,0.2,0.0,depolarizing,0.0,0.5,0.2,100,0.11,0.95,20000,9992,100,9892,478,2,0.04783827061649319,0.02,0.005501967550162357,0.07001179072854387,0.06450982317838151,1.0,0.4996,0.4946,1,1,0.05
03_sample_uncertainty,2,260023167873343765523012202488472409378,20000,0.2,0.0,depolarizing,0.0,0.5,0.2,100,0.11,0.95,20000,9928,100,9828,536,7,0.053988718775181306,0.07,0.03431926106727268,0.13749514739073498,0.1031758863234623,1.0,0.4964,0.4914,1,1,0.05
03_sample_uncertainty,3,308763366773563133209133988641697089562,20000,0.2,0.0,depolarizing,0.0,0.5,0.2,100,0.11,0.95,20000,9935,100,9835,519,7,0.052239557121288374,0.07,0.03431926106727268,0.13749514739073498,0.1031758863234623,1.0,0.49675,0.49175,1,1,0.05
03_sample_uncertainty,4,326866455206559758307446407489398893131,20000,0.2,0.0,depolarizing,0.0,0.5,0.2,100,0.11,0.95,20000,10161,100,10061,499,5,0.04910933963192599,0.05,0.02154367915436798,0.11175046923191911,0.09020679007755114,1.0,0.50805,0.50305,1,1,0.05
03_sample_uncertainty,5,36294237796512808458044491698960573207,20000,0.2,0.0,depolarizing,0.0,0.5,0.2,100,0.11,0.95,20000,10075,100,9975,482,6,0.04784119106699752,0.06,0.027786123963188185,0.12476815445895917,0.09698203049577098,1.0,0.50375,0.49875,1,1,0.05
03_sample_uncertainty,6,297716728546896598410158020809712625100,20000,0.2,0.0,depolarizing,0.0,0.5,0.2,100,0.11,0.95,20000,9955,100,9855,526,9,0.05283776996484179,0.09,0.04807254000256516,0.16226212852716307,0.1141895885245979,1.0,0.49775,0.49275,1,1,0.05
03_sample_uncertainty,7,77021884444288107798025612183292277980,20000,0.2,0.0,depolarizing,0.0,0.5,0.2,100,0.11,0.95,20000,9990,100,9890,480,7,0.04804804804804805,0.07,0.03431926106727268,0.13749514739073498,0.1031758863234623,1.0,0.4995,0.4945,1,1,0.05
03_sample_uncertainty,8,155711132695691557122442669898986373311,20000,0.2,0.0,depolarizing,0.0,0.5,0.2,100,0.11,0.95,20000,9867,100,9767,506,6,0.05128205128205128,0.06,0.027786123963188185,0.12476815445895917,0.09698203049577098,1.0,0.49335,0.48835,1,1,0.05
03_sample_uncertainty,9,198784181805477885007557211991162313752,20000,0.2,0.0,depolarizing,0.0,0.5,0.2,100,0.11,0.95,20000,9934,100,9834,506,8,0.050936178779947654,0.08,0.04109346148438063,0.14998107700948732,0.10888761552510669,1.0,0.4967,0.4917,1,1,0.05
03_sample_uncertainty,10,86756308438247182400981857346611223590,20000,0.2,0.0,depolarizing,0.0,0.5,0.2,100,0.11,0.95,20000,10025,100,9925,489,4,0.048778054862842896,0.04,0.01566330399154762,0.09837071435887917,0.08270741036733156,1.0,0.50125,0.49625,1,1,0.05
03_sample_uncertainty,11,307761162007422604462801604698338059681,20000,0.2,0.0,depolarizing,0.0,0.5,0.2,100,0.11,0.95,20000,9982,100,9882,509,0,0.05099178521338409,0.0,0.0,0.03699349820698566,0.03699349820698566,1.0,0.4991,0.4941,0,1,0.05
03_sample_uncertainty,12,91651730344067239753321059916365580067,20000,0.2,0.0,depolarizing,0.0,0.5,0.2,100,0.11,0.95,20000,9959,100,9859,511,7,0.05131037252736218,0.07,0.03431926106727268,0.13749514739073498,0.1031758863234623,1.0,0.49795,0.49295,1,1,0.05
03_sample_uncertainty,13,162432550177013258480897914546387345724,20000,0.2,0.0,depolarizing,0.0,0.5,0.2,100,0.11,0.95,20000,9936,100,9836,538,6,0.054146537842190014,0.06,0.027786123963188185,0.12476815445895917,0.09698203049577098,1.0,0.4968,0.4918,1,1,0.05
03_sample_uncertainty,14,60836501536265668817271533740363525759,20000,0.2,0.0,depolarizing,0.0,0.5,0.2,100,0.11,0.95,20000,9974,100,9874,497,8,0.04982955684780429,0.08,0.04109346148438063,0.14998107700948732,0.10888761552510669,1.0,0.4987,0.4937,1,1,0.05
03_sample_uncertainty,15,60016539786722039476961969461188495294,20000,0.2,0.0,depolarizing,0.0,0.5,0.2,100,0.11,0.95,20000,10042,100,9942,488,4,0.04859589723162717,0.04,0.01566330399154762,0.09837071435887917,0.08270741036733156,1.0,0.5021,0.4971,1,1,0.05
03_sample_uncertainty,16,13062952114157303684167625657302768680,20000,0.2,0.0,depolarizing,0.0,0.5,0.2,100,0.11,0.95,20000,10037,100,9937,471,6,0.04692637242203846,0.06,0.027786123963188185,0.12476815445895917,0.09698203049577098,1.0,0.50185,0.49685,1,1,0.05
03_sample_uncertainty,17,282775335510465574115663595994308641134,20000,0.2,0.0,depolarizing,0.0,0.5,0.2,100,0.11,0.95,20000,9906,100,9806,502,4,0.050676357762971934,0.04,0.01566330399154762,0.09837071435887917,0.08270741036733156,1.0,0.4953,0.4903,1,1,0.05
03_sample_uncertainty,18,118680557445406842561238695742003391405,20000,0.2,0.0,depolarizing,0.0,0.5,0.2,100,0.11,0.95,20000,10015,100,9915,475,2,0.04742885671492761,0.02,0.005501967550162357,0.07001179072854387,0.06450982317838151,1.0,0.50075,0.49575,1,1,0.05
03_sample_uncertainty,19,239861871884522678634438636226830160986,20000,0.2,0.0,depolarizing,0.0,0.5,0.2,100,0.11,0.95,20000,9935,100,9835,470,6,0.04730749874182184,0.06,0.027786123963188185,0.12476815445895917,0.09698203049577098,1.0,0.49675,0.49175,1,1,0.05
03_sample_uncertainty,20,74696947709409576983154160033149258546,20000,0.2,0.0,depolarizing,0.0,0.5,0.2,100,0.11,0.95,20000,9927,100,9827,536,6,0.05399415734864511,0.06,0.027786123963188185,0.12476815445895917,0.09698203049577098,1.0,0.49635,0.49135,1,1,0.05
03_sample_uncertainty,21,233990069918557051403113051064377562460,20000,0.2,0.0,depolarizing,0.0,0.5,0.2,100,0.11,0.95,20000,9929,100,9829,485,7,0.04884681236781146,0.07,0.03431926106727268,0.13749514739073498,0.1031758863234623,1.0,0.49645,0.49145,1,1,0.05
03_sample_uncertainty,22,180038206754462684195615802895110866057,20000,0.2,0.0,depolarizing,0.0,0.5,0.2,100,0.11,0.95,20000,10065,100,9965,505,5,0.050173869846000994,0.05,0.02154367915436798,0.11175046923191911,0.09020679007755114,1.0,0.50325,0.49825,1,1,0.05
03_sample_uncertainty,23,117879296389475098220074850077880850760,20000,0.2,0.0,depolarizing,0.0,0.5,0.2,100,0.11,0.95,20000,9998,100,9898,473,8,0.047309461892378474,0.08,0.04109346148438063,0.14998107700948732,0.10888761552510669,1.0,0.4999,0.4949,1,1,0.05
03_sample_uncertainty,24,262283459326802393123310747629595221787,20000,0.2,0.0,depolarizing,0.0,0.5,0.2,100,0.11,0.95,20000,10129,100,10029,532,8,0.0525224602626123,0.08,0.04109346148438063,0.14998107700948732,0.10888761552510669,1.0,0.50645,0.50145,1,1,0.05
03_sample_uncertainty,25,105924913902726886728602272761336261074,20000,0.2,0.0,depolarizing,0.0,0.5,0.2,100,0.11,0.95,20000,9846,100,9746,488,6,0.04956327442616291,0.06,0.027786123963188185,0.12476815445895917,0.09698203049577098,1.0,0.4923,0.4873,1,1,0.05
03_sample_uncertainty,26,50394286877648703197283467189592345369,20000,0.2,0.0,depolarizing,0.0,0.5,0.2,100,0.11,0.95,20000,10110,100,10010,495,10,0.04896142433234421,0.1,0.0552291370606751,0.17436566150491345,0.11913652444423835,1.0,0.5055,0.5005,1,1,0.05
03_sample_uncertainty,27,269062893857021371320234359146998828285,20000,0.2,0.0,depolarizing,0.0,0.5,0.2,100,0.11,0.95,20000,10079,100,9979,466,6,0.04623474551046731,0.06,0.027786123963188185,0.12476815445895917,0.09698203049577098,1.0,0.50395,0.49895,1,1,0.05
03_sample_uncertainty,28,286197377311452286580262205017136714665,20000,0.2,0.0,depolarizing,0.0,0.5,0.2,100,0.11,0.95,20000,10020,100,9920,521,3,0.051996007984031936,0.03,0.010254524024038925,0.08451936429052759,0.07426484026648866,1.0,0.501,0.496,1,1,0.05
03_sample_uncertainty,29,92184448398016914952080083743593502824,20000,0.2,0.0,depolarizing,0.0,0.5,0.2,100,0.11,0.95,20000,10042,100,9942,502,4,0.049990041824337784,0.04,0.01566330399154762,0.09837071435887917,0.08270741036733156,1.0,0.5021,0.4971,1,1,0.05
03_sample_uncertainty,30,185044833469636078248289986369532408980,20000,0.2,0.0,depolarizing,0.0,0.5,0.2,100,0.11,0.95,20000,10183,100,10083,541,5,0.05312776195620151,0.05,0.02154367915436798,0.11175046923191911,0.09020679007755114,1.0,0.50915,0.50415,1,1,0.05
03_sample_uncertainty,31,36474516182785088359395224274533994220,20000,0.2,0.0,depolarizing,0.0,0.5,0.2,100,0.11,0.95,20000,9932,100,9832,490,8,0.049335481272654046,0.08,0.04109346148438063,0.14998107700948732,0.10888761552510669,1.0,0.4966,0.4916,1,1,0.05
03_sample_uncertainty,32,78322349062919065931466026753719835445,20000,0.2,0.0,depolarizing,0.0,0.5,0.2,100,0.11,0.95,20000,10008,100,9908,528,6,0.05275779376498801,0.06,0.027786123963188185,0.12476815445895917,0.09698203049577098,1.0,0.5004,0.4954,1,1,0.05
03_sample_uncertainty,33,338308251645599191178670151648428316223,20000,0.2,0.0,depolarizing,0.0,0.5,0.2,100,0.11,0.95,20000,9999,100,9899,471,4,0.047104710471047105,0.04,0.01566330399154762,0.09837071435887917,0.08270741036733156,1.0,0.49995,0.49495,1,1,0.05
03_sample_uncertainty,34,279382264738447298561101741303137190052,20000,0.2,0.0,depolarizing,0.0,0.5,0.2,100,0.11,0.95,20000,9928,100,9828,482,9,0.04854955680902498,0.09,0.04807254000256516,0.16226212852716307,0.1141895885245979,1.0,0.4964,0.4914,1,1,0.05
03_sample_uncertainty,35,284835349594121387267898488069138672808,20000,0.2,0.0,depolarizing,0.0,0.5,0.2,100,0.11,0.95,20000,9976,100,9876,508,2,0.050922213311948676,0.02,0.005501967550162357,0.07001179072854387,0.06450982317838151,1.0,0.4988,0.4938,1,1,0.05
03_sample_uncertainty,36,94534639014914624996245829887733179492,20000,0.2,0.0,depolarizing,0.0,0.5,0.2,100,0.11,0.95,20000,10062,100,9962,494,7,0.04909560723514212,0.07,0.03431926106727268,0.13749514739073498,0.1031758863234623,1.0,0.5031,0.4981,1,1,0.05
03_sample_uncertainty,37,118786695521701598745286580633528487648,20000,0.2,0.0,depolarizing,0.0,0.5,0.2,100,0.11,0.95,20000,9949,100,9849,511,4,0.05136194592421349,0.04,0.01566330399154762,0.09837071435887917,0.08270741036733156,1.0,0.49745,0.49245,1,1,0.05
03_sample_uncertainty,38,33655799029441329730937783653057863722,20000,0.2,0.0,depolarizing,0.0,0.5,0.2,100,0.11,0.95,20000,10083,100,9983,516,4,0.051175245462659925,0.04,0.01566330399154762,0.09837071435887917,0.08270741036733156,1.0,0.50415,0.49915,1,1,0.05
03_sample_uncertainty,39,90408050434010954724069073393637316245,20000,0.2,0.0,depolarizing,0.0,0.5,0.2,100,0.11,0.95,20000,9988,100,9888,519,4,0.05196235482579095,0.04,0.01566330399154762,0.09837071435887917,0.08270741036733156,1.0,0.4994,0.4944,1,1,0.05
03_sample_uncertainty,40,115506600819431588207890933171130276119,20000,0.2,0.0,depolarizing,0.0,0.5,0.2,100,0.11,0.95,20000,10034,100,9934,480,5,0.04783735299980068,0.05,0.02154367915436798,0.11175046923191911,0.09020679007755114,1.0,0.5017,0.4967,1,1,0.05
03_sample_uncertainty,41,34984707854856698973782976063776154544,20000,0.2,0.0,depolarizing,0.0,0.5,0.2,100,0.11,0.95,20000,10041,100,9941,491,6,0.04889951200079674,0.06,0.027786123963188185,0.12476815445895917,0.09698203049577098,1.0,0.50205,0.49705,1,1,0.05
03_sample_uncertainty,42,38656682758028418062886350536918573811,20000,0.2,0.0,depolarizing,0.0,0.5,0.2,100,0.11,0.95,20000,10013,100,9913,516,5,0.051533007090781985,0.05,0.02154367915436798,0.11175046923191911,0.09020679007755114,1.0,0.50065,0.49565,1,1,0.05
03_sample_uncertainty,43,6715731124440457196779285070257769096,20000,0.2,0.0,depolarizing,0.0,0.5,0.2,100,0.11,0.95,20000,10142,100,10042,518,3,0.051074738710313546,0.03,0.010254524024038925,0.08451936429052759,0.07426484026648866,1.0,0.5071,0.5021,1,1,0.05
03_sample_uncertainty,44,73217086362658614049683687541512833799,20000,0.2,0.0,depolarizing,0.0,0.5,0.2,100,0.11,0.95,20000,9947,100,9847,539,1,0.054187192118226604,0.01,0.0017674320641406435,0.054486196178705294,0.05271876411456465,1.0,0.49735,0.49235,1,1,0.05
03_sample_uncertainty,45,130851447151244126411143033447188218241,20000,0.2,0.0,depolarizing,0.0,0.5,0.2,100,0.11,0.95,20000,9867,100,9767,508,4,0.05148474713692105,0.04,0.01566330399154762,0.09837071435887917,0.08270741036733156,1.0,0.49335,0.48835,1,1,0.05
03_sample_uncertainty,46,78840932685385125036746582482180291459,20000,0.2,0.0,depolarizing,0.0,0.5,0.2,100,0.11,0.95,20000,10246,100,10146,505,0,0.049287526839742336,0.0,0.0,0.03699349820698566,0.03699349820698566,1.0,0.5123,0.5073,0,1,0.05
03_sample_uncertainty,47,176974652647966187160371157121923451430,20000,0.2,0.0,depolarizing,0.0,0.5,0.2,100,0.11,0.95,20000,9814,100,9714,469,5,0.04778887303851641,0.05,0.02154367915436798,0.11175046923191911,0.09020679007755114,1.0,0.4907,0.4857,1,1,0.05
03_sample_uncertainty,48,253144348906429112225139272215211368965,20000,0.2,0.0,depolarizing,0.0,0.5,0.2,100,0.11,0.95,20000,10063,100,9963,525,6,0.052171320679717775,0.06,0.027786123963188185,0.12476815445895917,0.09698203049577098,1.0,0.50315,0.49815,1,1,0.05
03_sample_uncertainty,49,317901660191784884603272039792267871613,20000,0.2,0.0,depolarizing,0.0,0.5,0.2,100,0.11,0.95,20000,9964,100,9864,508,11,0.05098354074668808,0.11,0.0625419635706457,0.1863129650308031,0.1237710014601574,1.0,0.4982,0.4932,1,1,0.05
03_sample_uncertainty,50,268523178029187329732768999128533606422,20000,0.2,0.0,depolarizing,0.0,0.5,0.2,100,0.11,0.95,20000,10028,100,9928,486,1,0.04846429996011169,0.01,0.0017674320641406435,0.054486196178705294,0.05271876411456465,1.0,0.5014,0.4964,1,1,0.05
03_sample_uncertainty,51,261414983024699392483381282291295899099,20000,0.2,0.0,depolarizing,0.0,0.5,0.2,100,0.11,0.95,20000,10090,100,9990,487,5,0.048265609514370665,0.05,0.02154367915436798,0.11175046923191911,0.09020679007755114,1.0,0.5045,0.4995,1,1,0.05
03_sample_uncertainty,52,306944286469846982759944210097823349636,20000,0.2,0.0,depolarizing,0.0,0.5,0.2,100,0.11,0.95,20000,9988,100,9888,481,5,0.04815778934721666,0.05,0.02154367915436798,0.11175046923191911,0.09020679007755114,1.0,0.4994,0.4944,1,1,0.05
03_sample_uncertainty,53,22783101647519301160846639778128703029,20000,0.2,0.0,depolarizing,0.0,0.5,0.2,100,0.11,0.95,20000,10081,100,9981,524,5,0.05197897034024403,0.05,0.02154367915436798,0.11175046923191911,0.09020679007755114,1.0,0.50405,0.49905,1,1,0.05
03_sample_uncertainty,54,179961828333388395419632000395997393631,20000,0.2,0.0,depolarizing,0.0,0.5,0.2,100,0.11,0.95,20000,10065,100,9965,505,6,0.050173869846000994,0.06,0.027786123963188185,0.12476815445895917,0.09698203049577098,1.0,0.50325,0.49825,1,1,0.05
03_sample_uncertainty,55,270734315996489264591915112925792064492,20000,0.2,0.0,depolarizing,0.0,0.5,0.2,100,0.11,0.95,20000,9982,100,9882,500,4,0.050090162292125824,0.04,0.01566330399154762,0.09837071435887917,0.08270741036733156,1.0,0.4991,0.4941,1,1,0.05
03_sample_uncertainty,56,170763478462663890572357154607278964345,20000,0.2,0.0,depolarizing,0.0,0.5,0.2,100,0.11,0.95,20000,10020,100,9920,512,7,0.05109780439121756,0.07,0.03431926106727268,0.13749514739073498,0.1031758863234623,1.0,0.501,0.496,1,1,0.05
03_sample_uncertainty,57,232068188424534696751292866239441809070,20000,0.2,0.0,depolarizing,0.0,0.5,0.2,100,0.11,0.95,20000,10133,100,10033,484,3,0.04776472910293102,0.03,0.010254524024038925,0.08451936429052759,0.07426484026648866,1.0,0.50665,0.50165,1,1,0.05
03_sample_uncertainty,58,10904468481709963612401153056998885968,20000,0.2,0.0,depolarizing,0.0,0.5,0.2,100,0.11,0.95,20000,10066,100,9966,510,7,0.05066560699384065,0.07,0.03431926106727268,0.13749514739073498,0.1031758863234623,1.0,0.5033,0.4983,1,1,0.05
03_sample_uncertainty,59,282076241401873045600880994386834819252,20000,0.2,0.0,depolarizing,0.0,0.5,0.2,100,0.11,0.95,20000,10135,100,10035,529,9,0.05219536260483473,0.09,0.04807254000256516,0.16226212852716307,0.1141895885245979,1.0,0.50675,0.50175,1,1,0.05
03_sample_uncertainty,60,64491296346664051645217857872839527958,20000,0.2,0.0,depolarizing,0.0,0.5,0.2,100,0.11,0.95,20000,10034,100,9934,494,2,0.04923260912896153,0.02,0.005501967550162357,0.07001179072854387,0.06450982317838151,1.0,0.5017,0.4967,1,1,0.05
03_sample_uncertainty,61,169970555271229423314385100932110763462,20000,0.2,0.0,depolarizing,0.0,0.5,0.2,100,0.11,0.95,20000,9892,100,9792,507,5,0.05125353821269713,0.05,0.02154367915436798,0.11175046923191911,0.09020679007755114,1.0,0.4946,0.4896,1,1,0.05
03_sample_uncertainty,62,57110950082301084884536830797342663111,20000,0.2,0.0,depolarizing,0.0,0.5,0.2,100,0.11,0.95,20000,10042,100,9942,499,5,0.04969129655447122,0.05,0.02154367915436798,0.11175046923191911,0.09020679007755114,1.0,0.5021,0.4971,1,1,0.05
03_sample_uncertainty,63,11681329179872917897643878131890702466,20000,0.2,0.0,depolarizing,0.0,0.5,0.2,100,0.11,0.95,20000,9924,100,9824,508,4,0.051189036678758564,0.04,0.01566330399154762,0.09837071435887917,0.08270741036733156,1.0,0.4962,0.4912,1,1,0.05
03_sample_uncertainty,64,169016046342104719880812919512814766460,20000,0.2,0.0,depolarizing,0.0,0.5,0.2,100,0.11,0.95,20000,9988,100,9888,500,6,0.0500600720865038,0.06,0.027786123963188185,0.12476815445895917,0.09698203049577098,1.0,0.4994,0.4944,1,1,0.05
03_sample_uncertainty,65,333247705756848320237127257199101651518,20000,0.2,0.0,depolarizing,0.0,0.5,0.2,100,0.11,0.95,20000,10046,100,9946,503,4,0.05006967947441768,0.04,0.01566330399154762,0.09837071435887917,0.08270741036733156,1.0,0.5023,0.4973,1,1,0.05
03_sample_uncertainty,66,290651003460773791906047581507633380656,20000,0.2,0.0,depolarizing,0.0,0.5,0.2,100,0.11,0.95,20000,10073,100,9973,526,6,0.052218802739998016,0.06,0.027786123963188185,0.12476815445895917,0.09698203049577098,1.0,0.50365,0.49865,1,1,0.05
03_sample_uncertainty,67,293727803799995959814096146032465372065,20000,0.2,0.0,depolarizing,0.0,0.5,0.2,100,0.11,0.95,20000,10048,100,9948,473,7,0.04707404458598726,0.07,0.03431926106727268,0.13749514739073498,0.1031758863234623,1.0,0.5024,0.4974,1,1,0.05
03_sample_uncertainty,68,70553086772426023538202975518183658841,20000,0.2,0.0,depolarizing,0.0,0.5,0.2,100,0.11,0.95,20000,10066,100,9966,489,6,0.04857937611762368,0.06,0.027786123963188185,0.12476815445895917,0.09698203049577098,1.0,0.5033,0.4983,1,1,0.05
03_sample_uncertainty,69,160708352364567322628123063257251023343,20000,0.2,0.0,depolarizing,0.0,0.5,0.2,100,0.11,0.95,20000,10031,100,9931,505,3,0.05034393380520387,0.03,0.010254524024038925,0.08451936429052759,0.07426484026648866,1.0,0.50155,0.49655,1,1,0.05
03_sample_uncertainty,70,169544095485153548738695503056759052478,20000,0.2,0.0,depolarizing,0.0,0.5,0.2,100,0.11,0.95,20000,9986,100,9886,486,3,0.04866813538954536,0.03,0.010254524024038925,0.08451936429052759,0.07426484026648866,1.0,0.4993,0.4943,1,1,0.05
03_sample_uncertainty,71,46606915846911658290208218005824529184,20000,0.2,0.0,depolarizing,0.0,0.5,0.2,100,0.11,0.95,20000,10076,100,9976,494,4,0.04902739182215165,0.04,0.01566330399154762,0.09837071435887917,0.08270741036733156,1.0,0.5038,0.4988,1,1,0.05
03_sample_uncertainty,72,117908150387768508067944407966793545703,20000,0.2,0.0,depolarizing,0.0,0.5,0.2,100,0.11,0.95,20000,9941,100,9841,492,4,0.049492002816618044,0.04,0.01566330399154762,0.09837071435887917,0.08270741036733156,1.0,0.49705,0.49205,1,1,0.05
03_sample_uncertainty,73,139919389368868732859249385792908613057,20000,0.2,0.0,depolarizing,0.0,0.5,0.2,100,0.11,0.95,20000,9896,100,9796,449,2,0.045371867421180274,0.02,0.005501967550162357,0.07001179072854387,0.06450982317838151,1.0,0.4948,0.4898,1,1,0.05
03_sample_uncertainty,74,202594176479925120895146638615479871804,20000,0.2,0.0,depolarizing,0.0,0.5,0.2,100,0.11,0.95,20000,10024,100,9924,514,2,0.05127693535514764,0.02,0.005501967550162357,0.07001179072854387,0.06450982317838151,1.0,0.5012,0.4962,1,1,0.05
03_sample_uncertainty,75,133945351703472923879782957701577236332,20000,0.2,0.0,depolarizing,0.0,0.5,0.2,100,0.11,0.95,20000,10103,100,10003,494,2,0.048896367415619126,0.02,0.005501967550162357,0.07001179072854387,0.06450982317838151,1.0,0.50515,0.50015,1,1,0.05
03_sample_uncertainty,76,150644608864975234191949193715749291354,20000,0.2,0.0,depolarizing,0.0,0.5,0.2,100,0.11,0.95,20000,10031,100,9931,516,5,0.051440534343535044,0.05,0.02154367915436798,0.11175046923191911,0.09020679007755114,1.0,0.50155,0.49655,1,1,0.05
03_sample_uncertainty,77,200967142814480145863353652832145511938,20000,0.2,0.0,depolarizing,0.0,0.5,0.2,100,0.11,0.95,20000,10078,100,9978,520,5,0.05159753919428458,0.05,0.02154367915436798,0.11175046923191911,0.09020679007755114,1.0,0.5039,0.4989,1,1,0.05
03_sample_uncertainty,78,296059374738298039833856371385020312977,20000,0.2,0.0,depolarizing,0.0,0.5,0.2,100,0.11,0.95,20000,10075,100,9975,471,1,0.046749379652605456,0.01,0.0017674320641406435,0.054486196178705294,0.05271876411456465,1.0,0.50375,0.49875,1,1,0.05
03_sample_uncertainty,79,130998077537184011083492008337552711318,20000,0.2,0.0,depolarizing,0.0,0.5,0.2,100,0.11,0.95,20000,9966,100,9866,501,4,0.050270921131848285,0.04,0.01566330399154762,0.09837071435887917,0.08270741036733156,1.0,0.4983,0.4933,1,1,0.05
03_sample_uncertainty,80,38498183996651170376989366467165990513,20000,0.2,0.0,depolarizing,0.0,0.5,0.2,100,0.11,0.95,20000,9997,100,9897,474,6,0.04741422426728018,0.06,0.027786123963188185,0.12476815445895917,0.09698203049577098,1.0,0.49985,0.49485,1,1,0.05
03_sample_uncertainty,81,243306229559424494724284712510368658873,20000,0.2,0.0,depolarizing,0.0,0.5,0.2,100,0.11,0.95,20000,10091,100,9991,471,3,0.04667525517788128,0.03,0.010254524024038925,0.08451936429052759,0.07426484026648866,1.0,0.50455,0.49955,1,1,0.05
03_sample_uncertainty,82,131068645407670510323371051825125321430,20000,0.2,0.0,depolarizing,0.0,0.5,0.2,100,0.11,0.95,20000,10020,100,9920,503,8,0.050199600798403195,0.08,0.04109346148438063,0.14998107700948732,0.10888761552510669,1.0,0.501,0.496,1,1,0.05
03_sample_uncertainty,83,32251741663274434178493758845313285922,20000,0.2,0.0,depolarizing,0.0,0.5,0.2,100,0.11,0.95,20000,9972,100,9872,530,4,0.053148816686722826,0.04,0.01566330399154762,0.09837071435887917,0.08270741036733156,1.0,0.4986,0.4936,1,1,0.05
03_sample_uncertainty,84,243633900971788958550590322694166254943,20000,0.2,0.0,depolarizing,0.0,0.5,0.2,100,0.11,0.95,20000,10025,100,9925,481,2,0.04798004987531172,0.02,0.005501967550162357,0.07001179072854387,0.06450982317838151,1.0,0.50125,0.49625,1,1,0.05
03_sample_uncertainty,85,194761056234939437256739337698926425667,20000,0.2,0.0,depolarizing,0.0,0.5,0.2,100,0.11,0.95,20000,10015,100,9915,476,4,0.04752870693959062,0.04,0.01566330399154762,0.09837071435887917,0.08270741036733156,1.0,0.50075,0.49575,1,1,0.05
03_sample_uncertainty,86,127096968518358583747929633717928327497,20000,0.2,0.0,depolarizing,0.0,0.5,0.2,100,0.11,0.95,20000,9911,100,9811,486,3,0.04903642417515892,0.03,0.010254524024038925,0.08451936429052759,0.07426484026648866,1.0,0.49555,0.49055,1,1,0.05
03_sample_uncertainty,87,301502303525854549897459288980652985907,20000,0.2,0.0,depolarizing,0.0,0.5,0.2,100,0.11,0.95,20000,10145,100,10045,484,2,0.047708230655495315,0.02,0.005501967550162357,0.07001179072854387,0.06450982317838151,1.0,0.50725,0.50225,1,1,0.05
03_sample_uncertainty,88,269375291970473820513534661926552018993,20000,0.2,0.0,depolarizing,0.0,0.5,0.2,100,0.11,0.95,20000,10102,100,10002,534,8,0.05286081963967531,0.08,0.04109346148438063,0.14998107700948732,0.10888761552510669,1.0,0.5051,0.5001,1,1,0.05
03_sample_uncertainty,89,226676713593463026757565113092048194000,20000,0.2,0.0,depolarizing,0.0,0.5,0.2,100,0.11,0.95,20000,9989,100,9889,517,2,0.05175693262588848,0.02,0.005501967550162357,0.07001179072854387,0.06450982317838151,1.0,0.49945,0.49445,1,1,0.05
03_sample_uncertainty,90,168916773531424915100323979245090395952,20000,0.2,0.0,depolarizing,0.0,0.5,0.2,100,0.11,0.95,20000,10044,100,9944,493,9,0.049084030266825965,0.09,0.04807254000256516,0.16226212852716307,0.1141895885245979,1.0,0.5022,0.4972,1,1,0.05
03_sample_uncertainty,91,243956896126066273368903561265127242643,20000,0.2,0.0,depolarizing,0.0,0.5,0.2,100,0.11,0.95,20000,9936,100,9836,496,4,0.0499194847020934,0.04,0.01566330399154762,0.09837071435887917,0.08270741036733156,1.0,0.4968,0.4918,1,1,0.05
03_sample_uncertainty,92,22639263781326261230359872398529816504,20000,0.2,0.0,depolarizing,0.0,0.5,0.2,100,0.11,0.95,20000,9994,100,9894,502,7,0.05023013808284971,0.07,0.03431926106727268,0.13749514739073498,0.1031758863234623,1.0,0.4997,0.4947,1,1,0.05
03_sample_uncertainty,93,335613106602883908690918304776015622411,20000,0.2,0.0,depolarizing,0.0,0.5,0.2,100,0.11,0.95,20000,9945,100,9845,466,1,0.04685771744595274,0.01,0.0017674320641406435,0.054486196178705294,0.05271876411456465,1.0,0.49725,0.49225,1,1,0.05
03_sample_uncertainty,94,49008329650499840796165462489398497150,20000,0.2,0.0,depolarizing,0.0,0.5,0.2,100,0.11,0.95,20000,9969,100,9869,447,1,0.04483900090279867,0.01,0.0017674320641406435,0.054486196178705294,0.05271876411456465,1.0,0.49845,0.49345,1,1,0.05
03_sample_uncertainty,95,85857718997114129332500055271872925182,20000,0.2,0.0,depolarizing,0.0,0.5,0.2,100,0.11,0.95,20000,9945,100,9845,484,4,0.04866767219708396,0.04,0.01566330399154762,0.09837071435887917,0.08270741036733156,1.0,0.49725,0.49225,1,1,0.05
03_sample_uncertainty,96,89047271134245753539842119715518191913,20000,0.2,0.0,depolarizing,0.0,0.5,0.2,100,0.11,0.95,20000,10019,100,9919,474,3,0.04731011078949995,0.03,0.010254524024038925,0.08451936429052759,0.07426484026648866,1.0,0.50095,0.49595,1,1,0.05
03_sample_uncertainty,97,144623615389467170384958655835460608300,20000,0.2,0.0,depolarizing,0.0,0.5,0.2,100,0.11,0.95,20000,10007,100,9907,511,9,0.05106425502148496,0.09,0.04807254000256516,0.16226212852716307,0.1141895885245979,1.0,0.50035,0.49535,1,1,0.05
03_sample_uncertainty,98,80124656853248285698687258996490926451,20000,0.2,0.0,depolarizing,0.0,0.5,0.2,100,0.11,0.95,20000,9871,100,9771,491,2,0.049741667510890486,0.02,0.005501967550162357,0.07001179072854387,0.06450982317838151,1.0,0.49355,0.48855,1,1,0.05
03_sample_uncertainty,99,256508244577281269733536968388892060579,20000,0.2,0.0,depolarizing,0.0,0.5,0.2,100,0.11,0.95,20000,9937,100,9837,526,2,0.052933480929858105,0.02,0.005501967550162357,0.07001179072854387,0.06450982317838151,1.0,0.49685,0.49185,1,1,0.05
03_sample_uncertainty,100,75962434922671393591076293010111265100,20000,0.2,0.0,depolarizing,0.0,0.5,0.2,100,0.11,0.95,20000,10022,100,9922,532,5,0.053083216922769905,0.05,0.02154367915436798,0.11175046923191911,0.09020679007755114,1.0,0.5011,0.4961,1,1,0.05
03_sample_uncertainty,101,315422694498881277088789330586011989663,20000,0.2,0.0,depolarizing,0.0,0.5,0.2,100,0.11,0.95,20000,9902,100,9802,486,5,0.04908099373863866,0.05,0.02154367915436798,0.11175046923191911,0.09020679007755114,1.0,0.4951,0.4901,1,1,0.05
03_sample_uncertainty,102,180409085997491719417731019122402876530,20000,0.2,0.0,depolarizing,0.0,0.5,0.2,100,0.11,0.95,20000,9984,100,9884,506,3,0.050681089743589744,0.03,0.010254524024038925,0.08451936429052759,0.07426484026648866,1.0,0.4992,0.4942,1,1,0.05
03_sample_uncertainty,103,92499790815833290622434113420012347717,20000,0.2,0.0,depolarizing,0.0,0.5,0.2,100,0.11,0.95,20000,9988,100,9888,525,4,0.05256307569082899,0.04,0.01566330399154762,0.09837071435887917,0.08270741036733156,1.0,0.4994,0.4944,1,1,0.05
03_sample_uncertainty,104,339711876378938800989996473186753826870,20000,0.2,0.0,depolarizing,0.0,0.5,0.2,100,0.11,0.95,20000,9907,100,9807,486,1,0.049056222872716264,0.01,0.0017674320641406435,0.054486196178705294,0.05271876411456465,1.0,0.49535,0.49035,1,1,0.05
03_sample_uncertainty,105,259457965703128840043277158505705709023,20000,0.2,0.0,depolarizing,0.0,0.5,0.2,100,0.11,0.95,20000,9895,100,9795,502,1,0.050732693279434055,0.01,0.0017674320641406435,0.054486196178705294,0.05271876411456465,1.0,0.49475,0.48975,1,1,0.05
03_sample_uncertainty,106,43609605051808233450944348300622324171,20000,0.2,0.0,depolarizing,0.0,0.5,0.2,100,0.11,0.95,20000,10066,100,9966,509,6,0.05056626266640175,0.06,0.027786123963188185,0.12476815445895917,0.09698203049577098,1.0,0.5033,0.4983,1,1,0.05
03_sample_uncertainty,107,155328190672370421142514427961682185985,20000,0.2,0.0,depolarizing,0.0,0.5,0.2,100,0.11,0.95,20000,10038,100,9938,493,3,0.049113369197051206,0.03,0.010254524024038925,0.08451936429052759,0.07426484026648866,1.0,0.5019,0.4969,1,1,0.05
03_sample_uncertainty,108,25475162560222458268266416052367833971,20000,0.2,0.0,depolarizing,0.0,0.5,0.2,100,0.11,0.95,20000,9857,100,9757,462,5,0.04687024449629705,0.05,0.02154367915436798,0.11175046923191911,0.09020679007755114,1.0,0.49285,0.48785,1,1,0.05
03_sample_uncertainty,109,9210221434450429103419255598517834833,20000,0.2,0.0,depolarizing,0.0,0.5,0.2,100,0.11,0.95,20000,10039,100,9939,504,4,0.050204203605936845,0.04,0.01566330399154762,0.09837071435887917,0.08270741036733156,1.0,0.50195,0.49695,1,1,0.05
03_sample_uncertainty,110,227096655267563358118160648367500474613,20000,0.2,0.0,depolarizing,0.0,0.5,0.2,100,0.11,0.95,20000,10042,100,9942,509,1,0.050687114120693086,0.01,0.0017674320641406435,0.054486196178705294,0.05271876411456465,1.0,0.5021,0.4971,1,1,0.05
03_sample_uncertainty,111,43758841126090005572305807848462950153,20000,0.2,0.0,depolarizing,0.0,0.5,0.2,100,0.11,0.95,20000,10189,100,10089,534,2,0.0524094611836294,0.02,0.005501967550162357,0.07001179072854387,0.06450982317838151,1.0,0.50945,0.50445,1,1,0.05
03_sample_uncertainty,112,204705016646380049568282261404905415843,20000,0.2,0.0,depolarizing,0.0,0.5,0.2,100,0.11,0.95,20000,9955,100,9855,501,7,0.0503264691109995,0.07,0.03431926106727268,0.13749514739073498,0.1031758863234623,1.0,0.49775,0.49275,1,1,0.05
03_sample_uncertainty,113,269705062242900286302914511679878900463,20000,0.2,0.0,depolarizing,0.0,0.5,0.2,100,0.11,0.95,20000,10078,100,9978,518,8,0.05139908712046041,0.08,0.04109346148438063,0.14998107700948732,0.10888761552510669,1.0,0.5039,0.4989,1,1,0.05
03_sample_uncertainty,114,284548980281593361404532879430274672352,20000,0.2,0.0,depolarizing,0.0,0.5,0.2,100,0.11,0.95,20000,10048,100,9948,492,5,0.048964968152866245,0.05,0.02154367915436798,0.11175046923191911,0.09020679007755114,1.0,0.5024,0.4974,1,1,0.05
03_sample_uncertainty,115,135220706869942646747821215946312616625,20000,0.2,0.0,depolarizing,0.0,0.5,0.2,100,0.11,0.95,20000,9992,100,9892,483,5,0.0483386709367494,0.05,0.02154367915436798,0.11175046923191911,0.09020679007755114,1.0,0.4996,0.4946,1,1,0.05
03_sample_uncertainty,116,298204981704964311130226121401739028473,20000,0.2,0.0,depolarizing,0.0,0.5,0.2,100,0.11,0.95,20000,9905,100,9805,485,2,0.048965169106511865,0.02,0.005501967550162357,0.07001179072854387,0.06450982317838151,1.0,0.49525,0.49025,1,1,0.05
03_sample_uncertainty,117,20940042181301796313015860254423608350,20000,0.2,0.0,depolarizing,0.0,0.5,0.2,100,0.11,0.95,20000,10070,100,9970,507,4,0.05034756703078451,0.04,0.01566330399154762,0.09837071435887917,0.08270741036733156,1.0,0.5035,0.4985,1,1,0.05
03_sample_uncertainty,118,28409047583833030177959026793080929301,20000,0.2,0.0,depolarizing,0.0,0.5,0.2,100,0.11,0.95,20000,10061,100,9961,504,5,0.05009442401351754,0.05,0.02154367915436798,0.11175046923191911,0.09020679007755114,1.0,0.50305,0.49805,1,1,0.05
03_sample_uncertainty,119,45730096298952224517686110017660581086,20000,0.2,0.0,depolarizing,0.0,0.5,0.2,100,0.11,0.95,20000,9887,100,9787,497,3,0.05026802872458784,0.03,0.010254524024038925,0.08451936429052759,0.07426484026648866,1.0,0.49435,0.48935,1,1,0.05
03_sample_uncertainty,120,38651502970681719432596328882093166835,20000,0.2,0.0,depolarizing,0.0,0.5,0.2,100,0.11,0.95,20000,10001,100,9901,521,6,0.052094790520947905,0.06,0.027786123963188185,0.12476815445895917,0.09698203049577098,1.0,0.50005,0.49505,1,1,0.05
03_sample_uncertainty,121,235670144952526534201050933477183923202,20000,0.2,0.0,depolarizing,0.0,0.5,0.2,100,0.11,0.95,20000,9925,100,9825,488,4,0.04916876574307305,0.04,0.01566330399154762,0.09837071435887917,0.08270741036733156,1.0,0.49625,0.49125,1,1,0.05
03_sample_uncertainty,122,80901593188395902083955176004760131767,20000,0.2,0.0,depolarizing,0.0,0.5,0.2,100,0.11,0.95,20000,9925,100,9825,496,7,0.049974811083123426,0.07,0.03431926106727268,0.13749514739073498,0.1031758863234623,1.0,0.49625,0.49125,1,1,0.05
03_sample_uncertainty,123,218169179820123478806858045156643730235,20000,0.2,0.0,depolarizing,0.0,0.5,0.2,100,0.11,0.95,20000,9845,100,9745,477,3,0.04845099035043169,0.03,0.010254524024038925,0.08451936429052759,0.07426484026648866,1.0,0.49225,0.48725,1,1,0.05
03_sample_uncertainty,124,66334962900265100138155356314005917005,20000,0.2,0.0,depolarizing,0.0,0.5,0.2,100,0.11,0.95,20000,10096,100,9996,476,2,0.04714738510301109,0.02,0.005501967550162357,0.07001179072854387,0.06450982317838151,1.0,0.5048,0.4998,1,1,0.05
03_sample_uncertainty,125,125498166899849749658556102269824454253,20000,0.2,0.0,depolarizing,0.0,0.5,0.2,100,0.11,0.95,20000,9985,100,9885,506,8,0.05067601402103155,0.08,0.04109346148438063,0.14998107700948732,0.10888761552510669,1.0,0.49925,0.49425,1,1,0.05
03_sample_uncertainty,126,216676482665929500936240879439989647477,20000,0.2,0.0,depolarizing,0.0,0.5,0.2,100,0.11,0.95,20000,9902,100,9802,502,4,0.05069682892344981,0.04,0.01566330399154762,0.09837071435887917,0.08270741036733156,1.0,0.4951,0.4901,1,1,0.05
03_sample_uncertainty,127,37061700833297680115628981098307669716,20000,0.2,0.0,depolarizing,0.0,0.5,0.2,100,0.11,0.95,20000,10117,100,10017,542,8,0.05357319363447662,0.08,0.04109346148438063,0.14998107700948732,0.10888761552510669,1.0,0.50585,0.50085,1,1,0.05
03_sample_uncertainty,128,231986530335716784032066664004811367790,20000,0.2,0.0,depolarizing,0.0,0.5,0.2,100,0.11,0.95,20000,10153,100,10053,518,3,0.051019403132079186,0.03,0.010254524024038925,0.08451936429052759,0.07426484026648866,1.0,0.50765,0.50265,1,1,0.05
03_sample_uncertainty,129,241864477496316405630630277447112726145,20000,0.2,0.0,depolarizing,0.0,0.5,0.2,100,0.11,0.95,20000,10032,100,9932,521,5,0.05193381180223285,0.05,0.02154367915436798,0.11175046923191911,0.09020679007755114,1.0,0.5016,0.4966,1,1,0.05
03_sample_uncertainty,130,315936014625991631733287685919058275557,20000,0.2,0.0,depolarizing,0.0,0.5,0.2,100,0.11,0.95,20000,9969,100,9869,467,6,0.046845220182565955,0.06,0.027786123963188185,0.12476815445895917,0.09698203049577098,1.0,0.49845,0.49345,1,1,0.05
03_sample_uncertainty,131,116271029356670538750015164780839347898,20000,0.2,0.0,depolarizing,0.0,0.5,0.2,100,0.11,0.95,20000,9984,100,9884,504,3,0.05048076923076923,0.03,0.010254524024038925,0.08451936429052759,0.07426484026648866,1.0,0.4992,0.4942,1,1,0.05
03_sample_uncertainty,132,56639109569790127795800038851573259327,20000,0.2,0.0,depolarizing,0.0,0.5,0.2,100,0.11,0.95,20000,10037,100,9937,526,8,0.05240609743947395,0.08,0.04109346148438063,0.14998107700948732,0.10888761552510669,1.0,0.50185,0.49685,1,1,0.05
03_sample_uncertainty,133,233420280274062060859030682857943452050,20000,0.2,0.0,depolarizing,0.0,0.5,0.2,100,0.11,0.95,20000,10016,100,9916,504,3,0.050319488817891375,0.03,0.010254524024038925,0.08451936429052759,0.07426484026648866,1.0,0.5008,0.4958,1,1,0.05
03_sample_uncertainty,134,150595508695453012590962010359752887066,20000,0.2,0.0,depolarizing,0.0,0.5,0.2,100,0.11,0.95,20000,9971,100,9871,505,2,0.050646875940226654,0.02,0.005501967550162357,0.07001179072854387,0.06450982317838151,1.0,0.49855,0.49355,1,1,0.05
03_sample_uncertainty,135,76311901059447393666125140062216575231,20000,0.2,0.0,depolarizing,0.0,0.5,0.2,100,0.11,0.95,20000,10123,100,10023,522,5,0.05156574138101353,0.05,0.02154367915436798,0.11175046923191911,0.09020679007755114,1.0,0.50615,0.50115,1,1,0.05
03_sample_uncertainty,136,114228186312805622238938433455404932513,20000,0.2,0.0,depolarizing,0.0,0.5,0.2,100,0.11,0.95,20000,9990,100,9890,514,6,0.051451451451451455,0.06,0.027786123963188185,0.12476815445895917,0.09698203049577098,1.0,0.4995,0.4945,1,1,0.05
03_sample_uncertainty,137,330186599088839590633556712268861907397,20000,0.2,0.0,depolarizing,0.0,0.5,0.2,100,0.11,0.95,20000,9931,100,9831,515,8,0.05185781895076025,0.08,0.04109346148438063,0.14998107700948732,0.10888761552510669,1.0,0.49655,0.49155,1,1,0.05
03_sample_uncertainty,138,164375688805721333460719049459043774710,20000,0.2,0.0,depolarizing,0.0,0.5,0.2,100,0.11,0.95,20000,9961,100,9861,484,3,0.048589499046280495,0.03,0.010254524024038925,0.08451936429052759,0.07426484026648866,1.0,0.49805,0.49305,1,1,0.05
03_sample_uncertainty,139,196723629651525989031728298380939029072,20000,0.2,0.0,depolarizing,0.0,0.5,0.2,100,0.11,0.95,20000,10055,100,9955,506,6,0.05032322227747389,0.06,0.027786123963188185,0.12476815445895917,0.09698203049577098,1.0,0.50275,0.49775,1,1,0.05
03_sample_uncertainty,140,301592227894749292605654049262956101455,20000,0.2,0.0,depolarizing,0.0,0.5,0.2,100,0.11,0.95,20000,10037,100,9937,526,3,0.05240609743947395,0.03,0.010254524024038925,0.08451936429052759,0.07426484026648866,1.0,0.50185,0.49685,1,1,0.05
03_sample_uncertainty,141,41981600002574268088820798729410006407,20000,0.2,0.0,depolarizing,0.0,0.5,0.2,100,0.11,0.95,20000,10009,100,9909,498,3,0.049755220301728444,0.03,0.010254524024038925,0.08451936429052759,0.07426484026648866,1.0,0.50045,0.49545,1,1,0.05
03_sample_uncertainty,142,237972663928876741224569572163515639569,20000,0.2,0.0,depolarizing,0.0,0.5,0.2,100,0.11,0.95,20000,10047,100,9947,510,9,0.050761421319796954,0.09,0.04807254000256516,0.16226212852716307,0.1141895885245979,1.0,0.50235,0.49735,1,1,0.05
03_sample_uncertainty,143,219578084044168136162119786006946303409,20000,0.2,0.0,depolarizing,0.0,0.5,0.2,100,0.11,0.95,20000,9940,100,9840,492,6,0.04949698189134809,0.06,0.027786123963188185,0.12476815445895917,0.09698203049577098,1.0,0.497,0.492,1,1,0.05
03_sample_uncertainty,144,267522761407990607401512206311442399698,20000,0.2,0.0,depolarizing,0.0,0.5,0.2,100,0.11,0.95,20000,9881,100,9781,499,2,0.05050096144114968,0.02,0.005501967550162357,0.07001179072854387,0.06450982317838151,1.0,0.49405,0.48905,1,1,0.05
03_sample_uncertainty,145,243092802602486020353357696016067838419,20000,0.2,0.0,depolarizing,0.0,0.5,0.2,100,0.11,0.95,20000,9916,100,9816,492,5,0.04961678096006454,0.05,0.02154367915436798,0.11175046923191911,0.09020679007755114,1.0,0.4958,0.4908,1,1,0.05
03_sample_uncertainty,146,118872474989801675068656874093599041439,20000,0.2,0.0,depolarizing,0.0,0.5,0.2,100,0.11,0.95,20000,10024,100,9924,480,5,0.047885075818036714,0.05,0.02154367915436798,0.11175046923191911,0.09020679007755114,1.0,0.5012,0.4962,1,1,0.05
03_sample_uncertainty,147,333330764178847706330565370349190408238,20000,0.2,0.0,depolarizing,0.0,0.5,0.2,100,0.11,0.95,20000,10003,100,9903,500,2,0.049985004498650405,0.02,0.005501967550162357,0.07001179072854387,0.06450982317838151,1.0,0.50015,0.49515,1,1,0.05
03_sample_uncertainty,148,52165699381996684718389156985105847509,20000,0.2,0.0,depolarizing,0.0,0.5,0.2,100,0.11,0.95,20000,9951,100,9851,529,7,0.05316048638327806,0.07,0.03431926106727268,0.13749514739073498,0.1031758863234623,1.0,0.49755,0.49255,1,1,0.05
03_sample_uncertainty,149,109364817418749828460841413159160012828,20000,0.2,0.0,depolarizing,0.0,0.5,0.2,100,0.11,0.95,20000,9969,100,9869,486,6,0.04875112849834487,0.06,0.027786123963188185,0.12476815445895917,0.09698203049577098,1.0,0.49845,0.49345,1,1,0.05
03_sample_uncertainty,0,236980600619533461180537382665198601360,20000,0.2,0.0,depolarizing,0.0,0.5,0.2,250,0.11,0.95,20000,9926,250,9676,533,9,0.053697360467459196,0.036,0.019053279530003277,0.06699042240176928,0.047937142871766,1.0,0.4963,0.4838,1,1,0.05
03_sample_uncertainty,1,308266562643123694922906405424058707369,20000,0.2,0.0,depolarizing,0.0,0.5,0.2,250,0.11,0.95,20000,9991,250,9741,466,7,0.046641977780002,0.028,0.013628058600839228,0.05665777612286045,0.04302971752202123,1.0,0.49955,0.48705,1,1,0.05
03_sample_uncertainty,2,212303339374637630323387219266727867107,20000,0.2,0.0,depolarizing,0.0,0.5,0.2,250,0.11,0.95,20000,10019,250,9769,468,15,0.046711248627607546,0.06,0.0366944108391085,0.0966228927168827,0.05992848187777419,1.0,0.50095,0.48845,1,1,0.05
03_sample_uncertainty,3,201199786518038829069581281180742172644,20000,0.2,0.0,depolarizing,0.0,0.5,0.2,250,0.11,0.95,20000,9925,250,9675,533,9,0.053702770780856425,0.036,0.019053279530003277,0.06699042240176928,0.047937142871766,1.0,0.49625,0.48375,1,1,0.05
03_sample_uncertainty,4,288610644670367064675752942226264941005,20000,0.2,0.0,depolarizing,0.0,0.5,0.2,250,0.11,0.95,20000,9989,250,9739,472,11,0.04725197717489238,0.044,0.02474379816749356,0.07705777097235188,0.05231397280485832,1.0,0.49945,0.48695,1,1,0.05
03_sample_uncertainty,5,57673917754696647336411177685218331340,20000,0.2,0.0,depolarizing,0.0,0.5,0.2,250,0.11,0.95,20000,10035,250,9785,470,5,0.046836073741903336,0.02,0.008572324384058201,0.04595564313156859,0.037383318747510386,1.0,0.50175,0.48925,1,1,0.05
03_sample_uncertainty,6,325478045279786925784595454184290627855,20000,0.2,0.0,depolarizing,0.0,0.5,0.2,250,0.11,0.95,20000,9970,250,9720,526,21,0.05275827482447342,0.084,0.055596038766644665,0.1249948664135652,0.06939882764692054,1.0,0.4985,0.486,1,1,0.05
03_sample_uncertainty,7,207388991823029992389460604656314770799,20000,0.2,0.0,depolarizing,0.0,0.5,0.2,250,0.11,0.95,20000,10069,250,9819,525,8,0.0521402323964644,0.032,0.01630236549364963,0.06186240283408648,0.04556003734043684,1.0,0.50345,0.49095,1,1,0.05
03_sample_uncertainty,8,159844624505847885137001634686613474407,20000,0.2,0.0,depolarizing,0.0,0.5,0.2,250,0.11,0.95,20000,9936,250,9686,488,10,0.04911433172302738,0.04,0.02186991195454254,0.07205272358126646,0.050182811626723924,1.0,0.4968,0.4843,1,1,0.05
03_sample_uncertainty,9,221481997322529287436236936334080293768,20000,0.2,0.0,depolarizing,0.0,0.5,0.2,250,0.11,0.95,20000,9940,250,9690,491,11,0.04939637826961771,0.044,0.02474379816749356,0.07705777097235188,0.05231397280485832,1.0,0.497,0.4845,1,1,0.05
03_sample_uncertainty,10,66827091087854282026045042394473504744,20000,0.2,0.0,depolarizing,0.0,0.5,0.2,250,0.11,0.95,20000,9994,250,9744,455,11,0.0455273163898339,0.044,0.02474379816749356,0.07705777097235188,0.05231397280485832,1.0,0.4997,0.4872,1,1,0.05
03_sample_uncertainty,11,32503037866222027640503713681881598446,20000,0.2,0.0,depolarizing,0.0,0.5,0.2,250,0.11,0.95,20000,10176,250,9926,499,6,0.04903694968553459,0.024,0.011044777306136767,0.05136212381352646,0.04031734650738969,1.0,0.5088,0.4963,1,1,0.05
03_sample_uncertainty,12,66850779236968589603618779729033307525,20000,0.2,0.0,depolarizing,0.0,0.5,0.2,250,0.11,0.95,20000,9973,250,9723,474,11,0.04752832648150005,0.044,0.02474379816749356,0.07705777097235188,0.05231397280485832,1.0,0.49865,0.48615,1,1,0.05
03_sample_uncertainty,13,160003210172605841351636109748580776574,20000,0.2,0.0,depolarizing,0.0,0.5,0.2,250,0.11,0.95,20000,10096,250,9846,510,10,0.050515055467511887,0.04,0.02186991195454254,0.07205272358126646,0.050182811626723924,1.0,0.5048,0.4923,1,1,0.05
03_sample_uncertainty,14,225716059415532767639584968411534592858,20000,0.2,0.0,depolarizing,0.0,0.5,0.2,250,0.11,0.95,20000,9949,250,9699,530,13,0.05327168559654236,0.052,0.030637655164191247,0.08692178118372708,0.056284126019535835,1.0,0.49745,0.48495,1,1,0.05
03_sample_uncertainty,15,85182002998525516747321661397174018357,20000,0.2,0.0,depolarizing,0.0,0.5,0.2,250,0.11,0.95,20000,10053,250,9803,479,15,0.047647468417387845,0.06,0.0366944108391085,0.0966228927168827,0.05992848187777419,1.0,0.50265,0.49015,1,1,0.05
03_sample_uncertainty,16,180854086912741844404739801215304847214,20000,0.2,0.0,depolarizing,0.0,0.5,0.2,250,0.11,0.95,20000,10021,250,9771,482,13,0.04809899211655523,0.052,0.030637655164191247,0.08692178118372708,0.056284126019535835,1.0,0.50105,0.48855,1,1,0.05
03_sample_uncertainty,17,92375097294938918332148825855666742144,20000,0.2,0.0,depolarizing,0.0,0.5,0.2,250,0.11,0.95,20000,9873,250,9623,478,7,0.04841486883419427,0.028,0.013628058600839228,0.05665777612286045,0.04302971752202123,1.0,0.49365,0.48115,1,1,0.05
03_sample_uncertainty,18,184684092027626858887749798226981173768,20000,0.2,0.0,depolarizing,0.0,0.5,0.2,250,0.11,0.95,20000,9908,250,9658,524,10,0.05288655631812677,0.04,0.02186991195454254,0.07205272358126646,0.050182811626723924,1.0,0.4954,0.4829,1,1,0.05
03_sample_uncertainty,19,129919703419015504256596603551429755979,20000,0.2,0.0,depolarizing,0.0,0.5,0.2,250,0.11,0.95,20000,9937,250,9687,495,8,0.04981382711079803,0.032,0.01630236549364963,0.06186240283408648,0.04556003734043684,1.0,0.49685,0.48435,1,1,0.05
03_sample_uncertainty,20,324901466621313577573219610955053290403,20000,0.2,0.0,depolarizing,0.0,0.5,0.2,250,0.11,0.95,20000,9999,250,9749,481,12,0.0481048104810481,0.048,0.02766820153069461,0.08201230121318728,0.05434409968249267,1.0,0.49995,0.48745,1,1,0.05
03_sample_uncertainty,21,196376160281914126327097275208613957953,20000,0.2,0.0,depolarizing,0.0,0.5,0.2,250,0.11,0.95,20000,9921,250,9671,501,9,0.050498941638947685,0.036,0.019053279530003277,0.06699042240176928,0.047937142871766,1.0,0.49605,0.48355,1,1,0.05
03_sample_uncertainty,22,146506181585012133376908759562975421781,20000,0.2,0.0,depolarizing,0.0,0.5,0.2,250,0.11,0.95,20000,9969,250,9719,536,11,0.05376667669776307,0.044,0.02474379816749356,0.07705777097235188,0.05231397280485832,1.0,0.49845,0.48595,1,1,0.05
03_sample_uncertainty,23,219893988867984632450607559015381046493,20000,0.2,0.0,depolarizing,0.0,0.5,0.2,250,0.11,0.95,20000,9972,250,9722,493,13,0.049438427597272364,0.052,0.030637655164191247,0.08692178118372708,0.056284126019535835,1.0,0.4986,0.4861,1,1,0.05
03_sample_uncertainty,24,314639681725645078873094847048593935525,20000,0.2,0.0,depolarizing,0.0,0.5,0.2,250,0.11,0.95,20000,10067,250,9817,554,15,0.05503129035462402,0.06,0.0366944108391085,0.0966228927168827,0.05992848187777419,1.0,0.50335,0.49085,1,1,0.05
03_sample_uncertainty,25,72993096284797620566145785367967959073,20000,0.2,0.0,depolarizing,0.0,0.5,0.2,250,0.11,0.95,20000,9861,250,9611,487,13,0.04938647196024744,0.052,0.030637655164191247,0.08692178118372708,0.056284126019535835,1.0,0.49305,0.48055,1,1,0.05
03_sample_uncertainty,26,92726713327032672523608118812400943576,20000,0.2,0.0,depolarizing,0.0,0.5,0.2,250,0.11,0.95,20000,9954,250,9704,482,12,0.04842274462527627,0.048,0.02766820153069461,0.08201230121318728,0.05434409968249267,1.0,0.4977,0.4852,1,1,0.05
03_sample_uncertainty,27,17774593599637918622604388866369091463,20000,0.2,0.0,depolarizing,0.0,0.5,0.2,250,0.11,0.95,20000,10039,250,9789,512,10,0.051001095726666,0.04,0.02186991195454254,0.07205272358126646,0.050182811626723924,1.0,0.50195,0.48945,1,1,0.05
03_sample_uncertainty,28,229355388508300498374229035442257448455,20000,0.2,0.0,depolarizing,0.0,0.5,0.2,250,0.11,0.95,20000,9977,250,9727,522,8,0.05232033677458154,0.032,0.01630236549364963,0.06186240283408648,0.04556003734043684,1.0,0.49885,0.48635,1,1,0.05
03_sample_uncertainty,29,82341134693827315887568254388976600170,20000,0.2,0.0,depolarizing,0.0,0.5,0.2,250,0.11,0.95,20000,9931,250,9681,513,10,0.05165642936260195,0.04,0.02186991195454254,0.07205272358126646,0.050182811626723924,1.0,0.49655,0.48405,1,1,0.05
03_sample_uncertainty,30,78662454662133039153248330429044909934,20000,0.2,0.0,depolarizing,0.0,0.5,0.2,250,0.11,0.95,20000,9894,250,9644,512,10,0.05174853446533252,0.04,0.02186991195454254,0.07205272358126646,0.050182811626723924,1.0,0.4947,0.4822,1,1,0.05
03_sample_uncertainty,31,201995432787733553259116063091767830840,20000,0.2,0.0,depolarizing,0.0,0.5,0.2,250,0.11,0.95,20000,10202,250,9952,475,12,0.04655949813762007,0.048,0.02766820153069461,0.08201230121318728,0.05434409968249267,1.0,0.5101,0.4976,1,1,0.05
03_sample_uncertainty,32,60203554613023172874283298778074199807,20000,0.2,0.0,depolarizing,0.0,0.5,0.2,250,0.11,0.95,20000,9969,250,9719,527,7,0.05286387802186779,0.028,0.013628058600839228,0.05665777612286045,0.04302971752202123,1.0,0.49845,0.48595,1,1,0.05
03_sample_uncertainty,33,230225933984428363810050955339834735961,20000,0.2,0.0,depolarizing,0.0,0.5,0.2,250,0.11,0.95,20000,9906,250,9656,527,17,0.053200080759135876,0.068,0.042885918578360334,0.10618925218570377,0.06330333360734344,1.0,0.4953,0.4828,1,1,0.05
03_sample_uncertainty,34,130172374078347487254877117936271143272,20000,0.2,0.0,depolarizing,0.0,0.5,0.2,250,0.11,0.95,20000,10088,250,9838,504,13,0.0499603489294211,0.052,0.030637655164191247,0.08692178118372708,0.056284126019535835,1.0,0.5044,0.4919,1,1,0.05
03_sample_uncertainty,35,262843160685104593637316843891844298912,20000,0.2,0.0,depolarizing,0.0,0.5,0.2,250,0.11,0.95,20000,10061,250,9811,513,18,0.05098896729947321,0.072,0.046025569258264974,0.11092853510983555,0.06490296585157057,1.0,0.50305,0.49055,1,1,0.05
03_sample_uncertainty,36,140964463746739973501404804307116286589,20000,0.2,0.0,depolarizing,0.0,0.5,0.2,250,0.11,0.95,20000,9983,250,9733,493,14,0.04938395271962336,0.056,0.033647649219010894,0.09179072073294389,0.058143071513933,1.0,0.49915,0.48665,1,1,0.05
03_sample_uncertainty,37,148685814899780168306152043460390341465,20000,0.2,0.0,depolarizing,0.0,0.5,0.2,250,0.11,0.95,20000,9974,250,9724,493,8,0.049428514136755565,0.032,0.01630236549364963,0.06186240283408648,0.04556003734043684,1.0,0.4987,0.4862,1,1,0.05
03_sample_uncertainty,38,334343613863876802953340790091119169353,20000,0.2,0.0,depolarizing,0.0,0.5,0.2,250,0.11,0.95,20000,10103,250,9853,534,20,0.0528555874492725,0.08,0.05238232837233178,0.12032964320384165,0.06794731483150987,1.0,0.50515,0.49265,1,1,0.05
03_sample_uncertainty,39,49128193873382250814397927886808628042,20000,0.2,0.0,depolarizing,0.0,0.5,0.2,250,0.11,0.95,20000,9989,250,9739,513,9,0.05135649214135549,0.036,0.019053279530003277,0.06699042240176928,0.047937142871766,1.0,0.49945,0.48695,1,1,0.05
03_sample_uncertainty,40,17673891468340034898152721198335605638,20000,0.2,0.0,depolarizing,0.0,0.5,0.2,250,0.11,0.95,20000,9924,250,9674,517,13,0.05209592906086256,0.052,0.030637655164191247,0.08692178118372708,0.056284126019535835,1.0,0.4962,0.4837,1,1,0.05
03_sample_uncertainty,41,218124886124710982364688002658707306363,20000,0.2,0.0,depolarizing,0.0,0.5,0.2,250,0.11,0.95,20000,9976,250,9726,492,11,0.049318364073777064,0.044,0.02474379816749356,0.07705777097235188,0.05231397280485832,1.0,0.4988,0.4863,1,1,0.05
03_sample_uncertainty,42,287426779464859505868044573914683505145,20000,0.2,0.0,depolarizing,0.0,0.5,0.2,250,0.11,0.95,20000,9947,250,9697,496,13,0.049864280687644515,0.052,0.030637655164191247,0.08692178118372708,0.056284126019535835,1.0,0.49735,0.48485,1,1,0.05
03_sample_uncertainty,43,32491012442200213177060957143310919292,20000,0.2,0.0,depolarizing,0.0,0.5,0.2,250,0.11,0.95,20000,10057,250,9807,512,17,0.0509098140598588,0.068,0.042885918578360334,0.10618925218570377,0.06330333360734344,1.0,0.50285,0.49035,1,1,0.05
03_sample_uncertainty,44,203197822738333792002990162318619501007,20000,0.2,0.0,depolarizing,0.0,0.5,0.2,250,0.11,0.95,20000,9986,250,9736,459,19,0.04596435009012618,0.076,0.049191640661736334,0.11564139731040063,0.06644975664866429,1.0,0.4993,0.4868,1,1,0.05
03_sample_uncertainty,45,212098409230934605164633702186671661064,20000,0.2,0.0,depolarizing,0.0,0.5,0.2,250,0.11,0.95,20000,10091,250,9841,473,11,0.046873451590526215,0.044,0.02474379816749356,0.07705777097235188,0.05231397280485832,1.0,0.50455,0.49205,1,1,0.05
03_sample_uncertainty,46,62702233047511650435768602100764199656,20000,0.2,0.0,depolarizing,0.0,0.5,0.2,250,0.11,0.95,20000,10021,250,9771,533,9,0.05318830456042311,0.036,0.019053279530003277,0.06699042240176928,0.047937142871766,1.0,0.50105,0.48855,1,1,0.05
03_sample_uncertainty,47,187195606239493265722074751197298939542,20000,0.2,0.0,depolarizing,0.0,0.5,0.2,250,0.11,0.95,20000,9819,250,9569,468,9,0.04766269477543538,0.036,0.019053279530003277,0.06699042240176928,0.047937142871766,1.0,0.49095,0.47845,1,1,0.05
03_sample_uncertainty,48,110160704348499014742182420804411145904,20000,0.2,0.0,depolarizing,0.0,0.5,0.2,250,0.11,0.95,20000,9913,250,9663,497,10,0.0501361848078281,0.04,0.02186991195454254,0.07205272358126646,0.050182811626723924,1.0,0.49565,0.48315,1,1,0.05
03_sample_uncertainty,49,117112757716846077936036886204802917047,20000,0.2,0.0,depolarizing,0.0,0.5,0.2,250,0.11,0.95,20000,9993,250,9743,483,15,0.048333833683578506,0.06,0.0366944108391085,0.0966228927168827,0.05992848187777419,1.0,0.49965,0.48715,1,1,0.05
03_sample_uncertainty,50,70806143077592033885320158350112832344,20000,0.2,0.0,depolarizing,0.0,0.5,0.2,250,0.11,0.95,20000,10106,250,9856,490,11,0.048486047892341184,0.044,0.02474379816749356,0.07705777097235188,0.05231397280485832,1.0,0.5053,0.4928,1,1,0.05
03_sample_uncertainty,51,167413024413080008287447436626253763848,20000,0.2,0.0,depolarizing,0.0,0.5,0.2,250,0.11,0.95,20000,10018,250,9768,502,13,0.05010980235575963,0.052,0.030637655164191247,0.08692178118372708,0.056284126019535835,1.0,0.5009,0.4884,1,1,0.05
03_sample_uncertainty,52,121789339365980855723053263733480971449,20000,0.2,0.0,depolarizing,0.0,0.5,0.2,250,0.11,0.95,20000,9974,250,9724,514,19,0.05153398836976138,0.076,0.049191640661736334,0.11564139731040063,0.06644975664866429,1.0,0.4987,0.4862,1,1,0.05
03_sample_uncertainty,53,95602795424535266657852985520918516060,20000,0.2,0.0,depolarizing,0.0,0.5,0.2,250,0.11,0.95,20000,10035,250,9785,435,15,0.043348281016442454,0.06,0.0366944108391085,0.0966228927168827,0.05992848187777419,1.0,0.50175,0.48925,1,1,0.05
03_sample_uncertainty,54,316160795216004670175019548759837917559,20000,0.2,0.0,depolarizing,0.0,0.5,0.2,250,0.11,0.95,20000,10000,250,9750,493,15,0.0493,0.06,0.0366944108391085,0.0966228927168827,0.05992848187777419,1.0,0.5,0.4875,1,1,0.05
03_sample_uncertainty,55,3533854846138162317748885239408110201,20000,0.2,0.0,depolarizing,0.0,0.5,0.2,250,0.11,0.95,20000,9995,250,9745,487,16,0.048724362181090546,0.064,0.039774745277095874,0.10142149188293179,0.06164674660583591,1.0,0.49975,0.48725,1,1,0.05
03_sample_uncertainty,56,115438347109080072809867327370702089941,20000,0.2,0.0,depolarizing,0.0,0.5,0.2,250,0.11,0.95,20000,9974,250,9724,480,10,0.0481251253258472,0.04,0.02186991195454254,0.07205272358126646,0.050182811626723924,1.0,0.4987,0.4862,1,1,0.05
03_sample_uncertainty,57,251953367279316945759003861963408589227,20000,0.2,0.0,depolarizing,0.0,0.5,0.2,250,0.11,0.95,20000,10002,250,9752,534,9,0.05338932213557288,0.036,0.019053279530003277,0.06699042240176928,0.047937142871766,1.0,0.5001,0.4876,1,1,0.05
03_sample_uncertainty,58,246998784127401655513907334531972381524,20000,0.2,0.0,depolarizing,0.0,0.5,0.2,250,0.11,0.95,20000,10039,250,9789,512,12,0.051001095726666,0.048,0.02766820153069461,0.08201230121318728,0.05434409968249267,1.0,0.50195,0.48945,1,1,0.05
03_sample_uncertainty,59,19318428777917690093728336861093745901,20000,0.2,0.0,depolarizing,0.0,0.5,0.2,250,0.11,0.95,20000,10037,250,9787,484,12,0.0482215801534323,0.048,0.02766820153069461,0.08201230121318728,0.05434409968249267,1.0,0.50185,0.48935,1,1,0.05
03_sample_uncertainty,60,72931868764594346540901496344621447849,20000,0.2,0.0,depolarizing,0.0,0.5,0.2,250,0.11,0.95,20000,9950,250,9700,513,12,0.05155778894472362,0.048,0.02766820153069461,0.08201230121318728,0.05434409968249267,1.0,0.4975,0.485,1,1,0.05
03_sample_uncertainty,61,44932225754878599499338603860513739955,20000,0.2,0.0,depolarizing,0.0,0.5,0.2,250,0.11,0.95,20000,10080,250,9830,497,8,0.049305555555555554,0.032,0.01630236549364963,0.06186240283408648,0.04556003734043684,1.0,0.504,0.4915,1,1,0.05
03_sample_uncertainty,62,165269257822535657492805410792299293929,20000,0.2,0.0,depolarizing,0.0,0.5,0.2,250,0.11,0.95,20000,10119,250,9869,518,7,0.05119082913331357,0.028,0.013628058600839228,0.05665777612286045,0.04302971752202123,1.0,0.50595,0.49345,1,1,0.05
03_sample_uncertainty,63,197615658395649858903388938039825927242,20000,0.2,0.0,depolarizing,0.0,0.5,0.2,250,0.11,0.95,20000,10061,250,9811,488,7,0.04850412483848524,0.028,0.013628058600839228,0.05665777612286045,0.04302971752202123,1.0,0.50305,0.49055,1,1,0.05
03_sample_uncertainty,64,85835555740954448712766445835541351117,20000,0.2,0.0,depolarizing,0.0,0.5,0.2,250,0.11,0.95,20000,9932,250,9682,509,17,0.051248489730165124,0.068,0.042885918578360334,0.10618925218570377,0.06330333360734344,1.0,0.4966,0.4841,1,1,0.05
03_sample_uncertainty,65,319154415535837185912132331268367137031,20000,0.2,0.0,depolarizing,0.0,0.5,0.2,250,0.11,0.95,20000,10012,250,9762,534,15,0.0533359968038354,0.06,0.0366944108391085,0.0966228927168827,0.05992848187777419,1.0,0.5006,0.4881,1,1,0.05
03_sample_uncertainty,66,54691725627133163257403631503185347473,20000,0.2,0.0,depolarizing,0.0,0.5,0.2,250,0.11,0.95,20000,10002,250,9752,478,15,0.04779044191161767,0.06,0.0366944108391085,0.0966228927168827,0.05992848187777419,1.0,0.5001,0.4876,1,1,0.05
03_sample_uncertainty,67,5867232663538415564868955435342927051,20000,0.2,0.0,depolarizing,0.0,0.5,0.2,250,0.11,0.95,20000,9982,250,9732,511,12,0.05119214586255259,0.048,0.02766820153069461,0.08201230121318728,0.05434409968249267,1.0,0.4991,0.4866,1,1,0.05
03_sample_uncertainty,68,98833299171604982083473834396989256619,20000,0.2,0.0,depolarizing,0.0,0.5,0.2,250,0.11,0.95,20000,10022,250,9772,479,14,0.047794851327080425,0.056,0.033647649219010894,0.09179072073294389,0.058143071513933,1.0,0.5011,0.4886,1,1,0.05
03_sample_uncertainty,69,198675340629040723863874248404159878329,20000,0.2,0.0,depolarizing,0.0,0.5,0.2,250,0.11,0.95,20000,9989,250,9739,511,12,0.051156271899089,0.048,0.02766820153069461,0.08201230121318728,0.05434409968249267,1.0,0.49945,0.48695,1,1,0.05
03_sample_uncertainty,70,219347726528659055831536484899079243408,20000,0.2,0.0,depolarizing,0.0,0.5,0.2,250,0.11,0.95,20000,10003,250,9753,436,6,0.04358692392282315,0.024,0.011044777306136767,0.05136212381352646,0.04031734650738969,1.0,0.50015,0.48765,1,1,0.05
03_sample_uncertainty,71,129042066750126787222950821301175774057,20000,0.2,0.0,depolarizing,0.0,0.5,0.2,250,0.11,0.95,20000,10126,250,9876,458,10,0.04523010073079202,0.04,0.02186991195454254,0.07205272358126646,0.050182811626723924,1.0,0.5063,0.4938,1,1,0.05
03_sample_uncertainty,72,263254397438043612035446751251568572347,20000,0.2,0.0,depolarizing,0.0,0.5,0.2,250,0.11,0.95,20000,9996,250,9746,511,13,0.05112044817927171,0.052,0.030637655164191247,0.08692178118372708,0.056284126019535835,1.0,0.4998,0.4873,1,1,0.05
03_sample_uncertainty,73,86924499524608613721524406407157951753,20000,0.2,0.0,depolarizing,0.0,0.5,0.2,250,0.11,0.95,20000,9916,250,9666,491,13,0.04951593384429205,0.052,0.030637655164191247,0.08692178118372708,0.056284126019535835,1.0,0.4958,0.4833,1,1,0.05
03_sample_uncertainty,74,164355770935926146986845895005423650683,20000,0.2,0.0,depolarizing,0.0,0.5,0.2,250,0.11,0.95,20000,9993,250,9743,481,12,0.048133693585509854,0.048,0.02766820153069461,0.08201230121318728,0.05434409968249267,1.0,0.49965,0.48715,1,1,0.05
03_sample_uncertainty,75,131225648562335482123102639789627417456,20000,0.2,0.0,depolarizing,0.0,0.5,0.2,250,0.11,0.95,20000,10102,250,9852,505,13,0.04999010097010493,0.052,0.030637655164191247,0.08692178118372708,0.056284126019535835,1.0,0.5051,0.4926,1,1,0.05
03_sample_uncertainty,76,156728294486289759636421287307749608581,20000,0.2,0.0,depolarizing,0.0,0.5,0.2,250,0.11,0.95,20000,10016,250,9766,577,15,0.05760782747603834,0.06,0.0366944108391085,0.0966228927168827,0.05992848187777419,1.0,0.5008,0.4883,1,1,0.05
03_sample_uncertainty,77,289858949238748389933573459473649992563,20000,0.2,0.0,depolarizing,0.0,0.5,0.2,250,0.11,0.95,20000,10048,250,9798,508,7,0.050557324840764334,0.028,0.013628058600839228,0.05665777612286045,0.04302971752202123,1.0,0.5024,0.4899,1,1,0.05
03_sample_uncertainty,78,41420665802424070295829925269364528238,20000,0.2,0.0,depolarizing,0.0,0.5,0.2,250,0.11,0.95,20000,9977,250,9727,528,9,0.05292171995589857,0.036,0.019053279530003277,0.06699042240176928,0.047937142871766,1.0,0.49885,0.48635,1,1,0.05
03_sample_uncertainty,79,326737885177475664285980936783277248813,20000,0.2,0.0,depolarizing,0.0,0.5,0.2,250,0.11,0.95,20000,9826,250,9576,505,21,0.05139426012619581,0.084,0.055596038766644665,0.1249948664135652,0.06939882764692054,1.0,0.4913,0.4788,1,1,0.05
03_sample_uncertainty,80,246262988473646975550989417936643522726,20000,0.2,0.0,depolarizing,0.0,0.5,0.2,250,0.11,0.95,20000,10035,250,9785,555,16,0.05530642750373692,0.064,0.039774745277095874,0.10142149188293179,0.06164674660583591,1.0,0.50175,0.48925,1,1,0.05
03_sample_uncertainty,81,324500588709112292638107776629840759510,20000,0.2,0.0,depolarizing,0.0,0.5,0.2,250,0.11,0.95,20000,9986,250,9736,489,9,0.048968555978369716,0.036,0.019053279530003277,0.06699042240176928,0.047937142871766,1.0,0.4993,0.4868,1,1,0.05
03_sample_uncertainty,82,18930789113701058734727694602443547131,20000,0.2,0.0,depolarizing,0.0,0.5,0.2,250,0.11,0.95,20000,10054,250,9804,494,8,0.04913467276705789,0.032,0.01630236549364963,0.06186240283408648,0.04556003734043684,1.0,0.5027,0.4902,1,1,0.05
03_sample_uncertainty,83,327892665505922622697663505520519375044,20000,0.2,0.0,depolarizing,0.0,0.5,0.2,250,0.11,0.95,20000,10009,250,9759,494,8,0.04935557997801978,0.032,0.01630236549364963,0.06186240283408648,0.04556003734043684,1.0,0.50045,0.48795,1,1,0.05
03_sample_uncertainty,84,27836218565573433890260570975535352118,20000,0.2,0.0,depolarizing,0.0,0.5,0.2,250,0.11,0.95,20000,9960,250,9710,501,11,0.05030120481927711,0.044,0.02474379816749356,0.07705777097235188,0.05231397280485832,1.0,0.498,0.4855,1,1,0.05
03_sample_uncertainty,85,44697904034460019957157259353358571075,20000,0.2,0.0,depolarizing,0.0,0.5,0.2,250,0.11,0.95,20000,9915,250,9665,463,7,0.04669692385274836,0.028,0.013628058600839228,0.05665777612286045,0.04302971752202123,1.0,0.49575,0.48325,1,1,0.05
03_sample_uncertainty,86,203578348799183608115952186605896789683,20000,0.2,0.0,depolarizing,0.0,0.5,0.2,250,0.11,0.95,20000,9987,250,9737,543,14,0.05437068188645239,0.056,0.033647649219010894,0.09179072073294389,0.058143071513933,1.0,0.49935,0.48685,1,1,0.05
03_sample_uncertainty,87,85033155326210115875660475621444603328,20000,0.2,0.0,depolarizing,0.0,0.5,0.2,250,0.11,0.95,20000,9977,250,9727,507,9,0.05081687882128896,0.036,0.019053279530003277,0.06699042240176928,0.047937142871766,1.0,0.49885,0.48635,1,1,0.05
03_sample_uncertainty,88,48520758940171114076961694732716853524,20000,0.2,0.0,depolarizing,0.0,0.5,0.2,250,0.11,0.95,20000,10000,250,9750,493,11,0.0493,0.044,0.02474379816749356,0.07705777097235188,0.05231397280485832,1.0,0.5,0.4875,1,1,0.05
03_sample_uncertainty,89,302901140755455244116382543393306060707,20000,0.2,0.0,depolarizing,0.0,0.5,0.2,250,0.11,0.95,20000,9986,250,9736,519,11,0.05197276186661326,0.044,0.02474379816749356,0.07705777097235188,0.05231397280485832,1.0,0.4993,0.4868,1,1,0.05
03_sample_uncertainty,90,72759370227779099997849861141671490558,20000,0.2,0.0,depolarizing,0.0,0.5,0.2,250,0.11,0.95,20000,9980,250,9730,483,22,0.04839679358717435,0.088,0.05883135595378164,0.12963848283046467,0.07080712687668303,1.0,0.499,0.4865,1,1,0.05
03_sample_uncertainty,91,304286270381678458670673141798458344575,20000,0.2,0.0,depolarizing,0.0,0.5,0.2,250,0.11,0.95,20000,9939,250,9689,496,9,0.049904416943354464,0.036,0.019053279530003277,0.06699042240176928,0.047937142871766,1.0,0.49695,0.48445,1,1,0.05
03_sample_uncertainty,92,250184279040622900553590475430999628672,20000,0.2,0.0,depolarizing,0.0,0.5,0.2,250,0.11,0.95,20000,10054,250,9804,492,14,0.04893574696638154,0.056,0.033647649219010894,0.09179072073294389,0.058143071513933,1.0,0.5027,0.4902,1,1,0.05
03_sample_uncertainty,93,110266691116272263271082261100962542673,20000,0.2,0.0,depolarizing,0.0,0.5,0.2,250,0.11,0.95,20000,10061,250,9811,498,12,0.049498061822880426,0.048,0.02766820153069461,0.08201230121318728,0.05434409968249267,1.0,0.50305,0.49055,1,1,0.05
03_sample_uncertainty,94,330255900122340566125762252432914123267,20000,0.2,0.0,depolarizing,0.0,0.5,0.2,250,0.11,0.95,20000,9917,250,9667,510,12,0.05142684279520016,0.048,0.02766820153069461,0.08201230121318728,0.05434409968249267,1.0,0.49585,0.48335,1,1,0.05
03_sample_uncertainty,95,294531346584945764156992809703814243924,20000,0.2,0.0,depolarizing,0.0,0.5,0.2,250,0.11,0.95,20000,10038,250,9788,526,17,0.05240087666865909,0.068,0.042885918578360334,0.10618925218570377,0.06330333360734344,1.0,0.5019,0.4894,1,1,0.05
03_sample_uncertainty,96,224845224398955202703317070060384260507,20000,0.2,0.0,depolarizing,0.0,0.5,0.2,250,0.11,0.95,20000,10108,250,9858,522,13,0.05164226355362089,0.052,0.030637655164191247,0.08692178118372708,0.056284126019535835,1.0,0.5054,0.4929,1,1,0.05
03_sample_uncertainty,97,57623846486194264378611703633899526005,20000,0.2,0.0,depolarizing,0.0,0.5,0.2,250,0.11,0.95,20000,10106,250,9856,489,13,0.04838709677419355,0.052,0.030637655164191247,0.08692178118372708,0.056284126019535835,1.0,0.5053,0.4928,1,1,0.05
03_sample_uncertainty,98,52841399144926733518250607784012009419,20000,0.2,0.0,depolarizing,0.0,0.5,0.2,250,0.11,0.95,20000,10086,250,9836,476,11,0.047194130477890145,0.044,0.02474379816749356,0.07705777097235188,0.05231397280485832,1.0,0.5043,0.4918,1,1,0.05
03_sample_uncertainty,99,238602294648641681361550502265144409435,20000,0.2,0.0,depolarizing,0.0,0.5,0.2,250,0.11,0.95,20000,9979,250,9729,490,9,0.04910311654474396,0.036,0.019053279530003277,0.06699042240176928,0.047937142871766,1.0,0.49895,0.48645,1,1,0.05
03_sample_uncertainty,100,247253986269598507445114379228900358402,20000,0.2,0.0,depolarizing,0.0,0.5,0.2,250,0.11,0.95,20000,9991,250,9741,479,12,0.04794314883395055,0.048,0.02766820153069461,0.08201230121318728,0.05434409968249267,1.0,0.49955,0.48705,1,1,0.05
03_sample_uncertainty,101,297566096660647001086541837732037707949,20000,0.2,0.0,depolarizing,0.0,0.5,0.2,250,0.11,0.95,20000,10084,250,9834,521,12,0.051666005553351844,0.048,0.02766820153069461,0.08201230121318728,0.05434409968249267,1.0,0.5042,0.4917,1,1,0.05
03_sample_uncertainty,102,211291670159128970003676573870674026791,20000,0.2,0.0,depolarizing,0.0,0.5,0.2,250,0.11,0.95,20000,9994,250,9744,491,21,0.049129477686611966,0.084,0.055596038766644665,0.1249948664135652,0.06939882764692054,1.0,0.4997,0.4872,1,1,0.05
03_sample_uncertainty,103,299195136069938737210108421323536416521,20000,0.2,0.0,depolarizing,0.0,0.5,0.2,250,0.11,0.95,20000,9980,250,9730,475,10,0.04759519038076152,0.04,0.02186991195454254,0.07205272358126646,0.050182811626723924,1.0,0.499,0.4865,1,1,0.05
03_sample_uncertainty,104,217011383189747980149194447093454527605,20000,0.2,0.0,depolarizing,0.0,0.5,0.2,250,0.11,0.95,20000,9977,250,9727,493,10,0.049413651398215894,0.04,0.02186991195454254,0.07205272358126646,0.050182811626723924,1.0,0.49885,0.48635,1,1,0.05
03_sample_uncertainty,105,198939964171525274669109696043237320255,20000,0.2,0.0,depolarizing,0.0,0.5,0.2,250,0.11,0.95,20000,10003,250,9753,492,11,0.049185244426672,0.044,0.02474379816749356,0.07705777097235188,0.05231397280485832,1.0,0.50015,0.48765,1,1,0.05
03_sample_uncertainty,106,13926636739686564045598763869871964797,20000,0.2,0.0,depolarizing,0.0,0.5,0.2,250,0.11,0.95,20000,9913,250,9663,480,14,0.04842126500554827,0.056,0.033647649219010894,0.09179072073294389,0.058143071513933,1.0,0.49565,0.48315,1,1,0.05
03_sample_uncertainty,107,256463502061235673871159595471302101795,20000,0.2,0.0,depolarizing,0.0,0.5,0.2,250,0.11,0.95,20000,9968,250,9718,500,11,0.05016051364365971,0.044,0.02474379816749356,0.07705777097235188,0.05231397280485832,1.0,0.4984,0.4859,1,1,0.05
03_sample_uncertainty,108,275894026081567770992898706834976136476,20000,0.2,0.0,depolarizing,0.0,0.5,0.2,250,0.11,0.95,20000,10114,250,9864,496,12,0.049040933359699425,0.048,0.02766820153069461,0.08201230121318728,0.05434409968249267,1.0,0.5057,0.4932,1,1,0.05
03_sample_uncertainty,109,65868870179422474430736490673278422925,20000,0.2,0.0,depolarizing,0.0,0.5,0.2,250,0.11,0.95,20000,10025,250,9775,529,13,0.05276807980049875,0.052,0.030637655164191247,0.08692178118372708,0.056284126019535835,1.0,0.50125,0.48875,1,1,0.05
03_sample_uncertainty,110,29378002658895466199578319540516652502,20000,0.2,0.0,depolarizing,0.0,0.5,0.2,250,0.11,0.95,20000,9970,250,9720,509,10,0.051053159478435306,0.04,0.02186991195454254,0.07205272358126646,0.050182811626723924,1.0,0.4985,0.486,1,1,0.05
03_sample_uncertainty,111,339139402915247318730388304220981201746,20000,0.2,0.0,depolarizing,0.0,0.5,0.2,250,0.11,0.95,20000,9947,250,9697,486,14,0.048858952447974266,0.056,0.033647649219010894,0.09179072073294389,0.058143071513933,1.0,0.49735,0.48485,1,1,0.05
03_sample_uncertainty,112,116339313926820160905422487823808452945,20000,0.2,0.0,depolarizing,0.0,0.5,0.2,250,0.11,0.95,20000,10030,250,9780,508,15,0.050648055832502495,0.06,0.0366944108391085,0.0966228927168827,0.05992848187777419,1.0,0.5015,0.489,1,1,0.05
03_sample_uncertainty,113,276882996278145866082473869401675261940,20000,0.2,0.0,depolarizing,0.0,0.5,0.2,250,0.11,0.95,20000,9987,250,9737,490,14,0.04906378291779313,0.056,0.033647649219010894,0.09179072073294389,0.058143071513933,1.0,0.49935,0.48685,1,1,0.05
03_sample_uncertainty,114,59704005394398837827878982014026292239,20000,0.2,0.0,depolarizing,0.0,0.5,0.2,250,0.11,0.95,20000,10024,250,9774,502,11,0.05007980845969673,0.044,0.02474379816749356,0.07705777097235188,0.05231397280485832,1.0,0.5012,0.4887,1,1,0.05
03_sample_uncertainty,115,272613870287984858501084492746376829141,20000,0.2,0.0,depolarizing,0.0,0.5,0.2,250,0.11,0.95,20000,10074,250,9824,491,9,0.04873932896565416,0.036,0.019053279530003277,0.06699042240176928,0.047937142871766,1.0,0.5037,0.4912,1,1,0.05
03_sample_uncertainty,116,2749764325765654745415188851376963252,20000,0.2,0.0,depolarizing,0.0,0.5,0.2,250,0.11,0.95,20000,10044,250,9794,488,11,0.04858622062923138,0.044,0.02474379816749356,0.07705777097235188,0.05231397280485832,1.0,0.5022,0.4897,1,1,0.05
03_sample_uncertainty,117,234361123541434381531426911913518822300,20000,0.2,0.0,depolarizing,0.0,0.5,0.2,250,0.11,0.95,20000,9991,250,9741,494,15,0.04944450005004504,0.06,0.0366944108391085,0.0966228927168827,0.05992848187777419,1.0,0.49955,0.48705,1,1,0.05
03_sample_uncertainty,118,70859252656538725216258868362820170485,20000,0.2,0.0,depolarizing,0.0,0.5,0.2,250,0.11,0.95,20000,10021,250,9771,476,11,0.04750024947610019,0.044,0.02474379816749356,0.07705777097235188,0.05231397280485832,1.0,0.50105,0.48855,1,1,0.05
03_sample_uncertainty,119,239849517087854090951213381805064953000,20000,0.2,0.0,depolarizing,0.0,0.5,0.2,250,0.11,0.95,20000,10112,250,9862,534,27,0.052808544303797465,0.108,0.0752919484005553,0.15257255840387324,0.07728061000331794,1.0,0.5056,0.4931,1,1,0.05
03_sample_uncertainty,120,4192460490838988735779449800477778438,20000,0.2,0.0,depolarizing,0.0,0.5,0.2,250,0.11,0.95,20000,9979,250,9729,516,11,0.051708588034873236,0.044,0.02474379816749356,0.07705777097235188,0.05231397280485832,1.0,0.49895,0.48645,1,1,0.05
03_sample_uncertainty,121,76368774390393439063711061783549384449,20000,0.2,0.0,depolarizing,0.0,0.5,0.2,250,0.11,0.95,20000,10025,250,9775,526,13,0.052468827930174565,0.052,0.030637655164191247,0.08692178118372708,0.056284126019535835,1.0,0.50125,0.48875,1,1,0.05
03_sample_uncertainty,122,42368358781798978371336581709579855848,20000,0.2,0.0,depolarizing,0.0,0.5,0.2,250,0.11,0.95,20000,9911,250,9661,519,18,0.05236605791544748,0.072,0.046025569258264974,0.11092853510983555,0.06490296585157057,1.0,0.49555,0.48305,1,1,0.05
03_sample_uncertainty,123,162207774992543472274863942166788671494,20000,0.2,0.0,depolarizing,0.0,0.5,0.2,250,0.11,0.95,20000,9966,250,9716,513,13,0.051475015051173995,0.052,0.030637655164191247,0.08692178118372708,0.056284126019535835,1.0,0.4983,0.4858,1,1,0.05
03_sample_uncertainty,124,197905670256266997543184431403646868641,20000,0.2,0.0,depolarizing,0.0,0.5,0.2,250,0.11,0.95,20000,9935,250,9685,483,18,0.048616004026170105,0.072,0.046025569258264974,0.11092853510983555,0.06490296585157057,1.0,0.49675,0.48425,1,1,0.05
03_sample_uncertainty,125,247690759006166942480950883081257425824,20000,0.2,0.0,depolarizing,0.0,0.5,0.2,250,0.11,0.95,20000,10063,250,9813,513,16,0.050978833349895655,0.064,0.039774745277095874,0.10142149188293179,0.06164674660583591,1.0,0.50315,0.49065,1,1,0.05
03_sample_uncertainty,126,135007223721943274333341883647627652508,20000,0.2,0.0,depolarizing,0.0,0.5,0.2,250,0.11,0.95,20000,10140,250,9890,562,10,0.05542406311637081,0.04,0.02186991195454254,0.07205272358126646,0.050182811626723924,1.0,0.507,0.4945,1,1,0.05
03_sample_uncertainty,127,114066759806487382787246418849849207682,20000,0.2,0.0,depolarizing,0.0,0.5,0.2,250,0.11,0.95,20000,10042,250,9792,519,13,0.05168293168691496,0.052,0.030637655164191247,0.08692178118372708,0.056284126019535835,1.0,0.5021,0.4896,1,1,0.05
03_sample_uncertainty,128,191299236415474607729079345280115548612,20000,0.2,0.0,depolarizing,0.0,0.5,0.2,250,0.11,0.95,20000,9976,250,9726,425,10,0.04260224538893344,0.04,0.02186991195454254,0.07205272358126646,0.050182811626723924,1.0,0.4988,0.4863,1,1,0.05
03_sample_uncertainty,129,140686382935807033042534795927534814370,20000,0.2,0.0,depolarizing,0.0,0.5,0.2,250,0.11,0.95,20000,9973,250,9723,507,10,0.0508372606036298,0.04,0.02186991195454254,0.07205272358126646,0.050182811626723924,1.0,0.49865,0.48615,1,1,0.05
03_sample_uncertainty,130,242404791692001082739600047744185736265,20000,0.2,0.0,depolarizing,0.0,0.5,0.2,250,0.11,0.95,20000,9918,250,9668,491,12,0.049505948779995965,0.048,0.02766820153069461,0.08201230121318728,0.05434409968249267,1.0,0.4959,0.4834,1,1,0.05
03_sample_uncertainty,131,321188269325820389420392697183409574950,20000,0.2,0.0,depolarizing,0.0,0.5,0.2,250,0.11,0.95,20000,10130,250,9880,519,14,0.05123395853899309,0.056,0.033647649219010894,0.09179072073294389,0.058143071513933,1.0,0.5065,0.494,1,1,0.05
03_sample_uncertainty,132,98196286376014115573192439898233394480,20000,0.2,0.0,depolarizing,0.0,0.5,0.2,250,0.11,0.95,20000,10012,250,9762,473,11,0.047243308030363564,0.044,0.02474379816749356,0.07705777097235188,0.05231397280485832,1.0,0.5006,0.4881,1,1,0.05
03_sample_uncertainty,133,125649223052733017962966630520252120953,20000,0.2,0.0,depolarizing,0.0,0.5,0.2,250,0.11,0.95,20000,10040,250,9790,506,13,0.05039840637450199,0.052,0.030637655164191247,0.08692178118372708,0.056284126019535835,1.0,0.502,0.4895,1,1,0.05
03_sample_uncertainty,134,162298329853501789495417440973394738370,20000,0.2,0.0,depolarizing,0.0,0.5,0.2,250,0.11,0.95,20000,9985,250,9735,508,11,0.05087631447170756,0.044,0.02474379816749356,0.07705777097235188,0.05231397280485832,1.0,0.49925,0.48675,1,1,0.05
03_sample_uncertainty,135,39108445851640714932450670067028839434,20000,0.2,0.0,depolarizing,0.0,0.5,0.2,250,0.11,0.95,20000,9913,250,9663,487,11,0.04912740845354585,0.044,0.02474379816749356,0.07705777097235188,0.05231397280485832,1.0,0.49565,0.48315,1,1,0.05
03_sample_uncertainty,136,6176691612688176396607469369098845612,20000,0.2,0.0,depolarizing,0.0,0.5,0.2,250,0.11,0.95,20000,9921,250,9671,482,12,0.048583812115714144,0.048,0.02766820153069461,0.08201230121318728,0.05434409968249267,1.0,0.49605,0.48355,1,1,0.05
03_sample_uncertainty,137,251128565435851408465477886910512045889,20000,0.2,0.0,depolarizing,0.0,0.5,0.2,250,0.11,0.95,20000,9942,250,9692,526,17,0.052906859786763225,0.068,0.042885918578360334,0.10618925218570377,0.06330333360734344,1.0,0.4971,0.4846,1,1,0.05
03_sample_uncertainty,138,331776087172417282166958579318115545036,20000,0.2,0.0,depolarizing,0.0,0.5,0.2,250,0.11,0.95,20000,10006,250,9756,503,17,0.050269838097141716,0.068,0.042885918578360334,0.10618925218570377,0.06330333360734344,1.0,0.5003,0.4878,1,1,0.05
03_sample_uncertainty,139,228114874305261265957956845740321819326,20000,0.2,0.0,depolarizing,0.0,0.5,0.2,250,0.11,0.95,20000,9923,250,9673,551,23,0.055527562229164565,0.092,0.06208701511330673,0.13426175727497602,0.0721747421616693,1.0,0.49615,0.48365,1,1,0.05
03_sample_uncertainty,140,25805642889069956756357749623534958639,20000,0.2,0.0,depolarizing,0.0,0.5,0.2,250,0.11,0.95,20000,9939,250,9689,519,17,0.05221853305161485,0.068,0.042885918578360334,0.10618925218570377,0.06330333360734344,1.0,0.49695,0.48445,1,1,0.05
03_sample_uncertainty,141,19143923022146101385933981763562574284,20000,0.2,0.0,depolarizing,0.0,0.5,0.2,250,0.11,0.95,20000,10019,250,9769,512,6,0.051102904481485176,0.024,0.011044777306136767,0.05136212381352646,0.04031734650738969,1.0,0.50095,0.48845,1,1,0.05
03_sample_uncertainty,142,67805209733295643440446473224617075989,20000,0.2,0.0,depolarizing,0.0,0.5,0.2,250,0.11,0.95,20000,10029,250,9779,498,11,0.049655997606939874,0.044,0.02474379816749356,0.07705777097235188,0.05231397280485832,1.0,0.50145,0.48895,1,1,0.05
03_sample_uncertainty,143,283434073677421299234995191984150697452,20000,0.2,0.0,depolarizing,0.0,0.5,0.2,250,0.11,0.95,20000,9994,250,9744,532,10,0.053231939163498096,0.04,0.02186991195454254,0.07205272358126646,0.050182811626723924,1.0,0.4997,0.4872,1,1,0.05
03_sample_uncertainty,144,97674956676752746995393435786842082971,20000,0.2,0.0,depolarizing,0.0,0.5,0.2,250,0.11,0.95,20000,9830,250,9580,516,12,0.05249237029501526,0.048,0.02766820153069461,0.08201230121318728,0.05434409968249267,1.0,0.4915,0.479,1,1,0.05
03_sample_uncertainty,145,301606423094426596064992331969365559119,20000,0.2,0.0,depolarizing,0.0,0.5,0.2,250,0.11,0.95,20000,10022,250,9772,509,19,0.05078826581520655,0.076,0.049191640661736334,0.11564139731040063,0.06644975664866429,1.0,0.5011,0.4886,1,1,0.05
03_sample_uncertainty,146,26813107375460783608122365687449341038,20000,0.2,0.0,depolarizing,0.0,0.5,0.2,250,0.11,0.95,20000,10060,250,9810,504,9,0.05009940357852883,0.036,0.019053279530003277,0.06699042240176928,0.047937142871766,1.0,0.503,0.4905,1,1,0.05
03_sample_uncertainty,147,26814121703497084424187413814291675290,20000,0.2,0.0,depolarizing,0.0,0.5,0.2,250,0.11,0.95,20000,9982,250,9732,485,10,0.048587457423362054,0.04,0.02186991195454254,0.07205272358126646,0.050182811626723924,1.0,0.4991,0.4866,1,1,0.05
03_sample_uncertainty,148,28792546705206172806139168008606476145,20000,0.2,0.0,depolarizing,0.0,0.5,0.2,250,0.11,0.95,20000,10044,250,9794,484,12,0.04818797291915571,0.048,0.02766820153069461,0.08201230121318728,0.05434409968249267,1.0,0.5022,0.4897,1,1,0.05
03_sample_uncertainty,149,131746858894076747359711414736386821567,20000,0.2,0.0,depolarizing,0.0,0.5,0.2,250,0.11,0.95,20000,10074,250,9824,490,14,0.048640063529878895,0.056,0.033647649219010894,0.09179072073294389,0.058143071513933,1.0,0.5037,0.4912,1,1,0.05
03_sample_uncertainty,0,278690744890980333033033949639694366775,20000,0.2,0.0,depolarizing,0.0,0.5,0.2,500,0.11,0.95,20000,10081,500,9581,551,29,0.05465727606388255,0.058,0.0406837291117572,0.08205618785625499,0.041372458744497784,1.0,0.50405,0.47905,1,1,0.05
03_sample_uncertainty,1,294161219379755757313874133651467257862,20000,0.2,0.0,depolarizing,0.0,0.5,0.2,500,0.11,0.95,20000,10078,500,9578,517,29,0.05129986108354832,0.058,0.0406837291117572,0.08205618785625499,0.041372458744497784,1.0,0.5039,0.4789,1,1,0.05
03_sample_uncertainty,2,192654419552297415489821368988371385606,20000,0.2,0.0,depolarizing,0.0,0.5,0.2,500,0.11,0.95,20000,10066,500,9566,499,28,0.04957281939201272,0.056,0.03902562068315149,0.0797447936467069,0.040719172963555414,1.0,0.5033,0.4783,1,1,0.05
03_sample_uncertainty,3,214010105295102042784494302665217455305,20000,0.2,0.0,depolarizing,0.0,0.5,0.2,500,0.11,0.95,20000,9974,500,9474,515,28,0.05163424904752356,0.056,0.03902562068315149,0.0797447936467069,0.040719172963555414,1.0,0.4987,0.4737,1,1,0.05
03_sample_uncertainty,4,13485245682029498699933401870576827832,20000,0.2,0.0,depolarizing,0.0,0.5,0.2,500,0.11,0.95,20000,10134,500,9634,538,23,0.05308861259127689,0.046,0.030845108370816207,0.06807779276827323,0.03723268439745703,1.0,0.5067,0.4817,1,1,0.05
03_sample_uncertainty,5,243606433561074138377192618666042295358,20000,0.2,0.0,depolarizing,0.0,0.5,0.2,500,0.11,0.95,20000,9994,500,9494,519,26,0.05193115869521713,0.052,0.035730265115705276,0.07510114393784553,0.03937087882214026,1.0,0.4997,0.4747,1,1,0.05
03_sample_uncertainty,6,5710247376670686408210553854187023437,20000,0.2,0.0,depolarizing,0.0,0.5,0.2,500,0.11,0.95,20000,9920,500,9420,521,29,0.05252016129032258,0.058,0.0406837291117572,0.08205618785625499,0.041372458744497784,1.0,0.496,0.471,1,1,0.05
03_sample_uncertainty,7,3762886474651328348832104869488463902,20000,0.2,0.0,depolarizing,0.0,0.5,0.2,500,0.11,0.95,20000,10024,500,9524,524,23,0.05227454110135674,0.046,0.030845108370816207,0.06807779276827323,0.03723268439745703,1.0,0.5012,0.4762,1,1,0.05
03_sample_uncertainty,8,299488570765711552028234406449728184118,20000,0.2,0.0,depolarizing,0.0,0.5,0.2,500,0.11,0.95,20000,10028,500,9528,510,36,0.050857598723573996,0.072,0.0524580314181262,0.09806840401696253,0.045610372598836324,1.0,0.5014,0.4764,1,1,0.05
03_sample_uncertainty,9,237233676966424927899289370378846679670,20000,0.2,0.0,depolarizing,0.0,0.5,0.2,500,0.11,0.95,20000,10086,500,9586,500,17,0.049573666468372,0.034,0.021334519808532196,0.0537713655016345,0.032436845693102304,1.0,0.5043,0.4793,1,1,0.05
03_sample_uncertainty,10,17205955634029224214654378625191123209,20000,0.2,0.0,depolarizing,0.0,0.5,0.2,500,0.11,0.95,20000,10133,500,9633,503,36,0.04963979078259153,0.072,0.0524580314181262,0.09806840401696253,0.045610372598836324,1.0,0.50665,0.48165,1,1,0.05
03_sample_uncertainty,11,260051309388345066402311140835022305362,20000,0.2,0.0,depolarizing,0.0,0.5,0.2,500,0.11,0.95,20000,9928,500,9428,498,24,0.05016116035455278,0.048,0.03246520694135317,0.07042719683589006,0.03796198989453689,1.0,0.4964,0.4714,1,1,0.05
03_sample_uncertainty,12,150347225864493178996421693127045400498,20000,0.2,0.0,depolarizing,0.0,0.5,0.2,500,0.11,0.95,20000,9904,500,9404,491,20,0.04957592891760905,0.04,0.026040797389777263,0.0609735958348508,0.034932798445073535,1.0,0.4952,0.4702,1,1,0.05
03_sample_uncertainty,13,101475984961997050466343464337348445489,20000,0.2,0.0,depolarizing,0.0,0.5,0.2,500,0.11,0.95,20000,9983,500,9483,479,24,0.04798156866673345,0.048,0.03246520694135317,0.07042719683589006,0.03796198989453689,1.0,0.49915,0.47415,1,1,0.05
03_sample_uncertainty,14,247422764149182980353488136910828767233,20000,0.2,0.0,depolarizing,0.0,0.5,0.2,500,0.11,0.95,20000,10034,500,9534,526,32,0.05242176599561491,0.064,0.04569601604478943,0.08895240883768415,0.04325639279289473,1.0,0.5017,0.4767,1,1,0.05
03_sample_uncertainty,15,322675055064347954939808284193159938130,20000,0.2,0.0,depolarizing,0.0,0.5,0.2,500,0.11,0.95,20000,10008,500,9508,476,22,0.04756195043964828,0.044,0.029233955628607186,0.06571944287232845,0.03648548724372126,1.0,0.5004,0.4754,1,1,0.05
03_sample_uncertainty,16,242661920233705711590517632235523656065,20000,0.2,0.0,depolarizing,0.0,0.5,0.2,500,0.11,0.95,20000,9941,500,9441,504,28,0.05069912483653556,0.056,0.03902562068315149,0.0797447936467069,0.040719172963555414,1.0,0.49705,0.47205,1,1,0.05
03_sample_uncertainty,17,179259346977990626926516738169793753985,20000,0.2,0.0,depolarizing,0.0,0.5,0.2,500,0.11,0.95,20000,9994,500,9494,464,18,0.046427856714028416,0.036,0.022891060980292723,0.05618432696802775,0.03329326598773502,1.0,0.4997,0.4747,1,1,0.05
03_sample_uncertainty,18,50711999348683959252110506920030455880,20000,0.2,0.0,depolarizing,0.0,0.5,0.2,500,0.11,0.95,20000,10081,500,9581,478,26,0.04741593095923023,0.052,0.035730265115705276,0.07510114393784553,0.03937087882214026,1.0,0.50405,0.47905,1,1,0.05
03_sample_uncertainty,19,94416693099659043196527578746316986518,20000,0.2,0.0,depolarizing,0.0,0.5,0.2,500,0.11,0.95,20000,9825,500,9325,509,30,0.05180661577608142,0.06,0.04234835648094621,0.08436106312521979,0.04201270664427358,1.0,0.49125,0.46625,1,1,0.05
03_sample_uncertainty,20,317356250701960455656720742778592810606,20000,0.2,0.0,depolarizing,0.0,0.5,0.2,500,0.11,0.95,20000,10111,500,9611,492,20,0.04865987538324597,0.04,0.026040797389777263,0.0609735958348508,0.034932798445073535,1.0,0.50555,0.48055,1,1,0.05
03_sample_uncertainty,21,334878515514606071091001801011730205366,20000,0.2,0.0,depolarizing,0.0,0.5,0.2,500,0.11,0.95,20000,10034,500,9534,516,30,0.051425154474785725,0.06,0.04234835648094621,0.08436106312521979,0.04201270664427358,1.0,0.5017,0.4767,1,1,0.05
03_sample_uncertainty,22,62151879405389233107803845108753032758,20000,0.2,0.0,depolarizing,0.0,0.5,0.2,500,0.11,0.95,20000,9952,500,9452,506,26,0.050844051446945336,0.052,0.035730265115705276,0.07510114393784553,0.03937087882214026,1.0,0.4976,0.4726,1,1,0.05
03_sample_uncertainty,23,179100528104222849515092168300078651697,20000,0.2,0.0,depolarizing,0.0,0.5,0.2,500,0.11,0.95,20000,10068,500,9568,481,27,0.0477751291219706,0.054,0.037374350181057524,0.07742656151064709,0.04005221132958956,1.0,0.5034,0.4784,1,1,0.05
03_sample_uncertainty,24,184830277222825123607470436140765676692,20000,0.2,0.0,depolarizing,0.0,0.5,0.2,500,0.11,0.95,20000,10003,500,9503,526,26,0.052584224732580225,0.052,0.035730265115705276,0.07510114393784553,0.03937087882214026,1.0,0.50015,0.47515,1,1,0.05
03_sample_uncertainty,25,172325278137202500008645809446789507028,20000,0.2,0.0,depolarizing,0.0,0.5,0.2,500,0.11,0.95,20000,9949,500,9449,525,25,0.05276912252487687,0.05,0.03409374524384944,0.07276816117154758,0.03867441592769814,1.0,0.49745,0.47245,1,1,0.05
03_sample_uncertainty,26,334674113479222665651324575546018559347,20000,0.2,0.0,depolarizing,0.0,0.5,0.2,500,0.11,0.95,20000,10111,500,9611,484,23,0.04786865789733953,0.046,0.030845108370816207,0.06807779276827323,0.03723268439745703,1.0,0.50555,0.48055,1,1,0.05
03_sample_uncertainty,27,192763775564156534134775065314483143994,20000,0.2,0.0,depolarizing,0.0,0.5,0.2,500,0.11,0.95,20000,10016,500,9516,475,20,0.0474241214057508,0.04,0.026040797389777263,0.0609735958348508,0.034932798445073535,1.0,0.5008,0.4758,1,1,0.05
03_sample_uncertainty,28,121700613936854208316990733444326608663,20000,0.2,0.0,depolarizing,0.0,0.5,0.2,500,0.11,0.95,20000,9890,500,9390,469,25,0.0474216380182002,0.05,0.03409374524384944,0.07276816117154758,0.03867441592769814,1.0,0.4945,0.4695,1,1,0.05
03_sample_uncertainty,29,317103401676748762232112075481492850913,20000,0.2,0.0,depolarizing,0.0,0.5,0.2,500,0.11,0.95,20000,9887,500,9387,500,26,0.050571457469404266,0.052,0.035730265115705276,0.07510114393784553,0.03937087882214026,1.0,0.49435,0.46935,1,1,0.05
03_sample_uncertainty,30,73219158028734614039807321726618522243,20000,0.2,0.0,depolarizing,0.0,0.5,0.2,500,0.11,0.95,20000,9947,500,9447,466,19,0.04684829596863376,0.038,0.024460118055830392,0.058584772530643876,0.034124654474813484,1.0,0.49735,0.47235,1,1,0.05
03_sample_uncertainty,31,96317702075089252615546835837305394667,20000,0.2,0.0,depolarizing,0.0,0.5,0.2,500,0.11,0.95,20000,10063,500,9563,547,32,0.054357547451058336,0.064,0.04569601604478943,0.08895240883768415,0.04325639279289473,1.0,0.50315,0.47815,1,1,0.05
03_sample_uncertainty,32,298507828048917770048075773075338913467,20000,0.2,0.0,depolarizing,0.0,0.5,0.2,500,0.11,0.95,20000,9970,500,9470,497,24,0.04984954864593781,0.048,0.03246520694135317,0.07042719683589006,0.03796198989453689,1.0,0.4985,0.4735,1,1,0.05
03_sample_uncertainty,33,110379161089027389988342119624968079734,20000,0.2,0.0,depolarizing,0.0,0.5,0.2,500,0.11,0.95,20000,9948,500,9448,490,27,0.049256131885806194,0.054,0.037374350181057524,0.07742656151064709,0.04005221132958956,1.0,0.4974,0.4724,1,1,0.05
03_sample_uncertainty,34,203281702259714395294309635899934602113,20000,0.2,0.0,depolarizing,0.0,0.5,0.2,500,0.11,0.95,20000,10134,500,9634,508,24,0.05012828103414249,0.048,0.03246520694135317,0.07042719683589006,0.03796198989453689,1.0,0.5067,0.4817,1,1,0.05
03_sample_uncertainty,35,184251922742570640468290003951584333818,20000,0.2,0.0,depolarizing,0.0,0.5,0.2,500,0.11,0.95,20000,9920,500,9420,484,31,0.04879032258064516,0.062,0.04401920914268158,0.08665971310163821,0.04264050395895663,1.0,0.496,0.471,1,1,0.05
03_sample_uncertainty,36,271549632622316643745957500235245114578,20000,0.2,0.0,depolarizing,0.0,0.5,0.2,500,0.11,0.95,20000,10103,500,9603,520,21,0.05146986043749381,0.042,0.027632310108451706,0.06335158575433014,0.035719275645878436,1.0,0.50515,0.48015,1,1,0.05
03_sample_uncertainty,37,208817452747597622550687775680540917514,20000,0.2,0.0,depolarizing,0.0,0.5,0.2,500,0.11,0.95,20000,10139,500,9639,495,22,0.048821382779366804,0.044,0.029233955628607186,0.06571944287232845,0.03648548724372126,1.0,0.50695,0.48195,1,1,0.05
03_sample_uncertainty,38,28653775920119525619926368954684879912,20000,0.2,0.0,depolarizing,0.0,0.5,0.2,500,0.11,0.95,20000,10006,500,9506,449,22,0.04487307615430742,0.044,0.029233955628607186,0.06571944287232845,0.03648548724372126,1.0,0.5003,0.4753,1,1,0.05
03_sample_uncertainty,39,326646524947110308204718171507171673975,20000,0.2,0.0,depolarizing,0.0,0.5,0.2,500,0.11,0.95,20000,9995,500,9495,504,23,0.05042521260630315,0.046,0.030845108370816207,0.06807779276827323,0.03723268439745703,1.0,0.49975,0.47475,1,1,0.05
03_sample_uncertainty,40,262623379880504924008702132828224401933,20000,0.2,0.0,depolarizing,0.0,0.5,0.2,500,0.11,0.95,20000,9917,500,9417,464,18,0.04678834324896642,0.036,0.022891060980292723,0.05618432696802775,0.03329326598773502,1.0,0.49585,0.47085,1,1,0.05
03_sample_uncertainty,41,41892912356663742115849717895747620051,20000,0.2,0.0,depolarizing,0.0,0.5,0.2,500,0.11,0.95,20000,9993,500,9493,472,22,0.04723306314420094,0.044,0.029233955628607186,0.06571944287232845,0.03648548724372126,1.0,0.49965,0.47465,1,1,0.05
03_sample_uncertainty,42,21708019875386967556389828628643871871,20000,0.2,0.0,depolarizing,0.0,0.5,0.2,500,0.11,0.95,20000,10066,500,9566,538,25,0.053447248162129944,0.05,0.03409374524384944,0.07276816117154758,0.03867441592769814,1.0,0.5033,0.4783,1,1,0.05
03_sample_uncertainty,43,180452493957066904872314228448650408669,20000,0.2,0.0,depolarizing,0.0,0.5,0.2,500,0.11,0.95,20000,9947,500,9447,535,31,0.0537850608223585,0.062,0.04401920914268158,0.08665971310163821,0.04264050395895663,1.0,0.49735,0.47235,1,1,0.05
03_sample_uncertainty,44,320305171812698046526193954426455650662,20000,0.2,0.0,depolarizing,0.0,0.5,0.2,500,0.11,0.95,20000,9967,500,9467,543,41,0.054479783284839975,0.082,0.06101908946846895,0.10935485915738874,0.04833576968891979,1.0,0.49835,0.47335,1,1,0.05
03_sample_uncertainty,45,256785994814976046081516024402598654928,20000,0.2,0.0,depolarizing,0.0,0.5,0.2,500,0.11,0.95,20000,9951,500,9451,489,21,0.049140789870364784,0.042,0.027632310108451706,0.06335158575433014,0.035719275645878436,1.0,0.49755,0.47255,1,1,0.05
03_sample_uncertainty,46,115515866341988623878939828952935922423,20000,0.2,0.0,depolarizing,0.0,0.5,0.2,500,0.11,0.95,20000,9956,500,9456,489,21,0.04911611088790679,0.042,0.027632310108451706,0.06335158575433014,0.035719275645878436,1.0,0.4978,0.4728,1,1,0.05
03_sample_uncertainty,47,136616319214338297728685177221618141011,20000,0.2,0.0,depolarizing,0.0,0.5,0.2,500,0.11,0.95,20000,9906,500,9406,459,20,0.04633555420956996,0.04,0.026040797389777263,0.0609735958348508,0.034932798445073535,1.0,0.4953,0.4703,1,1,0.05
03_sample_uncertainty,48,218562162698443859239789751891286696118,20000,0.2,0.0,depolarizing,0.0,0.5,0.2,500,0.11,0.95,20000,9905,500,9405,517,20,0.05219586067642605,0.04,0.026040797389777263,0.0609735958348508,0.034932798445073535,1.0,0.49525,0.47025,1,1,0.05
03_sample_uncertainty,49,203321597495923757125681979004161070520,20000,0.2,0.0,depolarizing,0.0,0.5,0.2,500,0.11,0.95,20000,10088,500,9588,488,15,0.04837430610626487,0.03,0.01826321319791339,0.048903666835945714,0.030640453638032323,1.0,0.5044,0.4794,1,1,0.05
03_sample_uncertainty,50,200253358321701487110745756535597298735,20000,0.2,0.0,depolarizing,0.0,0.5,0.2,500,0.11,0.95,20000,9983,500,9483,487,23,0.04878293098267054,0.046,0.030845108370816207,0.06807779276827323,0.03723268439745703,1.0,0.49915,0.47415,1,1,0.05
03_sample_uncertainty,51,176067825737631449067334149906245789077,20000,0.2,0.0,depolarizing,0.0,0.5,0.2,500,0.11,0.95,20000,10044,500,9544,509,26,0.050677021107128635,0.052,0.035730265115705276,0.07510114393784553,0.03937087882214026,1.0,0.5022,0.4772,1,1,0.05
03_sample_uncertainty,52,229564924871686848438598020472436807025,20000,0.2,0.0,depolarizing,0.0,0.5,0.2,500,0.11,0.95,20000,10011,500,9511,532,27,0.053141544301268606,0.054,0.037374350181057524,0.07742656151064709,0.04005221132958956,1.0,0.50055,0.47555,1,1,0.05
03_sample_uncertainty,53,315651631648521962089290697711412152370,20000,0.2,0.0,depolarizing,0.0,0.5,0.2,500,0.11,0.95,20000,9974,500,9474,514,26,0.05153398836976138,0.052,0.035730265115705276,0.07510114393784553,0.03937087882214026,1.0,0.4987,0.4737,1,1,0.05
03_sample_uncertainty,54,151897281470048120994563906206790701434,20000,0.2,0.0,depolarizing,0.0,0.5,0.2,500,0.11,0.95,20000,10054,500,9554,507,22,0.05042769047145415,0.044,0.029233955628607186,0.06571944287232845,0.03648548724372126,1.0,0.5027,0.4777,1,1,0.05
03_sample_uncertainty,55,306785480343885361779764086149940937808,20000,0.2,0.0,depolarizing,0.0,0.5,0.2,500,0.11,0.95,20000,10031,500,9531,515,21,0.05134084338550494,0.042,0.027632310108451706,0.06335158575433014,0.035719275645878436,1.0,0.50155,0.47655,1,1,0.05
03_sample_uncertainty,56,139552110706697283004475436439334202646,20000,0.2,0.0,depolarizing,0.0,0.5,0.2,500,0.11,0.95,20000,10083,500,9583,509,26,0.05048100763661609,0.052,0.035730265115705276,0.07510114393784553,0.03937087882214026,1.0,0.50415,0.47915,1,1,0.05
03_sample_uncertainty,57,43938581045776067631592843060353381270,20000,0.2,0.0,depolarizing,0.0,0.5,0.2,500,0.11,0.95,20000,10151,500,9651,518,26,0.0510294552260861,0.052,0.035730265115705276,0.07510114393784553,0.03937087882214026,1.0,0.50755,0.48255,1,1,0.05
03_sample_uncertainty,58,105360784117509299870906065595440710496,20000,0.2,0.0,depolarizing,0.0,0.5,0.2,500,0.11,0.95,20000,10192,500,9692,494,24,0.04846938775510204,0.048,0.03246520694135317,0.07042719683589006,0.03796198989453689,1.0,0.5096,0.4846,1,1,0.05
03_sample_uncertainty,59,212623176584944904035909085402526649076,20000,0.2,0.0,depolarizing,0.0,0.5,0.2,500,0.11,0.95,20000,10010,500,9510,549,35,0.05484515484515484,0.07,0.0507597429450181,0.09579718985191686,0.04503744690689876,1.0,0.5005,0.4755,1,1,0.05
03_sample_uncertainty,60,198098032113936857970143519018473125757,20000,0.2,0.0,depolarizing,0.0,0.5,0.2,500,0.11,0.95,20000,10072,500,9572,501,23,0.04974185861795075,0.046,0.030845108370816207,0.06807779276827323,0.03723268439745703,1.0,0.5036,0.4786,1,1,0.05
03_sample_uncertainty,61,254193072394004446457063091613313803241,20000,0.2,0.0,depolarizing,0.0,0.5,0.2,500,0.11,0.95,20000,9960,500,9460,501,26,0.05030120481927711,0.052,0.035730265115705276,0.07510114393784553,0.03937087882214026,1.0,0.498,0.473,1,1,0.05
03_sample_uncertainty,62,297600016742187360349338729843748441183,20000,0.2,0.0,depolarizing,0.0,0.5,0.2,500,0.11,0.95,20000,10041,500,9541,499,19,0.04969624539388507,0.038,0.024460118055830392,0.058584772530643876,0.034124654474813484,1.0,0.50205,0.47705,1,1,0.05
03_sample_uncertainty,63,80860386125144978449424956040846158100,20000,0.2,0.0,depolarizing,0.0,0.5,0.2,500,0.11,0.95,20000,9961,500,9461,467,26,0.04688284308804337,0.052,0.035730265115705276,0.07510114393784553,0.03937087882214026,1.0,0.49805,0.47305,1,1,0.05
03_sample_uncertainty,64,137568104576555383482615999492980931435,20000,0.2,0.0,depolarizing,0.0,0.5,0.2,500,0.11,0.95,20000,9954,500,9454,540,22,0.054249547920433995,0.044,0.029233955628607186,0.06571944287232845,0.03648548724372126,1.0,0.4977,0.4727,1,1,0.05
03_sample_uncertainty,65,162231520738486152964117150490503851725,20000,0.2,0.0,depolarizing,0.0,0.5,0.2,500,0.11,0.95,20000,9936,500,9436,536,31,0.05394524959742351,0.062,0.04401920914268158,0.08665971310163821,0.04264050395895663,1.0,0.4968,0.4718,1,1,0.05
03_sample_uncertainty,66,186292207362196062378591171774502909521,20000,0.2,0.0,depolarizing,0.0,0.5,0.2,500,0.11,0.95,20000,10032,500,9532,460,24,0.04585326953748006,0.048,0.03246520694135317,0.07042719683589006,0.03796198989453689,1.0,0.5016,0.4766,1,1,0.05
03_sample_uncertainty,67,172701908632989189811969259132087100021,20000,0.2,0.0,depolarizing,0.0,0.5,0.2,500,0.11,0.95,20000,9898,500,9398,477,19,0.04819155384926248,0.038,0.024460118055830392,0.058584772530643876,0.034124654474813484,1.0,0.4949,0.4699,1,1,0.05
03_sample_uncertainty,68,62037663458718697238388556490704452991,20000,0.2,0.0,depolarizing,0.0,0.5,0.2,500,0.11,0.95,20000,10027,500,9527,502,26,0.05006482497257405,0.052,0.035730265115705276,0.07510114393784553,0.03937087882214026,1.0,0.50135,0.47635,1,1,0.05
03_sample_uncertainty,69,63179721608587195248090681780572784777,20000,0.2,0.0,depolarizing,0.0,0.5,0.2,500,0.11,0.95,20000,10189,500,9689,491,20,0.048189223672588086,0.04,0.026040797389777263,0.0609735958348508,0.034932798445073535,1.0,0.50945,0.48445,1,1,0.05
03_sample_uncertainty,70,35354331635757913692082915731985161144,20000,0.2,0.0,depolarizing,0.0,0.5,0.2,500,0.11,0.95,20000,10039,500,9539,538,31,0.05359099511903576,0.062,0.04401920914268158,0.08665971310163821,0.04264050395895663,1.0,0.50195,0.47695,1,1,0.05
03_sample_uncertainty,71,281963241864957747549799911764089237281,20000,0.2,0.0,depolarizing,0.0,0.5,0.2,500,0.11,0.95,20000,9900,500,9400,488,18,0.04929292929292929,0.036,0.022891060980292723,0.05618432696802775,0.03329326598773502,1.0,0.495,0.47,1,1,0.05
03_sample_uncertainty,72,41516669311467307475351359769481631830,20000,0.2,0.0,depolarizing,0.0,0.5,0.2,500,0.11,0.95,20000,10137,500,9637,507,24,0.050014797277300974,0.048,0.03246520694135317,0.07042719683589006,0.03796198989453689,1.0,0.50685,0.48185,1,1,0.05
03_sample_uncertainty,73,59561634519411221626255153844256044777,20000,0.2,0.0,depolarizing,0.0,0.5,0.2,500,0.11,0.95,20000,10073,500,9573,516,27,0.05122604983619577,0.054,0.037374350181057524,0.07742656151064709,0.04005221132958956,1.0,0.50365,0.47865,1,1,0.05
03_sample_uncertainty,74,67277748471700847918970308047682250523,20000,0.2,0.0,depolarizing,0.0,0.5,0.2,500,0.11,0.95,20000,10034,500,9534,533,31,0.053119394060195335,0.062,0.04401920914268158,0.08665971310163821,0.04264050395895663,1.0,0.5017,0.4767,1,1,0.05
03_sample_uncertainty,75,81188178472129053029090510869320273043,20000,0.2,0.0,depolarizing,0.0,0.5,0.2,500,0.11,0.95,20000,9921,500,9421,511,27,0.05150690454591271,0.054,0.037374350181057524,0.07742656151064709,0.04005221132958956,1.0,0.49605,0.47105,1,1,0.05
03_sample_uncertainty,76,209079620796129221145086269718363028208,20000,0.2,0.0,depolarizing,0.0,0.5,0.2,500,0.11,0.95,20000,10062,500,9562,560,27,0.05565493937586961,0.054,0.037374350181057524,0.07742656151064709,0.04005221132958956,1.0,0.5031,0.4781,1,1,0.05
03_sample_uncertainty,77,79253278043955936906950878596555745342,20000,0.2,0.0,depolarizing,0.0,0.5,0.2,500,0.11,0.95,20000,10055,500,9555,512,29,0.050919940328194926,0.058,0.0406837291117572,0.08205618785625499,0.041372458744497784,1.0,0.50275,0.47775,1,1,0.05
03_sample_uncertainty,78,56366267340513173101077015821528749724,20000,0.2,0.0,depolarizing,0.0,0.5,0.2,500,0.11,0.95,20000,9991,500,9491,489,20,0.048944049644680215,0.04,0.026040797389777263,0.0609735958348508,0.034932798445073535,1.0,0.49955,0.47455,1,1,0.05
03_sample_uncertainty,79,244999312430158324144844847127468205213,20000,0.2,0.0,depolarizing,0.0,0.5,0.2,500,0.11,0.95,20000,10068,500,9568,433,23,0.043007548669050454,0.046,0.030845108370816207,0.06807779276827323,0.03723268439745703,1.0,0.5034,0.4784,1,1,0.05
03_sample_uncertainty,80,176823215919832086932956592971193309305,20000,0.2,0.0,depolarizing,0.0,0.5,0.2,500,0.11,0.95,20000,10166,500,9666,482,20,0.047412945111154826,0.04,0.026040797389777263,0.0609735958348508,0.034932798445073535,1.0,0.5083,0.4833,1,1,0.05
03_sample_uncertainty,81,296366338053847984093421737027885420270,20000,0.2,0.0,depolarizing,0.0,0.5,0.2,500,0.11,0.95,20000,10106,500,9606,498,24,0.04927765683752226,0.048,0.03246520694135317,0.07042719683589006,0.03796198989453689,1.0,0.5053,0.4803,1,1,0.05
03_sample_uncertainty,82,320862778628756915134144662234390852927,20000,0.2,0.0,depolarizing,0.0,0.5,0.2,500,0.11,0.95,20000,9993,500,9493,500,22,0.05003502451716201,0.044,0.029233955628607186,0.06571944287232845,0.03648548724372126,1.0,0.49965,0.47465,1,1,0.05
03_sample_uncertainty,83,134559529941286831817724392310778489792,20000,0.2,0.0,depolarizing,0.0,0.5,0.2,500,0.11,0.95,20000,9950,500,9450,540,37,0.054271356783919596,0.074,0.054161184751011976,0.10033475332223055,0.04617356857121857,1.0,0.4975,0.4725,1,1,0.05
03_sample_uncertainty,84,193426582064874589930016738553937944232,20000,0.2,0.0,depolarizing,0.0,0.5,0.2,500,0.11,0.95,20000,10000,500,9500,494,31,0.0494,0.062,0.04401920914268158,0.08665971310163821,0.04264050395895663,1.0,0.5,0.475,1,1,0.05
03_sample_uncertainty,85,76329479690459971841116654887407423136,20000,0.2,0.0,depolarizing,0.0,0.5,0.2,500,0.11,0.95,20000,10022,500,9522,515,21,0.05138694871283177,0.042,0.027632310108451706,0.06335158575433014,0.035719275645878436,1.0,0.5011,0.4761,1,1,0.05
03_sample_uncertainty,86,287821881350581980896075383169069578609,20000,0.2,0.0,depolarizing,0.0,0.5,0.2,500,0.11,0.95,20000,10034,500,9534,514,27,0.05122583217061989,0.054,0.037374350181057524,0.07742656151064709,0.04005221132958956,1.0,0.5017,0.4767,1,1,0.05
03_sample_uncertainty,87,38600562801041492093260511287649318741,20000,0.2,0.0,depolarizing,0.0,0.5,0.2,500,0.11,0.95,20000,10098,500,9598,499,18,0.04941572588631412,0.036,0.022891060980292723,0.05618432696802775,0.03329326598773502,1.0,0.5049,0.4799,1,1,0.05
03_sample_uncertainty,88,323815224059506963483773953779200827670,20000,0.2,0.0,depolarizing,0.0,0.5,0.2,500,0.11,0.95,20000,9984,500,9484,505,26,0.05058092948717949,0.052,0.035730265115705276,0.07510114393784553,0.03937087882214026,1.0,0.4992,0.4742,1,1,0.05
03_sample_uncertainty,89,320465236787783592555771968989266127195,20000,0.2,0.0,depolarizing,0.0,0.5,0.2,500,0.11,0.95,20000,9986,500,9486,472,23,0.04726617264169838,0.046,0.030845108370816207,0.06807779276827323,0.03723268439745703,1.0,0.4993,0.4743,1,1,0.05
03_sample_uncertainty,90,231120117922205794220775446944881986394,20000,0.2,0.0,depolarizing,0.0,0.5,0.2,500,0.11,0.95,20000,10081,500,9581,496,25,0.049201468108322585,0.05,0.03409374524384944,0.07276816117154758,0.03867441592769814,1.0,0.50405,0.47905,1,1,0.05
03_sample_uncertainty,91,51449606541844139224062757728665172769,20000,0.2,0.0,depolarizing,0.0,0.5,0.2,500,0.11,0.95,20000,9858,500,9358,451,16,0.04574964495840941,0.032,0.01979151362657112,0.05134486904544178,0.03155335541887065,1.0,0.4929,0.4679,1,1,0.05
03_sample_uncertainty,92,197519508707319053014659242503703335363,20000,0.2,0.0,depolarizing,0.0,0.5,0.2,500,0.11,0.95,20000,10100,500,9600,508,27,0.0502970297029703,0.054,0.037374350181057524,0.07742656151064709,0.04005221132958956,1.0,0.505,0.48,1,1,0.05
03_sample_uncertainty,93,260391546486109991860791848715235349013,20000,0.2,0.0,depolarizing,0.0,0.5,0.2,500,0.11,0.95,20000,9967,500,9467,473,29,0.04745660680244808,0.058,0.0406837291117572,0.08205618785625499,0.041372458744497784,1.0,0.49835,0.47335,1,1,0.05
03_sample_uncertainty,94,292380033333721874234573720092984140226,20000,0.2,0.0,depolarizing,0.0,0.5,0.2,500,0.11,0.95,20000,9817,500,9317,469,34,0.047774269124987265,0.068,0.04906650742490687,0.0935209227338743,0.04445441530896743,1.0,0.49085,0.46585,1,1,0.05
03_sample_uncertainty,95,114771219609122146408391141075400577697,20000,0.2,0.0,depolarizing,0.0,0.5,0.2,500,0.11,0.95,20000,9955,500,9455,478,21,0.04801607232546459,0.042,0.027632310108451706,0.06335158575433014,0.035719275645878436,1.0,0.49775,0.47275,1,1,0.05
03_sample_uncertainty,96,80214731252011079786577185131208930194,20000,0.2,0.0,depolarizing,0.0,0.5,0.2,500,0.11,0.95,20000,10114,500,9614,496,22,0.049040933359699425,0.044,0.029233955628607186,0.06571944287232845,0.03648548724372126,1.0,0.5057,0.4807,1,1,0.05
03_sample_uncertainty,97,261184507731179346123631142236017808523,20000,0.2,0.0,depolarizing,0.0,0.5,0.2,500,0.11,0.95,20000,9973,500,9473,469,19,0.04702697282663191,0.038,0.024460118055830392,0.058584772530643876,0.034124654474813484,1.0,0.49865,0.47365,1,1,0.05
03_sample_uncertainty,98,81729811590589310269838064500670457884,20000,0.2,0.0,depolarizing,0.0,0.5,0.2,500,0.11,0.95,20000,9989,500,9489,497,25,0.049754730203223546,0.05,0.03409374524384944,0.07276816117154758,0.03867441592769814,1.0,0.49945,0.47445,1,1,0.05
03_sample_uncertainty,99,137255854729685279717114234859327465688,20000,0.2,0.0,depolarizing,0.0,0.5,0.2,500,0.11,0.95,20000,10041,500,9541,498,33,0.04959665371974903,0.066,0.04737852635977388,0.0912394011608535,0.04386087480107961,1.0,0.50205,0.47705,1,1,0.05
03_sample_uncertainty,100,171583774092051295043830583353811427505,20000,0.2,0.0,depolarizing,0.0,0.5,0.2,500,0.11,0.95,20000,9939,500,9439,508,31,0.051111781869403364,0.062,0.04401920914268158,0.08665971310163821,0.04264050395895663,1.0,0.49695,0.47195,1,1,0.05
03_sample_uncertainty,101,55582389967055868623180609719832062102,20000,0.2,0.0,depolarizing,0.0,0.5,0.2,500,0.11,0.95,20000,9984,500,9484,504,26,0.05048076923076923,0.052,0.035730265115705276,0.07510114393784553,0.03937087882214026,1.0,0.4992,0.4742,1,1,0.05
03_sample_uncertainty,102,5577141503038989176872901682580157201,20000,0.2,0.0,depolarizing,0.0,0.5,0.2,500,0.11,0.95,20000,10137,500,9637,519,29,0.05119857946137911,0.058,0.0406837291117572,0.08205618785625499,0.041372458744497784,1.0,0.50685,0.48185,1,1,0.05
03_sample_uncertainty,103,294605224720991056762106570823839302321,20000,0.2,0.0,depolarizing,0.0,0.5,0.2,500,0.11,0.95,20000,9972,500,9472,474,32,0.04753309265944645,0.064,0.04569601604478943,0.08895240883768415,0.04325639279289473,1.0,0.4986,0.4736,1,1,0.05
03_sample_uncertainty,104,18513596044103066168597620145777707499,20000,0.2,0.0,depolarizing,0.0,0.5,0.2,500,0.11,0.95,20000,9974,500,9474,496,27,0.04972929617004211,0.054,0.037374350181057524,0.07742656151064709,0.04005221132958956,1.0,0.4987,0.4737,1,1,0.05
03_sample_uncertainty,105,110040446640121327688935620061510463422,20000,0.2,0.0,depolarizing,0.0,0.5,0.2,500,0.11,0.95,20000,10033,500,9533,472,23,0.04704475231735274,0.046,0.030845108370816207,0.06807779276827323,0.03723268439745703,1.0,0.50165,0.47665,1,1,0.05
03_sample_uncertainty,106,24827021888838973957241530603221661255,20000,0.2,0.0,depolarizing,0.0,0.5,0.2,500,0.11,0.95,20000,10035,500,9535,519,32,0.05171898355754858,0.064,0.04569601604478943,0.08895240883768415,0.04325639279289473,1.0,0.50175,0.47675,1,1,0.05
03_sample_uncertainty,107,287705124962838101671511167264553305095,20000,0.2,0.0,depolarizing,0.0,0.5,0.2,500,0.11,0.95,20000,10143,500,9643,539,27,0.05314009661835749,0.054,0.037374350181057524,0.07742656151064709,0.04005221132958956,1.0,0.50715,0.48215,1,1,0.05
03_sample_uncertainty,108,266155557735425725273252611301570446960,20000,0.2,0.0,depolarizing,0.0,0.5,0.2,500,0.11,0.95,20000,9940,500,9440,504,35,0.05070422535211268,0.07,0.0507597429450181,0.09579718985191686,0.04503744690689876,1.0,0.497,0.472,1,1,0.05
03_sample_uncertainty,109,212174044876506025854985801987375533821,20000,0.2,0.0,depolarizing,0.0,0.5,0.2,500,0.11,0.95,20000,10008,500,9508,484,22,0.04836131095123901,0.044,0.029233955628607186,0.06571944287232845,0.03648548724372126,1.0,0.5004,0.4754,1,1,0.05
03_sample_uncertainty,110,242073067441713850314542911985995914654,20000,0.2,0.0,depolarizing,0.0,0.5,0.2,500,0.11,0.95,20000,9848,500,9348,477,27,0.04843623070674249,0.054,0.037374350181057524,0.07742656151064709,0.04005221132958956,1.0,0.4924,0.4674,1,1,0.05
03_sample_uncertainty,111,300829372439707434382279874143802624386,20000,0.2,0.0,depolarizing,0.0,0.5,0.2,500,0.11,0.95,20000,10020,500,9520,514,29,0.05129740518962076,0.058,0.0406837291117572,0.08205618785625499,0.041372458744497784,1.0,0.501,0.476,1,1,0.05
03_sample_uncertainty,112,242514628548777879891867286270707073837,20000,0.2,0.0,depolarizing,0.0,0.5,0.2,500,0.11,0.95,20000,9939,500,9439,505,18,0.050809940637891134,0.036,0.022891060980292723,0.05618432696802775,0.03329326598773502,1.0,0.49695,0.47195,1,1,0.05
03_sample_uncertainty,113,235725265709314248970993707200334121721,20000,0.2,0.0,depolarizing,0.0,0.5,0.2,500,0.11,0.95,20000,10001,500,9501,493,22,0.049295070492950704,0.044,0.029233955628607186,0.06571944287232845,0.03648548724372126,1.0,0.50005,0.47505,1,1,0.05
03_sample_uncertainty,114,309677354611036332117036186278268078205,20000,0.2,0.0,depolarizing,0.0,0.5,0.2,500,0.11,0.95,20000,10069,500,9569,529,31,0.05253749130996127,0.062,0.04401920914268158,0.08665971310163821,0.04264050395895663,1.0,0.50345,0.47845,1,1,0.05
03_sample_uncertainty,115,237080921657477177243020174386798761375,20000,0.2,0.0,depolarizing,0.0,0.5,0.2,500,0.11,0.95,20000,9884,500,9384,513,33,0.051902063941723996,0.066,0.04737852635977388,0.0912394011608535,0.04386087480107961,1.0,0.4942,0.4692,1,1,0.05
03_sample_uncertainty,116,297089455765682502249369653042150139968,20000,0.2,0.0,depolarizing,0.0,0.5,0.2,500,0.11,0.95,20000,9939,500,9439,480,20,0.04829459704195593,0.04,0.026040797389777263,0.0609735958348508,0.034932798445073535,1.0,0.49695,0.47195,1,1,0.05
03_sample_uncertainty,117,219218503008168256844446051584816069576,20000,0.2,0.0,depolarizing,0.0,0.5,0.2,500,0.11,0.95,20000,10071,500,9571,490,27,0.0486545526760004,0.054,0.037374350181057524,0.07742656151064709,0.04005221132958956,1.0,0.50355,0.47855,1,1,0.05
03_sample_uncertainty,118,145270434282551072369587776141039942479,20000,0.2,0.0,depolarizing,0.0,0.5,0.2,500,0.11,0.95,20000,10023,500,9523,502,28,0.05008480494861818,0.056,0.03902562068315149,0.0797447936467069,0.040719172963555414,1.0,0.50115,0.47615,1,1,0.05
03_sample_uncertainty,119,9808539067825606389398317909557568021,20000,0.2,0.0,depolarizing,0.0,0.5,0.2,500,0.11,0.95,20000,9964,500,9464,483,30,0.04847450822962666,0.06,0.04234835648094621,0.08436106312521979,0.04201270664427358,1.0,0.4982,0.4732,1,1,0.05
03_sample_uncertainty,120,150278024266654415404103682130330885687,20000,0.2,0.0,depolarizing,0.0,0.5,0.2,500,0.11,0.95,20000,9965,500,9465,489,30,0.04907175112895133,0.06,0.04234835648094621,0.08436106312521979,0.04201270664427358,1.0,0.49825,0.47325,1,1,0.05
03_sample_uncertainty,121,58341590091197054145755859246069947075,20000,0.2,0.0,depolarizing,0.0,0.5,0.2,500,0.11,0.95,20000,10040,500,9540,469,22,0.04671314741035856,0.044,0.029233955628607186,0.06571944287232845,0.03648548724372126,1.0,0.502,0.477,1,1,0.05
03_sample_uncertainty,122,295553800799367877459103425571566968894,20000,0.2,0.0,depolarizing,0.0,0.5,0.2,500,0.11,0.95,20000,9924,500,9424,508,22,0.051189036678758564,0.044,0.029233955628607186,0.06571944287232845,0.03648548724372126,1.0,0.4962,0.4712,1,1,0.05
03_sample_uncertainty,123,259427838244084318493089278069485255729,20000,0.2,0.0,depolarizing,0.0,0.5,0.2,500,0.11,0.95,20000,10037,500,9537,515,24,0.05131015243598685,0.048,0.03246520694135317,0.07042719683589006,0.03796198989453689,1.0,0.50185,0.47685,1,1,0.05
03_sample_uncertainty,124,34662559908454615052420651405010677767,20000,0.2,0.0,depolarizing,0.0,0.5,0.2,500,0.11,0.95,20000,9913,500,9413,509,31,0.05134671643296681,0.062,0.04401920914268158,0.08665971310163821,0.04264050395895663,1.0,0.49565,0.47065,1,1,0.05
03_sample_uncertainty,125,159513499544404126173891116792646451619,20000,0.2,0.0,depolarizing,0.0,0.5,0.2,500,0.11,0.95,20000,9794,500,9294,497,21,0.050745354298550135,0.042,0.027632310108451706,0.06335158575433014,0.035719275645878436,1.0,0.4897,0.4647,1,1,0.05
03_sample_uncertainty,126,144848650958224192375315182658094014404,20000,0.2,0.0,depolarizing,0.0,0.5,0.2,500,0.11,0.95,20000,10060,500,9560,507,25,0.05039761431411531,0.05,0.03409374524384944,0.07276816117154758,0.03867441592769814,1.0,0.503,0.478,1,1,0.05
03_sample_uncertainty,127,291448471772785974540715995561542138291,20000,0.2,0.0,depolarizing,0.0,0.5,0.2,500,0.11,0.95,20000,9942,500,9442,500,20,0.05029169181251257,0.04,0.026040797389777263,0.0609735958348508,0.034932798445073535,1.0,0.4971,0.4721,1,1,0.05
03_sample_uncertainty,128,169311916791044964151487803151071228728,20000,0.2,0.0,depolarizing,0.0,0.5,0.2,500,0.11,0.95,20000,10128,500,9628,503,26,0.04966429699842022,0.052,0.035730265115705276,0.07510114393784553,0.03937087882214026,1.0,0.5064,0.4814,1,1,0.05
03_sample_uncertainty,129,141485136650134349740839686492490793436,20000,0.2,0.0,depolarizing,0.0,0.5,0.2,500,0.11,0.95,20000,10073,500,9573,517,30,0.051325325126576,0.06,0.04234835648094621,0.08436106312521979,0.04201270664427358,1.0,0.50365,0.47865,1,1,0.05
03_sample_uncertainty,130,122034484868086276185580622796983152111,20000,0.2,0.0,depolarizing,0.0,0.5,0.2,500,0.11,0.95,20000,9986,500,9486,496,21,0.04966953735229321,0.042,0.027632310108451706,0.06335158575433014,0.035719275645878436,1.0,0.4993,0.4743,1,1,0.05
03_sample_uncertainty,131,144585217220544400798335688128886411998,20000,0.2,0.0,depolarizing,0.0,0.5,0.2,500,0.11,0.95,20000,10025,500,9525,519,36,0.05177057356608479,0.072,0.0524580314181262,0.09806840401696253,0.045610372598836324,1.0,0.50125,0.47625,1,1,0.05
03_sample_uncertainty,132,252049685720914907320779918091163809701,20000,0.2,0.0,depolarizing,0.0,0.5,0.2,500,0.11,0.95,20000,10103,500,9603,524,22,0.051865782440859154,0.044,0.029233955628607186,0.06571944287232845,0.03648548724372126,1.0,0.50515,0.48015,1,1,0.05
03_sample_uncertainty,133,248451855783545201769191103631155896721,20000,0.2,0.0,depolarizing,0.0,0.5,0.2,500,0.11,0.95,20000,10052,500,9552,519,24,0.051631516116195784,0.048,0.03246520694135317,0.07042719683589006,0.03796198989453689,1.0,0.5026,0.4776,1,1,0.05
03_sample_uncertainty,134,252876346826575838539302249418602244352,20000,0.2,0.0,depolarizing,0.0,0.5,0.2,500,0.11,0.95,20000,9946,500,9446,492,22,0.04946712246129097,0.044,0.029233955628607186,0.06571944287232845,0.03648548724372126,1.0,0.4973,0.4723,1,1,0.05
03_sample_uncertainty,135,310882484924949438719909952928731377206,20000,0.2,0.0,depolarizing,0.0,0.5,0.2,500,0.11,0.95,20000,10043,500,9543,467,22,0.04650004978592054,0.044,0.029233955628607186,0.06571944287232845,0.03648548724372126,1.0,0.50215,0.47715,1,1,0.05
03_sample_uncertainty,136,258803408058687462614451207187176615913,20000,0.2,0.0,depolarizing,0.0,0.5,0.2,500,0.11,0.95,20000,10054,500,9554,495,26,0.04923413566739606,0.052,0.035730265115705276,0.07510114393784553,0.03937087882214026,1.0,0.5027,0.4777,1,1,0.05
03_sample_uncertainty,137,165899374676627545307137003841700602584,20000,0.2,0.0,depolarizing,0.0,0.5,0.2,500,0.11,0.95,20000,10066,500,9566,471,24,0.046791178223723424,0.048,0.03246520694135317,0.07042719683589006,0.03796198989453689,1.0,0.5033,0.4783,1,1,0.05
03_sample_uncertainty,138,209261729915756049049710986786661178204,20000,0.2,0.0,depolarizing,0.0,0.5,0.2,500,0.11,0.95,20000,10031,500,9531,471,17,0.04695444123218024,0.034,0.021334519808532196,0.0537713655016345,0.032436845693102304,1.0,0.50155,0.47655,1,1,0.05
03_sample_uncertainty,139,44552039928029538962362344032067930222,20000,0.2,0.0,depolarizing,0.0,0.5,0.2,500,0.11,0.95,20000,10057,500,9557,502,26,0.049915481754002185,0.052,0.035730265115705276,0.07510114393784553,0.03937087882214026,1.0,0.50285,0.47785,1,1,0.05
03_sample_uncertainty,140,334594263706637325894447925252348790060,20000,0.2,0.0,depolarizing,0.0,0.5,0.2,500,0.11,0.95,20000,10014,500,9514,502,31,0.05012981825444378,0.062,0.04401920914268158,0.08665971310163821,0.04264050395895663,1.0,0.5007,0.4757,1,1,0.05
03_sample_uncertainty,141,51921838871134066847952431466284707257,20000,0.2,0.0,depolarizing,0.0,0.5,0.2,500,0.11,0.95,20000,10010,500,9510,497,20,0.04965034965034965,0.04,0.026040797389777263,0.0609735958348508,0.034932798445073535,1.0,0.5005,0.4755,1,1,0.05
03_sample_uncertainty,142,184525099071808232682265794822464561455,20000,0.2,0.0,depolarizing,0.0,0.5,0.2,500,0.11,0.95,20000,10029,500,9529,478,24,0.047661780835576824,0.048,0.03246520694135317,0.07042719683589006,0.03796198989453689,1.0,0.50145,0.47645,1,1,0.05
03_sample_uncertainty,143,129990370364766903490402159199180253262,20000,0.2,0.0,depolarizing,0.0,0.5,0.2,500,0.11,0.95,20000,10009,500,9509,453,35,0.045259266660005994,0.07,0.0507597429450181,0.09579718985191686,0.04503744690689876,1.0,0.50045,0.47545,1,1,0.05
03_sample_uncertainty,144,120868574134132540098098863766253740185,20000,0.2,0.0,depolarizing,0.0,0.5,0.2,500,0.11,0.95,20000,9955,500,9455,510,26,0.051230537418382724,0.052,0.035730265115705276,0.07510114393784553,0.03937087882214026,1.0,0.49775,0.47275,1,1,0.05
03_sample_uncertainty,145,173518014184814353464454222412896028688,20000,0.2,0.0,depolarizing,0.0,0.5,0.2,500,0.11,0.95,20000,9938,500,9438,503,34,0.05061380559468706,0.068,0.04906650742490687,0.0935209227338743,0.04445441530896743,1.0,0.4969,0.4719,1,1,0.05
03_sample_uncertainty,146,331417400084859356061739433936147018082,20000,0.2,0.0,depolarizing,0.0,0.5,0.2,500,0.11,0.95,20000,10021,500,9521,497,29,0.04959584871769285,0.058,0.0406837291117572,0.08205618785625499,0.041372458744497784,1.0,0.50105,0.47605,1,1,0.05
03_sample_uncertainty,147,272274847088005364266582724003228122330,20000,0.2,0.0,depolarizing,0.0,0.5,0.2,500,0.11,0.95,20000,9940,500,9440,500,18,0.05030181086519115,0.036,0.022891060980292723,0.05618432696802775,0.03329326598773502,1.0,0.497,0.472,1,1,0.05
03_sample_uncertainty,148,191845853252240487977664283389582932274,20000,0.2,0.0,depolarizing,0.0,0.5,0.2,500,0.11,0.95,20000,9913,500,9413,490,15,0.04943004135983053,0.03,0.01826321319791339,0.048903666835945714,0.030640453638032323,1.0,0.49565,0.47065,1,1,0.05
03_sample_uncertainty,149,48472630512782329213841836836673296454,20000,0.2,0.0,depolarizing,0.0,0.5,0.2,500,0.11,0.95,20000,9886,500,9386,463,16,0.04683390653449322,0.032,0.01979151362657112,0.05134486904544178,0.03155335541887065,1.0,0.4943,0.4693,1,1,0.05
03_sample_uncertainty,0,24588135237183963068508302414364051486,20000,0.2,0.0,depolarizing,0.0,0.5,0.2,1000,0.11,0.95,20000,10038,1000,9038,489,54,0.04871488344291692,0.054,0.04162131372306273,0.06979215484605245,0.028170841122989718,1.0,0.5019,0.4519,1,1,0.05
03_sample_uncertainty,1,214463095788456641575272301010341170151,20000,0.2,0.0,depolarizing,0.0,0.5,0.2,1000,0.11,0.95,20000,10049,1000,9049,471,56,0.04687033535675192,0.056,0.043374813385442,0.07202334814973095,0.028648534764288948,1.0,0.50245,0.45245,1,1,0.05
03_sample_uncertainty,2,263314804697525569707595034114427337948,20000,0.2,0.0,depolarizing,0.0,0.5,0.2,1000,0.11,0.95,20000,9973,1000,8973,484,35,0.04853103379123634,0.035,0.025272263017112953,0.04828662237445333,0.023014359357340378,1.0,0.49865,0.44865,1,1,0.05
03_sample_uncertainty,3,187029176724899831601785814646584781170,20000,0.2,0.0,depolarizing,0.0,0.5,0.2,1000,0.11,0.95,20000,9986,1000,8986,508,51,0.05087121970759063,0.051,0.03900094277526685,0.06643548634476165,0.027434543569494804,1.0,0.4993,0.4493,1,1,0.05
03_sample_uncertainty,4,15048232574156440856414945422839291799,20000,0.2,0.0,depolarizing,0.0,0.5,0.2,1000,0.11,0.95,20000,10014,1000,9014,524,63,0.05232674256041542,0.063,0.04954966321172909,0.0797949237046461,0.030245260492917002,1.0,0.5007,0.4507,1,1,0.05
03_sample_uncertainty,5,299748542308180433851491660095140600761,20000,0.2,0.0,depolarizing,0.0,0.5,0.2,1000,0.11,0.95,20000,9989,1000,8989,498,57,0.049854840324356796,0.057,0.04425344035871594,0.07313706765948591,0.028883627300769973,1.0,0.49945,0.44945,1,1,0.05
03_sample_uncertainty,6,137612186383161493683045451906303186107,20000,0.2,0.0,depolarizing,0.0,0.5,0.2,1000,0.11,0.95,20000,9856,1000,8856,525,55,0.053267045454545456,0.055,0.04249742737476845,0.07090838767737563,0.02841096030260718,1.0,0.4928,0.4428,1,1,0.05
03_sample_uncertainty,7,237188483155817969109518423800533418856,20000,0.2,0.0,depolarizing,0.0,0.5,0.2,1000,0.11,0.95,20000,9893,1000,8893,484,57,0.04892348124936824,0.057,0.04425344035871594,0.07313706765948591,0.028883627300769973,1.0,0.49465,0.44465,1,1,0.05
03_sample_uncertainty,8,318811113197497805874958290273430791445,20000,0.2,0.0,depolarizing,0.0,0.5,0.2,1000,0.11,0.95,20000,10005,1000,9005,491,46,0.04907546226886557,0.046,0.03466249276326499,0.06081220394161906,0.026149711178354074,1.0,0.50025,0.45025,1,1,0.05
03_sample_uncertainty,9,108530519437679209655759354259104276991,20000,0.2,0.0,depolarizing,0.0,0.5,0.2,1000,0.11,0.95,20000,9955,1000,8955,493,45,0.049522852837769964,0.045,0.033799512285631717,0.05968283793622345,0.025883325650591732,1.0,0.49775,0.44775,1,1,0.05
03_sample_uncertainty,10,252440628139228532146620934077010722556,20000,0.2,0.0,depolarizing,0.0,0.5,0.2,1000,0.11,0.95,20000,10075,1000,9075,511,37,0.05071960297766749,0.037,0.026961180875554738,0.0505823974820693,0.023621216606514565,1.0,0.50375,0.45375,1,1,0.05
03_sample_uncertainty,11,114893592778669586177045117628955009719,20000,0.2,0.0,depolarizing,0.0,0.5,0.2,1000,0.11,0.95,20000,9867,1000,8867,482,39,0.048849701023614064,0.039,0.028658960904180485,0.052869310419501346,0.02421034951532086,1.0,0.49335,0.44335,1,1,0.05
03_sample_uncertainty,12,119683622455613852823707474843340626411,20000,0.2,0.0,depolarizing,0.0,0.5,0.2,1000,0.11,0.95,20000,10065,1000,9065,464,48,0.046100347739692,0.048,0.036393301020807914,0.06306608865013393,0.02667278762932601,1.0,0.50325,0.45325,1,1,0.05
03_sample_uncertainty,13,78888473690805287330013584792104505385,20000,0.2,0.0,depolarizing,0.0,0.5,0.2,1000,0.11,0.95,20000,9983,1000,8983,478,50,0.04788139837724131,0.05,0.03813026239274882,0.06531382024425081,0.02718355785150199,1.0,0.49915,0.44915,1,1,0.05
03_sample_uncertainty,14,140453000592165543358960977910672746443,20000,0.2,0.0,depolarizing,0.0,0.5,0.2,1000,0.11,0.95,20000,10039,1000,9039,469,34,0.046717800577746785,0.034,0.024431348663226316,0.04713519024531107,0.022703841582084754,1.0,0.50195,0.45195,1,1,0.05
03_sample_uncertainty,15,136392967110207573601871548380428664078,20000,0.2,0.0,depolarizing,0.0,0.5,0.2,1000,0.11,0.95,20000,10041,1000,9041,519,57,0.05168807887660592,0.057,0.04425344035871594,0.07313706765948591,0.028883627300769973,1.0,0.50205,0.45205,1,1,0.05
03_sample_uncertainty,16,58136021512747396031804418611070721667,20000,0.2,0.0,depolarizing,0.0,0.5,0.2,1000,0.11,0.95,20000,10015,1000,9015,476,43,0.04752870693959062,0.043,0.03207865341171337,0.05741900384408401,0.025340350432370637,1.0,0.50075,0.45075,1,1,0.05
03_sample_uncertainty,17,39437978581635355306573901717661666630,20000,0.2,0.0,depolarizing,0.0,0.5,0.2,1000,0.11,0.95,20000,10008,1000,9008,526,50,0.05255795363709033,0.05,0.03813026239274882,0.06531382024425081,0.02718355785150199,1.0,0.5004,0.4504,1,1,0.05
03_sample_uncertainty,18,278025188340859197042666424945447421869,20000,0.2,0.0,depolarizing,0.0,0.5,0.2,1000,0.11,0.95,20000,10091,1000,9091,503,47,0.049846397780200176,0.047,0.0355271051063845,0.06193993808152845,0.02641283297514395,1.0,0.50455,0.45455,1,1,0.05
03_sample_uncertainty,19,180275661810255234977440538995897690683,20000,0.2,0.0,depolarizing,0.0,0.5,0.2,1000,0.11,0.95,20000,10009,1000,9009,503,51,0.05025477070636427,0.051,0.03900094277526685,0.06643548634476165,0.027434543569494804,1.0,0.50045,0.45045,1,1,0.05
03_sample_uncertainty,20,125341759103031885546964273825522265749,20000,0.2,0.0,depolarizing,0.0,0.5,0.2,1000,0.11,0.95,20000,10005,1000,9005,502,46,0.050174912543728134,0.046,0.03466249276326499,0.06081220394161906,0.026149711178354074,1.0,0.50025,0.45025,1,1,0.05
03_sample_uncertainty,21,68120299898444817049421429802374297539,20000,0.2,0.0,depolarizing,0.0,0.5,0.2,1000,0.11,0.95,20000,10106,1000,9106,509,61,0.05036611913714625,0.061,0.04777977512603371,0.07758011882428367,0.029800343698249965,1.0,0.5053,0.4553,1,1,0.05
03_sample_uncertainty,22,322439798256706637409949792810822088952,20000,0.2,0.0,depolarizing,0.0,0.5,0.2,1000,0.11,0.95,20000,9950,1000,8950,500,56,0.05025125628140704,0.056,0.043374813385442,0.07202334814973095,0.028648534764288948,1.0,0.4975,0.4475,1,1,0.05
03_sample_uncertainty,23,211916498053199628871335303692458699699,20000,0.2,0.0,depolarizing,0.0,0.5,0.2,1000,0.11,0.95,20000,9960,1000,8960,501,52,0.05030120481927711,0.052,0.03987303628377742,0.06755573931927998,0.027682703035502562,1.0,0.498,0.448,1,1,0.05
03_sample_uncertainty,24,184569209219129350080409289025852665028,20000,0.2,0.0,depolarizing,0.0,0.5,0.2,1000,0.11,0.95,20000,9973,1000,8973,483,51,0.048430763060262706,0.051,0.03900094277526685,0.06643548634476165,0.027434543569494804,1.0,0.49865,0.44865,1,1,0.05
03_sample_uncertainty,25,215085506111839357518006511231947417297,20000,0.2,0.0,depolarizing,0.0,0.5,0.2,1000,0.11,0.95,20000,10071,1000,9071,535,41,0.05312282792175554,0.041,0.03036497108209832,0.0551479932076413,0.02478302212554298,1.0,0.50355,0.45355,1,1,0.05
03_sample_uncertainty,26,64159295215447916828472234382859817319,20000,0.2,0.0,depolarizing,0.0,0.5,0.2,1000,0.11,0.95,20000,10015,1000,9015,517,49,0.05162256615077384,0.049,0.03726103464736062,0.06419070150661012,0.026929666859249496,1.0,0.50075,0.45075,1,1,0.05
03_sample_uncertainty,27,215107170425172986234845743977164600498,20000,0.2,0.0,depolarizing,0.0,0.5,0.2,1000,0.11,0.95,20000,9938,1000,8938,489,44,0.049205071442946266,0.044,0.0329382145884185,0.058551789150407776,0.025613574561989275,1.0,0.4969,0.4469,1,1,0.05
03_sample_uncertainty,28,138764754937886508228510278568510569765,20000,0.2,0.0,depolarizing,0.0,0.5,0.2,1000,0.11,0.95,20000,9901,1000,8901,520,56,0.05251994748005252,0.056,0.043374813385442,0.07202334814973095,0.028648534764288948,1.0,0.49505,0.44505,1,1,0.05
03_sample_uncertainty,29,54604565826106546252230738988324954178,20000,0.2,0.0,depolarizing,0.0,0.5,0.2,1000,0.11,0.95,20000,10036,1000,9036,476,52,0.047429254683140694,0.052,0.03987303628377742,0.06755573931927998,0.027682703035502562,1.0,0.5018,0.4518,1,1,0.05
03_sample_uncertainty,30,169773461948901812059463442536457350348,20000,0.2,0.0,depolarizing,0.0,0.5,0.2,1000,0.11,0.95,20000,9966,1000,8966,475,43,0.04766205097330925,0.043,0.03207865341171337,0.05741900384408401,0.025340350432370637,1.0,0.4983,0.4483,1,1,0.05
03_sample_uncertainty,31,183372328172898193559059374305039201129,20000,0.2,0.0,depolarizing,0.0,0.5,0.2,1000,0.11,0.95,20000,10136,1000,9136,495,42,0.04883583267561168,0.042,0.03122088554616545,0.056284425226603055,0.025063539680437605,1.0,0.5068,0.4568,1,1,0.05
03_sample_uncertainty,32,306317401616065017698490939909277278948,20000,0.2,0.0,depolarizing,0.0,0.5,0.2,1000,0.11,0.95,20000,9952,1000,8952,498,45,0.050040192926045016,0.045,0.033799512285631717,0.05968283793622345,0.025883325650591732,1.0,0.4976,0.4476,1,1,0.05
03_sample_uncertainty,33,207569596647859422119001383520262521669,20000,0.2,0.0,depolarizing,0.0,0.5,0.2,1000,0.11,0.95,20000,10071,1000,9071,492,48,0.04885314268692285,0.048,0.036393301020807914,0.06306608865013393,0.02667278762932601,1.0,0.50355,0.45355,1,1,0.05
03_sample_uncertainty,34,216520360951093072972091547740637782466,20000,0.2,0.0,depolarizing,0.0,0.5,0.2,1000,0.11,0.95,20000,9930,1000,8930,492,55,0.04954682779456193,0.055,0.04249742737476845,0.07090838767737563,0.02841096030260718,1.0,0.4965,0.4465,1,1,0.05
03_sample_uncertainty,35,209657471810206116338883833277122505138,20000,0.2,0.0,depolarizing,0.0,0.5,0.2,1000,0.11,0.95,20000,9907,1000,8907,516,58,0.052084384778439484,0.058,0.04513327823499825,0.0742495762662325,0.029116298031234257,1.0,0.49535,0.44535,1,1,0.05
03_sample_uncertainty,36,27635661843593219899500090715868260398,20000,0.2,0.0,depolarizing,0.0,0.5,0.2,1000,0.11,0.95,20000,9927,1000,8927,463,40,0.046640475470937845,0.04,0.029510973685452767,0.05400964412125795,0.024498670435805184,1.0,0.49635,0.44635,1,1,0.05
03_sample_uncertainty,37,175240645269708873393376463213135666519,20000,0.2,0.0,depolarizing,0.0,0.5,0.2,1000,0.11,0.95,20000,9993,1000,8993,491,43,0.0491343940758531,0.043,0.03207865341171337,0.05741900384408401,0.025340350432370637,1.0,0.49965,0.44965,1,1,0.05
03_sample_uncertainty,38,66048783085172304301948909040372724553,20000,0.2,0.0,depolarizing,0.0,0.5,0.2,1000,0.11,0.95,20000,9997,1000,8997,485,38,0.048514554366309894,0.038,0.027809004509302633,0.05172692033135031,0.023917915822047678,1.0,0.49985,0.44985,1,1,0.05
03_sample_uncertainty,39,78797127623178472906453447306410462196,20000,0.2,0.0,depolarizing,0.0,0.5,0.2,1000,0.11,0.95,20000,10018,1000,9018,474,52,0.047314833300059894,0.052,0.03987303628377742,0.06755573931927998,0.027682703035502562,1.0,0.5009,0.4509,1,1,0.05
03_sample_uncertainty,40,338351898697528871306586220755585012540,20000,0.2,0.0,depolarizing,0.0,0.5,0.2,1000,0.11,0.95,20000,10053,1000,9053,504,60,0.050134288272157566,0.06,0.04689647267593196,0.07647107479135655,0.029574602115424592,1.0,0.50265,0.45265,1,1,0.05
03_sample_uncertainty,41,205839444971636171864136987419984365560,20000,0.2,0.0,depolarizing,0.0,0.5,0.2,1000,0.11,0.95,20000,10087,1000,9087,462,47,0.04580152671755725,0.047,0.0355271051063845,0.06193993808152845,0.02641283297514395,1.0,0.50435,0.45435,1,1,0.05
03_sample_uncertainty,42,155792510112536789323071103706313434979,20000,0.2,0.0,depolarizing,0.0,0.5,0.2,1000,0.11,0.95,20000,9960,1000,8960,530,58,0.05321285140562249,0.058,0.04513327823499825,0.0742495762662325,0.029116298031234257,1.0,0.498,0.448,1,1,0.05
03_sample_uncertainty,43,337522173603304880893368671125798633720,20000,0.2,0.0,depolarizing,0.0,0.5,0.2,1000,0.11,0.95,20000,10058,1000,9058,519,60,0.05160071584808113,0.06,0.04689647267593196,0.07647107479135655,0.029574602115424592,1.0,0.5029,0.4529,1,1,0.05
03_sample_uncertainty,44,185985607529027425370953235193881874598,20000,0.2,0.0,depolarizing,0.0,0.5,0.2,1000,0.11,0.95,20000,9984,1000,8984,474,41,0.047475961538461536,0.041,0.03036497108209832,0.0551479932076413,0.02478302212554298,1.0,0.4992,0.4492,1,1,0.05
03_sample_uncertainty,45,87035736172227941058818400676221531541,20000,0.2,0.0,depolarizing,0.0,0.5,0.2,1000,0.11,0.95,20000,10004,1000,9004,510,50,0.050979608156737306,0.05,0.03813026239274882,0.06531382024425081,0.02718355785150199,1.0,0.5002,0.4502,1,1,0.05
03_sample_uncertainty,46,97963075337586613552767218200149746261,20000,0.2,0.0,depolarizing,0.0,0.5,0.2,1000,0.11,0.95,20000,10131,1000,9131,512,54,0.05053795281808311,0.054,0.04162131372306273,0.06979215484605245,0.028170841122989718,1.0,0.50655,0.45655,1,1,0.05
03_sample_uncertainty,47,15103550798589738359409309064450180817,20000,0.2,0.0,depolarizing,0.0,0.5,0.2,1000,0.11,0.95,20000,9837,1000,8837,495,52,0.05032021957913998,0.052,0.03987303628377742,0.06755573931927998,0.027682703035502562,1.0,0.49185,0.44185,1,1,0.05
03_sample_uncertainty,48,59508451757273405221434305875651312824,20000,0.2,0.0,depolarizing,0.0,0.5,0.2,1000,0.11,0.95,20000,9987,1000,8987,491,48,0.049163913087013116,0.048,0.036393301020807914,0.06306608865013393,0.02667278762932601,1.0,0.49935,0.44935,1,1,0.05
03_sample_uncertainty,49,91347371882713179229861588952896824454,20000,0.2,0.0,depolarizing,0.0,0.5,0.2,1000,0.11,0.95,20000,10017,1000,9017,485,58,0.04841768992712389,0.058,0.04513327823499825,0.0742495762662325,0.029116298031234257,1.0,0.50085,0.45085,1,1,0.05
03_sample_uncertainty,50,96642272000552672077457810333825119973,20000,0.2,0.0,depolarizing,0.0,0.5,0.2,1000,0.11,0.95,20000,10052,1000,9052,511,48,0.05083565459610028,0.048,0.036393301020807914,0.06306608865013393,0.02667278762932601,1.0,0.5026,0.4526,1,1,0.05
03_sample_uncertainty,51,318584139021312406853294632682830776315,20000,0.2,0.0,depolarizing,0.0,0.5,0.2,1000,0.11,0.95,20000,9987,1000,8987,512,54,0.051266646640632824,0.054,0.04162131372306273,0.06979215484605245,0.028170841122989718,1.0,0.49935,0.44935,1,1,0.05
03_sample_uncertainty,52,1448191286221253227857069435841372189,20000,0.2,0.0,depolarizing,0.0,0.5,0.2,1000,0.11,0.95,20000,10082,1000,9082,528,49,0.052370561396548304,0.049,0.03726103464736062,0.06419070150661012,0.026929666859249496,1.0,0.5041,0.4541,1,1,0.05
03_sample_uncertainty,53,117998474967115145818105284028632308784,20000,0.2,0.0,depolarizing,0.0,0.5,0.2,1000,0.11,0.95,20000,9970,1000,8970,476,56,0.047743229689067204,0.056,0.043374813385442,0.07202334814973095,0.028648534764288948,1.0,0.4985,0.4485,1,1,0.05
03_sample_uncertainty,54,287563555906287116610704204208494730355,20000,0.2,0.0,depolarizing,0.0,0.5,0.2,1000,0.11,0.95,20000,10017,1000,9017,565,55,0.05640411300788659,0.055,0.04249742737476845,0.07090838767737563,0.02841096030260718,1.0,0.50085,0.45085,1,1,0.05
03_sample_uncertainty,55,155493691191383542227509719974636546952,20000,0.2,0.0,depolarizing,0.0,0.5,0.2,1000,0.11,0.95,20000,9986,1000,8986,503,50,0.0503705187262167,0.05,0.03813026239274882,0.06531382024425081,0.02718355785150199,1.0,0.4993,0.4493,1,1,0.05
03_sample_uncertainty,56,318251624801506830960750950673052341859,20000,0.2,0.0,depolarizing,0.0,0.5,0.2,1000,0.11,0.95,20000,9948,1000,8948,537,58,0.05398069963811822,0.058,0.04513327823499825,0.0742495762662325,0.029116298031234257,1.0,0.4974,0.4474,1,1,0.05
03_sample_uncertainty,57,44710457291385926517032473268707646005,20000,0.2,0.0,depolarizing,0.0,0.5,0.2,1000,0.11,0.95,20000,10040,1000,9040,475,43,0.04731075697211155,0.043,0.03207865341171337,0.05741900384408401,0.025340350432370637,1.0,0.502,0.452,1,1,0.05
03_sample_uncertainty,58,262811081391326298606314995814896000555,20000,0.2,0.0,depolarizing,0.0,0.5,0.2,1000,0.11,0.95,20000,9903,1000,8903,504,38,0.05089366858527719,0.038,0.027809004509302633,0.05172692033135031,0.023917915822047678,1.0,0.49515,0.44515,1,1,0.05
03_sample_uncertainty,59,185201930135085016804746397103416866241,20000,0.2,0.0,depolarizing,0.0,0.5,0.2,1000,0.11,0.95,20000,9955,1000,8955,440,40,0.04419889502762431,0.04,0.029510973685452767,0.05400964412125795,0.024498670435805184,1.0,0.49775,0.44775,1,1,0.05
03_sample_uncertainty,60,134199950506439241227466696331718728167,20000,0.2,0.0,depolarizing,0.0,0.5,0.2,1000,0.11,0.95,20000,9988,1000,8988,494,39,0.04945935122146576,0.039,0.028658960904180485,0.052869310419501346,0.02421034951532086,1.0,0.4994,0.4494,1,1,0.05
03_sample_uncertainty,61,94563514132319743330660865819404067038,20000,0.2,0.0,depolarizing,0.0,0.5,0.2,1000,0.11,0.95,20000,10084,1000,9084,491,53,0.04869099563665212,0.053,0.04074650524859452,0.06867461683749176,0.027928111588897242,1.0,0.5042,0.4542,1,1,0.05
03_sample_uncertainty,62,221805417578006980027667305327550016954,20000,0.2,0.0,depolarizing,0.0,0.5,0.2,1000,0.11,0.95,20000,10081,1000,9081,548,54,0.05435968653903383,0.054,0.04162131372306273,0.06979215484605245,0.028170841122989718,1.0,0.50405,0.45405,1,1,0.05
03_sample_uncertainty,63,80976594993879894632443617688283734304,20000,0.2,0.0,depolarizing,0.0,0.5,0.2,1000,0.11,0.95,20000,10038,1000,9038,526,59,0.05240087666865909,0.059,0.046014298212800474,0.07536090277145915,0.02934660455865868,1.0,0.5019,0.4519,1,1,0.05
03_sample_uncertainty,64,178140453965119423297413928148958406794,20000,0.2,0.0,depolarizing,0.0,0.5,0.2,1000,0.11,0.95,20000,10010,1000,9010,512,47,0.05114885114885115,0.047,0.0355271051063845,0.06193993808152845,0.02641283297514395,1.0,0.5005,0.4505,1,1,0.05
03_sample_uncertainty,65,89979069921753439136008322756479198012,20000,0.2,0.0,depolarizing,0.0,0.5,0.2,1000,0.11,0.95,20000,10016,1000,9016,489,37,0.04882188498402556,0.037,0.026961180875554738,0.0505823974820693,0.023621216606514565,1.0,0.5008,0.4508,1,1,0.05
03_sample_uncertainty,66,250947711954148460649760115710092025231,20000,0.2,0.0,depolarizing,0.0,0.5,0.2,1000,0.11,0.95,20000,10022,1000,9022,469,55,0.046797046497705046,0.055,0.04249742737476845,0.07090838767737563,0.02841096030260718,1.0,0.5011,0.4511,1,1,0.05
03_sample_uncertainty,67,242003219677154058298575595952653153531,20000,0.2,0.0,depolarizing,0.0,0.5,0.2,1000,0.11,0.95,20000,9935,1000,8935,533,59,0.05364871665827881,0.059,0.046014298212800474,0.07536090277145915,0.02934660455865868,1.0,0.49675,0.44675,1,1,0.05
03_sample_uncertainty,68,181905861743128095750217982351166752056,20000,0.2,0.0,depolarizing,0.0,0.5,0.2,1000,0.11,0.95,20000,9965,1000,8965,491,42,0.04927245358755645,0.042,0.03122088554616545,0.056284425226603055,0.025063539680437605,1.0,0.49825,0.44825,1,1,0.05
03_sample_uncertainty,69,124336231131462191685631013160212847860,20000,0.2,0.0,depolarizing,0.0,0.5,0.2,1000,0.11,0.95,20000,9829,1000,8829,453,43,0.046088106623257706,0.043,0.03207865341171337,0.05741900384408401,0.025340350432370637,1.0,0.49145,0.44145,1,1,0.05
03_sample_uncertainty,70,118902816141832850178403470110057943406,20000,0.2,0.0,depolarizing,0.0,0.5,0.2,1000,0.11,0.95,20000,10154,1000,9154,490,51,0.04825684459326374,0.051,0.03900094277526685,0.06643548634476165,0.027434543569494804,1.0,0.5077,0.4577,1,1,0.05
03_sample_uncertainty,71,278679083106651384676912095776225958208,20000,0.2,0.0,depolarizing,0.0,0.5,0.2,1000,0.11,0.95,20000,9985,1000,8985,499,67,0.0499749624436655,0.067,0.05310191960662385,0.08421205324186687,0.031110133635243016,1.0,0.49925,0.44925,1,1,0.05
03_sample_uncertainty,72,288605062600207832521189537040880258663,20000,0.2,0.0,depolarizing,0.0,0.5,0.2,1000,0.11,0.95,20000,9923,1000,8923,503,56,0.05069031542880177,0.056,0.043374813385442,0.07202334814973095,0.028648534764288948,1.0,0.49615,0.44615,1,1,0.05
03_sample_uncertainty,73,5817224428414352756783502553885658905,20000,0.2,0.0,depolarizing,0.0,0.5,0.2,1000,0.11,0.95,20000,10084,1000,9084,505,47,0.05007933359777866,0.047,0.0355271051063845,0.06193993808152845,0.02641283297514395,1.0,0.5042,0.4542,1,1,0.05
03_sample_uncertainty,74,322072292674154311645863366628652821373,20000,0.2,0.0,depolarizing,0.0,0.5,0.2,1000,0.11,0.95,20000,9970,1000,8970,516,57,0.051755265797392175,0.057,0.04425344035871594,0.07313706765948591,0.028883627300769973,1.0,0.4985,0.4485,1,1,0.05
03_sample_uncertainty,75,150932379299659967347922108101259392693,20000,0.2,0.0,depolarizing,0.0,0.5,0.2,1000,0.11,0.95,20000,10005,1000,9005,486,46,0.048575712143928036,0.046,0.03466249276326499,0.06081220394161906,0.026149711178354074,1.0,0.50025,0.45025,1,1,0.05
03_sample_uncertainty,76,103395732770864175465806999449646495279,20000,0.2,0.0,depolarizing,0.0,0.5,0.2,1000,0.11,0.95,20000,10148,1000,9148,523,50,0.0515372487189594,0.05,0.03813026239274882,0.06531382024425081,0.02718355785150199,1.0,0.5074,0.4574,1,1,0.05
03_sample_uncertainty,77,104046668852370867801227946432117089647,20000,0.2,0.0,depolarizing,0.0,0.5,0.2,1000,0.11,0.95,20000,10048,1000,9048,536,62,0.05334394904458599,0.062,0.04866418011998064,0.07868806031336564,0.030023880193385005,1.0,0.5024,0.4524,1,1,0.05
03_sample_uncertainty,78,101538502172066076360555111653613911278,20000,0.2,0.0,depolarizing,0.0,0.5,0.2,1000,0.11,0.95,20000,10063,1000,9063,492,46,0.04889198052270695,0.046,0.03466249276326499,0.06081220394161906,0.026149711178354074,1.0,0.50315,0.45315,1,1,0.05
03_sample_uncertainty,79,288394127779310232485835888435011374387,20000,0.2,0.0,depolarizing,0.0,0.5,0.2,1000,0.11,0.95,20000,9979,1000,8979,537,55,0.05381300731536226,0.055,0.04249742737476845,0.07090838767737563,0.02841096030260718,1.0,0.49895,0.44895,1,1,0.05
03_sample_uncertainty,80,278733510771528869993470915439228117828,20000,0.2,0.0,depolarizing,0.0,0.5,0.2,1000,0.11,0.95,20000,9984,1000,8984,491,56,0.049178685897435896,0.056,0.043374813385442,0.07202334814973095,0.028648534764288948,1.0,0.4992,0.4492,1,1,0.05
03_sample_uncertainty,81,130372108153502575290462668880377556738,20000,0.2,0.0,depolarizing,0.0,0.5,0.2,1000,0.11,0.95,20000,9936,1000,8936,500,38,0.05032206119162641,0.038,0.027809004509302633,0.05172692033135031,0.023917915822047678,1.0,0.4968,0.4468,1,1,0.05
03_sample_uncertainty,82,169667938540283833541386969514577718448,20000,0.2,0.0,depolarizing,0.0,0.5,0.2,1000,0.11,0.95,20000,10015,1000,9015,485,55,0.048427358961557664,0.055,0.04249742737476845,0.07090838767737563,0.02841096030260718,1.0,0.50075,0.45075,1,1,0.05
03_sample_uncertainty,83,47812713171974947884139074477198827515,20000,0.2,0.0,depolarizing,0.0,0.5,0.2,1000,0.11,0.95,20000,10017,1000,9017,498,63,0.04971548367774783,0.063,0.04954966321172909,0.0797949237046461,0.030245260492917002,1.0,0.50085,0.45085,1,1,0.05
03_sample_uncertainty,84,178590612970453022026430722387432033176,20000,0.2,0.0,depolarizing,0.0,0.5,0.2,1000,0.11,0.95,20000,9991,1000,8991,533,58,0.0533480132118907,0.058,0.04513327823499825,0.0742495762662325,0.029116298031234257,1.0,0.49955,0.44955,1,1,0.05
03_sample_uncertainty,85,260346703426544362621506082263754464077,20000,0.2,0.0,depolarizing,0.0,0.5,0.2,1000,0.11,0.95,20000,9986,1000,8986,484,51,0.048467854996995796,0.051,0.03900094277526685,0.06643548634476165,0.027434543569494804,1.0,0.4993,0.4493,1,1,0.05
03_sample_uncertainty,86,129873554634255792703033361100997825702,20000,0.2,0.0,depolarizing,0.0,0.5,0.2,1000,0.11,0.95,20000,10029,1000,9029,500,50,0.04985541928407618,0.05,0.03813026239274882,0.06531382024425081,0.02718355785150199,1.0,0.50145,0.45145,1,1,0.05
03_sample_uncertainty,87,149038296578292772464906105689718267415,20000,0.2,0.0,depolarizing,0.0,0.5,0.2,1000,0.11,0.95,20000,10089,1000,9089,457,38,0.045296857964119336,0.038,0.027809004509302633,0.05172692033135031,0.023917915822047678,1.0,0.50445,0.45445,1,1,0.05
03_sample_uncertainty,88,212051412910997008308416700517684517534,20000,0.2,0.0,depolarizing,0.0,0.5,0.2,1000,0.11,0.95,20000,9945,1000,8945,513,65,0.051583710407239816,0.065,0.05132377056906205,0.0820055093133709,0.03068173874430885,1.0,0.49725,0.44725,1,1,0.05
03_sample_uncertainty,89,101187796589941157867115145058919399397,20000,0.2,0.0,depolarizing,0.0,0.5,0.2,1000,0.11,0.95,20000,9977,1000,8977,524,52,0.05252079783502055,0.052,0.03987303628377742,0.06755573931927998,0.027682703035502562,1.0,0.49885,0.44885,1,1,0.05
03_sample_uncertainty,90,321560592822222009510642237049940276109,20000,0.2,0.0,depolarizing,0.0,0.5,0.2,1000,0.11,0.95,20000,10010,1000,9010,477,46,0.04765234765234765,0.046,0.03466249276326499,0.06081220394161906,0.026149711178354074,1.0,0.5005,0.4505,1,1,0.05
03_sample_uncertainty,91,127013900435177689348191395205051735891,20000,0.2,0.0,depolarizing,0.0,0.5,0.2,1000,0.11,0.95,20000,9888,1000,8888,541,57,0.054712783171521034,0.057,0.04425344035871594,0.07313706765948591,0.028883627300769973,1.0,0.4944,0.4444,1,1,0.05
03_sample_uncertainty,92,90642748273958593811618401582376758065,20000,0.2,0.0,depolarizing,0.0,0.5,0.2,1000,0.11,0.95,20000,10147,1000,9147,485,50,0.04779737853552774,0.05,0.03813026239274882,0.06531382024425081,0.02718355785150199,1.0,0.50735,0.45735,1,1,0.05
03_sample_uncertainty,93,95603850453560721415012150105086473484,20000,0.2,0.0,depolarizing,0.0,0.5,0.2,1000,0.11,0.95,20000,10003,1000,9003,484,47,0.04838548435469359,0.047,0.0355271051063845,0.06193993808152845,0.02641283297514395,1.0,0.50015,0.45015,1,1,0.05
03_sample_uncertainty,94,138982739186823276694363818650095855838,20000,0.2,0.0,depolarizing,0.0,0.5,0.2,1000,0.11,0.95,20000,9995,1000,8995,485,45,0.04852426213106553,0.045,0.033799512285631717,0.05968283793622345,0.025883325650591732,1.0,0.49975,0.44975,1,1,0.05
03_sample_uncertainty,95,323120257466731039316983321539144406278,20000,0.2,0.0,depolarizing,0.0,0.5,0.2,1000,0.11,0.95,20000,10013,1000,9013,526,45,0.052531708778587836,0.045,0.033799512285631717,0.05968283793622345,0.025883325650591732,1.0,0.50065,0.45065,1,1,0.05
03_sample_uncertainty,96,241879062811762590731027534465325054705,20000,0.2,0.0,depolarizing,0.0,0.5,0.2,1000,0.11,0.95,20000,10012,1000,9012,499,50,0.04984019176987615,0.05,0.03813026239274882,0.06531382024425081,0.02718355785150199,1.0,0.5006,0.4506,1,1,0.05
03_sample_uncertainty,97,323394292860533736321328463364358035867,20000,0.2,0.0,depolarizing,0.0,0.5,0.2,1000,0.11,0.95,20000,9989,1000,8989,479,58,0.047952748022825106,0.058,0.04513327823499825,0.0742495762662325,0.029116298031234257,1.0,0.49945,0.44945,1,1,0.05
03_sample_uncertainty,98,89070167073118909183676680670188433882,20000,0.2,0.0,depolarizing,0.0,0.5,0.2,1000,0.11,0.95,20000,9994,1000,8994,469,48,0.04692815689413648,0.048,0.036393301020807914,0.06306608865013393,0.02667278762932601,1.0,0.4997,0.4497,1,1,0.05
03_sample_uncertainty,99,237531830746326809487004935758919514203,20000,0.2,0.0,depolarizing,0.0,0.5,0.2,1000,0.11,0.95,20000,9892,1000,8892,513,53,0.05186008896077639,0.053,0.04074650524859452,0.06867461683749176,0.027928111588897242,1.0,0.4946,0.4446,1,1,0.05
03_sample_uncertainty,100,28054927471635425934901639578097419265,20000,0.2,0.0,depolarizing,0.0,0.5,0.2,1000,0.11,0.95,20000,10049,1000,9049,497,47,0.04945765747835606,0.047,0.0355271051063845,0.06193993808152845,0.02641283297514395,1.0,0.50245,0.45245,1,1,0.05
03_sample_uncertainty,101,109382984579743331810590858798514664294,20000,0.2,0.0,depolarizing,0.0,0.5,0.2,1000,0.11,0.95,20000,9942,1000,8942,492,46,0.049487024743512374,0.046,0.03466249276326499,0.06081220394161906,0.026149711178354074,1.0,0.4971,0.4471,1,1,0.05
03_sample_uncertainty,102,166927751563516231187689810698211686573,20000,0.2,0.0,depolarizing,0.0,0.5,0.2,1000,0.11,0.95,20000,10034,1000,9034,513,44,0.051126171018536976,0.044,0.0329382145884185,0.058551789150407776,0.025613574561989275,1.0,0.5017,0.4517,1,1,0.05
03_sample_uncertainty,103,207669816530782007145231335621567468229,20000,0.2,0.0,depolarizing,0.0,0.5,0.2,1000,0.11,0.95,20000,9994,1000,8994,484,53,0.04842905743446067,0.053,0.04074650524859452,0.06867461683749176,0.027928111588897242,1.0,0.4997,0.4497,1,1,0.05
03_sample_uncertainty,104,241045238169137102450721244975458015072,20000,0.2,0.0,depolarizing,0.0,0.5,0.2,1000,0.11,0.95,20000,9910,1000,8910,506,58,0.051059535822401615,0.058,0.04513327823499825,0.0742495762662325,0.029116298031234257,1.0,0.4955,0.4455,1,1,0.05
03_sample_uncertainty,105,247450057372740546908346108249829450161,20000,0.2,0.0,depolarizing,0.0,0.5,0.2,1000,0.11,0.95,20000,10033,1000,9033,471,40,0.04694508123193462,0.04,0.029510973685452767,0.05400964412125795,0.024498670435805184,1.0,0.50165,0.45165,1,1,0.05
03_sample_uncertainty,106,161111903176448603083204638181901052742,20000,0.2,0.0,depolarizing,0.0,0.5,0.2,1000,0.11,0.95,20000,9927,1000,8927,512,51,0.05157650851213861,0.051,0.03900094277526685,0.06643548634476165,0.027434543569494804,1.0,0.49635,0.44635,1,1,0.05
03_sample_uncertainty,107,224832685564897224555763206914849777926,20000,0.2,0.0,depolarizing,0.0,0.5,0.2,1000,0.11,0.95,20000,10015,1000,9015,489,50,0.048826759860209686,0.05,0.03813026239274882,0.06531382024425081,0.02718355785150199,1.0,0.50075,0.45075,1,1,0.05
03_sample_uncertainty,108,96652981046316420704432678290323179238,20000,0.2,0.0,depolarizing,0.0,0.5,0.2,1000,0.11,0.95,20000,10018,1000,9018,517,53,0.05160710720702735,0.053,0.04074650524859452,0.06867461683749176,0.027928111588897242,1.0,0.5009,0.4509,1,1,0.05
03_sample_uncertainty,109,228968782140089014037378317681645289258,20000,0.2,0.0,depolarizing,0.0,0.5,0.2,1000,0.11,0.95,20000,10069,1000,9069,501,56,0.04975667891548317,0.056,0.043374813385442,0.07202334814973095,0.028648534764288948,1.0,0.50345,0.45345,1,1,0.05
03_sample_uncertainty,110,318266095188665548177003592356961019735,20000,0.2,0.0,depolarizing,0.0,0.5,0.2,1000,0.11,0.95,20000,9989,1000,8989,464,43,0.04645109620582641,0.043,0.03207865341171337,0.05741900384408401,0.025340350432370637,1.0,0.49945,0.44945,1,1,0.05
03_sample_uncertainty,111,88040065646716643882311180026121087401,20000,0.2,0.0,depolarizing,0.0,0.5,0.2,1000,0.11,0.95,20000,10001,1000,9001,467,53,0.0466953304669533,0.053,0.04074650524859452,0.06867461683749176,0.027928111588897242,1.0,0.50005,0.45005,1,1,0.05
03_sample_uncertainty,112,55110124751938136457021037350163348063,20000,0.2,0.0,depolarizing,0.0,0.5,0.2,1000,0.11,0.95,20000,10037,1000,9037,480,43,0.047823054697618814,0.043,0.03207865341171337,0.05741900384408401,0.025340350432370637,1.0,0.50185,0.45185,1,1,0.05
03_sample_uncertainty,113,289047471168984258490380310816083948256,20000,0.2,0.0,depolarizing,0.0,0.5,0.2,1000,0.11,0.95,20000,9991,1000,8991,451,53,0.045140626563907514,0.053,0.04074650524859452,0.06867461683749176,0.027928111588897242,1.0,0.49955,0.44955,1,1,0.05
03_sample_uncertainty,114,6018602497322553731030047389581141227,20000,0.2,0.0,depolarizing,0.0,0.5,0.2,1000,0.11,0.95,20000,10047,1000,9047,511,45,0.050860953518463224,0.045,0.033799512285631717,0.05968283793622345,0.025883325650591732,1.0,0.50235,0.45235,1,1,0.05
03_sample_uncertainty,115,197755525374722933636067044314384405268,20000,0.2,0.0,depolarizing,0.0,0.5,0.2,1000,0.11,0.95,20000,9958,1000,8958,493,49,0.04950793331994376,0.049,0.03726103464736062,0.06419070150661012,0.026929666859249496,1.0,0.4979,0.4479,1,1,0.05
03_sample_uncertainty,116,120020626964840888334651792475513682489,20000,0.2,0.0,depolarizing,0.0,0.5,0.2,1000,0.11,0.95,20000,9937,1000,8937,489,51,0.049210023145818654,0.051,0.03900094277526685,0.06643548634476165,0.027434543569494804,1.0,0.49685,0.44685,1,1,0.05
03_sample_uncertainty,117,129136172130097230758276257784751869512,20000,0.2,0.0,depolarizing,0.0,0.5,0.2,1000,0.11,0.95,20000,10106,1000,9106,514,53,0.05086087472788443,0.053,0.04074650524859452,0.06867461683749176,0.027928111588897242,1.0,0.5053,0.4553,1,1,0.05
03_sample_uncertainty,118,275478974523845549994362130484451985580,20000,0.2,0.0,depolarizing,0.0,0.5,0.2,1000,0.11,0.95,20000,9980,1000,8980,500,47,0.050100200400801605,0.047,0.0355271051063845,0.06193993808152845,0.02641283297514395,1.0,0.499,0.449,1,1,0.05
03_sample_uncertainty,119,148589100359930504846711036255544463769,20000,0.2,0.0,depolarizing,0.0,0.5,0.2,1000,0.11,0.95,20000,10082,1000,9082,506,39,0.050188454671692126,0.039,0.028658960904180485,0.052869310419501346,0.02421034951532086,1.0,0.5041,0.4541,1,1,0.05
03_sample_uncertainty,120,50951276191664066295019034178913204098,20000,0.2,0.0,depolarizing,0.0,0.5,0.2,1000,0.11,0.95,20000,9920,1000,8920,482,51,0.04858870967741936,0.051,0.03900094277526685,0.06643548634476165,0.027434543569494804,1.0,0.496,0.446,1,1,0.05
03_sample_uncertainty,121,61502863295617682462921182266030114982,20000,0.2,0.0,depolarizing,0.0,0.5,0.2,1000,0.11,0.95,20000,9968,1000,8968,478,52,0.04795345104333868,0.052,0.03987303628377742,0.06755573931927998,0.027682703035502562,1.0,0.4984,0.4484,1,1,0.05
03_sample_uncertainty,122,202719309008803456337557009880637319357,20000,0.2,0.0,depolarizing,0.0,0.5,0.2,1000,0.11,0.95,20000,10083,1000,9083,509,47,0.05048100763661609,0.047,0.0355271051063845,0.06193993808152845,0.02641283297514395,1.0,0.50415,0.45415,1,1,0.05
03_sample_uncertainty,123,95211184818779523427594806237956956025,20000,0.2,0.0,depolarizing,0.0,0.5,0.2,1000,0.11,0.95,20000,9944,1000,8944,471,39,0.04736524537409493,0.039,0.028658960904180485,0.052869310419501346,0.02421034951532086,1.0,0.4972,0.4472,1,1,0.05
03_sample_uncertainty,124,242946384621229911311658516900501838189,20000,0.2,0.0,depolarizing,0.0,0.5,0.2,1000,0.11,0.95,20000,10018,1000,9018,509,44,0.050808544619684565,0.044,0.0329382145884185,0.058551789150407776,0.025613574561989275,1.0,0.5009,0.4509,1,1,0.05
03_sample_uncertainty,125,201199915401219727210544777129581522898,20000,0.2,0.0,depolarizing,0.0,0.5,0.2,1000,0.11,0.95,20000,10056,1000,9056,506,49,0.05031821797931583,0.049,0.03726103464736062,0.06419070150661012,0.026929666859249496,1.0,0.5028,0.4528,1,1,0.05
03_sample_uncertainty,126,304614968594462248054863816947832208358,20000,0.2,0.0,depolarizing,0.0,0.5,0.2,1000,0.11,0.95,20000,9909,1000,8909,500,54,0.05045917852457362,0.054,0.04162131372306273,0.06979215484605245,0.028170841122989718,1.0,0.49545,0.44545,1,1,0.05
03_sample_uncertainty,127,80369302765076850531341110337972958326,20000,0.2,0.0,depolarizing,0.0,0.5,0.2,1000,0.11,0.95,20000,10057,1000,9057,496,49,0.04931888237048822,0.049,0.03726103464736062,0.06419070150661012,0.026929666859249496,1.0,0.50285,0.45285,1,1,0.05
03_sample_uncertainty,128,326604432516896115958083678381883596228,20000,0.2,0.0,depolarizing,0.0,0.5,0.2,1000,0.11,0.95,20000,9953,1000,8953,488,48,0.04903044308248769,0.048,0.036393301020807914,0.06306608865013393,0.02667278762932601,1.0,0.49765,0.44765,1,1,0.05
03_sample_uncertainty,129,309795720713785163451434428677291412630,20000,0.2,0.0,depolarizing,0.0,0.5,0.2,1000,0.11,0.95,20000,9960,1000,8960,499,52,0.050100401606425704,0.052,0.03987303628377742,0.06755573931927998,0.027682703035502562,1.0,0.498,0.448,1,1,0.05
03_sample_uncertainty,130,190870476012370969620859260182511332608,20000,0.2,0.0,depolarizing,0.0,0.5,0.2,1000,0.11,0.95,20000,9958,1000,8958,507,39,0.050913838120104436,0.039,0.028658960904180485,0.052869310419501346,0.02421034951532086,1.0,0.4979,0.4479,1,1,0.05
03_sample_uncertainty,131,304518208341025143803270418277843048696,20000,0.2,0.0,depolarizing,0.0,0.5,0.2,1000,0.11,0.95,20000,10092,1000,9092,497,46,0.04924692826000793,0.046,0.03466249276326499,0.06081220394161906,0.026149711178354074,1.0,0.5046,0.4546,1,1,0.05
03_sample_uncertainty,132,78420555760828071154015237504182620784,20000,0.2,0.0,depolarizing,0.0,0.5,0.2,1000,0.11,0.95,20000,10043,1000,9043,549,47,0.05466494075475455,0.047,0.0355271051063845,0.06193993808152845,0.02641283297514395,1.0,0.50215,0.45215,1,1,0.05
03_sample_uncertainty,133,55077257914550609872585414836560255166,20000,0.2,0.0,depolarizing,0.0,0.5,0.2,1000,0.11,0.95,20000,10018,1000,9018,457,44,0.045617887801956476,0.044,0.0329382145884185,0.058551789150407776,0.025613574561989275,1.0,0.5009,0.4509,1,1,0.05
03_sample_uncertainty,134,198587866193507671882805184517523514074,20000,0.2,0.0,depolarizing,0.0,0.5,0.2,1000,0.11,0.95,20000,10031,1000,9031,481,56,0.04795135081248131,0.056,0.043374813385442,0.07202334814973095,0.028648534764288948,1.0,0.50155,0.45155,1,1,0.05
03_sample_uncertainty,135,264363386129534104754407667887915046473,20000,0.2,0.0,depolarizing,0.0,0.5,0.2,1000,0.11,0.95,20000,10091,1000,9091,475,42,0.047071648003171145,0.042,0.03122088554616545,0.056284425226603055,0.025063539680437605,1.0,0.50455,0.45455,1,1,0.05
03_sample_uncertainty,136,135367706722089076080173000798732848738,20000,0.2,0.0,depolarizing,0.0,0.5,0.2,1000,0.11,0.95,20000,10022,1000,9022,493,45,0.04919177808820595,0.045,0.033799512285631717,0.05968283793622345,0.025883325650591732,1.0,0.5011,0.4511,1,1,0.05
03_sample_uncertainty,137,160089433959061171629826442271657754449,20000,0.2,0.0,depolarizing,0.0,0.5,0.2,1000,0.11,0.95,20000,9972,1000,8972,508,55,0.05094263939029282,0.055,0.04249742737476845,0.07090838767737563,0.02841096030260718,1.0,0.4986,0.4486,1,1,0.05
03_sample_uncertainty,138,209517885255913351100434961307842030445,20000,0.2,0.0,depolarizing,0.0,0.5,0.2,1000,0.11,0.95,20000,9882,1000,8882,515,56,0.052114956486541186,0.056,0.043374813385442,0.07202334814973095,0.028648534764288948,1.0,0.4941,0.4441,1,1,0.05
03_sample_uncertainty,139,195523068627360322633685833438952806791,20000,0.2,0.0,depolarizing,0.0,0.5,0.2,1000,0.11,0.95,20000,10004,1000,9004,516,47,0.05157936825269892,0.047,0.0355271051063845,0.06193993808152845,0.02641283297514395,1.0,0.5002,0.4502,1,1,0.05
03_sample_uncertainty,140,109002867917568733666343409784485440796,20000,0.2,0.0,depolarizing,0.0,0.5,0.2,1000,0.11,0.95,20000,9917,1000,8917,526,45,0.053040233941716246,0.045,0.033799512285631717,0.05968283793622345,0.025883325650591732,1.0,0.49585,0.44585,1,1,0.05
03_sample_uncertainty,141,83194751220625209604374685813297386308,20000,0.2,0.0,depolarizing,0.0,0.5,0.2,1000,0.11,0.95,20000,10189,1000,9189,537,46,0.052703896358818336,0.046,0.03466249276326499,0.06081220394161906,0.026149711178354074,1.0,0.50945,0.45945,1,1,0.05
03_sample_uncertainty,142,12821226730901552809552634393777960200,20000,0.2,0.0,depolarizing,0.0,0.5,0.2,1000,0.11,0.95,20000,9946,1000,8946,520,55,0.052282324552583956,0.055,0.04249742737476845,0.07090838767737563,0.02841096030260718,1.0,0.4973,0.4473,1,1,0.05
03_sample_uncertainty,143,293774708639207539092450177848880840630,20000,0.2,0.0,depolarizing,0.0,0.5,0.2,1000,0.11,0.95,20000,9960,1000,8960,469,55,0.04708835341365462,0.055,0.04249742737476845,0.07090838767737563,0.02841096030260718,1.0,0.498,0.448,1,1,0.05
03_sample_uncertainty,144,222670309342936138502352173660783883927,20000,0.2,0.0,depolarizing,0.0,0.5,0.2,1000,0.11,0.95,20000,10055,1000,9055,486,49,0.04833416210840378,0.049,0.03726103464736062,0.06419070150661012,0.026929666859249496,1.0,0.50275,0.45275,1,1,0.05
03_sample_uncertainty,145,248649783249478034450700845913680506113,20000,0.2,0.0,depolarizing,0.0,0.5,0.2,1000,0.11,0.95,20000,10060,1000,9060,524,50,0.05208747514910537,0.05,0.03813026239274882,0.06531382024425081,0.02718355785150199,1.0,0.503,0.453,1,1,0.05
03_sample_uncertainty,146,334834970621074104247826951473272795258,20000,0.2,0.0,depolarizing,0.0,0.5,0.2,1000,0.11,0.95,20000,10109,1000,9109,511,55,0.05054901572855871,0.055,0.04249742737476845,0.07090838767737563,0.02841096030260718,1.0,0.50545,0.45545,1,1,0.05
03_sample_uncertainty,147,114796468793638480304554703455782178523,20000,0.2,0.0,depolarizing,0.0,0.5,0.2,1000,0.11,0.95,20000,10030,1000,9030,520,51,0.0518444666001994,0.051,0.03900094277526685,0.06643548634476165,0.027434543569494804,1.0,0.5015,0.4515,1,1,0.05
03_sample_uncertainty,148,309033248767932807278070424870616991817,20000,0.2,0.0,depolarizing,0.0,0.5,0.2,1000,0.11,0.95,20000,10013,1000,9013,492,53,0.04913612304004794,0.053,0.04074650524859452,0.06867461683749176,0.027928111588897242,1.0,0.50065,0.45065,1,1,0.05
03_sample_uncertainty,149,116579521213104651774651665522802528993,20000,0.2,0.0,depolarizing,0.0,0.5,0.2,1000,0.11,0.95,20000,10030,1000,9030,491,46,0.048953140578265206,0.046,0.03466249276326499,0.06081220394161906,0.026149711178354074,1.0,0.5015,0.4515,1,1,0.05
03_sample_uncertainty,0,9626078681190305560593980720391322313,20000,0.2,0.0,depolarizing,0.0,0.5,0.2,2500,0.11,0.95,20000,10008,2500,7508,530,136,0.05295763389288569,0.0544,0.04617360346801648,0.06399369879824404,0.01782009533022756,1.0,0.5004,0.3754,1,1,0.05
03_sample_uncertainty,1,60425860740555826992865923915331689389,20000,0.2,0.0,depolarizing,0.0,0.5,0.2,2500,0.11,0.95,20000,9970,2500,7470,511,120,0.051253761283851555,0.048,0.04029175041492176,0.05709518994492959,0.016803439530007833,1.0,0.4985,0.3735,1,1,0.05
03_sample_uncertainty,2,103194725993907473924418606751016391768,20000,0.2,0.0,depolarizing,0.0,0.5,0.2,2500,0.11,0.95,20000,9943,2500,7443,491,115,0.04938147440410339,0.046,0.03846166507131993,0.05493141219277854,0.016469747121458614,1.0,0.49715,0.37215,1,1,0.05
03_sample_uncertainty,3,275926799930832252396014949123830063819,20000,0.2,0.0,depolarizing,0.0,0.5,0.2,2500,0.11,0.95,20000,10011,2500,7511,465,108,0.04644890620317651,0.0432,0.03590668030270935,0.05189498862733511,0.015988308324625763,1.0,0.50055,0.37555,1,1,0.05
03_sample_uncertainty,4,222562801075986850952378998535757927728,20000,0.2,0.0,depolarizing,0.0,0.5,0.2,2500,0.11,0.95,20000,9987,2500,7487,526,131,0.05266846900971263,0.0524,0.044331583214255815,0.06184185595625184,0.017510272741996027,1.0,0.49935,0.37435,1,1,0.05
03_sample_uncertainty,5,124540251798411934661586777465330299540,20000,0.2,0.0,depolarizing,0.0,0.5,0.2,2500,0.11,0.95,20000,9997,2500,7497,511,124,0.05111533460038011,0.0496,0.04175868435429812,0.05882334648215551,0.017064662127857386,1.0,0.49985,0.37485,1,1,0.05
03_sample_uncertainty,6,153099602810776818397815728246017219214,20000,0.2,0.0,depolarizing,0.0,0.5,0.2,2500,0.11,0.95,20000,9977,2500,7477,509,138,0.05101733988172798,0.0552,0.04691135176456525,0.06485349573999642,0.017942143975431174,1.0,0.49885,0.37385,1,1,0.05
03_sample_uncertainty,7,262897595520106232896752591656112629532,20000,0.2,0.0,depolarizing,0.0,0.5,0.2,2500,0.11,0.95,20000,9887,2500,7387,510,121,0.05158288661879235,0.0484,0.04065825069539146,0.057527462283610456,0.016869211588218996,1.0,0.49435,0.36935,1,1,0.05
03_sample_uncertainty,8,288873744998473746555172379694990466955,20000,0.2,0.0,depolarizing,0.0,0.5,0.2,2500,0.11,0.95,20000,9977,2500,7477,538,137,0.053924025258093616,0.0548,0.04654241184371968,0.06442366304169142,0.017881251197971737,1.0,0.49885,0.37385,1,1,0.05
03_sample_uncertainty,9,242278468885195675467856046799896148655,20000,0.2,0.0,depolarizing,0.0,0.5,0.2,2500,0.11,0.95,20000,10131,2500,7631,508,123,0.050143125061691836,0.0492,0.04139171945681181,0.05839153876049125,0.016999819303679442,1.0,0.50655,0.38155,1,1,0.05
03_sample_uncertainty,10,159588147302165252351201993981706293138,20000,0.2,0.0,depolarizing,0.0,0.5,0.2,2500,0.11,0.95,20000,10041,2500,7541,494,128,0.04919828702320486,0.0512,0.04322804054665113,0.06054908076640481,0.017321040219753683,1.0,0.50205,0.37705,1,1,0.05
03_sample_uncertainty,11,216758151997854263908870355741435338202,20000,0.2,0.0,depolarizing,0.0,0.5,0.2,2500,0.11,0.95,20000,10017,2500,7517,505,149,0.050414295697314565,0.0596,0.050978007265003115,0.06957333905021489,0.01859533178521177,1.0,0.50085,0.37585,1,1,0.05
03_sample_uncertainty,12,256881566055482576359467565202324486296,20000,0.2,0.0,depolarizing,0.0,0.5,0.2,2500,0.11,0.95,20000,10060,2500,7560,532,121,0.05288270377733598,0.0484,0.04065825069539146,0.057527462283610456,0.016869211588218996,1.0,0.503,0.378,1,1,0.05
03_sample_uncertainty,13,210893116338820642036905872244645892717,20000,0.2,0.0,depolarizing,0.0,0.5,0.2,2500,0.11,0.95,20000,10091,2500,7591,534,124,0.05291844217619661,0.0496,0.04175868435429812,0.05882334648215551,0.017064662127857386,1.0,0.50455,0.37955,1,1,0.05
03_sample_uncertainty,14,139743078305032447147732778023196477533,20000,0.2,0.0,depolarizing,0.0,0.5,0.2,2500,0.11,0.95,20000,9953,2500,7453,507,117,0.05093941525168291,0.0468,0.03919320825630112,0.0557974142460985,0.01660420598979738,1.0,0.49765,0.37265,1,1,0.05
03_sample_uncertainty,15,71893794498384756286070224567476909760,20000,0.2,0.0,depolarizing,0.0,0.5,0.2,2500,0.11,0.95,20000,10154,2500,7654,496,128,0.04884774473114044,0.0512,0.04322804054665113,0.06054908076640481,0.017321040219753683,1.0,0.5077,0.3827,1,1,0.05
03_sample_uncertainty,16,12690888291869818682548917006726564003,20000,0.2,0.0,depolarizing,0.0,0.5,0.2,2500,0.11,0.95,20000,10042,2500,7542,480,123,0.04779924317864967,0.0492,0.04139171945681181,0.05839153876049125,0.016999819303679442,1.0,0.5021,0.3771,1,1,0.05
03_sample_uncertainty,17,201210201050916648122363945996283532417,20000,0.2,0.0,depolarizing,0.0,0.5,0.2,2500,0.11,0.95,20000,10136,2500,7636,533,135,0.05258484609313339,0.054,0.045804927996468736,0.06356360165064122,0.017758673654172483,1.0,0.5068,0.3818,1,1,0.05
03_sample_uncertainty,18,76431103565737959575837721458664418150,20000,0.2,0.0,depolarizing,0.0,0.5,0.2,2500,0.11,0.95,20000,10012,2500,7512,528,138,0.052736715940870954,0.0552,0.04691135176456525,0.06485349573999642,0.017942143975431174,1.0,0.5006,0.3756,1,1,0.05
03_sample_uncertainty,19,130621316723260573764594127785818569059,20000,0.2,0.0,depolarizing,0.0,0.5,0.2,2500,0.11,0.95,20000,10013,2500,7513,522,131,0.052132228103465496,0.0524,0.044331583214255815,0.06184185595625184,0.017510272741996027,1.0,0.50065,0.37565,1,1,0.05
03_sample_uncertainty,20,291301448614670617109244340014913066615,20000,0.2,0.0,depolarizing,0.0,0.5,0.2,2500,0.11,0.95,20000,9967,2500,7467,500,134,0.050165546302799235,0.0536,0.04543638681290474,0.06313337021505465,0.01769698340214991,1.0,0.49835,0.37335,1,1,0.05
03_sample_uncertainty,21,273962535344764696771467039762071332941,20000,0.2,0.0,depolarizing,0.0,0.5,0.2,2500,0.11,0.95,20000,10026,2500,7526,505,117,0.050369040494713746,0.0468,0.03919320825630112,0.0557974142460985,0.01660420598979738,1.0,0.5013,0.3763,1,1,0.05
03_sample_uncertainty,22,194742698504672985073621504312400633881,20000,0.2,0.0,depolarizing,0.0,0.5,0.2,2500,0.11,0.95,20000,9948,2500,7448,491,118,0.04935665460394049,0.0472,0.03955922729044256,0.05623016783110764,0.016670940540665077,1.0,0.4974,0.3724,1,1,0.05
03_sample_uncertainty,23,158491608963913375079987203012138470936,20000,0.2,0.0,depolarizing,0.0,0.5,0.2,2500,0.11,0.95,20000,9987,2500,7487,483,120,0.04836287173325323,0.048,0.04029175041492176,0.05709518994492959,0.016803439530007833,1.0,0.49935,0.37435,1,1,0.05
03_sample_uncertainty,24,246331579458338329889049352491468907594,20000,0.2,0.0,depolarizing,0.0,0.5,0.2,2500,0.11,0.95,20000,9979,2500,7479,545,147,0.05461469085078665,0.0588,0.050237517863369954,0.06871628321354688,0.018478765350176923,1.0,0.49895,0.37395,1,1,0.05
03_sample_uncertainty,25,19216372756881282031848966370123380947,20000,0.2,0.0,depolarizing,0.0,0.5,0.2,2500,0.11,0.95,20000,10077,2500,7577,500,123,0.04961794184777216,0.0492,0.04139171945681181,0.05839153876049125,0.016999819303679442,1.0,0.50385,0.37885,1,1,0.05
03_sample_uncertainty,26,313083873995515879029325701016640585334,20000,0.2,0.0,depolarizing,0.0,0.5,0.2,2500,0.11,0.95,20000,9822,2500,7322,484,109,0.0492771329668092,0.0436,0.03627114467254896,0.052329296876646066,0.016058152204097106,1.0,0.4911,0.3661,1,1,0.05
03_sample_uncertainty,27,201901110371816091037660865550080382210,20000,0.2,0.0,depolarizing,0.0,0.5,0.2,2500,0.11,0.95,20000,9899,2500,7399,476,114,0.04808566521870896,0.0456,0.03809614497738621,0.05449815966756169,0.01640201469017548,1.0,0.49495,0.36995,1,1,0.05
03_sample_uncertainty,28,23862002377463841597913506974917098509,20000,0.2,0.0,depolarizing,0.0,0.5,0.2,2500,0.11,0.95,20000,10012,2500,7512,470,112,0.04694366759888134,0.0448,0.03736561825945768,0.053631141147189074,0.016265522887731393,1.0,0.5006,0.3756,1,1,0.05
03_sample_uncertainty,29,206515421309052324317380956905660589258,20000,0.2,0.0,depolarizing,0.0,0.5,0.2,2500,0.11,0.95,20000,9996,2500,7496,498,145,0.04981992797118848,0.058,0.04949750525052926,0.06785875058808644,0.018361245337557175,1.0,0.4998,0.3748,1,1,0.05
03_sample_uncertainty,30,51413026629256952182658675113687569259,20000,0.2,0.0,depolarizing,0.0,0.5,0.2,2500,0.11,0.95,20000,9975,2500,7475,526,146,0.05273182957393484,0.0584,0.04986745138972932,0.06828757706803694,0.01842012567830762,1.0,0.49875,0.37375,1,1,0.05
03_sample_uncertainty,31,147183299604533659185814320818302924428,20000,0.2,0.0,depolarizing,0.0,0.5,0.2,2500,0.11,0.95,20000,10019,2500,7519,546,141,0.054496456732208806,0.0564,0.04801894756714731,0.06614221779486609,0.018123270227718785,1.0,0.50095,0.37595,1,1,0.05
03_sample_uncertainty,32,26223557349837539016547534933110178266,20000,0.2,0.0,depolarizing,0.0,0.5,0.2,2500,0.11,0.95,20000,10014,2500,7514,505,136,0.05042939884162173,0.0544,0.04617360346801648,0.06399369879824404,0.01782009533022756,1.0,0.5007,0.3757,1,1,0.05
03_sample_uncertainty,33,202686408263462476413868895247934727832,20000,0.2,0.0,depolarizing,0.0,0.5,0.2,2500,0.11,0.95,20000,9945,2500,7445,484,135,0.04866767219708396,0.054,0.045804927996468736,0.06356360165064122,0.017758673654172483,1.0,0.49725,0.37225,1,1,0.05
03_sample_uncertainty,34,313070676124470732043535198841376593729,20000,0.2,0.0,depolarizing,0.0,0.5,0.2,2500,0.11,0.95,20000,9939,2500,7439,501,129,0.0504074856625415,0.0516,0.04359574546860642,0.06098014846360009,0.017384402994993664,1.0,0.49695,0.37195,1,1,0.05
03_sample_uncertainty,35,282125069755347177644938483569330931303,20000,0.2,0.0,depolarizing,0.0,0.5,0.2,2500,0.11,0.95,20000,10095,2500,7595,494,114,0.04893511639425458,0.0456,0.03809614497738621,0.05449815966756169,0.01640201469017548,1.0,0.50475,0.37975,1,1,0.05
03_sample_uncertainty,36,276092009592570457172920922889625816281,20000,0.2,0.0,depolarizing,0.0,0.5,0.2,2500,0.11,0.95,20000,10003,2500,7503,530,143,0.05298410476856943,0.0572,0.04875797864091191,0.06700073195940265,0.01824275331849074,1.0,0.50015,0.37515,1,1,0.05
03_sample_uncertainty,37,137915787085237911659970517915686508207,20000,0.2,0.0,depolarizing,0.0,0.5,0.2,2500,0.11,0.95,20000,9931,2500,7431,500,119,0.050347397039573055,0.0476,0.039925408651525045,0.056662759089175736,0.01673735043765069,1.0,0.49655,0.37155,1,1,0.05
03_sample_uncertainty,38,69354971421850914139349826100599195424,20000,0.2,0.0,depolarizing,0.0,0.5,0.2,2500,0.11,0.95,20000,10048,2500,7548,495,126,0.04926353503184713,0.0504,0.04249306648917964,0.059686509585575157,0.01719344309639552,1.0,0.5024,0.3774,1,1,0.05
03_sample_uncertainty,39,214356344548681223162172402796370750887,20000,0.2,0.0,depolarizing,0.0,0.5,0.2,2500,0.11,0.95,20000,9988,2500,7488,478,124,0.04785742891469764,0.0496,0.04175868435429812,0.05882334648215551,0.017064662127857386,1.0,0.4994,0.3744,1,1,0.05
03_sample_uncertainty,40,240574133653291473163270665445597798676,20000,0.2,0.0,depolarizing,0.0,0.5,0.2,2500,0.11,0.95,20000,9938,2500,7438,465,146,0.04679009861139062,0.0584,0.04986745138972932,0.06828757706803694,0.01842012567830762,1.0,0.4969,0.3719,1,1,0.05
03_sample_uncertainty,41,177899183459633826155017232155446552539,20000,0.2,0.0,depolarizing,0.0,0.5,0.2,2500,0.11,0.95,20000,9902,2500,7402,509,117,0.05140375681680469,0.0468,0.03919320825630112,0.0557974142460985,0.01660420598979738,1.0,0.4951,0.3701,1,1,0.05
03_sample_uncertainty,42,126807256401787637761395950022489946183,20000,0.2,0.0,depolarizing,0.0,0.5,0.2,2500,0.11,0.95,20000,9877,2500,7377,513,123,0.05193884782828794,0.0492,0.04139171945681181,0.05839153876049125,0.016999819303679442,1.0,0.49385,0.36885,1,1,0.05
03_sample_uncertainty,43,232922381597022826617310957984487447939,20000,0.2,0.0,depolarizing,0.0,0.5,0.2,2500,0.11,0.95,20000,9818,2500,7318,465,120,0.04736198818496639,0.048,0.04029175041492176,0.05709518994492959,0.016803439530007833,1.0,0.4909,0.3659,1,1,0.05
03_sample_uncertainty,44,107181471049831588986288034966569980086,20000,0.2,0.0,depolarizing,0.0,0.5,0.2,2500,0.11,0.95,20000,9893,2500,7393,506,120,0.05114727585161225,0.048,0.04029175041492176,0.05709518994492959,0.016803439530007833,1.0,0.49465,0.36965,1,1,0.05
03_sample_uncertainty,45,209519478008918346946150012366703493723,20000,0.2,0.0,depolarizing,0.0,0.5,0.2,2500,0.11,0.95,20000,10035,2500,7535,475,105,0.04733432984554061,0.042,0.03481440115394959,0.05059094991864315,0.01577654876469356,1.0,0.50175,0.37675,1,1,0.05
03_sample_uncertainty,46,289209744786050444607977445903206774377,20000,0.2,0.0,depolarizing,0.0,0.5,0.2,2500,0.11,0.95,20000,10008,2500,7508,505,126,0.05045963229416467,0.0504,0.04249306648917964,0.059686509585575157,0.01719344309639552,1.0,0.5004,0.3754,1,1,0.05
03_sample_uncertainty,47,81867804291897695290078317760828381014,20000,0.2,0.0,depolarizing,0.0,0.5,0.2,2500,0.11,0.95,20000,9965,2500,7465,490,112,0.04917210235825389,0.0448,0.03736561825945768,0.053631141147189074,0.016265522887731393,1.0,0.49825,0.37325,1,1,0.05
03_sample_uncertainty,48,87240827740709659456566939910987830369,20000,0.2,0.0,depolarizing,0.0,0.5,0.2,2500,0.11,0.95,20000,10015,2500,7515,470,104,0.046929605591612585,0.0416,0.034450687769045155,0.050155890684397006,0.01570520291535185,1.0,0.50075,0.37575,1,1,0.05
03_sample_uncertainty,49,197077864782133026915670728863013027021,20000,0.2,0.0,depolarizing,0.0,0.5,0.2,2500,0.11,0.95,20000,9990,2500,7490,506,119,0.05065065065065065,0.0476,0.039925408651525045,0.056662759089175736,0.01673735043765069,1.0,0.4995,0.3745,1,1,0.05
03_sample_uncertainty,50,262182010031286953073238581289438715181,20000,0.2,0.0,depolarizing,0.0,0.5,0.2,2500,0.11,0.95,20000,10080,2500,7580,538,144,0.05337301587301587,0.0576,0.049127680607165006,0.06742980261230011,0.018302122005135105,1.0,0.504,0.379,1,1,0.05
03_sample_uncertainty,51,191572903846838786743347197104277041585,20000,0.2,0.0,depolarizing,0.0,0.5,0.2,2500,0.11,0.95,20000,9990,2500,7490,493,114,0.04934934934934935,0.0456,0.03809614497738621,0.05449815966756169,0.01640201469017548,1.0,0.4995,0.3745,1,1,0.05
03_sample_uncertainty,52,277393311704133121952689201388818981793,20000,0.2,0.0,depolarizing,0.0,0.5,0.2,2500,0.11,0.95,20000,10050,2500,7550,532,123,0.05293532338308458,0.0492,0.04139171945681181,0.05839153876049125,0.016999819303679442,1.0,0.5025,0.3775,1,1,0.05
03_sample_uncertainty,53,46483620020199970271904058507482588771,20000,0.2,0.0,depolarizing,0.0,0.5,0.2,2500,0.11,0.95,20000,9911,2500,7411,504,140,0.05085258803349813,0.056,0.047649620926000016,0.0657127718168628,0.018063150890862786,1.0,0.49555,0.37055,1,1,0.05
03_sample_uncertainty,54,337440267727633403878472809900309311387,20000,0.2,0.0,depolarizing,0.0,0.5,0.2,2500,0.11,0.95,20000,9990,2500,7490,499,124,0.04994994994994995,0.0496,0.04175868435429812,0.05882334648215551,0.017064662127857386,1.0,0.4995,0.3745,1,1,0.05
03_sample_uncertainty,55,72335156971382285997161267651095922978,20000,0.2,0.0,depolarizing,0.0,0.5,0.2,2500,0.11,0.95,20000,9996,2500,7496,498,105,0.04981992797118848,0.042,0.03481440115394959,0.05059094991864315,0.01577654876469356,1.0,0.4998,0.3748,1,1,0.05
03_sample_uncertainty,56,338470137205739066240466357291126070488,20000,0.2,0.0,depolarizing,0.0,0.5,0.2,2500,0.11,0.95,20000,10106,2500,7606,490,113,0.048486047892341184,0.0452,0.037730795326771545,0.05406473669902578,0.016333941372254232,1.0,0.5053,0.3803,1,1,0.05
03_sample_uncertainty,57,221449560793406861645663915064526903137,20000,0.2,0.0,depolarizing,0.0,0.5,0.2,2500,0.11,0.95,20000,10026,2500,7526,464,114,0.04627967285058847,0.0456,0.03809614497738621,0.05449815966756169,0.01640201469017548,1.0,0.5013,0.3763,1,1,0.05
03_sample_uncertainty,58,165573559624072564702891771670206442579,20000,0.2,0.0,depolarizing,0.0,0.5,0.2,2500,0.11,0.95,20000,10017,2500,7517,500,112,0.0499151442547669,0.0448,0.03736561825945768,0.053631141147189074,0.016265522887731393,1.0,0.50085,0.37585,1,1,0.05
03_sample_uncertainty,59,192628157577281445515360661083192014836,20000,0.2,0.0,depolarizing,0.0,0.5,0.2,2500,0.11,0.95,20000,9927,2500,7427,528,125,0.05318827440314294,0.05,0.042125800599879165,0.05925500285572505,0.017129202255845882,1.0,0.49635,0.37135,1,1,0.05
03_sample_uncertainty,60,48932858567475077250208014436754710479,20000,0.2,0.0,depolarizing,0.0,0.5,0.2,2500,0.11,0.95,20000,9882,2500,7382,507,125,0.05130540376442016,0.05,0.042125800599879165,0.05925500285572505,0.017129202255845882,1.0,0.4941,0.3691,1,1,0.05
03_sample_uncertainty,61,105657219281433345637185010612484482100,20000,0.2,0.0,depolarizing,0.0,0.5,0.2,2500,0.11,0.95,20000,9991,2500,7491,511,127,0.05114603142828546,0.0508,0.0428604803510476,0.06011786834285776,0.01725738799181016,1.0,0.49955,0.37455,1,1,0.05
03_sample_uncertainty,62,290844383985278333857930226834770962510,20000,0.2,0.0,depolarizing,0.0,0.5,0.2,2500,0.11,0.95,20000,9969,2500,7469,487,111,0.04885143946233323,0.0444,0.037000615962528356,0.05319737082496783,0.016196754862439475,1.0,0.49845,0.37345,1,1,0.05
03_sample_uncertainty,63,329112202935815713326234818013954211391,20000,0.2,0.0,depolarizing,0.0,0.5,0.2,2500,0.11,0.95,20000,9907,2500,7407,554,129,0.055920056525688905,0.0516,0.04359574546860642,0.06098014846360009,0.017384402994993664,1.0,0.49535,0.37035,1,1,0.05
03_sample_uncertainty,64,152002349796279329768052958190047388970,20000,0.2,0.0,depolarizing,0.0,0.5,0.2,2500,0.11,0.95,20000,10043,2500,7543,518,124,0.051578213681170965,0.0496,0.04175868435429812,0.05882334648215551,0.017064662127857386,1.0,0.50215,0.37715,1,1,0.05
03_sample_uncertainty,65,90773908766522133142281477305294003997,20000,0.2,0.0,depolarizing,0.0,0.5,0.2,2500,0.11,0.95,20000,10098,2500,7598,516,111,0.0510992275698158,0.0444,0.037000615962528356,0.05319737082496783,0.016196754862439475,1.0,0.5049,0.3799,1,1,0.05
03_sample_uncertainty,66,301825241863221072055350450247366330095,20000,0.2,0.0,depolarizing,0.0,0.5,0.2,2500,0.11,0.95,20000,9965,2500,7465,510,126,0.05117912694430507,0.0504,0.04249306648917964,0.059686509585575157,0.01719344309639552,1.0,0.49825,0.37325,1,1,0.05
03_sample_uncertainty,67,328759246354839177869309238513435758768,20000,0.2,0.0,depolarizing,0.0,0.5,0.2,2500,0.11,0.95,20000,9928,2500,7428,482,127,0.04854955680902498,0.0508,0.0428604803510476,0.06011786834285776,0.01725738799181016,1.0,0.4964,0.3714,1,1,0.05
03_sample_uncertainty,68,309454446899299276177399380429504171772,20000,0.2,0.0,depolarizing,0.0,0.5,0.2,2500,0.11,0.95,20000,10032,2500,7532,478,130,0.04764752791068581,0.052,0.04396359354013604,0.061411073011221035,0.017447479471084992,1.0,0.5016,0.3766,1,1,0.05
03_sample_uncertainty,69,41338679164407974710568345071386529890,20000,0.2,0.0,depolarizing,0.0,0.5,0.2,2500,0.11,0.95,20000,9945,2500,7445,512,132,0.051483157365510304,0.0528,0.04469971297298948,0.06227249881666874,0.01757278584367926,1.0,0.49725,0.37225,1,1,0.05
03_sample_uncertainty,70,12933773731992963965463978389356117426,20000,0.2,0.0,depolarizing,0.0,0.5,0.2,2500,0.11,0.95,20000,10140,2500,7640,487,114,0.048027613412228796,0.0456,0.03809614497738621,0.05449815966756169,0.01640201469017548,1.0,0.507,0.382,1,1,0.05
03_sample_uncertainty,71,105830560404777405055377870035569000110,20000,0.2,0.0,depolarizing,0.0,0.5,0.2,2500,0.11,0.95,20000,9896,2500,7396,491,106,0.0496160064672595,0.0424,0.03517830606908405,0.05102581762265926,0.015847511553575208,1.0,0.4948,0.3698,1,1,0.05
03_sample_uncertainty,72,112159757261341094752305611711486337088,20000,0.2,0.0,depolarizing,0.0,0.5,0.2,2500,0.11,0.95,20000,10155,2500,7655,507,129,0.0499261447562777,0.0516,0.04359574546860642,0.06098014846360009,0.017384402994993664,1.0,0.50775,0.38275,1,1,0.05
03_sample_uncertainty,73,158193840256806957651544877913199806670,20000,0.2,0.0,depolarizing,0.0,0.5,0.2,2500,0.11,0.95,20000,9862,2500,7362,517,141,0.05242344352058406,0.0564,0.04801894756714731,0.06614221779486609,0.018123270227718785,1.0,0.4931,0.3681,1,1,0.05
03_sample_uncertainty,74,214807784568177211104696493259436127099,20000,0.2,0.0,depolarizing,0.0,0.5,0.2,2500,0.11,0.95,20000,9972,2500,7472,499,122,0.050040112314480543,0.0488,0.04102490764595483,0.057959577952197666,0.016934670306242836,1.0,0.4986,0.3736,1,1,0.05
03_sample_uncertainty,75,258071453030576148540225346839138515270,20000,0.2,0.0,depolarizing,0.0,0.5,0.2,2500,0.11,0.95,20000,9999,2500,7499,516,141,0.05160516051605161,0.0564,0.04801894756714731,0.06614221779486609,0.018123270227718785,1.0,0.49995,0.37495,1,1,0.05
03_sample_uncertainty,76,325032156134726708465357921550224473407,20000,0.2,0.0,depolarizing,0.0,0.5,0.2,2500,0.11,0.95,20000,9985,2500,7485,502,116,0.05027541311967952,0.0464,0.038827353514279524,0.055364496368969514,0.01653714285468999,1.0,0.49925,0.37425,1,1,0.05
03_sample_uncertainty,77,8800622783159867138531387478893068234,20000,0.2,0.0,depolarizing,0.0,0.5,0.2,2500,0.11,0.95,20000,9941,2500,7441,506,110,0.05090031183985515,0.044,0.036635790671639454,0.05276342349670614,0.016127632825066684,1.0,0.49705,0.37205,1,1,0.05
03_sample_uncertainty,78,15662651433007976928835621877553837985,20000,0.2,0.0,depolarizing,0.0,0.5,0.2,2500,0.11,0.95,20000,10041,2500,7541,468,89,0.046608903495667764,0.0356,0.02901991756335931,0.043605071602824244,0.014585154039464934,1.0,0.50205,0.37705,1,1,0.05
03_sample_uncertainty,79,295788260877777604345830074755377756072,20000,0.2,0.0,depolarizing,0.0,0.5,0.2,2500,0.11,0.95,20000,10069,2500,7569,483,123,0.047969013804747246,0.0492,0.04139171945681181,0.05839153876049125,0.016999819303679442,1.0,0.50345,0.37845,1,1,0.05
03_sample_uncertainty,80,164739427446360542722095570785222317870,20000,0.2,0.0,depolarizing,0.0,0.5,0.2,2500,0.11,0.95,20000,9949,2500,7449,488,135,0.049050155794552214,0.054,0.045804927996468736,0.06356360165064122,0.017758673654172483,1.0,0.49745,0.37245,1,1,0.05
03_sample_uncertainty,81,186595278393543288080400077438672932338,20000,0.2,0.0,depolarizing,0.0,0.5,0.2,2500,0.11,0.95,20000,9935,2500,7435,501,127,0.05042778057372924,0.0508,0.0428604803510476,0.06011786834285776,0.01725738799181016,1.0,0.49675,0.37175,1,1,0.05
03_sample_uncertainty,82,315376681214483722409909764625192041069,20000,0.2,0.0,depolarizing,0.0,0.5,0.2,2500,0.11,0.95,20000,9921,2500,7421,497,117,0.05009575647616168,0.0468,0.03919320825630112,0.0557974142460985,0.01660420598979738,1.0,0.49605,0.37105,1,1,0.05
03_sample_uncertainty,83,203042933419104769776125007391990715227,20000,0.2,0.0,depolarizing,0.0,0.5,0.2,2500,0.11,0.95,20000,10050,2500,7550,485,110,0.04825870646766169,0.044,0.036635790671639454,0.05276342349670614,0.016127632825066684,1.0,0.5025,0.3775,1,1,0.05
03_sample_uncertainty,84,127178152989003412708767877805410041414,20000,0.2,0.0,depolarizing,0.0,0.5,0.2,2500,0.11,0.95,20000,9906,2500,7406,498,137,0.05027256208358571,0.0548,0.04654241184371968,0.06442366304169142,0.017881251197971737,1.0,0.4953,0.3703,1,1,0.05
03_sample_uncertainty,85,172611338284272435546787728673513502300,20000,0.2,0.0,depolarizing,0.0,0.5,0.2,2500,0.11,0.95,20000,9974,2500,7474,530,149,0.05313815921395629,0.0596,0.050978007265003115,0.06957333905021489,0.01859533178521177,1.0,0.4987,0.3737,1,1,0.05
03_sample_uncertainty,86,267607805466736046816332493558063538373,20000,0.2,0.0,depolarizing,0.0,0.5,0.2,2500,0.11,0.95,20000,10024,2500,7524,495,130,0.04938148443735036,0.052,0.04396359354013604,0.061411073011221035,0.017447479471084992,1.0,0.5012,0.3762,1,1,0.05
03_sample_uncertainty,87,186839399336670261328233136318070391372,20000,0.2,0.0,depolarizing,0.0,0.5,0.2,2500,0.11,0.95,20000,10042,2500,7542,470,119,0.046803425612427806,0.0476,0.039925408651525045,0.056662759089175736,0.01673735043765069,1.0,0.5021,0.3771,1,1,0.05
03_sample_uncertainty,88,182358164737616192528735025485016988964,20000,0.2,0.0,depolarizing,0.0,0.5,0.2,2500,0.11,0.95,20000,10078,2500,7578,472,115,0.04683468942250447,0.046,0.03846166507131993,0.05493141219277854,0.016469747121458614,1.0,0.5039,0.3789,1,1,0.05
03_sample_uncertainty,89,216165354428099781341613085679225232543,20000,0.2,0.0,depolarizing,0.0,0.5,0.2,2500,0.11,0.95,20000,9911,2500,7411,505,119,0.05095348602562809,0.0476,0.039925408651525045,0.056662759089175736,0.01673735043765069,1.0,0.49555,0.37055,1,1,0.05
03_sample_uncertainty,90,186832604491345608004431852765825559765,20000,0.2,0.0,depolarizing,0.0,0.5,0.2,2500,0.11,0.95,20000,10027,2500,7527,502,126,0.05006482497257405,0.0504,0.04249306648917964,0.059686509585575157,0.01719344309639552,1.0,0.50135,0.37635,1,1,0.05
03_sample_uncertainty,91,57034221203790917220804351922729997389,20000,0.2,0.0,depolarizing,0.0,0.5,0.2,2500,0.11,0.95,20000,10002,2500,7502,503,138,0.05028994201159768,0.0552,0.04691135176456525,0.06485349573999642,0.017942143975431174,1.0,0.5001,0.3751,1,1,0.05
03_sample_uncertainty,92,245746728739596383747844034006585422435,20000,0.2,0.0,depolarizing,0.0,0.5,0.2,2500,0.11,0.95,20000,9876,2500,7376,474,114,0.0479951397326853,0.0456,0.03809614497738621,0.05449815966756169,0.01640201469017548,1.0,0.4938,0.3688,1,1,0.05
03_sample_uncertainty,93,262559671134127514854894951741588085237,20000,0.2,0.0,depolarizing,0.0,0.5,0.2,2500,0.11,0.95,20000,9906,2500,7406,475,119,0.04795073692711488,0.0476,0.039925408651525045,0.056662759089175736,0.01673735043765069,1.0,0.4953,0.3703,1,1,0.05
03_sample_uncertainty,94,19678074093073187621833373524147669094,20000,0.2,0.0,depolarizing,0.0,0.5,0.2,2500,0.11,0.95,20000,9963,2500,7463,496,120,0.04978420154571916,0.048,0.04029175041492176,0.05709518994492959,0.016803439530007833,1.0,0.49815,0.37315,1,1,0.05
03_sample_uncertainty,95,277119801679178430138680279410659186300,20000,0.2,0.0,depolarizing,0.0,0.5,0.2,2500,0.11,0.95,20000,10020,2500,7520,523,126,0.05219560878243513,0.0504,0.04249306648917964,0.059686509585575157,0.01719344309639552,1.0,0.501,0.376,1,1,0.05
03_sample_uncertainty,96,197728283467043608999745029442441470070,20000,0.2,0.0,depolarizing,0.0,0.5,0.2,2500,0.11,0.95,20000,10017,2500,7517,488,116,0.04871718079265249,0.0464,0.038827353514279524,0.055364496368969514,0.01653714285468999,1.0,0.50085,0.37585,1,1,0.05
03_sample_uncertainty,97,194872225359838924537682252732102847851,20000,0.2,0.0,depolarizing,0.0,0.5,0.2,2500,0.11,0.95,20000,10029,2500,7529,499,120,0.04975570844550803,0.048,0.04029175041492176,0.05709518994492959,0.016803439530007833,1.0,0.50145,0.37645,1,1,0.05
03_sample_uncertainty,98,327836797184177106985457079309712034426,20000,0.2,0.0,depolarizing,0.0,0.5,0.2,2500,0.11,0.95,20000,9983,2500,7483,452,114,0.045276970850445755,0.0456,0.03809614497738621,0.05449815966756169,0.01640201469017548,1.0,0.49915,0.37415,1,1,0.05
03_sample_uncertainty,99,254569686825632017639128976693910745330,20000,0.2,0.0,depolarizing,0.0,0.5,0.2,2500,0.11,0.95,20000,9919,2500,7419,489,131,0.049299324528682326,0.0524,0.044331583214255815,0.06184185595625184,0.017510272741996027,1.0,0.49595,0.37095,1,1,0.05
03_sample_uncertainty,100,24636013907132556854460806806108082185,20000,0.2,0.0,depolarizing,0.0,0.5,0.2,2500,0.11,0.95,20000,10058,2500,7558,504,124,0.05010936567906144,0.0496,0.04175868435429812,0.05882334648215551,0.017064662127857386,1.0,0.5029,0.3779,1,1,0.05
03_sample_uncertainty,101,312998039437842591510594732630345095318,20000,0.2,0.0,depolarizing,0.0,0.5,0.2,2500,0.11,0.95,20000,10008,2500,7508,482,114,0.048161470823341324,0.0456,0.03809614497738621,0.05449815966756169,0.01640201469017548,1.0,0.5004,0.3754,1,1,0.05
03_sample_uncertainty,102,250169398512952518670766787232618960872,20000,0.2,0.0,depolarizing,0.0,0.5,0.2,2500,0.11,0.95,20000,10084,2500,7584,499,122,0.049484331614438715,0.0488,0.04102490764595483,0.057959577952197666,0.016934670306242836,1.0,0.5042,0.3792,1,1,0.05
03_sample_uncertainty,103,281921997870953025097489684008098225987,20000,0.2,0.0,depolarizing,0.0,0.5,0.2,2500,0.11,0.95,20000,10034,2500,7534,487,129,0.0485349810643811,0.0516,0.04359574546860642,0.06098014846360009,0.017384402994993664,1.0,0.5017,0.3767,1,1,0.05
03_sample_uncertainty,104,175144792209273011367238063484501743319,20000,0.2,0.0,depolarizing,0.0,0.5,0.2,2500,0.11,0.95,20000,9948,2500,7448,512,145,0.051467631684760755,0.058,0.04949750525052926,0.06785875058808644,0.018361245337557175,1.0,0.4974,0.3724,1,1,0.05
03_sample_uncertainty,105,291835981971045253411233226379051629257,20000,0.2,0.0,depolarizing,0.0,0.5,0.2,2500,0.11,0.95,20000,9991,2500,7491,512,132,0.05124612150935842,0.0528,0.04469971297298948,0.06227249881666874,0.01757278584367926,1.0,0.49955,0.37455,1,1,0.05
03_sample_uncertainty,106,94678724145797183290035212614714684812,20000,0.2,0.0,depolarizing,0.0,0.5,0.2,2500,0.11,0.95,20000,10052,2500,7552,507,130,0.05043772383605253,0.052,0.04396359354013604,0.061411073011221035,0.017447479471084992,1.0,0.5026,0.3776,1,1,0.05
03_sample_uncertainty,107,73875212195730946502514606827276340199,20000,0.2,0.0,depolarizing,0.0,0.5,0.2,2500,0.11,0.95,20000,10068,2500,7568,535,143,0.053138657131505763,0.0572,0.04875797864091191,0.06700073195940265,0.01824275331849074,1.0,0.5034,0.3784,1,1,0.05
03_sample_uncertainty,108,111148208842279132390855416751281191577,20000,0.2,0.0,depolarizing,0.0,0.5,0.2,2500,0.11,0.95,20000,9983,2500,7483,506,141,0.050686166483021135,0.0564,0.04801894756714731,0.06614221779486609,0.018123270227718785,1.0,0.49915,0.37415,1,1,0.05
03_sample_uncertainty,109,57373828781573248971118685590865038405,20000,0.2,0.0,depolarizing,0.0,0.5,0.2,2500,0.11,0.95,20000,9993,2500,7493,478,119,0.04783348343840688,0.0476,0.039925408651525045,0.056662759089175736,0.01673735043765069,1.0,0.49965,0.37465,1,1,0.05
03_sample_uncertainty,110,43823019569055250784954937105562590462,20000,0.2,0.0,depolarizing,0.0,0.5,0.2,2500,0.11,0.95,20000,9975,2500,7475,523,138,0.05243107769423559,0.0552,0.04691135176456525,0.06485349573999642,0.017942143975431174,1.0,0.49875,0.37375,1,1,0.05
03_sample_uncertainty,111,86113159294618314546292686677353601816,20000,0.2,0.0,depolarizing,0.0,0.5,0.2,2500,0.11,0.95,20000,10008,2500,7508,510,139,0.050959232613908875,0.0556,0.047280421895734115,0.06528319822797812,0.018002776332244008,1.0,0.5004,0.3754,1,1,0.05
03_sample_uncertainty,112,286910736915864324502985854528912402482,20000,0.2,0.0,depolarizing,0.0,0.5,0.2,2500,0.11,0.95,20000,9995,2500,7495,523,128,0.05232616308154077,0.0512,0.04322804054665113,0.06054908076640481,0.017321040219753683,1.0,0.49975,0.37475,1,1,0.05
03_sample_uncertainty,113,15011721026693915112844750821170112383,20000,0.2,0.0,depolarizing,0.0,0.5,0.2,2500,0.11,0.95,20000,10116,2500,7616,539,139,0.05328192961644919,0.0556,0.047280421895734115,0.06528319822797812,0.018002776332244008,1.0,0.5058,0.3808,1,1,0.05
03_sample_uncertainty,114,166847657861336472880978116545344478485,20000,0.2,0.0,depolarizing,0.0,0.5,0.2,2500,0.11,0.95,20000,9927,2500,7427,484,102,0.048755918202881034,0.0408,0.033723846141628544,0.04928518707351247,0.015561340931883924,1.0,0.49635,0.37135,1,1,0.05
03_sample_uncertainty,115,313508169531477358302638305691686776575,20000,0.2,0.0,depolarizing,0.0,0.5,0.2,2500,0.11,0.95,20000,9924,2500,7424,497,142,0.05008061265618702,0.0568,0.04838840055340726,0.06657153742775672,0.018183136874349456,1.0,0.4962,0.3712,1,1,0.05
03_sample_uncertainty,116,261950088985303968885484729864887455247,20000,0.2,0.0,depolarizing,0.0,0.5,0.2,2500,0.11,0.95,20000,9863,2500,7363,485,118,0.04917367940788807,0.0472,0.03955922729044256,0.05623016783110764,0.016670940540665077,1.0,0.49315,0.36815,1,1,0.05
03_sample_uncertainty,117,205020773980045320537293040735036959305,20000,0.2,0.0,depolarizing,0.0,0.5,0.2,2500,0.11,0.95,20000,10026,2500,7526,509,125,0.05076800319170158,0.05,0.042125800599879165,0.05925500285572505,0.017129202255845882,1.0,0.5013,0.3763,1,1,0.05
03_sample_uncertainty,118,71491774080030414589591607659047683592,20000,0.2,0.0,depolarizing,0.0,0.5,0.2,2500,0.11,0.95,20000,9860,2500,7360,487,116,0.049391480730223127,0.0464,0.038827353514279524,0.055364496368969514,0.01653714285468999,1.0,0.493,0.368,1,1,0.05
03_sample_uncertainty,119,81207932804067829090799591108244354483,20000,0.2,0.0,depolarizing,0.0,0.5,0.2,2500,0.11,0.95,20000,10076,2500,7576,497,124,0.049325129019452164,0.0496,0.04175868435429812,0.05882334648215551,0.017064662127857386,1.0,0.5038,0.3788,1,1,0.05
03_sample_uncertainty,120,220531538415072083389536318896119089410,20000,0.2,0.0,depolarizing,0.0,0.5,0.2,2500,0.11,0.95,20000,9854,2500,7354,477,112,0.048406738380353156,0.0448,0.03736561825945768,0.053631141147189074,0.016265522887731393,1.0,0.4927,0.3677,1,1,0.05
03_sample_uncertainty,121,168065290611016440276165483263363228199,20000,0.2,0.0,depolarizing,0.0,0.5,0.2,2500,0.11,0.95,20000,10064,2500,7564,505,121,0.05017885532591415,0.0484,0.04065825069539146,0.057527462283610456,0.016869211588218996,1.0,0.5032,0.3782,1,1,0.05
03_sample_uncertainty,122,150406640380912372750315108569108832950,20000,0.2,0.0,depolarizing,0.0,0.5,0.2,2500,0.11,0.95,20000,10100,2500,7600,534,121,0.05287128712871287,0.0484,0.04065825069539146,0.057527462283610456,0.016869211588218996,1.0,0.505,0.38,1,1,0.05
03_sample_uncertainty,123,177521357941800444314670011414746547091,20000,0.2,0.0,depolarizing,0.0,0.5,0.2,2500,0.11,0.95,20000,9990,2500,7490,503,128,0.05035035035035035,0.0512,0.04322804054665113,0.06054908076640481,0.017321040219753683,1.0,0.4995,0.3745,1,1,0.05
03_sample_uncertainty,124,9883931385658819422041174870349608315,20000,0.2,0.0,depolarizing,0.0,0.5,0.2,2500,0.11,0.95,20000,9997,2500,7497,536,139,0.053616084825447635,0.0556,0.047280421895734115,0.06528319822797812,0.018002776332244008,1.0,0.49985,0.37485,1,1,0.05
03_sample_uncertainty,125,292832866556500982029137023446851456560,20000,0.2,0.0,depolarizing,0.0,0.5,0.2,2500,0.11,0.95,20000,10004,2500,7504,506,127,0.05057976809276289,0.0508,0.0428604803510476,0.06011786834285776,0.01725738799181016,1.0,0.5002,0.3752,1,1,0.05
03_sample_uncertainty,126,14332423580644183277402271940366404827,20000,0.2,0.0,depolarizing,0.0,0.5,0.2,2500,0.11,0.95,20000,10077,2500,7577,530,120,0.05259501835863848,0.048,0.04029175041492176,0.05709518994492959,0.016803439530007833,1.0,0.50385,0.37885,1,1,0.05
03_sample_uncertainty,127,63378054655468109827188535072486274211,20000,0.2,0.0,depolarizing,0.0,0.5,0.2,2500,0.11,0.95,20000,10111,2500,7611,518,140,0.051231332212441895,0.056,0.047649620926000016,0.0657127718168628,0.018063150890862786,1.0,0.50555,0.38055,1,1,0.05
03_sample_uncertainty,128,286920375674884210015894508795073227180,20000,0.2,0.0,depolarizing,0.0,0.5,0.2,2500,0.11,0.95,20000,10007,2500,7507,484,98,0.04836614369941041,0.0392,0.032272580954621856,0.04754136178391686,0.015268780829295003,1.0,0.50035,0.37535,1,1,0.05
03_sample_uncertainty,129,214654021429378673171971871393484089877,20000,0.2,0.0,depolarizing,0.0,0.5,0.2,2500,0.11,0.95,20000,10083,2500,7583,513,141,0.05087771496578399,0.0564,0.04801894756714731,0.06614221779486609,0.018123270227718785,1.0,0.50415,0.37915,1,1,0.05
03_sample_uncertainty,130,45906193013867203185316842690993081437,20000,0.2,0.0,depolarizing,0.0,0.5,0.2,2500,0.11,0.95,20000,9971,2500,7471,519,136,0.052050947748470563,0.0544,0.04617360346801648,0.06399369879824404,0.01782009533022756,1.0,0.49855,0.37355,1,1,0.05
03_sample_uncertainty,131,93718806360180568820503117259688559817,20000,0.2,0.0,depolarizing,0.0,0.5,0.2,2500,0.11,0.95,20000,9969,2500,7469,502,140,0.05035610392215869,0.056,0.047649620926000016,0.0657127718168628,0.018063150890862786,1.0,0.49845,0.37345,1,1,0.05
03_sample_uncertainty,132,118765931187229860431067207382949107475,20000,0.2,0.0,depolarizing,0.0,0.5,0.2,2500,0.11,0.95,20000,9813,2500,7313,484,128,0.04932232752471211,0.0512,0.04322804054665113,0.06054908076640481,0.017321040219753683,1.0,0.49065,0.36565,1,1,0.05
03_sample_uncertainty,133,27551632399768871770488227706239215456,20000,0.2,0.0,depolarizing,0.0,0.5,0.2,2500,0.11,0.95,20000,10004,2500,7504,488,145,0.04878048780487805,0.058,0.04949750525052926,0.06785875058808644,0.018361245337557175,1.0,0.5002,0.3752,1,1,0.05
03_sample_uncertainty,134,121410634903424592769359331920501003192,20000,0.2,0.0,depolarizing,0.0,0.5,0.2,2500,0.11,0.95,20000,10130,2500,7630,488,130,0.048173741362290225,0.052,0.04396359354013604,0.061411073011221035,0.017447479471084992,1.0,0.5065,0.3815,1,1,0.05
03_sample_uncertainty,135,15890629323575918671068921928895230028,20000,0.2,0.0,depolarizing,0.0,0.5,0.2,2500,0.11,0.95,20000,10067,2500,7567,492,131,0.04887255388894408,0.0524,0.044331583214255815,0.06184185595625184,0.017510272741996027,1.0,0.50335,0.37835,1,1,0.05
03_sample_uncertainty,136,51486380870727258181869822100256473933,20000,0.2,0.0,depolarizing,0.0,0.5,0.2,2500,0.11,0.95,20000,10041,2500,7541,510,138,0.050791753809381536,0.0552,0.04691135176456525,0.06485349573999642,0.017942143975431174,1.0,0.50205,0.37705,1,1,0.05
03_sample_uncertainty,137,73727366518801642503077013239968610634,20000,0.2,0.0,depolarizing,0.0,0.5,0.2,2500,0.11,0.95,20000,10155,2500,7655,482,128,0.047464303298867555,0.0512,0.04322804054665113,0.06054908076640481,0.017321040219753683,1.0,0.50775,0.38275,1,1,0.05
03_sample_uncertainty,138,141235788717493660995312749781945339786,20000,0.2,0.0,depolarizing,0.0,0.5,0.2,2500,0.11,0.95,20000,9952,2500,7452,510,126,0.0512459807073955,0.0504,0.04249306648917964,0.059686509585575157,0.01719344309639552,1.0,0.4976,0.3726,1,1,0.05
03_sample_uncertainty,139,264838265588876370158238041162833121995,20000,0.2,0.0,depolarizing,0.0,0.5,0.2,2500,0.11,0.95,20000,10033,2500,7533,524,116,0.05222764875909499,0.0464,0.038827353514279524,0.055364496368969514,0.01653714285468999,1.0,0.50165,0.37665,1,1,0.05
03_sample_uncertainty,140,194760070534579312413002573464591440611,20000,0.2,0.0,depolarizing,0.0,0.5,0.2,2500,0.11,0.95,20000,10081,2500,7581,504,123,0.04999504017458586,0.0492,0.04139171945681181,0.05839153876049125,0.016999819303679442,1.0,0.50405,0.37905,1,1,0.05
03_sample_uncertainty,141,34116398256458425385600545291373441091,20000,0.2,0.0,depolarizing,0.0,0.5,0.2,2500,0.11,0.95,20000,9958,2500,7458,481,112,0.048302872062663184,0.0448,0.03736561825945768,0.053631141147189074,0.016265522887731393,1.0,0.4979,0.3729,1,1,0.05
03_sample_uncertainty,142,215545042108199657299698734164687633429,20000,0.2,0.0,depolarizing,0.0,0.5,0.2,2500,0.11,0.95,20000,9960,2500,7460,507,132,0.05090361445783133,0.0528,0.04469971297298948,0.06227249881666874,0.01757278584367926,1.0,0.498,0.373,1,1,0.05
03_sample_uncertainty,143,139145427874881880915925323296477207981,20000,0.2,0.0,depolarizing,0.0,0.5,0.2,2500,0.11,0.95,20000,9995,2500,7495,485,140,0.04852426213106553,0.056,0.047649620926000016,0.0657127718168628,0.018063150890862786,1.0,0.49975,0.37475,1,1,0.05
03_sample_uncertainty,144,5242821505988390910721127865913872913,20000,0.2,0.0,depolarizing,0.0,0.5,0.2,2500,0.11,0.95,20000,9995,2500,7495,475,119,0.04752376188094047,0.0476,0.039925408651525045,0.056662759089175736,0.01673735043765069,1.0,0.49975,0.37475,1,1,0.05
03_sample_uncertainty,145,80955301624392007534506620451308907148,20000,0.2,0.0,depolarizing,0.0,0.5,0.2,2500,0.11,0.95,20000,10064,2500,7564,524,146,0.05206677265500795,0.0584,0.04986745138972932,0.06828757706803694,0.01842012567830762,1.0,0.5032,0.3782,1,1,0.05
03_sample_uncertainty,146,319080817344199807364052313103939049912,20000,0.2,0.0,depolarizing,0.0,0.5,0.2,2500,0.11,0.95,20000,9964,2500,7464,473,115,0.04747089522280209,0.046,0.03846166507131993,0.05493141219277854,0.016469747121458614,1.0,0.4982,0.3732,1,1,0.05
03_sample_uncertainty,147,310859208869099023120063482582241560131,20000,0.2,0.0,depolarizing,0.0,0.5,0.2,2500,0.11,0.95,20000,9993,2500,7493,502,118,0.050235164615230664,0.0472,0.03955922729044256,0.05623016783110764,0.016670940540665077,1.0,0.49965,0.37465,1,1,0.05
03_sample_uncertainty,148,39218502181575122465000100717517718512,20000,0.2,0.0,depolarizing,0.0,0.5,0.2,2500,0.11,0.95,20000,9937,2500,7437,504,133,0.05071953305826708,0.0532,0.04506798132660976,0.06270300308219905,0.017635021755589286,1.0,0.49685,0.37185,1,1,0.05
03_sample_uncertainty,149,331981763825045357105033686153476390442,20000,0.2,0.0,depolarizing,0.0,0.5,0.2,2500,0.11,0.95,20000,9909,2500,7409,491,129,0.049550913311131296,0.0516,0.04359574546860642,0.06098014846360009,0.017384402994993664,1.0,0.49545,0.37045,1,1,0.05
03_sample_uncertainty,0,275197378198205863456886268766103649162,20000,0.2,0.0,depolarizing,0.0,0.5,0.2,5000,0.11,0.95,20000,10005,5000,5005,532,257,0.053173413293353324,0.0514,0.04561656542843631,0.057872216756668954,0.012255651328232642,1.0,0.50025,0.25025,1,1,0.05
03_sample_uncertainty,1,262077557501207790643085196975449069840,20000,0.2,0.0,depolarizing,0.0,0.5,0.2,5000,0.11,0.95,20000,10042,5000,5042,477,232,0.047500497908783114,0.0464,0.040909582282313894,0.052586876922241926,0.011677294639928032,1.0,0.5021,0.2521,1,1,0.05
03_sample_uncertainty,2,151783820197375034610561574995163084207,20000,0.2,0.0,depolarizing,0.0,0.5,0.2,5000,0.11,0.95,20000,10043,5000,5043,499,252,0.049686348700587475,0.0504,0.0446738140627647,0.056816503526230674,0.012142689463465972,1.0,0.50215,0.25215,1,1,0.05
03_sample_uncertainty,3,225280619040925092718150459865761348010,20000,0.2,0.0,depolarizing,0.0,0.5,0.2,5000,0.11,0.95,20000,10005,5000,5005,489,252,0.048875562218890556,0.0504,0.0446738140627647,0.056816503526230674,0.012142689463465972,1.0,0.50025,0.25025,1,1,0.05
03_sample_uncertainty,4,298584574575928071728442771932751654887,20000,0.2,0.0,depolarizing,0.0,0.5,0.2,5000,0.11,0.95,20000,9946,5000,4946,491,243,0.04936657952945908,0.0486,0.042978532307529155,0.05491454900846843,0.011936016700939273,1.0,0.4973,0.2473,1,1,0.05
03_sample_uncertainty,5,313649405343363701841452593415379807265,20000,0.2,0.0,depolarizing,0.0,0.5,0.2,5000,0.11,0.95,20000,10010,5000,5010,491,257,0.049050949050949054,0.0514,0.04561656542843631,0.057872216756668954,0.012255651328232642,1.0,0.5005,0.2505,1,1,0.05
03_sample_uncertainty,6,151793232075644903611199370683806517900,20000,0.2,0.0,depolarizing,0.0,0.5,0.2,5000,0.11,0.95,20000,10055,5000,5055,549,258,0.05459970164097464,0.0516,0.045805193052696626,0.05808328205163061,0.012278088998933984,1.0,0.50275,0.25275,1,1,0.05
03_sample_uncertainty,7,208899360743199186186935011220985235124,20000,0.2,0.0,depolarizing,0.0,0.5,0.2,5000,0.11,0.95,20000,9965,5000,4965,457,235,0.045860511791269445,0.047,0.04147349616779377,0.053222041794428,0.01174854562663423,1.0,0.49825,0.24825,1,1,0.05
03_sample_uncertainty,8,58525873511906376850452388184888436445,20000,0.2,0.0,depolarizing,0.0,0.5,0.2,5000,0.11,0.95,20000,9963,5000,4963,482,244,0.048379002308541606,0.0488,0.043166788231898734,0.05512598600332083,0.011959197771422098,1.0,0.49815,0.24815,1,1,0.05
03_sample_uncertainty,9,87916502097310410537251212314597747658,20000,0.2,0.0,depolarizing,0.0,0.5,0.2,5000,0.11,0.95,20000,9894,5000,4894,485,230,0.049019607843137254,0.046,0.04053378733537788,0.052163286030734,0.011629498695356122,1.0,0.4947,0.2447,1,1,0.05
03_sample_uncertainty,10,164562777745652578141227182670438516275,20000,0.2,0.0,depolarizing,0.0,0.5,0.2,5000,0.11,0.95,20000,10083,5000,5083,492,248,0.048795001487652485,0.0496,0.04392008579235035,0.05597146011975712,0.012051374327406772,1.0,0.50415,0.25415,1,1,0.05
03_sample_uncertainty,11,237405710134451788287320690943890871375,20000,0.2,0.0,depolarizing,0.0,0.5,0.2,5000,0.11,0.95,20000,9876,5000,4876,468,223,0.04738760631834751,0.0446,0.039219458507478336,0.050679764424079704,0.011460305916601368,1.0,0.4938,0.2438,1,1,0.05
03_sample_uncertainty,12,168494137274222989409596867529114085787,20000,0.2,0.0,depolarizing,0.0,0.5,0.2,5000,0.11,0.95,20000,10066,5000,5066,492,235,0.04887740909994039,0.047,0.04147349616779377,0.053222041794428,0.01174854562663423,1.0,0.5033,0.2533,1,1,0.05
03_sample_uncertainty,13,201230754843725016661652731117570486849,20000,0.2,0.0,depolarizing,0.0,0.5,0.2,5000,0.11,0.95,20000,9883,5000,4883,493,243,0.04988363857128402,0.0486,0.042978532307529155,0.05491454900846843,0.011936016700939273,1.0,0.49415,0.24415,1,1,0.05
03_sample_uncertainty,14,323894950682427898681484293897555138438,20000,0.2,0.0,depolarizing,0.0,0.5,0.2,5000,0.11,0.95,20000,9941,5000,4941,505,253,0.050799718338195354,0.0506,0.044862312290198145,0.0570276982180192,0.012165385927821057,1.0,0.49705,0.24705,1,1,0.05
03_sample_uncertainty,15,122328849803515617716261257612938320464,20000,0.2,0.0,depolarizing,0.0,0.5,0.2,5000,0.11,0.95,20000,10037,5000,5037,525,286,0.05230646607552057,0.0572,0.0510966231678006,0.063983253674742,0.012886630506941402,1.0,0.50185,0.25185,1,1,0.05
03_sample_uncertainty,16,120774714031789144156028312120527554141,20000,0.2,0.0,depolarizing,0.0,0.5,0.2,5000,0.11,0.95,20000,9957,5000,4957,517,250,0.05192327006126343,0.05,0.044296896700570555,0.05639403504998087,0.012097138349410314,1.0,0.49785,0.24785,1,1,0.05
03_sample_uncertainty,17,9333273931075570132508271864073493297,20000,0.2,0.0,depolarizing,0.0,0.5,0.2,5000,0.11,0.95,20000,10251,5000,5251,522,246,0.050921861281826165,0.0492,0.04354338255549715,0.05554877751816637,0.012005394962669225,1.0,0.51255,0.26255,1,1,0.05
03_sample_uncertainty,18,228402330587681458681720260647944340381,20000,0.2,0.0,depolarizing,0.0,0.5,0.2,5000,0.11,0.95,20000,9977,5000,4977,510,245,0.05111757041194748,0.049,0.04335507170094735,0.055337395453494184,0.011982323752546833,1.0,0.49885,0.24885,1,1,0.05
03_sample_uncertainty,19,209953386486405177434058108338423058094,20000,0.2,0.0,depolarizing,0.0,0.5,0.2,5000,0.11,0.95,20000,10003,5000,5003,485,243,0.048485454363690894,0.0486,0.042978532307529155,0.05491454900846843,0.011936016700939273,1.0,0.50015,0.25015,1,1,0.05
03_sample_uncertainty,20,112499241480002104994725525342267089239,20000,0.2,0.0,depolarizing,0.0,0.5,0.2,5000,0.11,0.95,20000,10045,5000,5045,526,288,0.05236436037829766,0.0576,0.051475272851246034,0.06440398982974052,0.012928716978494487,1.0,0.50225,0.25225,1,1,0.05
03_sample_uncertainty,21,150025200348568248365900327902531860802,20000,0.2,0.0,depolarizing,0.0,0.5,0.2,5000,0.11,0.95,20000,9987,5000,4987,500,226,0.05006508460999299,0.0452,0.03978255839785057,0.051315743291373395,0.011533184893522827,1.0,0.49935,0.24935,1,1,0.05
03_sample_uncertainty,22,233014942022678866697199167657688429667,20000,0.2,0.0,depolarizing,0.0,0.5,0.2,5000,0.11,0.95,20000,9950,5000,4950,474,247,0.04763819095477387,0.0494,0.04373172063796704,0.055760132354918446,0.012028411716951404,1.0,0.4975,0.2475,1,1,0.05
03_sample_uncertainty,23,10242137840982243000682380469156118868,20000,0.2,0.0,depolarizing,0.0,0.5,0.2,5000,0.11,0.95,20000,9886,5000,4886,475,233,0.04804774428484726,0.0466,0.04109752422905179,0.05279862789472603,0.011701103665674242,1.0,0.4943,0.2443,1,1,0.05
03_sample_uncertainty,24,42702867224131572234644187808037506071,20000,0.2,0.0,depolarizing,0.0,0.5,0.2,5000,0.11,0.95,20000,10063,5000,5063,480,239,0.04769949319288483,0.0478,0.042225787297577644,0.05406852234153203,0.011842735043954389,1.0,0.50315,0.25315,1,1,0.05
03_sample_uncertainty,25,277841137241245309025159316865115698317,20000,0.2,0.0,depolarizing,0.0,0.5,0.2,5000,0.11,0.95,20000,10051,5000,5051,480,245,0.047756442145060196,0.049,0.04335507170094735,0.055337395453494184,0.011982323752546833,1.0,0.50255,0.25255,1,1,0.05
03_sample_uncertainty,26,207664344733969187401253410912611202007,20000,0.2,0.0,depolarizing,0.0,0.5,0.2,5000,0.11,0.95,20000,10146,5000,5146,498,242,0.04908338261383797,0.0484,0.04279030408863613,0.05470308430813947,0.011912780219503344,1.0,0.5073,0.2573,1,1,0.05
03_sample_uncertainty,27,310585171114431989112685542648760765102,20000,0.2,0.0,depolarizing,0.0,0.5,0.2,5000,0.11,0.95,20000,9900,5000,4900,472,233,0.04767676767676768,0.0466,0.04109752422905179,0.05279862789472603,0.011701103665674242,1.0,0.495,0.245,1,1,0.05
03_sample_uncertainty,28,18680224957743632301489516094457286671,20000,0.2,0.0,depolarizing,0.0,0.5,0.2,5000,0.11,0.95,20000,10014,5000,5014,472,222,0.04713401238266427,0.0444,0.03903182088142633,0.05046770913090974,0.011435888249483411,1.0,0.5007,0.2507,1,1,0.05
03_sample_uncertainty,29,142061330335135300443151518317572395057,20000,0.2,0.0,depolarizing,0.0,0.5,0.2,5000,0.11,0.95,20000,9990,5000,4990,468,252,0.04684684684684685,0.0504,0.0446738140627647,0.056816503526230674,0.012142689463465972,1.0,0.4995,0.2495,1,1,0.05
03_sample_uncertainty,30,116582774337993741906556696673413344189,20000,0.2,0.0,depolarizing,0.0,0.5,0.2,5000,0.11,0.95,20000,9980,5000,4980,513,261,0.051402805611222444,0.0522,0.046371228094227626,0.058716325767765545,0.01234509767353792,1.0,0.499,0.249,1,1,0.05
03_sample_uncertainty,31,187930681093300042424955075099055879354,20000,0.2,0.0,depolarizing,0.0,0.5,0.2,5000,0.11,0.95,20000,10106,5000,5106,485,236,0.04799129230160301,0.0472,0.041661525804974855,0.053433705076468885,0.01177217927149403,1.0,0.5053,0.2553,1,1,0.05
03_sample_uncertainty,32,254878964950594250793434136102346476464,20000,0.2,0.0,depolarizing,0.0,0.5,0.2,5000,0.11,0.95,20000,10054,5000,5054,519,243,0.051621245275512234,0.0486,0.042978532307529155,0.05491454900846843,0.011936016700939273,1.0,0.5027,0.2527,1,1,0.05
03_sample_uncertainty,33,315151936819663597225549155272503125302,20000,0.2,0.0,depolarizing,0.0,0.5,0.2,5000,0.11,0.95,20000,10017,5000,5017,489,235,0.04881701108116202,0.047,0.04147349616779377,0.053222041794428,0.01174854562663423,1.0,0.50085,0.25085,1,1,0.05
03_sample_uncertainty,34,1978867601781061436159365724467623453,20000,0.2,0.0,depolarizing,0.0,0.5,0.2,5000,0.11,0.95,20000,10032,5000,5032,493,239,0.04914274322169059,0.0478,0.042225787297577644,0.05406852234153203,0.011842735043954389,1.0,0.5016,0.2516,1,1,0.05
03_sample_uncertainty,35,113636382219311875022100515962984699868,20000,0.2,0.0,depolarizing,0.0,0.5,0.2,5000,0.11,0.95,20000,9972,5000,4972,500,258,0.05014039310068191,0.0516,0.045805193052696626,0.05808328205163061,0.012278088998933984,1.0,0.4986,0.2486,1,1,0.05
03_sample_uncertainty,36,225207745641638726321861001611541145567,20000,0.2,0.0,depolarizing,0.0,0.5,0.2,5000,0.11,0.95,20000,9969,5000,4969,527,273,0.05286387802186779,0.0546,0.048637586499460476,0.061246282393196426,0.01260869589373595,1.0,0.49845,0.24845,1,1,0.05
03_sample_uncertainty,37,38342676223500705024460706416308636277,20000,0.2,0.0,depolarizing,0.0,0.5,0.2,5000,0.11,0.95,20000,10059,5000,5059,491,262,0.04881200914603837,0.0524,0.046559956706276516,0.05892729007493864,0.012367333368662123,1.0,0.50295,0.25295,1,1,0.05
03_sample_uncertainty,38,234700558071362064740291979154546437145,20000,0.2,0.0,depolarizing,0.0,0.5,0.2,5000,0.11,0.95,20000,10054,5000,5054,518,260,0.05152178237517406,0.052,0.04618252452365877,0.058505336419112416,0.012322811895453645,1.0,0.5027,0.2527,1,1,0.05
03_sample_uncertainty,39,50056075402584849875211801208258616049,20000,0.2,0.0,depolarizing,0.0,0.5,0.2,5000,0.11,0.95,20000,9999,5000,4999,514,252,0.05140514051405141,0.0504,0.0446738140627647,0.056816503526230674,0.012142689463465972,1.0,0.49995,0.24995,1,1,0.05
03_sample_uncertainty,40,156721301431439391015271898659256036875,20000,0.2,0.0,depolarizing,0.0,0.5,0.2,5000,0.11,0.95,20000,10009,5000,5009,468,237,0.04675791787391348,0.0474,0.04184958432057469,0.05364533948009102,0.011795755159516336,1.0,0.50045,0.25045,1,1,0.05
03_sample_uncertainty,41,190385121752577705168256981942416772367,20000,0.2,0.0,depolarizing,0.0,0.5,0.2,5000,0.11,0.95,20000,10003,5000,5003,510,259,0.05098470458862341,0.0518,0.04599384613067904,0.05829432189287018,0.012300475762191135,1.0,0.50015,0.25015,1,1,0.05
03_sample_uncertainty,42,126596384463056188060184266235238588052,20000,0.2,0.0,depolarizing,0.0,0.5,0.2,5000,0.11,0.95,20000,9983,5000,4983,517,263,0.051788039667434636,0.0526,0.046748710224978236,0.05913822947545889,0.012389519250480652,1.0,0.49915,0.24915,1,1,0.05
03_sample_uncertainty,43,129828655839705223049547616873710676760,20000,0.2,0.0,depolarizing,0.0,0.5,0.2,5000,0.11,0.95,20000,9997,5000,4997,485,225,0.048514554366309894,0.045,0.03959482746331552,0.051103781306686476,0.011508953843370959,1.0,0.49985,0.24985,1,1,0.05
03_sample_uncertainty,44,77502339491595359451032746908029503922,20000,0.2,0.0,depolarizing,0.0,0.5,0.2,5000,0.11,0.95,20000,9962,5000,4962,506,266,0.050793013451114234,0.0532,0.04731511889160377,0.05977089956649927,0.0124557806748955,1.0,0.4981,0.2481,1,1,0.05
03_sample_uncertainty,45,29003799512049544246444649372538193055,20000,0.2,0.0,depolarizing,0.0,0.5,0.2,5000,0.11,0.95,20000,9908,5000,4908,507,253,0.051170771094065405,0.0506,0.044862312290198145,0.0570276982180192,0.012165385927821057,1.0,0.4954,0.2454,1,1,0.05
03_sample_uncertainty,46,203640366068211184171554828330434615855,20000,0.2,0.0,depolarizing,0.0,0.5,0.2,5000,0.11,0.95,20000,9965,5000,4965,516,260,0.05178123432012042,0.052,0.04618252452365877,0.058505336419112416,0.012322811895453645,1.0,0.49825,0.24825,1,1,0.05
03_sample_uncertainty,47,261732054797171969376250953354634519016,20000,0.2,0.0,depolarizing,0.0,0.5,0.2,5000,0.11,0.95,20000,10061,5000,5061,496,250,0.04929927442600139,0.05,0.044296896700570555,0.05639403504998087,0.012097138349410314,1.0,0.50305,0.25305,1,1,0.05
03_sample_uncertainty,48,30452398451723776425920153291925995154,20000,0.2,0.0,depolarizing,0.0,0.5,0.2,5000,0.11,0.95,20000,9990,5000,4990,514,243,0.051451451451451455,0.0486,0.042978532307529155,0.05491454900846843,0.011936016700939273,1.0,0.4995,0.2495,1,1,0.05
03_sample_uncertainty,49,52831083528816138962843082804526515947,20000,0.2,0.0,depolarizing,0.0,0.5,0.2,5000,0.11,0.95,20000,10114,5000,5114,491,223,0.04854656911212181,0.0446,0.039219458507478336,0.050679764424079704,0.011460305916601368,1.0,0.5057,0.2557,1,1,0.05
03_sample_uncertainty,50,303572280446546224169770031176853794247,20000,0.2,0.0,depolarizing,0.0,0.5,0.2,5000,0.11,0.95,20000,10067,5000,5067,499,256,0.04956789510281116,0.0512,0.045427963397957266,0.05766112586792603,0.012233162469968764,1.0,0.50335,0.25335,1,1,0.05
03_sample_uncertainty,51,273816928321514267440143484826561099976,20000,0.2,0.0,depolarizing,0.0,0.5,0.2,5000,0.11,0.95,20000,10045,5000,5045,482,260,0.047984071677451466,0.052,0.04618252452365877,0.058505336419112416,0.012322811895453645,1.0,0.50225,0.25225,1,1,0.05
03_sample_uncertainty,52,20046612658740838107716628561139317602,20000,0.2,0.0,depolarizing,0.0,0.5,0.2,5000,0.11,0.95,20000,9995,5000,4995,514,244,0.05142571285642821,0.0488,0.043166788231898734,0.05512598600332083,0.011959197771422098,1.0,0.49975,0.24975,1,1,0.05
03_sample_uncertainty,53,93364380541895121830878649197991845893,20000,0.2,0.0,depolarizing,0.0,0.5,0.2,5000,0.11,0.95,20000,9968,5000,4968,509,256,0.05106340288924559,0.0512,0.045427963397957266,0.05766112586792603,0.012233162469968764,1.0,0.4984,0.2484,1,1,0.05
03_sample_uncertainty,54,306539858753759089142904057741308611715,20000,0.2,0.0,depolarizing,0.0,0.5,0.2,5000,0.11,0.95,20000,10034,5000,5034,481,228,0.047937014151883596,0.0456,0.040158112208175674,0.051739575319492255,0.011581463111316581,1.0,0.5017,0.2517,1,1,0.05
03_sample_uncertainty,55,122237974280854784235788246260078422755,20000,0.2,0.0,depolarizing,0.0,0.5,0.2,5000,0.11,0.95,20000,10003,5000,5003,505,241,0.05048485454363691,0.0482,0.042602103737660074,0.054491591739893555,0.011889488002233481,1.0,0.50015,0.25015,1,1,0.05
03_sample_uncertainty,56,326058341133583698666806019483252278136,20000,0.2,0.0,depolarizing,0.0,0.5,0.2,5000,0.11,0.95,20000,9996,5000,4996,515,273,0.05152060824329732,0.0546,0.048637586499460476,0.061246282393196426,0.01260869589373595,1.0,0.4998,0.2498,1,1,0.05
03_sample_uncertainty,57,223894954855552866932525093786945416777,20000,0.2,0.0,depolarizing,0.0,0.5,0.2,5000,0.11,0.95,20000,9983,5000,4983,475,222,0.0475808875087649,0.0444,0.03903182088142633,0.05046770913090974,0.011435888249483411,1.0,0.49915,0.24915,1,1,0.05
03_sample_uncertainty,58,281990708406616901809926673833699726478,20000,0.2,0.0,depolarizing,0.0,0.5,0.2,5000,0.11,0.95,20000,9941,5000,4941,494,234,0.04969318981993763,0.0468,0.04128549558366107,0.05301034945933872,0.011724853875677649,1.0,0.49705,0.24705,1,1,0.05
03_sample_uncertainty,59,235939938983420605398600262722096519026,20000,0.2,0.0,depolarizing,0.0,0.5,0.2,5000,0.11,0.95,20000,10056,5000,5056,469,236,0.04663882259347653,0.0472,0.041661525804974855,0.053433705076468885,0.01177217927149403,1.0,0.5028,0.2528,1,1,0.05
03_sample_uncertainty,60,191128728177595114018505819996055350410,20000,0.2,0.0,depolarizing,0.0,0.5,0.2,5000,0.11,0.95,20000,9959,5000,4959,507,256,0.050908725775680286,0.0512,0.045427963397957266,0.05766112586792603,0.012233162469968764,1.0,0.49795,0.24795,1,1,0.05
03_sample_uncertainty,61,325321543921826764879075815535414996328,20000,0.2,0.0,depolarizing,0.0,0.5,0.2,5000,0.11,0.95,20000,10054,5000,5054,505,254,0.0502287646707778,0.0508,0.04505083668536069,0.05723886674207864,0.012188030056717952,1.0,0.5027,0.2527,1,1,0.05
03_sample_uncertainty,62,299695613494436554182658427894384083539,20000,0.2,0.0,depolarizing,0.0,0.5,0.2,5000,0.11,0.95,20000,9962,5000,4962,514,245,0.05159606504717928,0.049,0.04335507170094735,0.055337395453494184,0.011982323752546833,1.0,0.4981,0.2481,1,1,0.05
03_sample_uncertainty,63,89383031454265707569133594027925997489,20000,0.2,0.0,depolarizing,0.0,0.5,0.2,5000,0.11,0.95,20000,10013,5000,5013,480,247,0.04793768101468091,0.0494,0.04373172063796704,0.055760132354918446,0.012028411716951404,1.0,0.50065,0.25065,1,1,0.05
03_sample_uncertainty,64,193505906481494799478573711460177497979,20000,0.2,0.0,depolarizing,0.0,0.5,0.2,5000,0.11,0.95,20000,10180,5000,5180,495,237,0.04862475442043222,0.0474,0.04184958432057469,0.05364533948009102,0.011795755159516336,1.0,0.509,0.259,1,1,0.05
03_sample_uncertainty,65,277393214450169053372458999344108351942,20000,0.2,0.0,depolarizing,0.0,0.5,0.2,5000,0.11,0.95,20000,10126,5000,5126,527,259,0.052044242543946274,0.0518,0.04599384613067904,0.05829432189287018,0.012300475762191135,1.0,0.5063,0.2563,1,1,0.05
03_sample_uncertainty,66,143775170628424595110621932281398212394,20000,0.2,0.0,depolarizing,0.0,0.5,0.2,5000,0.11,0.95,20000,9857,5000,4857,501,256,0.05082682357715329,0.0512,0.045427963397957266,0.05766112586792603,0.012233162469968764,1.0,0.49285,0.24285,1,1,0.05
03_sample_uncertainty,67,303904985623015594855629467043990741614,20000,0.2,0.0,depolarizing,0.0,0.5,0.2,5000,0.11,0.95,20000,10053,5000,5053,522,272,0.051924798567591766,0.0544,0.04844859105944088,0.06103558491399404,0.012586993854553155,1.0,0.50265,0.25265,1,1,0.05
03_sample_uncertainty,68,312389703469408350833460692791161823231,20000,0.2,0.0,depolarizing,0.0,0.5,0.2,5000,0.11,0.95,20000,9911,5000,4911,502,250,0.05065079204923822,0.05,0.044296896700570555,0.05639403504998087,0.012097138349410314,1.0,0.49555,0.24555,1,1,0.05
03_sample_uncertainty,69,337553550089155077017038145454170854992,20000,0.2,0.0,depolarizing,0.0,0.5,0.2,5000,0.11,0.95,20000,9941,5000,4941,474,229,0.047681319786741776,0.0458,0.04034593470149568,0.05195144574539422,0.011605511043898536,1.0,0.49705,0.24705,1,1,0.05
03_sample_uncertainty,70,309634175719457290710624405553420309406,20000,0.2,0.0,depolarizing,0.0,0.5,0.2,5000,0.11,0.95,20000,10043,5000,5043,487,259,0.04849148660758738,0.0518,0.04599384613067904,0.05829432189287018,0.012300475762191135,1.0,0.50215,0.25215,1,1,0.05
03_sample_uncertainty,71,239222403087014999569592918955390395343,20000,0.2,0.0,depolarizing,0.0,0.5,0.2,5000,0.11,0.95,20000,9921,5000,4921,472,249,0.04757584920874912,0.0498,0.044108477864192724,0.056182760967136716,0.012074283102943992,1.0,0.49605,0.24605,1,1,0.05
03_sample_uncertainty,72,25638501238661696018625961743931818672,20000,0.2,0.0,depolarizing,0.0,0.5,0.2,5000,0.11,0.95,20000,9838,5000,4838,477,267,0.048485464525310024,0.0534,0.04750397071369692,0.05998174066362812,0.012477769949931203,1.0,0.4919,0.2419,1,1,0.05
03_sample_uncertainty,73,285456871243649788438708839248899259528,20000,0.2,0.0,depolarizing,0.0,0.5,0.2,5000,0.11,0.95,20000,9891,5000,4891,522,261,0.052775250227479524,0.0522,0.046371228094227626,0.058716325767765545,0.01234509767353792,1.0,0.49455,0.24455,1,1,0.05
03_sample_uncertainty,74,82738485330902688409320790404462785143,20000,0.2,0.0,depolarizing,0.0,0.5,0.2,5000,0.11,0.95,20000,10082,5000,5082,485,241,0.04810553461614759,0.0482,0.042602103737660074,0.054491591739893555,0.011889488002233481,1.0,0.5041,0.2541,1,1,0.05
03_sample_uncertainty,75,320280336783998734566902255580810998183,20000,0.2,0.0,depolarizing,0.0,0.5,0.2,5000,0.11,0.95,20000,10044,5000,5044,473,221,0.04709279171644763,0.0442,0.03884421475711896,0.05025562233599513,0.011411407578876168,1.0,0.5022,0.2522,1,1,0.05
03_sample_uncertainty,76,192543300125180608377495870558828308070,20000,0.2,0.0,depolarizing,0.0,0.5,0.2,5000,0.11,0.95,20000,10140,5000,5140,529,276,0.05216962524654832,0.0552,0.04920471335898023,0.06187823429134259,0.012673520932362362,1.0,0.507,0.257,1,1,0.05
03_sample_uncertainty,77,91093232066568650656329686071111227983,20000,0.2,0.0,depolarizing,0.0,0.5,0.2,5000,0.11,0.95,20000,9855,5000,4855,530,288,0.053779807204464736,0.0576,0.051475272851246034,0.06440398982974052,0.012928716978494487,1.0,0.49275,0.24275,1,1,0.05
03_sample_uncertainty,78,34390231336636913420542471155902988698,20000,0.2,0.0,depolarizing,0.0,0.5,0.2,5000,0.11,0.95,20000,10058,5000,5058,460,233,0.0457347385166037,0.0466,0.04109752422905179,0.05279862789472603,0.011701103665674242,1.0,0.5029,0.2529,1,1,0.05
03_sample_uncertainty,79,190648619121103207329081117762732187827,20000,0.2,0.0,depolarizing,0.0,0.5,0.2,5000,0.11,0.95,20000,10058,5000,5058,509,234,0.050606482402068005,0.0468,0.04128549558366107,0.05301034945933872,0.011724853875677649,1.0,0.5029,0.2529,1,1,0.05
03_sample_uncertainty,80,96030714841436352480989153745372689064,20000,0.2,0.0,depolarizing,0.0,0.5,0.2,5000,0.11,0.95,20000,9935,5000,4935,481,232,0.04841469552088576,0.0464,0.040909582282313894,0.052586876922241926,0.011677294639928032,1.0,0.49675,0.24675,1,1,0.05
03_sample_uncertainty,81,221055510429701999583694097137796225362,20000,0.2,0.0,depolarizing,0.0,0.5,0.2,5000,0.11,0.95,20000,9957,5000,4957,521,250,0.05232499748920358,0.05,0.044296896700570555,0.05639403504998087,0.012097138349410314,1.0,0.49785,0.24785,1,1,0.05
03_sample_uncertainty,82,192252566717216973704376268027968915583,20000,0.2,0.0,depolarizing,0.0,0.5,0.2,5000,0.11,0.95,20000,10036,5000,5036,513,243,0.051115982463132724,0.0486,0.042978532307529155,0.05491454900846843,0.011936016700939273,1.0,0.5018,0.2518,1,1,0.05
03_sample_uncertainty,83,132354260483530181550927877161970303012,20000,0.2,0.0,depolarizing,0.0,0.5,0.2,5000,0.11,0.95,20000,10056,5000,5056,507,249,0.05041766109785203,0.0498,0.044108477864192724,0.056182760967136716,0.012074283102943992,1.0,0.5028,0.2528,1,1,0.05
03_sample_uncertainty,84,56572755252985642809746803234463085917,20000,0.2,0.0,depolarizing,0.0,0.5,0.2,5000,0.11,0.95,20000,10034,5000,5034,483,233,0.04813633645604943,0.0466,0.04109752422905179,0.05279862789472603,0.011701103665674242,1.0,0.5017,0.2517,1,1,0.05
03_sample_uncertainty,85,153873248895699018073967279819405987882,20000,0.2,0.0,depolarizing,0.0,0.5,0.2,5000,0.11,0.95,20000,10075,5000,5075,491,244,0.04873449131513648,0.0488,0.043166788231898734,0.05512598600332083,0.011959197771422098,1.0,0.50375,0.25375,1,1,0.05
03_sample_uncertainty,86,87359787313889750843319812876704359725,20000,0.2,0.0,depolarizing,0.0,0.5,0.2,5000,0.11,0.95,20000,9985,5000,4985,501,258,0.05017526289434151,0.0516,0.045805193052696626,0.05808328205163061,0.012278088998933984,1.0,0.49925,0.24925,1,1,0.05
03_sample_uncertainty,87,21388225544901011579311936363752685512,20000,0.2,0.0,depolarizing,0.0,0.5,0.2,5000,0.11,0.95,20000,10106,5000,5106,528,254,0.052246190381951316,0.0508,0.04505083668536069,0.05723886674207864,0.012188030056717952,1.0,0.5053,0.2553,1,1,0.05
03_sample_uncertainty,88,246943395509281187533231003546723777830,20000,0.2,0.0,depolarizing,0.0,0.5,0.2,5000,0.11,0.95,20000,9999,5000,4999,445,240,0.0445044504450445,0.048,0.042413931418707994,0.05428007113962365,0.011866139720915658,1.0,0.49995,0.24995,1,1,0.05
03_sample_uncertainty,89,78386055145201918185990658249628794371,20000,0.2,0.0,depolarizing,0.0,0.5,0.2,5000,0.11,0.95,20000,9991,5000,4991,456,240,0.045641076969272346,0.048,0.042413931418707994,0.05428007113962365,0.011866139720915658,1.0,0.49955,0.24955,1,1,0.05
03_sample_uncertainty,90,208697840478141195945132628996472939603,20000,0.2,0.0,depolarizing,0.0,0.5,0.2,5000,0.11,0.95,20000,9923,5000,4923,486,252,0.04897712385367328,0.0504,0.0446738140627647,0.056816503526230674,0.012142689463465972,1.0,0.49615,0.24615,1,1,0.05
03_sample_uncertainty,91,288147056559097628288725325741155947889,20000,0.2,0.0,depolarizing,0.0,0.5,0.2,5000,0.11,0.95,20000,9994,5000,4994,480,215,0.048028817290374226,0.043,0.03771925108777711,0.04898242849000511,0.011263177402228,1.0,0.4997,0.2497,1,1,0.05
03_sample_uncertainty,92,255735160935012864222889748420637515601,20000,0.2,0.0,depolarizing,0.0,0.5,0.2,5000,0.11,0.95,20000,9904,5000,4904,493,263,0.0497778675282714,0.0526,0.046748710224978236,0.05913822947545889,0.012389519250480652,1.0,0.4952,0.2452,1,1,0.05
03_sample_uncertainty,93,248612991062674576280033587678760723639,20000,0.2,0.0,depolarizing,0.0,0.5,0.2,5000,0.11,0.95,20000,9944,5000,4944,521,271,0.05239340305711987,0.0542,0.04825961924472352,0.06082486380948941,0.01256524456476589,1.0,0.4972,0.2472,1,1,0.05
03_sample_uncertainty,94,77643889207625635814593455564650621277,20000,0.2,0.0,depolarizing,0.0,0.5,0.2,5000,0.11,0.95,20000,10111,5000,5111,501,260,0.049549995054890716,0.052,0.04618252452365877,0.058505336419112416,0.012322811895453645,1.0,0.50555,0.25555,1,1,0.05
03_sample_uncertainty,95,282441300747170585130697390836243390625,20000,0.2,0.0,depolarizing,0.0,0.5,0.2,5000,0.11,0.95,20000,9956,5000,4956,531,286,0.05333467255926075,0.0572,0.0510966231678006,0.063983253674742,0.012886630506941402,1.0,0.4978,0.2478,1,1,0.05
03_sample_uncertainty,96,129214782165334110771071318493150535733,20000,0.2,0.0,depolarizing,0.0,0.5,0.2,5000,0.11,0.95,20000,10046,5000,5046,503,235,0.05006967947441768,0.047,0.04147349616779377,0.053222041794428,0.01174854562663423,1.0,0.5023,0.2523,1,1,0.05
03_sample_uncertainty,97,231274280600661559251471120273017954313,20000,0.2,0.0,depolarizing,0.0,0.5,0.2,5000,0.11,0.95,20000,9928,5000,4928,488,229,0.04915390813859791,0.0458,0.04034593470149568,0.05195144574539422,0.011605511043898536,1.0,0.4964,0.2464,1,1,0.05
03_sample_uncertainty,98,212131656801241973724892277508841168970,20000,0.2,0.0,depolarizing,0.0,0.5,0.2,5000,0.11,0.95,20000,10033,5000,5033,490,252,0.0488388318548789,0.0504,0.0446738140627647,0.056816503526230674,0.012142689463465972,1.0,0.50165,0.25165,1,1,0.05
03_sample_uncertainty,99,193709312292529622158913815620935701861,20000,0.2,0.0,depolarizing,0.0,0.5,0.2,5000,0.11,0.95,20000,10033,5000,5033,463,237,0.04614771254858965,0.0474,0.04184958432057469,0.05364533948009102,0.011795755159516336,1.0,0.50165,0.25165,1,1,0.05
03_sample_uncertainty,100,278277505691800321709491750717708654668,20000,0.2,0.0,depolarizing,0.0,0.5,0.2,5000,0.11,0.95,20000,10005,5000,5005,522,266,0.05217391304347826,0.0532,0.04731511889160377,0.05977089956649927,0.0124557806748955,1.0,0.50025,0.25025,1,1,0.05
03_sample_uncertainty,101,253653211963439337211304218780162626585,20000,0.2,0.0,depolarizing,0.0,0.5,0.2,5000,0.11,0.95,20000,9990,5000,4990,494,227,0.04944944944944945,0.0454,0.03997032004356251,0.05152767456488345,0.011557354521320937,1.0,0.4995,0.2495,1,1,0.05
03_sample_uncertainty,102,185286889065976177671878441194952539393,20000,0.2,0.0,depolarizing,0.0,0.5,0.2,5000,0.11,0.95,20000,9891,5000,4891,502,243,0.05075320998887878,0.0486,0.042978532307529155,0.05491454900846843,0.011936016700939273,1.0,0.49455,0.24455,1,1,0.05
03_sample_uncertainty,103,191347552412046745776957254514290213685,20000,0.2,0.0,depolarizing,0.0,0.5,0.2,5000,0.11,0.95,20000,9995,5000,4995,492,238,0.049224612306153076,0.0476,0.04203767154178207,0.05385694517810564,0.011819273636323568,1.0,0.49975,0.24975,1,1,0.05
03_sample_uncertainty,104,131767309430624454474887737154477883787,20000,0.2,0.0,depolarizing,0.0,0.5,0.2,5000,0.11,0.95,20000,9919,5000,4919,537,280,0.05413852202843029,0.056,0.049961205994810104,0.06272051333240064,0.012759307337590536,1.0,0.49595,0.24595,1,1,0.05
03_sample_uncertainty,105,321151461837902414269264831819390884446,20000,0.2,0.0,depolarizing,0.0,0.5,0.2,5000,0.11,0.95,20000,10084,5000,5084,521,267,0.051666005553351844,0.0534,0.04750397071369692,0.05998174066362812,0.012477769949931203,1.0,0.5042,0.2542,1,1,0.05
03_sample_uncertainty,106,280777114358780470356292444407235126709,20000,0.2,0.0,depolarizing,0.0,0.5,0.2,5000,0.11,0.95,20000,9943,5000,4943,512,266,0.05149351302423816,0.0532,0.04731511889160377,0.05977089956649927,0.0124557806748955,1.0,0.49715,0.24715,1,1,0.05
03_sample_uncertainty,107,5943910196819260358406861550971730668,20000,0.2,0.0,depolarizing,0.0,0.5,0.2,5000,0.11,0.95,20000,9986,5000,4986,525,251,0.052573603044261966,0.0502,0.04448534215006972,0.05660528251970369,0.012119940369633972,1.0,0.4993,0.2493,1,1,0.05
03_sample_uncertainty,108,112607093533401307709667906823632862251,20000,0.2,0.0,depolarizing,0.0,0.5,0.2,5000,0.11,0.95,20000,10098,5000,5098,507,224,0.05020796197266786,0.0448,0.03940712743434636,0.05089178841643365,0.011484660982087294,1.0,0.5049,0.2549,1,1,0.05
03_sample_uncertainty,109,271934230369399303124711317338736129969,20000,0.2,0.0,depolarizing,0.0,0.5,0.2,5000,0.11,0.95,20000,10073,5000,5073,504,233,0.05003474635163308,0.0466,0.04109752422905179,0.05279862789472603,0.011701103665674242,1.0,0.50365,0.25365,1,1,0.05
03_sample_uncertainty,110,95170678592821203724003116215425487468,20000,0.2,0.0,depolarizing,0.0,0.5,0.2,5000,0.11,0.95,20000,10005,5000,5005,514,283,0.05137431284357821,0.0566,0.05052881403128712,0.06335198405358955,0.012823170022302433,1.0,0.50025,0.25025,1,1,0.05
03_sample_uncertainty,111,306804631054484022239766072504136232340,20000,0.2,0.0,depolarizing,0.0,0.5,0.2,5000,0.11,0.95,20000,10071,5000,5071,520,262,0.05163340283983715,0.0524,0.046559956706276516,0.05892729007493864,0.012367333368662123,1.0,0.50355,0.25355,1,1,0.05
03_sample_uncertainty,112,886554275764957584548572146801494489,20000,0.2,0.0,depolarizing,0.0,0.5,0.2,5000,0.11,0.95,20000,9995,5000,4995,518,257,0.05182591295647824,0.0514,0.04561656542843631,0.057872216756668954,0.012255651328232642,1.0,0.49975,0.24975,1,1,0.05
03_sample_uncertainty,113,171786080988625120093427083663271153534,20000,0.2,0.0,depolarizing,0.0,0.5,0.2,5000,0.11,0.95,20000,10049,5000,5049,508,260,0.05055229376057319,0.052,0.04618252452365877,0.058505336419112416,0.012322811895453645,1.0,0.50245,0.25245,1,1,0.05
03_sample_uncertainty,114,238581685898910544758411222378101637319,20000,0.2,0.0,depolarizing,0.0,0.5,0.2,5000,0.11,0.95,20000,9914,5000,4914,502,247,0.050635464998991325,0.0494,0.04373172063796704,0.055760132354918446,0.012028411716951404,1.0,0.4957,0.2457,1,1,0.05
03_sample_uncertainty,115,43963854491454611919270230511495763896,20000,0.2,0.0,depolarizing,0.0,0.5,0.2,5000,0.11,0.95,20000,10021,5000,5021,485,254,0.048398363436782756,0.0508,0.04505083668536069,0.05723886674207864,0.012188030056717952,1.0,0.50105,0.25105,1,1,0.05
03_sample_uncertainty,116,160830520201518680908397448681061735162,20000,0.2,0.0,depolarizing,0.0,0.5,0.2,5000,0.11,0.95,20000,10019,5000,5019,537,277,0.053598163489370194,0.0554,0.04939380209328447,0.06208883847626034,0.012695036382975866,1.0,0.50095,0.25095,1,1,0.05
03_sample_uncertainty,117,124977323934296158403234932238431462598,20000,0.2,0.0,depolarizing,0.0,0.5,0.2,5000,0.11,0.95,20000,10047,5000,5047,530,293,0.052752065293122326,0.0586,0.05242227674243234,0.0654554505346641,0.013033173792231761,1.0,0.50235,0.25235,1,1,0.05
03_sample_uncertainty,118,127114178072352683877709396675606072669,20000,0.2,0.0,depolarizing,0.0,0.5,0.2,5000,0.11,0.95,20000,10027,5000,5027,521,272,0.05195970878627705,0.0544,0.04844859105944088,0.06103558491399404,0.012586993854553155,1.0,0.50135,0.25135,1,1,0.05
03_sample_uncertainty,119,123596271110274368993608706370671714582,20000,0.2,0.0,depolarizing,0.0,0.5,0.2,5000,0.11,0.95,20000,10087,5000,5087,519,261,0.051452364429463666,0.0522,0.046371228094227626,0.058716325767765545,0.01234509767353792,1.0,0.50435,0.25435,1,1,0.05
03_sample_uncertainty,120,129698210018461994874404523826204734874,20000,0.2,0.0,depolarizing,0.0,0.5,0.2,5000,0.11,0.95,20000,10039,5000,5039,488,240,0.04861041936447853,0.048,0.042413931418707994,0.05428007113962365,0.011866139720915658,1.0,0.50195,0.25195,1,1,0.05
03_sample_uncertainty,121,287490686744338814571571992061876699657,20000,0.2,0.0,depolarizing,0.0,0.5,0.2,5000,0.11,0.95,20000,10034,5000,5034,513,267,0.051126171018536976,0.0534,0.04750397071369692,0.05998174066362812,0.012477769949931203,1.0,0.5017,0.2517,1,1,0.05
03_sample_uncertainty,122,22515763601547816435050667418696669671,20000,0.2,0.0,depolarizing,0.0,0.5,0.2,5000,0.11,0.95,20000,10019,5000,5019,464,216,0.04631200718634594,0.0432,0.037906663853665874,0.049194708643338324,0.01128804478967245,1.0,0.50095,0.25095,1,1,0.05
03_sample_uncertainty,123,45212229553277509924703017071133965630,20000,0.2,0.0,depolarizing,0.0,0.5,0.2,5000,0.11,0.95,20000,9950,5000,4950,498,280,0.05005025125628141,0.056,0.049961205994810104,0.06272051333240064,0.012759307337590536,1.0,0.4975,0.2475,1,1,0.05
03_sample_uncertainty,124,286226681368234187605056528825292772184,20000,0.2,0.0,depolarizing,0.0,0.5,0.2,5000,0.11,0.95,20000,10001,5000,5001,511,247,0.051094890510948905,0.0494,0.04373172063796704,0.055760132354918446,0.012028411716951404,1.0,0.50005,0.25005,1,1,0.05
03_sample_uncertainty,125,174552092680911464451005580345712446050,20000,0.2,0.0,depolarizing,0.0,0.5,0.2,5000,0.11,0.95,20000,9873,5000,4873,497,239,0.050339309227185255,0.0478,0.042225787297577644,0.05406852234153203,0.011842735043954389,1.0,0.49365,0.24365,1,1,0.05
03_sample_uncertainty,126,29290800200740682325822155064303645565,20000,0.2,0.0,depolarizing,0.0,0.5,0.2,5000,0.11,0.95,20000,10029,5000,5029,490,239,0.04885831089839465,0.0478,0.042225787297577644,0.05406852234153203,0.011842735043954389,1.0,0.50145,0.25145,1,1,0.05
03_sample_uncertainty,127,295371693466003292865642874767562523447,20000,0.2,0.0,depolarizing,0.0,0.5,0.2,5000,0.11,0.95,20000,9976,5000,4976,509,262,0.0510224538893344,0.0524,0.046559956706276516,0.05892729007493864,0.012367333368662123,1.0,0.4988,0.2488,1,1,0.05
03_sample_uncertainty,128,112987531739137539464239269704317637039,20000,0.2,0.0,depolarizing,0.0,0.5,0.2,5000,0.11,0.95,20000,10006,5000,5006,528,258,0.05276833899660204,0.0516,0.045805193052696626,0.05808328205163061,0.012278088998933984,1.0,0.5003,0.2503,1,1,0.05
03_sample_uncertainty,129,7126996919639796424772608876883651897,20000,0.2,0.0,depolarizing,0.0,0.5,0.2,5000,0.11,0.95,20000,10051,5000,5051,505,243,0.05024375684011541,0.0486,0.042978532307529155,0.05491454900846843,0.011936016700939273,1.0,0.50255,0.25255,1,1,0.05
03_sample_uncertainty,130,110954322818974335196075973472084284848,20000,0.2,0.0,depolarizing,0.0,0.5,0.2,5000,0.11,0.95,20000,9912,5000,4912,551,272,0.05558918482647296,0.0544,0.04844859105944088,0.06103558491399404,0.012586993854553155,1.0,0.4956,0.2456,1,1,0.05
03_sample_uncertainty,131,42660006664896158691980845367360842315,20000,0.2,0.0,depolarizing,0.0,0.5,0.2,5000,0.11,0.95,20000,10105,5000,5105,490,240,0.04849084611578427,0.048,0.042413931418707994,0.05428007113962365,0.011866139720915658,1.0,0.50525,0.25525,1,1,0.05
03_sample_uncertainty,132,334154451191391807418424383314986087068,20000,0.2,0.0,depolarizing,0.0,0.5,0.2,5000,0.11,0.95,20000,9935,5000,4935,481,232,0.04841469552088576,0.0464,0.040909582282313894,0.052586876922241926,0.011677294639928032,1.0,0.49675,0.24675,1,1,0.05
03_sample_uncertainty,133,26600355527116538327856741908473080697,20000,0.2,0.0,depolarizing,0.0,0.5,0.2,5000,0.11,0.95,20000,9875,5000,4875,487,253,0.04931645569620253,0.0506,0.044862312290198145,0.0570276982180192,0.012165385927821057,1.0,0.49375,0.24375,1,1,0.05
03_sample_uncertainty,134,83898064367361411293893877914667698892,20000,0.2,0.0,depolarizing,0.0,0.5,0.2,5000,0.11,0.95,20000,9902,5000,4902,478,237,0.048273076146233086,0.0474,0.04184958432057469,0.05364533948009102,0.011795755159516336,1.0,0.4951,0.2451,1,1,0.05
03_sample_uncertainty,135,320217734438926748096285302644436859436,20000,0.2,0.0,depolarizing,0.0,0.5,0.2,5000,0.11,0.95,20000,10011,5000,5011,519,263,0.051842972729997,0.0526,0.046748710224978236,0.05913822947545889,0.012389519250480652,1.0,0.50055,0.25055,1,1,0.05
03_sample_uncertainty,136,310856813358755130486700441948151799632,20000,0.2,0.0,depolarizing,0.0,0.5,0.2,5000,0.11,0.95,20000,9969,5000,4969,495,248,0.049653927174240144,0.0496,0.04392008579235035,0.05597146011975712,0.012051374327406772,1.0,0.49845,0.24845,1,1,0.05
03_sample_uncertainty,137,164041064618707181450737954266528469121,20000,0.2,0.0,depolarizing,0.0,0.5,0.2,5000,0.11,0.95,20000,10088,5000,5088,519,240,0.05144726407613005,0.048,0.042413931418707994,0.05428007113962365,0.011866139720915658,1.0,0.5044,0.2544,1,1,0.05
03_sample_uncertainty,138,245746777485055650482413081452847791648,20000,0.2,0.0,depolarizing,0.0,0.5,0.2,5000,0.11,0.95,20000,10057,5000,5057,533,268,0.052997911902157704,0.0536,0.04769284678695339,0.060192557509593625,0.012499710722640237,1.0,0.50285,0.25285,1,1,0.05
03_sample_uncertainty,139,29484538686598394311088404925728371668,20000,0.2,0.0,depolarizing,0.0,0.5,0.2,5000,0.11,0.95,20000,10056,5000,5056,494,260,0.049124900556881464,0.052,0.04618252452365877,0.058505336419112416,0.012322811895453645,1.0,0.5028,0.2528,1,1,0.05
03_sample_uncertainty,140,69063174150789379216524928882531033158,20000,0.2,0.0,depolarizing,0.0,0.5,0.2,5000,0.11,0.95,20000,10051,5000,5051,498,262,0.04954730872549995,0.0524,0.046559956706276516,0.05892729007493864,0.012367333368662123,1.0,0.50255,0.25255,1,1,0.05
03_sample_uncertainty,141,104228729922313093063264718271598891935,20000,0.2,0.0,depolarizing,0.0,0.5,0.2,5000,0.11,0.95,20000,9902,5000,4902,485,253,0.048980004039587965,0.0506,0.044862312290198145,0.0570276982180192,0.012165385927821057,1.0,0.4951,0.2451,1,1,0.05
03_sample_uncertainty,142,333586895481209694662943112251227704901,20000,0.2,0.0,depolarizing,0.0,0.5,0.2,5000,0.11,0.95,20000,9995,5000,4995,484,239,0.04842421210605303,0.0478,0.042225787297577644,0.05406852234153203,0.011842735043954389,1.0,0.49975,0.24975,1,1,0.05
03_sample_uncertainty,143,115499682175903790038978248549457116175,20000,0.2,0.0,depolarizing,0.0,0.5,0.2,5000,0.11,0.95,20000,10143,5000,5143,516,260,0.050872522922212365,0.052,0.04618252452365877,0.058505336419112416,0.012322811895453645,1.0,0.50715,0.25715,1,1,0.05
03_sample_uncertainty,144,65845071147979890773872657037485857739,20000,0.2,0.0,depolarizing,0.0,0.5,0.2,5000,0.11,0.95,20000,9865,5000,4865,463,259,0.04693360364926508,0.0518,0.04599384613067904,0.05829432189287018,0.012300475762191135,1.0,0.49325,0.24325,1,1,0.05
03_sample_uncertainty,145,66852933164957175849012573406990199682,20000,0.2,0.0,depolarizing,0.0,0.5,0.2,5000,0.11,0.95,20000,10007,5000,5007,485,241,0.04846607374837614,0.0482,0.042602103737660074,0.054491591739893555,0.011889488002233481,1.0,0.50035,0.25035,1,1,0.05
03_sample_uncertainty,146,267382789108901822663841167505758784236,20000,0.2,0.0,depolarizing,0.0,0.5,0.2,5000,0.11,0.95,20000,9870,5000,4870,486,255,0.049240121580547115,0.051,0.04523938710267117,0.05745000924399013,0.01221062214131896,1.0,0.4935,0.2435,1,1,0.05
03_sample_uncertainty,147,48658872168098036650131730101535049020,20000,0.2,0.0,depolarizing,0.0,0.5,0.2,5000,0.11,0.95,20000,9938,5000,4938,483,239,0.048601328235057355,0.0478,0.042225787297577644,0.05406852234153203,0.011842735043954389,1.0,0.4969,0.2469,1,1,0.05
03_sample_uncertainty,148,196763537596326795136000070465659251728,20000,0.2,0.0,depolarizing,0.0,0.5,0.2,5000,0.11,0.95,20000,9948,5000,4948,517,266,0.051970245275432245,0.0532,0.04731511889160377,0.05977089956649927,0.0124557806748955,1.0,0.4974,0.2474,1,1,0.05
03_sample_uncertainty,149,253876059083682710061587194040179163825,20000,0.2,0.0,depolarizing,0.0,0.5,0.2,5000,0.11,0.95,20000,9935,5000,4935,456,208,0.045898339204831405,0.0416,0.03640829747606612,0.04749553166716225,0.011087234191096126,1.0,0.49675,0.24675,1,1,0.05
