experiment,repeat,seed,n_signals,eve_fraction,noise_probability,noise_model,loss_probability,basis_probability_z,sample_fraction,sample_size,abort_threshold,confidence,n_detected,n_sifted,n_test,n_remaining,actual_errors,test_errors,qber_actual,qber_estimate,qber_ci_low,qber_ci_high,qber_ci_width,detected_fraction,sifted_fraction,candidate_fraction,has_error,full_sample,expected_qber
05_loss_retention,0,206796395500974039342146609827921557958,20000,0.0,0.04,depolarizing,0.0,0.5,0.2,,0.11,0.95,20000,9959,1991,7968,190,39,0.01907822070489005,0.019588146659969864,0.014362030116880354,0.02666451786206379,0.012302487745183437,1.0,0.49795,0.3984,1,1,0.02
05_loss_retention,1,5910070653307429352367225598833930005,20000,0.0,0.04,depolarizing,0.0,0.5,0.2,,0.11,0.95,20000,9872,1974,7898,209,47,0.0211709886547812,0.023809523809523808,0.01795219493569798,0.03151661278109089,0.013564417845392914,1.0,0.4936,0.3949,1,1,0.02
05_loss_retention,2,190678891314348462434101440290381737247,20000,0.0,0.04,depolarizing,0.0,0.5,0.2,,0.11,0.95,20000,10062,2012,8050,187,40,0.018584774398727886,0.019880715705765408,0.014633723976542093,0.026957572032293334,0.01232384805575124,1.0,0.5031,0.4025,1,1,0.02
05_loss_retention,3,279824196240773300744722513640000243059,20000,0.0,0.04,depolarizing,0.0,0.5,0.2,,0.11,0.95,20000,10005,2001,8004,203,49,0.020289855072463767,0.02448775612193903,0.018572319906011873,0.032225441868428,0.013653121962416123,1.0,0.50025,0.4002,1,1,0.02
05_loss_retention,4,12611994013568910167414136836391073872,20000,0.0,0.04,depolarizing,0.0,0.5,0.2,,0.11,0.95,20000,10074,2014,8060,201,47,0.019952352590827872,0.02333664349553128,0.017594748714497826,0.030893430767093607,0.013298682052595781,1.0,0.5037,0.403,1,1,0.02
05_loss_retention,5,26983850093987376469830218790561690018,20000,0.0,0.04,depolarizing,0.0,0.5,0.2,,0.11,0.95,20000,10053,2010,8043,205,38,0.020391922809111708,0.01890547263681592,0.013804610111229116,0.025841737654125403,0.012037127542896287,1.0,0.50265,0.40215,1,1,0.02
05_loss_retention,6,216249028252550249324497907089822777956,20000,0.0,0.04,depolarizing,0.0,0.5,0.2,,0.11,0.95,20000,9934,1986,7948,197,41,0.019830883833299777,0.020644511581067473,0.015254185348480942,0.02788566302495138,0.012631477676470437,1.0,0.4967,0.3974,1,1,0.02
05_loss_retention,7,40375732963594259540963261896382717049,20000,0.0,0.04,depolarizing,0.0,0.5,0.2,,0.11,0.95,20000,9868,1973,7895,189,36,0.01915281718686664,0.01824632539280284,0.013208686594151104,0.025156281158972695,0.011947594564821591,1.0,0.4934,0.39475,1,1,0.02
05_loss_retention,8,54698371396011925428956698241385336699,20000,0.0,0.04,depolarizing,0.0,0.5,0.2,,0.11,0.95,20000,9917,1983,7934,194,40,0.019562367651507512,0.020171457387796268,0.014848223436427782,0.027350140428225464,0.012501916991797682,1.0,0.49585,0.3967,1,1,0.02
05_loss_retention,9,247771081971514933993358970054210871441,20000,0.0,0.04,depolarizing,0.0,0.5,0.2,,0.11,0.95,20000,10051,2010,8041,190,43,0.01890359168241966,0.021393034825870648,0.01592098531163116,0.028690996643147598,0.012770011331516437,1.0,0.50255,0.40205,1,1,0.02
05_loss_retention,10,224012172463315073997503865057200429867,20000,0.0,0.04,depolarizing,0.0,0.5,0.2,,0.11,0.95,20000,10078,2015,8063,204,42,0.020242111530065488,0.020843672456575684,0.015457318196136882,0.02805350749891631,0.012596189302779427,1.0,0.5039,0.40315,1,1,0.02
05_loss_retention,11,95839890722356686029153438697334086189,20000,0.0,0.04,depolarizing,0.0,0.5,0.2,,0.11,0.95,20000,10050,2010,8040,188,48,0.018706467661691543,0.023880597014925373,0.018059029291945247,0.03151858685225773,0.013459557560312484,1.0,0.5025,0.402,1,1,0.02
05_loss_retention,12,218531916832557356781599151446123090992,20000,0.0,0.04,depolarizing,0.0,0.5,0.2,,0.11,0.95,20000,10066,2013,8053,190,39,0.018875422213391616,0.019374068554396422,0.014204719060241386,0.026374305365679133,0.012169586305437748,1.0,0.5033,0.40265,1,1,0.02
05_loss_retention,13,244164811149106804320271706466108685382,20000,0.0,0.04,depolarizing,0.0,0.5,0.2,,0.11,0.95,20000,10107,2021,8086,194,35,0.019194617591768083,0.017318159327065808,0.012478456846346263,0.02398931622251453,0.011510859376168268,1.0,0.50535,0.4043,1,1,0.02
05_loss_retention,14,303822834548759013122286306638753302107,20000,0.0,0.04,depolarizing,0.0,0.5,0.2,,0.11,0.95,20000,10032,2006,8026,185,42,0.018440988835725678,0.020937188434695914,0.015526830743129652,0.028178834912825357,0.012652004169695705,1.0,0.5016,0.4013,1,1,0.02
05_loss_retention,15,13514036818487426544793606333278024307,20000,0.0,0.04,depolarizing,0.0,0.5,0.2,,0.11,0.95,20000,9914,1982,7932,199,44,0.020072624571313296,0.022199798183652877,0.016578476602510005,0.02966965585174686,0.013091179249236855,1.0,0.4957,0.3966,1,1,0.02
05_loss_retention,16,116219378620298281565094925614974597961,20000,0.0,0.04,depolarizing,0.0,0.5,0.2,,0.11,0.95,20000,9880,1976,7904,181,35,0.018319838056680162,0.01771255060728745,0.012763230072595408,0.02453342239001051,0.011770192317415102,1.0,0.494,0.3952,1,1,0.02
05_loss_retention,17,110929040711459155651118266354879614275,20000,0.0,0.04,depolarizing,0.0,0.5,0.2,,0.11,0.95,20000,9910,1982,7928,178,42,0.017961654894046417,0.02119071644803229,0.01571529122985296,0.028518581736450905,0.012803290506597946,1.0,0.4955,0.3964,1,1,0.02
05_loss_retention,18,46180699938130256869073202200961237199,20000,0.0,0.04,depolarizing,0.0,0.5,0.2,,0.11,0.95,20000,10095,2019,8076,208,47,0.02060425953442298,0.023278850916295196,0.01755106631064949,0.030817261515563438,0.013266195204913948,1.0,0.50475,0.4038,1,1,0.02
05_loss_retention,19,36799774540701383997421293316211105422,20000,0.0,0.04,depolarizing,0.0,0.5,0.2,,0.11,0.95,20000,9919,1983,7936,213,46,0.021473938905131565,0.02319717599596571,0.017436234592896314,0.030801866336194226,0.013365631743297912,1.0,0.49595,0.3968,1,1,0.02
05_loss_retention,20,29978546387213829578584510818370606658,20000,0.0,0.04,depolarizing,0.0,0.5,0.2,,0.11,0.95,20000,10107,2021,8086,229,44,0.022657564064509746,0.02177140029688273,0.01625778700391949,0.02909957093667914,0.01284178393275965,1.0,0.50535,0.4043,1,1,0.02
05_loss_retention,21,304010224140850437799035074832668040587,20000,0.0,0.04,depolarizing,0.0,0.5,0.2,,0.11,0.95,20000,9954,1990,7964,203,39,0.020393811533052038,0.019597989949748745,0.014369263450232064,0.026677861163728587,0.012308597713496523,1.0,0.4977,0.3982,1,1,0.02
05_loss_retention,22,255353059423347582066937259492572555364,20000,0.0,0.04,depolarizing,0.0,0.5,0.2,,0.11,0.95,20000,9837,1967,7870,203,39,0.020636372877909932,0.019827147941026944,0.014537664652466805,0.02698848574101342,0.012450821088546615,1.0,0.49185,0.3935,1,1,0.02
05_loss_retention,23,101531569602922881670155544409619650400,20000,0.0,0.04,depolarizing,0.0,0.5,0.2,,0.11,0.95,20000,9966,1993,7973,207,46,0.020770620108368453,0.02308078273958856,0.01734852766137744,0.030648001255493468,0.013299473594116026,1.0,0.4983,0.39865,1,1,0.02
05_loss_retention,24,222583428334212849587141269894324073663,20000,0.0,0.04,depolarizing,0.0,0.5,0.2,,0.11,0.95,20000,10018,2003,8015,192,34,0.01916550209622679,0.016974538192710935,0.012172384744775559,0.023625888459581728,0.01145350371480617,1.0,0.5009,0.40075,1,1,0.02
05_loss_retention,25,293360628551455333402285299803643065065,20000,0.0,0.04,depolarizing,0.0,0.5,0.2,,0.11,0.95,20000,10041,2008,8033,188,38,0.01872323473757594,0.018924302788844622,0.013818389832005663,0.025867370927440948,0.012048981095435285,1.0,0.50205,0.40165,1,1,0.02
05_loss_retention,26,117206705383027559022986927041028466667,20000,0.0,0.04,depolarizing,0.0,0.5,0.2,,0.11,0.95,20000,10124,2024,8100,208,45,0.020545239035954167,0.022233201581027668,0.01665749304247531,0.029619033365692868,0.012961540323217557,1.0,0.5062,0.405,1,1,0.02
05_loss_retention,27,205661317706475983629871320712494133406,20000,0.0,0.04,depolarizing,0.0,0.5,0.2,,0.11,0.95,20000,9982,1996,7986,191,29,0.019134441995592066,0.014529058116232466,0.01013498428302393,0.020788196426091893,0.010653212143067962,1.0,0.4991,0.3993,1,1,0.02
05_loss_retention,28,122456559352843739273107901128512249364,20000,0.0,0.04,depolarizing,0.0,0.5,0.2,,0.11,0.95,20000,9918,1983,7935,222,45,0.02238354506957048,0.0226928895612708,0.017002755045861337,0.030228723039156316,0.01322596799329498,1.0,0.4959,0.39675,1,1,0.02
05_loss_retention,29,222299201540971024522712325538040718871,20000,0.0,0.04,depolarizing,0.0,0.5,0.2,,0.11,0.95,20000,10049,2009,8040,205,43,0.02040003980495572,0.02140368342458935,0.01592892899888603,0.02870521663985267,0.012776287640966638,1.0,0.50245,0.402,1,1,0.02
05_loss_retention,30,286721100201081246846275952141956771168,20000,0.0,0.04,depolarizing,0.0,0.5,0.2,,0.11,0.95,20000,10062,2012,8050,169,38,0.016795865633074936,0.018886679920477135,0.01379085784567461,0.02581615513212321,0.012025297286448598,1.0,0.5031,0.4025,1,1,0.02
05_loss_retention,31,166132706418201207231860786185312048216,20000,0.0,0.04,depolarizing,0.0,0.5,0.2,,0.11,0.95,20000,10078,2015,8063,199,36,0.01974598134550506,0.017866004962779156,0.012932789989923763,0.02463403255046378,0.011701242560540016,1.0,0.5039,0.40315,1,1,0.02
05_loss_retention,32,245934623065163318205937650984886298509,20000,0.0,0.04,depolarizing,0.0,0.5,0.2,,0.11,0.95,20000,9996,1999,7997,173,40,0.017306922769107645,0.02001000500250125,0.014729107520873952,0.02713214837207193,0.012403040851197979,1.0,0.4998,0.39985,1,1,0.02
05_loss_retention,33,321547540381749927180003729780133953037,20000,0.0,0.04,depolarizing,0.0,0.5,0.2,,0.11,0.95,20000,10028,2005,8023,178,36,0.017750299162345433,0.017955112219451373,0.012997429017988352,0.024756400925972206,0.011758971907983855,1.0,0.5014,0.40115,1,1,0.02
05_loss_retention,34,196696145034681080736107153489144408948,20000,0.0,0.04,depolarizing,0.0,0.5,0.2,,0.11,0.95,20000,10090,2018,8072,214,47,0.021209117938553023,0.023290386521308225,0.017559785430528017,0.030832465303989698,0.01327267987346168,1.0,0.5045,0.4036,1,1,0.02
05_loss_retention,35,280246659094429972371501191698604949853,20000,0.0,0.04,depolarizing,0.0,0.5,0.2,,0.11,0.95,20000,9987,1997,7990,201,34,0.020126164013217183,0.01702553830746119,0.012209031381333162,0.023696591477480364,0.011487560096147202,1.0,0.49935,0.3995,1,1,0.02
05_loss_retention,36,182148156053122386210152163234383729005,20000,0.0,0.04,depolarizing,0.0,0.5,0.2,,0.11,0.95,20000,9956,1991,7965,206,41,0.0206910405785456,0.02059266700150678,0.015215788415698477,0.027815931444105164,0.012600143028406688,1.0,0.4978,0.39825,1,1,0.02
05_loss_retention,37,290296043119177840466507563774007020905,20000,0.0,0.04,depolarizing,0.0,0.5,0.2,,0.11,0.95,20000,9921,1984,7937,190,35,0.01915129523233545,0.017641129032258066,0.012711657593777344,0.024434895765916283,0.011723238172138939,1.0,0.49605,0.39685,1,1,0.02
05_loss_retention,38,15200658057817615774899843185597696090,20000,0.0,0.04,depolarizing,0.0,0.5,0.2,,0.11,0.95,20000,9848,1969,7879,181,40,0.018379366368805848,0.02031488065007618,0.014954041564038595,0.02754377722714397,0.012589735663105374,1.0,0.4924,0.39395,1,1,0.02
05_loss_retention,39,241028015248711537626008617473566788955,20000,0.0,0.04,depolarizing,0.0,0.5,0.2,,0.11,0.95,20000,10117,2023,8094,211,43,0.020855984975783334,0.021255561047948592,0.015818433731904384,0.02850741051689437,0.012688976784989987,1.0,0.50585,0.4047,1,1,0.02
05_loss_retention,40,140854551646495775945865643965361641259,20000,0.0,0.04,depolarizing,0.0,0.5,0.2,,0.11,0.95,20000,9943,1988,7955,212,47,0.021321532736598613,0.023641851106639838,0.017825448360400564,0.03129565933991958,0.013470210979519018,1.0,0.49715,0.39775,1,1,0.02
05_loss_retention,41,62329582625401140458762157715141630399,20000,0.0,0.04,depolarizing,0.0,0.5,0.2,,0.11,0.95,20000,10019,2003,8016,196,35,0.019562830621818544,0.017473789316025962,0.01259082746421519,0.024204036672230613,0.011613209208015424,1.0,0.50095,0.4008,1,1,0.02
05_loss_retention,42,160980420658399206438020693626989381042,20000,0.0,0.04,depolarizing,0.0,0.5,0.2,,0.11,0.95,20000,10132,2026,8106,174,36,0.017173312277931306,0.017769002961500493,0.012862425607168285,0.02450081697078005,0.011638391363611764,1.0,0.5066,0.4053,1,1,0.02
05_loss_retention,43,313306797762840688860282643760647160895,20000,0.0,0.04,depolarizing,0.0,0.5,0.2,,0.11,0.95,20000,9951,1990,7961,190,37,0.019093558436338056,0.0185929648241206,0.013519091218022854,0.02552185583236867,0.012002764614345816,1.0,0.49755,0.39805,1,1,0.02
05_loss_retention,44,241152641524212339550895442335660241800,20000,0.0,0.04,depolarizing,0.0,0.5,0.2,,0.11,0.95,20000,9990,1998,7992,198,44,0.01981981981981982,0.022022022022022022,0.016445393427218135,0.029433094310166875,0.01298770088294874,1.0,0.4995,0.3996,1,1,0.02
05_loss_retention,45,215254675767492761614967856143820140453,20000,0.0,0.04,depolarizing,0.0,0.5,0.2,,0.11,0.95,20000,10022,2004,8018,209,41,0.02085412093394532,0.020459081836327345,0.015116855167529072,0.027636250882543775,0.012519395715014703,1.0,0.5011,0.4009,1,1,0.02
05_loss_retention,46,253477762399696109727407632858629932661,20000,0.0,0.04,depolarizing,0.0,0.5,0.2,,0.11,0.95,20000,10051,2010,8041,201,39,0.019998010148243955,0.019402985074626865,0.014225967338833152,0.02641350726440622,0.012187539925573067,1.0,0.50255,0.40205,1,1,0.02
05_loss_retention,47,245037905031133264996706666380229090381,20000,0.0,0.04,depolarizing,0.0,0.5,0.2,,0.11,0.95,20000,9899,1979,7920,191,35,0.019294878270532376,0.017685699848408287,0.01274384142769007,0.02449638193571073,0.011752540508020659,1.0,0.49495,0.396,1,1,0.02
05_loss_retention,48,172065370374804856414993053792707229559,20000,0.0,0.04,depolarizing,0.0,0.5,0.2,,0.11,0.95,20000,10079,2015,8064,208,39,0.02063696795316996,0.01935483870967742,0.014190588769795698,0.026348235347924673,0.012157646578128975,1.0,0.50395,0.4032,1,1,0.02
05_loss_retention,49,28739414638621411073485212575644331842,20000,0.0,0.04,depolarizing,0.0,0.5,0.2,,0.11,0.95,20000,10019,2003,8016,198,41,0.019762451342449347,0.020469296055916127,0.015124419718358038,0.027649990010618887,0.012525570292260849,1.0,0.50095,0.4008,1,1,0.02
05_loss_retention,50,239043158236628773863571117284297417948,20000,0.0,0.04,depolarizing,0.0,0.5,0.2,,0.11,0.95,20000,10006,2001,8005,192,42,0.019188486907855285,0.020989505247376312,0.015565719654927299,0.028248946304926213,0.012683226649998915,1.0,0.5003,0.40025,1,1,0.02
05_loss_retention,51,250365262169643187576550149561311742804,20000,0.0,0.04,depolarizing,0.0,0.5,0.2,,0.11,0.95,20000,9942,1988,7954,204,41,0.02051901025950513,0.02062374245472837,0.015238803343888385,0.027857728481248997,0.012618925137360612,1.0,0.4971,0.3977,1,1,0.02
05_loss_retention,52,292908789814645552052497936025612154696,20000,0.0,0.04,depolarizing,0.0,0.5,0.2,,0.11,0.95,20000,10060,2012,8048,193,38,0.01918489065606362,0.018886679920477135,0.01379085784567461,0.02581615513212321,0.012025297286448598,1.0,0.503,0.4024,1,1,0.02
05_loss_retention,53,215083912648198150966106450389571573197,20000,0.0,0.04,depolarizing,0.0,0.5,0.2,,0.11,0.95,20000,10124,2024,8100,224,38,0.022125642038719872,0.018774703557312252,0.013708916244232029,0.0256637173871597,0.01195480114292767,1.0,0.5062,0.405,1,1,0.02
05_loss_retention,54,199156253635121401674392523488373628130,20000,0.0,0.04,depolarizing,0.0,0.5,0.2,,0.11,0.95,20000,9910,1982,7928,211,42,0.021291624621594347,0.02119071644803229,0.01571529122985296,0.028518581736450905,0.012803290506597946,1.0,0.4955,0.3964,1,1,0.02
05_loss_retention,55,123698468833294904826281516203313368985,20000,0.0,0.04,depolarizing,0.0,0.5,0.2,,0.11,0.95,20000,9994,1998,7996,174,32,0.017410446267760657,0.016016016016016016,0.01136762518418958,0.022521901142565706,0.011154275958376127,1.0,0.4997,0.3998,1,1,0.02
05_loss_retention,56,270825967810424268944600798939098551068,20000,0.0,0.04,depolarizing,0.0,0.5,0.2,,0.11,0.95,20000,9989,1997,7992,187,34,0.01872059265191711,0.01702553830746119,0.012209031381333162,0.023696591477480364,0.011487560096147202,1.0,0.49945,0.3996,1,1,0.02
05_loss_retention,57,61625449016237436128708836737402409218,20000,0.0,0.04,depolarizing,0.0,0.5,0.2,,0.11,0.95,20000,9982,1996,7986,205,41,0.02053696653977159,0.020541082164328657,0.01517758430082616,0.02774654773077739,0.01256896342995123,1.0,0.4991,0.3993,1,1,0.02
05_loss_retention,58,43732931390188954461410569272477181460,20000,0.0,0.04,depolarizing,0.0,0.5,0.2,,0.11,0.95,20000,10052,2010,8042,213,41,0.021189812972542778,0.020398009950248756,0.015071626293710002,0.02755410198529906,0.012482475691589057,1.0,0.5026,0.4021,1,1,0.02
05_loss_retention,59,146828775276548549755250739412176793655,20000,0.0,0.04,depolarizing,0.0,0.5,0.2,,0.11,0.95,20000,9952,1990,7962,195,39,0.019594051446945336,0.019597989949748745,0.014369263450232064,0.026677861163728587,0.012308597713496523,1.0,0.4976,0.3981,1,1,0.02
05_loss_retention,60,233673043868641471762559943932190124108,20000,0.0,0.04,depolarizing,0.0,0.5,0.2,,0.11,0.95,20000,9948,1989,7959,216,40,0.021712907117008445,0.020110608345902465,0.014803329873888089,0.027267984153424983,0.012464654279536894,1.0,0.4974,0.39795,1,1,0.02
05_loss_retention,61,256349685949297818316522949801449206994,20000,0.0,0.04,depolarizing,0.0,0.5,0.2,,0.11,0.95,20000,9978,1995,7983,200,42,0.020044097013429546,0.021052631578947368,0.015612644269254027,0.02833354187425338,0.012720897604999351,1.0,0.4989,0.39915,1,1,0.02
05_loss_retention,62,12098827438853880278384747810647133319,20000,0.0,0.04,depolarizing,0.0,0.5,0.2,,0.11,0.95,20000,9985,1997,7988,195,40,0.019529293940911366,0.020030045067601403,0.014743892388131057,0.027159207155853148,0.012415314767722091,1.0,0.49925,0.3994,1,1,0.02
05_loss_retention,63,75151196275024363024172496230170760650,20000,0.0,0.04,depolarizing,0.0,0.5,0.2,,0.11,0.95,20000,9937,1987,7950,198,39,0.019925530844319212,0.019627579265223957,0.014391007233115469,0.026717971313661527,0.012326964080546059,1.0,0.49685,0.3975,1,1,0.02
05_loss_retention,64,203058954683235395320319497470888258317,20000,0.0,0.04,depolarizing,0.0,0.5,0.2,,0.11,0.95,20000,10032,2006,8026,199,34,0.01983652312599681,0.01694915254237288,0.012154143802492294,0.02359069492864236,0.011436551126150066,1.0,0.5016,0.4013,1,1,0.02
05_loss_retention,65,307185241844655922425982251718276653412,20000,0.0,0.04,depolarizing,0.0,0.5,0.2,,0.11,0.95,20000,10061,2012,8049,200,40,0.019878739687903785,0.019880715705765408,0.014633723976542093,0.026957572032293334,0.01232384805575124,1.0,0.50305,0.40245,1,1,0.02
05_loss_retention,66,160188471609443113694194490333749463114,20000,0.0,0.04,depolarizing,0.0,0.5,0.2,,0.11,0.95,20000,9892,1978,7914,193,46,0.019510715729882732,0.023255813953488372,0.017480421463601733,0.030879379666870693,0.01339895820326896,1.0,0.4946,0.3957,1,1,0.02
05_loss_retention,67,135477733211993835130525701176861514152,20000,0.0,0.04,depolarizing,0.0,0.5,0.2,,0.11,0.95,20000,9975,1995,7980,193,35,0.019348370927318295,0.017543859649122806,0.012641422202740588,0.02430070669639691,0.011659284493656323,1.0,0.49875,0.399,1,1,0.02
05_loss_retention,68,326797825179679570042148972695906060540,20000,0.0,0.04,depolarizing,0.0,0.5,0.2,,0.11,0.95,20000,10009,2001,8008,203,41,0.020281746428214606,0.02048975512243878,0.015139571555073672,0.027677509288410354,0.012537937733336682,1.0,0.50045,0.4004,1,1,0.02
05_loss_retention,69,247711705633311500507050975773139707782,20000,0.0,0.04,depolarizing,0.0,0.5,0.2,,0.11,0.95,20000,9944,1988,7956,194,47,0.019509251810136765,0.023641851106639838,0.017825448360400564,0.03129565933991958,0.013470210979519018,1.0,0.4972,0.3978,1,1,0.02
05_loss_retention,70,61830494302549162821135758356171335014,20000,0.0,0.04,depolarizing,0.0,0.5,0.2,,0.11,0.95,20000,10062,2012,8050,186,35,0.018485390578413835,0.01739562624254473,0.012534390307891254,0.024096198123350156,0.011561807815458902,1.0,0.5031,0.4025,1,1,0.02
05_loss_retention,71,335356461527134485462402006860590581116,20000,0.0,0.04,depolarizing,0.0,0.5,0.2,,0.11,0.95,20000,10038,2007,8031,192,45,0.019127316198445904,0.02242152466367713,0.01679893433409321,0.02986882179807331,0.0130698874639801,1.0,0.5019,0.40155,1,1,0.02
05_loss_retention,72,169712578686720397605518829051581763194,20000,0.0,0.04,depolarizing,0.0,0.5,0.2,,0.11,0.95,20000,10079,2015,8064,222,46,0.022025994642325627,0.0228287841191067,0.017158644362958407,0.030314850101871883,0.013156205738913476,1.0,0.50395,0.4032,1,1,0.02
05_loss_retention,73,331257235396634587052731214981582744551,20000,0.0,0.04,depolarizing,0.0,0.5,0.2,,0.11,0.95,20000,9904,1980,7924,207,35,0.02090064620355412,0.017676767676767676,0.012737391629915749,0.024484059959562373,0.011746668329646624,1.0,0.4952,0.3962,1,1,0.02
05_loss_retention,74,75035022774747771426652884030456936842,20000,0.0,0.04,depolarizing,0.0,0.5,0.2,,0.11,0.95,20000,10136,2027,8109,214,49,0.02111286503551697,0.024173655648741982,0.018333482885698773,0.03181393673603441,0.013480453850335635,1.0,0.5068,0.40545,1,1,0.02
05_loss_retention,75,79566899497264198519594029429409641112,20000,0.0,0.04,depolarizing,0.0,0.5,0.2,,0.11,0.95,20000,10035,2007,8028,182,29,0.018136522172396613,0.014449427005480818,0.010079335336169976,0.020674684852454203,0.010595349516284228,1.0,0.50175,0.4014,1,1,0.02
05_loss_retention,76,258510011417734088996450151818834509379,20000,0.0,0.04,depolarizing,0.0,0.5,0.2,,0.11,0.95,20000,9952,1990,7962,210,32,0.02110128617363344,0.016080402010050253,0.011413413913328101,0.02261208922814063,0.011198675314812528,1.0,0.4976,0.3981,1,1,0.02
05_loss_retention,77,45025764089585675829951698533121111958,20000,0.0,0.04,depolarizing,0.0,0.5,0.2,,0.11,0.95,20000,9958,1991,7967,199,37,0.019983932516569592,0.01858362631843295,0.013512286389482375,0.025509089708602266,0.01199680331911989,1.0,0.4979,0.39835,1,1,0.02
05_loss_retention,78,83072341890826137604812108774864294501,20000,0.0,0.04,depolarizing,0.0,0.5,0.2,,0.11,0.95,20000,10128,2025,8103,201,24,0.019845971563981043,0.011851851851851851,0.007977279385042196,0.017574967980224107,0.00959768859518191,1.0,0.5064,0.40515,1,1,0.02
05_loss_retention,79,45120355267787783422923248291486661519,20000,0.0,0.04,depolarizing,0.0,0.5,0.2,,0.11,0.95,20000,9983,1996,7987,206,47,0.020635079635380145,0.023547094188376753,0.01775382207649488,0.031170785616352534,0.013416963539857656,1.0,0.49915,0.39935,1,1,0.02
05_loss_retention,80,206119609120584543119640208214763707345,20000,0.0,0.04,depolarizing,0.0,0.5,0.2,,0.11,0.95,20000,9976,1995,7981,210,44,0.021050521251002405,0.02205513784461153,0.01647018352307448,0.029477161833110048,0.013006978310035569,1.0,0.4988,0.39905,1,1,0.02
05_loss_retention,81,77332025342738261277471036602184523081,20000,0.0,0.04,depolarizing,0.0,0.5,0.2,,0.11,0.95,20000,10037,2007,8030,218,37,0.02171963734183521,0.018435475834578975,0.013404333355072476,0.025306554805322873,0.011902221450250397,1.0,0.50185,0.4015,1,1,0.02
05_loss_retention,82,107979720106673032370340056577474331460,20000,0.0,0.04,depolarizing,0.0,0.5,0.2,,0.11,0.95,20000,10092,2018,8074,217,46,0.021502179944510504,0.022794846382556987,0.017133072763075186,0.03026998072688382,0.013136907963808633,1.0,0.5046,0.4037,1,1,0.02
05_loss_retention,83,206274840320612105936040638827825937760,20000,0.0,0.04,depolarizing,0.0,0.5,0.2,,0.11,0.95,20000,9911,1982,7929,229,54,0.023105640197760065,0.027245206861755803,0.02094139282946134,0.0353780370645605,0.014436644235099157,1.0,0.49555,0.39645,1,1,0.02
05_loss_retention,84,140008145203596018362701925760107366155,20000,0.0,0.04,depolarizing,0.0,0.5,0.2,,0.11,0.95,20000,10098,2019,8079,175,35,0.017330164388987917,0.01733531451213472,0.012490843320961585,0.02401298573529244,0.011522142414330853,1.0,0.5049,0.40395,1,1,0.02
05_loss_retention,85,52021197011623568916345096616823258731,20000,0.0,0.04,depolarizing,0.0,0.5,0.2,,0.11,0.95,20000,9844,1968,7876,206,41,0.02092645266151971,0.020833333333333332,0.01539403360767825,0.02813961786145843,0.012745584253780182,1.0,0.4922,0.3938,1,1,0.02
05_loss_retention,86,116931954227954151952303745125635662104,20000,0.0,0.04,depolarizing,0.0,0.5,0.2,,0.11,0.95,20000,10055,2011,8044,220,58,0.02187966185977126,0.028841372451516658,0.022376969724505962,0.03710237952952342,0.01472540980501746,1.0,0.50275,0.4022,1,1,0.02
05_loss_retention,87,203872555884063563170337276475684705278,20000,0.0,0.04,depolarizing,0.0,0.5,0.2,,0.11,0.95,20000,9913,1982,7931,226,54,0.022798345606778975,0.027245206861755803,0.02094139282946134,0.0353780370645605,0.014436644235099157,1.0,0.49565,0.39655,1,1,0.02
05_loss_retention,88,195060207973465775617584958213108521190,20000,0.0,0.04,depolarizing,0.0,0.5,0.2,,0.11,0.95,20000,10018,2003,8015,199,37,0.019864244360151728,0.018472291562656017,0.013431159576485538,0.02535688642413731,0.011925726847651773,1.0,0.5009,0.40075,1,1,0.02
05_loss_retention,89,174351672034329177652372862189720254915,20000,0.0,0.04,depolarizing,0.0,0.5,0.2,,0.11,0.95,20000,10038,2007,8031,207,44,0.020621637776449493,0.02192326856003986,0.016371468886547266,0.02930167874914786,0.012930209862600593,1.0,0.5019,0.40155,1,1,0.02
05_loss_retention,90,46442498669366667571598472630338266538,20000,0.0,0.04,depolarizing,0.0,0.5,0.2,,0.11,0.95,20000,10093,2018,8075,200,37,0.019815713861091846,0.018334985133795837,0.01333111078046648,0.025169167508464107,0.011838056727997627,1.0,0.50465,0.40375,1,1,0.02
05_loss_retention,91,251612948216767356951769154354756199583,20000,0.0,0.04,depolarizing,0.0,0.5,0.2,,0.11,0.95,20000,10077,2015,8062,197,33,0.01954946908802223,0.016377171215880892,0.011685011119909359,0.02290980984314536,0.011224798723236,1.0,0.50385,0.4031,1,1,0.02
05_loss_retention,92,184426837014822099597810257642446105342,20000,0.0,0.04,depolarizing,0.0,0.5,0.2,,0.11,0.95,20000,9921,1984,7937,179,38,0.018042536034673925,0.019153225806451613,0.013985918279147387,0.02617898444305504,0.012193066163907652,1.0,0.49605,0.39685,1,1,0.02
05_loss_retention,93,131471232500854848276660733335655877637,20000,0.0,0.04,depolarizing,0.0,0.5,0.2,,0.11,0.95,20000,9955,1991,7964,171,36,0.017177297840281266,0.01808136614766449,0.013089016834023002,0.02492977332363189,0.011840756489608889,1.0,0.49775,0.3982,1,1,0.02
05_loss_retention,94,81060474536296580300948586651690770705,20000,0.0,0.04,depolarizing,0.0,0.5,0.2,,0.11,0.95,20000,9954,1990,7964,200,38,0.020092425155716295,0.019095477386934675,0.013943656493080419,0.02610037933909567,0.012156722846015253,1.0,0.4977,0.3982,1,1,0.02
05_loss_retention,95,157075897397666464832102178880285706126,20000,0.0,0.04,depolarizing,0.0,0.5,0.2,,0.11,0.95,20000,10037,2007,8030,199,46,0.019826641426721133,0.0229197807673144,0.01722720997455565,0.030435154654082267,0.013207944679526615,1.0,0.50185,0.4015,1,1,0.02
05_loss_retention,96,193788867847478227795616875768159451891,20000,0.0,0.04,depolarizing,0.0,0.5,0.2,,0.11,0.95,20000,10066,2013,8053,212,42,0.021060997417047488,0.020864381520119227,0.015472711586434904,0.028081261600955632,0.012608550014520728,1.0,0.5033,0.40265,1,1,0.02
05_loss_retention,97,161852103741630352785796659475038715631,20000,0.0,0.04,depolarizing,0.0,0.5,0.2,,0.11,0.95,20000,9863,1972,7891,175,28,0.017743080198722498,0.014198782961460446,0.009841813692956565,0.020444755380460516,0.01060294168750395,1.0,0.49315,0.39455,1,1,0.02
05_loss_retention,98,148357430041311646279211963650969674842,20000,0.0,0.04,depolarizing,0.0,0.5,0.2,,0.11,0.95,20000,9921,1984,7937,222,44,0.022376776534623527,0.02217741935483871,0.016561723529873555,0.029639877917346465,0.01307815438747291,1.0,0.49605,0.39685,1,1,0.02
05_loss_retention,99,83957109477921120794719730316959736548,20000,0.0,0.04,depolarizing,0.0,0.5,0.2,,0.11,0.95,20000,9950,1990,7960,182,41,0.01829145728643216,0.020603015075376884,0.01522345233020399,0.027829849847325776,0.012606397517121786,1.0,0.4975,0.398,1,1,0.02
05_loss_retention,100,117068884174146233003836917216243372476,20000,0.0,0.04,depolarizing,0.0,0.5,0.2,,0.11,0.95,20000,10056,2011,8045,220,49,0.021877486077963405,0.024365987071108902,0.018479726743306342,0.03206591712105155,0.013586190377745208,1.0,0.5028,0.40225,1,1,0.02
05_loss_retention,101,33464637213046079754745129271176491364,20000,0.0,0.04,depolarizing,0.0,0.5,0.2,,0.11,0.95,20000,10139,2027,8112,194,46,0.01913403688726699,0.022693635915145536,0.017056813247824314,0.030136165999481913,0.0130793527516576,1.0,0.50695,0.4056,1,1,0.02
05_loss_retention,102,148716469933144948796546066792416586554,20000,0.0,0.04,depolarizing,0.0,0.5,0.2,,0.11,0.95,20000,10041,2008,8033,204,43,0.020316701523752614,0.02141434262948207,0.0159368806171158,0.028719450738814,0.0127825701216982,1.0,0.50205,0.40165,1,1,0.02
05_loss_retention,103,266837330295112517452505283758775503094,20000,0.0,0.04,depolarizing,0.0,0.5,0.2,,0.11,0.95,20000,10035,2007,8028,184,34,0.01833582461385152,0.016940707523667164,0.012148075631318141,0.023578987039663015,0.011430911408344874,1.0,0.50175,0.4014,1,1,0.02
05_loss_retention,104,120878227604590853052222498664181396799,20000,0.0,0.04,depolarizing,0.0,0.5,0.2,,0.11,0.95,20000,10009,2001,8008,201,40,0.020081926266360274,0.01999000499750125,0.014714352276158301,0.027105143450956253,0.012390791174797952,1.0,0.50045,0.4004,1,1,0.02
05_loss_retention,105,53887039971214965282312706186906121397,20000,0.0,0.04,depolarizing,0.0,0.5,0.2,,0.11,0.95,20000,9990,1998,7992,231,43,0.02312312312312312,0.021521521521521522,0.016016835629210063,0.028862571990622473,0.01284573636141241,1.0,0.4995,0.3996,1,1,0.02
05_loss_retention,106,256296857031571083838214859024421315419,20000,0.0,0.04,depolarizing,0.0,0.5,0.2,,0.11,0.95,20000,10047,2009,8038,205,51,0.02040410072658505,0.02538576406172225,0.019360560024421374,0.03322254748107769,0.013861987456656316,1.0,0.50235,0.4019,1,1,0.02
05_loss_retention,107,200253373510564666165824189138006107489,20000,0.0,0.04,depolarizing,0.0,0.5,0.2,,0.11,0.95,20000,10031,2006,8025,213,45,0.02123417406041272,0.02243270189431705,0.01680732925120907,0.02988364650155357,0.013076317250344499,1.0,0.50155,0.40125,1,1,0.02
05_loss_retention,108,134994806155572535927227675479534623081,20000,0.0,0.04,depolarizing,0.0,0.5,0.2,,0.11,0.95,20000,10049,2009,8040,198,45,0.019703453079908447,0.022399203583872575,0.016782169633634277,0.029839216471794515,0.013057046838160238,1.0,0.50245,0.402,1,1,0.02
05_loss_retention,109,160909868340388728454249965494484700299,20000,0.0,0.04,depolarizing,0.0,0.5,0.2,,0.11,0.95,20000,10073,2014,8059,199,35,0.019755782785664647,0.01737835153922542,0.012521917358832884,0.024072364366278447,0.011550447007445563,1.0,0.50365,0.40295,1,1,0.02
05_loss_retention,110,13266681045851913622807031346860490536,20000,0.0,0.04,depolarizing,0.0,0.5,0.2,,0.11,0.95,20000,9912,1982,7930,195,41,0.01967312348668281,0.020686175580221997,0.015285042706544539,0.027941700515782826,0.012656657809238287,1.0,0.4956,0.3965,1,1,0.02
05_loss_retention,111,331993598696735729651482911061732556868,20000,0.0,0.04,depolarizing,0.0,0.5,0.2,,0.11,0.95,20000,9962,1992,7970,202,35,0.02027705280064244,0.017570281124497992,0.01266050022000757,0.02433715733157255,0.01167665711156498,1.0,0.4981,0.3985,1,1,0.02
05_loss_retention,112,332533100217330003871429046297191408971,20000,0.0,0.04,depolarizing,0.0,0.5,0.2,,0.11,0.95,20000,10014,2002,8012,209,47,0.020870780906730578,0.023476523476523476,0.017700478983489594,0.031077782324469713,0.01337730334098012,1.0,0.5007,0.4006,1,1,0.02
05_loss_retention,113,329265946949552027550705072785291811838,20000,0.0,0.04,depolarizing,0.0,0.5,0.2,,0.11,0.95,20000,10008,2001,8007,194,48,0.01938449240607514,0.0239880059970015,0.01814046313987106,0.03165971351819932,0.013519250378328261,1.0,0.5004,0.40035,1,1,0.02
05_loss_retention,114,243381872722991542397501891766941964189,20000,0.0,0.04,depolarizing,0.0,0.5,0.2,,0.11,0.95,20000,9994,1998,7996,172,29,0.01721032619571743,0.014514514514514515,0.01012482063265471,0.02076746534144315,0.01064264470878844,1.0,0.4997,0.3998,1,1,0.02
05_loss_retention,115,148776793259171943358305295555570977893,20000,0.0,0.04,depolarizing,0.0,0.5,0.2,,0.11,0.95,20000,10054,2010,8044,187,37,0.018599562363238512,0.018407960199004977,0.013384283908713749,0.02526893701875594,0.011884653110042191,1.0,0.5027,0.4022,1,1,0.02
05_loss_retention,116,151911061314506104398889722220276894473,20000,0.0,0.04,depolarizing,0.0,0.5,0.2,,0.11,0.95,20000,9940,1988,7952,198,43,0.019919517102615695,0.021629778672032193,0.01609759696237621,0.029007126821155426,0.012909529858779217,1.0,0.497,0.3976,1,1,0.02
05_loss_retention,117,49968530347490713557025653522733070879,20000,0.0,0.04,depolarizing,0.0,0.5,0.2,,0.11,0.95,20000,10141,2028,8113,210,35,0.020708016960851987,0.01725838264299803,0.01243529697465728,0.023906839120721255,0.011471542146063975,1.0,0.50705,0.40565,1,1,0.02
05_loss_retention,118,2302966876952152948945560142817447619,20000,0.0,0.04,depolarizing,0.0,0.5,0.2,,0.11,0.95,20000,9921,1984,7937,195,42,0.01965527668581796,0.021169354838709676,0.015699411625427158,0.028489956913453657,0.012790545288026499,1.0,0.49605,0.39685,1,1,0.02
05_loss_retention,119,4578184123249519200612949064089575883,20000,0.0,0.04,depolarizing,0.0,0.5,0.2,,0.11,0.95,20000,9989,1997,7992,211,44,0.021123235559115026,0.022033049574361543,0.016453648496494933,0.029447768837603052,0.012994120341108119,1.0,0.49945,0.3996,1,1,0.02
05_loss_retention,120,88834921051567721101683611363342110182,20000,0.0,0.04,depolarizing,0.0,0.5,0.2,,0.11,0.95,20000,9961,1992,7969,211,48,0.021182612187531372,0.024096385542168676,0.018222634747712227,0.03180210964240011,0.01357947489468788,1.0,0.49805,0.39845,1,1,0.02
05_loss_retention,121,62894977249027987007966679207146161853,20000,0.0,0.04,depolarizing,0.0,0.5,0.2,,0.11,0.95,20000,9955,1991,7964,190,43,0.019085886489201405,0.021597187343043698,0.01607328317406476,0.028963608566598385,0.012890325392533625,1.0,0.49775,0.3982,1,1,0.02
05_loss_retention,122,300666271018599313335754487833387350767,20000,0.0,0.04,depolarizing,0.0,0.5,0.2,,0.11,0.95,20000,9913,1982,7931,188,42,0.018964995460506406,0.02119071644803229,0.01571529122985296,0.028518581736450905,0.012803290506597946,1.0,0.49565,0.39655,1,1,0.02
05_loss_retention,123,185803543183875225302403433300197403412,20000,0.0,0.04,depolarizing,0.0,0.5,0.2,,0.11,0.95,20000,9961,1992,7969,176,32,0.017668908744102,0.01606425702811245,0.011401932183676475,0.022589474559011592,0.011187542375335117,1.0,0.49805,0.39845,1,1,0.02
05_loss_retention,124,295843351907974744899441873988900738006,20000,0.0,0.04,depolarizing,0.0,0.5,0.2,,0.11,0.95,20000,9977,1995,7982,198,44,0.019845644983461964,0.02205513784461153,0.01647018352307448,0.029477161833110048,0.013006978310035569,1.0,0.49885,0.3991,1,1,0.02
05_loss_retention,125,90930901851755048887571766524312387665,20000,0.0,0.04,depolarizing,0.0,0.5,0.2,,0.11,0.95,20000,9928,1985,7943,157,33,0.01581385979049154,0.01662468513853904,0.011861965915111935,0.023254688814173217,0.011392722899061283,1.0,0.4964,0.39715,1,1,0.02
05_loss_retention,126,267167270885138291506824594467921303374,20000,0.0,0.04,depolarizing,0.0,0.5,0.2,,0.11,0.95,20000,9925,1985,7940,177,33,0.01783375314861461,0.01662468513853904,0.011861965915111935,0.023254688814173217,0.011392722899061283,1.0,0.49625,0.397,1,1,0.02
05_loss_retention,127,326794009544349267339824914420485712177,20000,0.0,0.04,depolarizing,0.0,0.5,0.2,,0.11,0.95,20000,9919,1983,7936,201,44,0.020264139530194576,0.022188603126575897,0.016570095831618108,0.029654759409326666,0.013084663577708558,1.0,0.49595,0.3968,1,1,0.02
05_loss_retention,128,102660951053759652845821188326942736947,20000,0.0,0.04,depolarizing,0.0,0.5,0.2,,0.11,0.95,20000,9893,1978,7915,178,30,0.017992519963610634,0.015166835187057633,0.010644405187204307,0.02156879659871622,0.010924391411511913,1.0,0.49465,0.39575,1,1,0.02
05_loss_retention,129,261333714860573832333481851208574242553,20000,0.0,0.04,depolarizing,0.0,0.5,0.2,,0.11,0.95,20000,9812,1962,7850,211,37,0.02150428047289034,0.018858307849133536,0.013712448914487316,0.025884568673793233,0.012172119759305917,1.0,0.4906,0.3925,1,1,0.02
05_loss_retention,130,196519956576800289992807374523013435721,20000,0.0,0.04,depolarizing,0.0,0.5,0.2,,0.11,0.95,20000,9996,1999,7997,208,43,0.020808323329331732,0.021510755377688845,0.01600880404369933,0.028848195707840786,0.012839391664141456,1.0,0.4998,0.39985,1,1,0.02
05_loss_retention,131,99748810893491795936594209621573317480,20000,0.0,0.04,depolarizing,0.0,0.5,0.2,,0.11,0.95,20000,9969,1993,7976,216,45,0.021667168221486607,0.022579026593075764,0.016917231700679068,0.0300777154475615,0.013160483746882431,1.0,0.49845,0.3988,1,1,0.02
05_loss_retention,132,6046838840052694083882869476929471678,20000,0.0,0.04,depolarizing,0.0,0.5,0.2,,0.11,0.95,20000,9963,1992,7971,199,32,0.019973903442738132,0.01606425702811245,0.011401932183676475,0.022589474559011592,0.011187542375335117,1.0,0.49815,0.39855,1,1,0.02
05_loss_retention,133,302542763890059907179207197164107973479,20000,0.0,0.04,depolarizing,0.0,0.5,0.2,,0.11,0.95,20000,10038,2007,8031,204,40,0.020322773460848775,0.019930244145490782,0.014670263389654277,0.027024450260155264,0.012354186870500987,1.0,0.5019,0.40155,1,1,0.02
05_loss_retention,134,333675354623139702859462753995601153971,20000,0.0,0.04,depolarizing,0.0,0.5,0.2,,0.11,0.95,20000,10019,2003,8016,166,41,0.016568519812356523,0.020469296055916127,0.015124419718358038,0.027649990010618887,0.012525570292260849,1.0,0.50095,0.4008,1,1,0.02
05_loss_retention,135,15834982212978265076604154657876643390,20000,0.0,0.04,depolarizing,0.0,0.5,0.2,,0.11,0.95,20000,9979,1995,7984,205,39,0.020543140595250024,0.019548872180451128,0.01433316946157398,0.026611277862917754,0.012278108401343774,1.0,0.49895,0.3992,1,1,0.02
05_loss_retention,136,54793995509430074795944469335503151786,20000,0.0,0.04,depolarizing,0.0,0.5,0.2,,0.11,0.95,20000,9983,1996,7987,211,55,0.021135931082840828,0.02755511022044088,0.02123107981652233,0.03569416209131691,0.014463082274794578,1.0,0.49915,0.39935,1,1,0.02
05_loss_retention,137,262303439445665783306157430057332151955,20000,0.0,0.04,depolarizing,0.0,0.5,0.2,,0.11,0.95,20000,10057,2011,8046,197,41,0.01958834642537536,0.020387866732968673,0.015064114447978618,0.02754045795889351,0.012476343510914893,1.0,0.50285,0.4023,1,1,0.02
05_loss_retention,138,123420368142146298360994889088073548007,20000,0.0,0.04,depolarizing,0.0,0.5,0.2,,0.11,0.95,20000,9997,1999,7998,219,46,0.021906571971591477,0.02301150575287644,0.017296325766245697,0.030556417843888652,0.013260092077642956,1.0,0.49985,0.3999,1,1,0.02
05_loss_retention,139,184420370450154793584150287533363002409,20000,0.0,0.04,depolarizing,0.0,0.5,0.2,,0.11,0.95,20000,9970,1994,7976,210,40,0.02106318956870612,0.020060180541624874,0.014766125426714488,0.027199896677053893,0.012433771250339405,1.0,0.4985,0.3988,1,1,0.02
05_loss_retention,140,296832990916832706515701114749536419573,20000,0.0,0.04,depolarizing,0.0,0.5,0.2,,0.11,0.95,20000,9998,1999,7999,171,29,0.017103420684136828,0.014507253626813406,0.010119746447986671,0.020757115296780378,0.010637368848793707,1.0,0.4999,0.39995,1,1,0.02
05_loss_retention,141,7827497963552577501526225327206959165,20000,0.0,0.04,depolarizing,0.0,0.5,0.2,,0.11,0.95,20000,10072,2014,8058,214,46,0.02124702144559174,0.022840119165839126,0.017167185201088217,0.03032983613412988,0.013162650933041663,1.0,0.5036,0.4029,1,1,0.02
05_loss_retention,142,162688469092389656000315058006893494044,20000,0.0,0.04,depolarizing,0.0,0.5,0.2,,0.11,0.95,20000,10062,2012,8050,182,45,0.01808785529715762,0.022365805168986085,0.01675708522953471,0.02979491835689474,0.013037833127360031,1.0,0.5031,0.4025,1,1,0.02
05_loss_retention,143,262405450405142150319720563877652689856,20000,0.0,0.04,depolarizing,0.0,0.5,0.2,,0.11,0.95,20000,9863,1972,7891,176,40,0.017844469228429485,0.02028397565922921,0.01493123947241155,0.02750205316167253,0.012570813689260982,1.0,0.49315,0.39455,1,1,0.02
05_loss_retention,144,92332231875317925477672410166010297473,20000,0.0,0.04,depolarizing,0.0,0.5,0.2,,0.11,0.95,20000,9974,1994,7980,189,40,0.018949268097052337,0.020060180541624874,0.014766125426714488,0.027199896677053893,0.012433771250339405,1.0,0.4987,0.399,1,1,0.02
05_loss_retention,145,198256788747588508024715477293229257295,20000,0.0,0.04,depolarizing,0.0,0.5,0.2,,0.11,0.95,20000,9978,1995,7983,207,33,0.02074564040889958,0.016541353383458645,0.01180238846776838,0.023138581218691997,0.011336192750923617,1.0,0.4989,0.39915,1,1,0.02
05_loss_retention,146,112596036240907386250220437769081652366,20000,0.0,0.04,depolarizing,0.0,0.5,0.2,,0.11,0.95,20000,10009,2001,8008,224,44,0.022379858127685084,0.021989005497251374,0.016420677845819964,0.029389158346772505,0.01296848050095254,1.0,0.50045,0.4004,1,1,0.02
05_loss_retention,147,242270424030875596650861683917467581132,20000,0.0,0.04,depolarizing,0.0,0.5,0.2,,0.11,0.95,20000,10028,2005,8023,185,27,0.01844834463502194,0.013466334164588529,0.009271275620480881,0.01952216577665675,0.01025089015617587,1.0,0.5014,0.40115,1,1,0.02
05_loss_retention,148,286513593687495228344992824484025226283,20000,0.0,0.04,depolarizing,0.0,0.5,0.2,,0.11,0.95,20000,10016,2003,8013,181,46,0.01807108626198083,0.022965551672491265,0.017261698684831503,0.030495665704588018,0.013233967019756515,1.0,0.5008,0.40065,1,1,0.02
05_loss_retention,149,216998773555700558255211360642317426676,20000,0.0,0.04,depolarizing,0.0,0.5,0.2,,0.11,0.95,20000,9963,1992,7971,211,41,0.021178359931747465,0.020582329317269075,0.015208132213862448,0.02780202695550177,0.01259389474163932,1.0,0.49815,0.39855,1,1,0.02
05_loss_retention,0,168610727044748138502600937742494375779,20000,0.0,0.04,depolarizing,0.1,0.5,0.2,,0.11,0.95,17963,8987,1797,7190,156,31,0.017358406587292756,0.01725097384529772,0.012179561895609814,0.024381934674894135,0.01220237277928432,0.89815,0.44935,0.3595,1,1,0.02
05_loss_retention,1,177976238349536556154571299145575489908,20000,0.0,0.04,depolarizing,0.1,0.5,0.2,,0.11,0.95,17973,9024,1804,7220,174,28,0.01928191489361702,0.015521064301552107,0.01076015517523925,0.02234089941598048,0.01158074424074123,0.89865,0.4512,0.361,1,1,0.02
05_loss_retention,2,38661327540518905333011372462259430141,20000,0.0,0.04,depolarizing,0.1,0.5,0.2,,0.11,0.95,18025,9095,1819,7276,180,30,0.019791094007696537,0.016492578339747113,0.01157675153287342,0.023446293675894764,0.011869542143021343,0.90125,0.45475,0.3638,1,1,0.02
05_loss_retention,3,87769341137943989456987656550222309346,20000,0.0,0.04,depolarizing,0.1,0.5,0.2,,0.11,0.95,18027,9139,1827,7312,193,25,0.021118284276179015,0.013683634373289545,0.009285604745194336,0.020122435236255065,0.010836830491060729,0.90135,0.45695,0.3656,1,1,0.02
05_loss_retention,4,334293526014309177010266298061800454113,20000,0.0,0.04,depolarizing,0.1,0.5,0.2,,0.11,0.95,17958,9047,1809,7238,172,29,0.019011827125013817,0.016030956329463792,0.011184771821570273,0.022928227150178636,0.011743455328608363,0.8979,0.45235,0.3619,1,1,0.02
05_loss_retention,5,267202045135450381120767124620289003889,20000,0.0,0.04,depolarizing,0.1,0.5,0.2,,0.11,0.95,17977,8940,1788,7152,179,41,0.020022371364653242,0.022930648769574943,0.016947785167279898,0.030959053017606687,0.014011267850326789,0.89885,0.447,0.3576,1,1,0.02
05_loss_retention,6,39134199211340043920081405574352657769,20000,0.0,0.04,depolarizing,0.1,0.5,0.2,,0.11,0.95,18017,8945,1789,7156,166,38,0.018557853549468976,0.021240916713247623,0.015514125884334424,0.029019348298716156,0.013505222414381733,0.90085,0.44725,0.3578,1,1,0.02
05_loss_retention,7,201649691960153038388929031066182930197,20000,0.0,0.04,depolarizing,0.1,0.5,0.2,,0.11,0.95,17961,8909,1781,7128,186,46,0.020877764058816927,0.02582818641212802,0.01941940145483994,0.03427806189522134,0.0148586604403814,0.89805,0.44545,0.3564,1,1,0.02
05_loss_retention,8,198194591139236556465508337944039680496,20000,0.0,0.04,depolarizing,0.1,0.5,0.2,,0.11,0.95,17989,9117,1823,7294,163,36,0.017878688164966548,0.019747668678003292,0.014298051526616354,0.027217022731471203,0.01291897120485485,0.89945,0.45585,0.3647,1,1,0.02
05_loss_retention,9,38151234291113794014503522787840437771,20000,0.0,0.04,depolarizing,0.1,0.5,0.2,,0.11,0.95,17946,9118,1823,7295,172,30,0.018863785917964466,0.016456390565002744,0.011551297898073375,0.02339506184893312,0.011843763950859745,0.8973,0.4559,0.36475,1,1,0.02
05_loss_retention,10,151356748804708659861620276955765994508,20000,0.0,0.04,depolarizing,0.1,0.5,0.2,,0.11,0.95,17950,9065,1813,7252,195,40,0.02151130722559294,0.02206287920573635,0.016243999604598918,0.029902822075216415,0.013658822470617497,0.8975,0.45325,0.3626,1,1,0.02
05_loss_retention,11,237387576497894734615597006449263057039,20000,0.0,0.04,depolarizing,0.1,0.5,0.2,,0.11,0.95,18062,9038,1807,7231,181,30,0.020026554547466255,0.016602102933038185,0.011653789976137516,0.023601344320528475,0.01194755434439096,0.9031,0.4519,0.36155,1,1,0.02
05_loss_retention,12,234089280545355788257901299780346672282,20000,0.0,0.04,depolarizing,0.1,0.5,0.2,,0.11,0.95,17967,8966,1793,7173,210,39,0.023421815748382778,0.021751254880089235,0.015951983443475797,0.029595417758190846,0.013643434314715049,0.89835,0.4483,0.35865,1,1,0.02
05_loss_retention,13,202699046156251347373498043214254985537,20000,0.0,0.04,depolarizing,0.1,0.5,0.2,,0.11,0.95,17979,9009,1801,7208,178,40,0.01975801975801976,0.02220988339811216,0.016352506790661494,0.03010113511286459,0.013748628322203096,0.89895,0.45045,0.3604,1,1,0.02
05_loss_retention,14,83229340326772963866644970845879114055,20000,0.0,0.04,depolarizing,0.1,0.5,0.2,,0.11,0.95,17975,8998,1799,7199,166,47,0.01844854412091576,0.02612562534741523,0.019703447125784798,0.03456724780525804,0.014863800679473245,0.89875,0.4499,0.35995,1,1,0.02
05_loss_retention,15,338725132330326079627463881705151850461,20000,0.0,0.04,depolarizing,0.1,0.5,0.2,,0.11,0.95,18007,8946,1789,7157,153,28,0.01710261569416499,0.015651201788708775,0.010850554099301028,0.022527444008828956,0.011676889909527928,0.90035,0.4473,0.35785,1,1,0.02
05_loss_retention,16,213962332271204323429556194275805430608,20000,0.0,0.04,depolarizing,0.1,0.5,0.2,,0.11,0.95,18094,9061,1812,7249,194,42,0.021410440348747378,0.023178807947019868,0.01719351587741845,0.031181554751128125,0.013988038873709675,0.9047,0.45305,0.36245,1,1,0.02
05_loss_retention,17,144709204825846565926458959351582716512,20000,0.0,0.04,depolarizing,0.1,0.5,0.2,,0.11,0.95,18108,9114,1822,7292,188,32,0.020627605881062102,0.01756311745334797,0.012468061597165906,0.024688208731207913,0.012220147134042007,0.9054,0.4557,0.3646,1,1,0.02
05_loss_retention,18,238257811815890227037540634587668203472,20000,0.0,0.04,depolarizing,0.1,0.5,0.2,,0.11,0.95,17968,8995,1799,7196,175,33,0.019455252918287938,0.018343524180100056,0.013091106862273657,0.025648549627754053,0.012557442765480396,0.8984,0.44975,0.3598,1,1,0.02
05_loss_retention,19,210139943241815150516354433325905680011,20000,0.0,0.04,depolarizing,0.1,0.5,0.2,,0.11,0.95,18006,9062,1812,7250,162,39,0.017876848377841537,0.02152317880794702,0.015784302820335924,0.029286514581226435,0.01350221176089051,0.9003,0.4531,0.3625,1,1,0.02
05_loss_retention,20,53550713381401188446152859289598212860,20000,0.0,0.04,depolarizing,0.1,0.5,0.2,,0.11,0.95,18006,8870,1774,7096,189,35,0.021307779030439684,0.019729425028184894,0.014219948813772594,0.027314383988701146,0.013094435174928552,0.9003,0.4435,0.3548,1,1,0.02
05_loss_retention,21,340130727863972774525531320439681617039,20000,0.0,0.04,depolarizing,0.1,0.5,0.2,,0.11,0.95,18043,8937,1787,7150,173,41,0.01935772630636679,0.02294348069390039,0.01695729370593,0.030976295500354335,0.014019001794424335,0.90215,0.44685,0.3575,1,1,0.02
05_loss_retention,22,163351732292833455580924508105403451186,20000,0.0,0.04,depolarizing,0.1,0.5,0.2,,0.11,0.95,18001,8995,1799,7196,174,36,0.01934408004446915,0.020011117287381877,0.014489248065971223,0.027578488089988293,0.01308924002401707,0.90005,0.44975,0.3598,1,1,0.02
05_loss_retention,23,12987538715294024806861791986599695438,20000,0.0,0.04,depolarizing,0.1,0.5,0.2,,0.11,0.95,17931,9004,1800,7204,193,40,0.021434917814304753,0.022222222222222223,0.016361614527740365,0.03011777999482901,0.013756165467088646,0.89655,0.4502,0.3602,1,1,0.02
05_loss_retention,24,212871567516485289755847384660220486509,20000,0.0,0.04,depolarizing,0.1,0.5,0.2,,0.11,0.95,18030,9126,1825,7301,196,47,0.021477098400175323,0.025753424657534246,0.019421959009011367,0.034077188415055665,0.014655229406044298,0.9015,0.4563,0.36505,1,1,0.02
05_loss_retention,25,115331000852394026778926829713333958174,20000,0.0,0.04,depolarizing,0.1,0.5,0.2,,0.11,0.95,17963,9022,1804,7218,177,45,0.019618709820438927,0.024944567627494457,0.01869444867252762,0.03321356481108257,0.01451911613855495,0.89815,0.4511,0.3609,1,1,0.02
05_loss_retention,26,243845479407774602671698309171844645976,20000,0.0,0.04,depolarizing,0.1,0.5,0.2,,0.11,0.95,17976,8985,1797,7188,161,30,0.017918753478018922,0.01669449081803005,0.011718776281651647,0.02373212835406325,0.012013352072411602,0.8988,0.44925,0.3594,1,1,0.02
05_loss_retention,27,158282253523803600055353062509583457140,20000,0.0,0.04,depolarizing,0.1,0.5,0.2,,0.11,0.95,17918,8985,1797,7188,174,34,0.019365609348914858,0.018920422927100722,0.013570938547325512,0.02632233382754556,0.012751395280220047,0.8959,0.44925,0.3594,1,1,0.02
05_loss_retention,28,165058207549662430039519391602052825278,20000,0.0,0.04,depolarizing,0.1,0.5,0.2,,0.11,0.95,18059,8912,1782,7130,181,33,0.020309694793536805,0.018518518518518517,0.013216274045268392,0.025892157711498477,0.012675883666230086,0.90295,0.4456,0.3565,1,1,0.02
05_loss_retention,29,4405158931366305929979822640170114130,20000,0.0,0.04,depolarizing,0.1,0.5,0.2,,0.11,0.95,17975,8899,1779,7120,176,47,0.019777503090234856,0.026419336706014616,0.019925591390365857,0.03495391476909593,0.015028323378730071,0.89875,0.44495,0.356,1,1,0.02
05_loss_retention,30,42910239023745308208310858849644527393,20000,0.0,0.04,depolarizing,0.1,0.5,0.2,,0.11,0.95,18053,9014,1802,7212,161,31,0.017861104947858888,0.017203107658157604,0.012145695575669389,0.024314569803159564,0.012168874227490176,0.90265,0.4507,0.3606,1,1,0.02
05_loss_retention,31,306289688962333766633062061459198375415,20000,0.0,0.04,depolarizing,0.1,0.5,0.2,,0.11,0.95,17948,8936,1787,7149,210,41,0.023500447627573858,0.02294348069390039,0.01695729370593,0.030976295500354335,0.014019001794424335,0.8974,0.4468,0.35745,1,1,0.02
05_loss_retention,32,271776820145464368239953835243906890755,20000,0.0,0.04,depolarizing,0.1,0.5,0.2,,0.11,0.95,17979,9078,1815,7263,200,33,0.022031284423881914,0.01818181818181818,0.012975449090267597,0.025423422060370314,0.012447972970102717,0.89895,0.4539,0.36315,1,1,0.02
05_loss_retention,33,120013785921475622496661879505062797076,20000,0.0,0.04,depolarizing,0.1,0.5,0.2,,0.11,0.95,18070,8999,1799,7200,157,36,0.017446382931436827,0.020011117287381877,0.014489248065971223,0.027578488089988293,0.01308924002401707,0.9035,0.44995,0.36,1,1,0.02
05_loss_retention,34,215561913838662563097781230444412125729,20000,0.0,0.04,depolarizing,0.1,0.5,0.2,,0.11,0.95,18010,8991,1798,7193,184,35,0.020464909353798244,0.01946607341490545,0.01402969920015626,0.02695140846567766,0.0129217092655214,0.9005,0.44955,0.35965,1,1,0.02
05_loss_retention,35,80349902542019125028864189654591260572,20000,0.0,0.04,depolarizing,0.1,0.5,0.2,,0.11,0.95,18010,8955,1791,7164,175,41,0.01954215522054718,0.022892238972640984,0.01691932342600353,0.03090744054739862,0.01398811712139509,0.9005,0.44775,0.3582,1,1,0.02
05_loss_retention,36,206279623064737542800345905987169629500,20000,0.0,0.04,depolarizing,0.1,0.5,0.2,,0.11,0.95,17944,8988,1797,7191,170,29,0.018914107699154428,0.016138007790762382,0.01125961320219118,0.023080699498734675,0.011821086296543494,0.8972,0.4494,0.35955,1,1,0.02
05_loss_retention,37,225903094082845207211796897757829339710,20000,0.0,0.04,depolarizing,0.1,0.5,0.2,,0.11,0.95,17998,9007,1801,7206,187,39,0.02076162984345509,0.021654636313159357,0.015880948777681404,0.029464562552809846,0.013583613775128442,0.8999,0.45035,0.3603,1,1,0.02
05_loss_retention,38,79611271036531860693799040212466149685,20000,0.0,0.04,depolarizing,0.1,0.5,0.2,,0.11,0.95,17974,9039,1807,7232,173,38,0.019139285319172476,0.021029330381848368,0.0153592090502183,0.02873159659805235,0.013372387547834048,0.8987,0.45195,0.3616,1,1,0.02
05_loss_retention,39,30740461650501943762612453732961851667,20000,0.0,0.04,depolarizing,0.1,0.5,0.2,,0.11,0.95,17922,8914,1782,7132,179,37,0.020080771819609603,0.020763187429854096,0.015100904226679967,0.028487208500917828,0.013386304274237861,0.8961,0.4457,0.3566,1,1,0.02
05_loss_retention,40,296916674124553016991558062385312719574,20000,0.0,0.04,depolarizing,0.1,0.5,0.2,,0.11,0.95,17951,9026,1805,7221,175,46,0.019388433414580103,0.02548476454293629,0.019160476781841653,0.03382451997026709,0.01466404318842544,0.89755,0.4513,0.36105,1,1,0.02
05_loss_retention,41,36884200634176382121494051794719193647,20000,0.0,0.04,depolarizing,0.1,0.5,0.2,,0.11,0.95,18000,8921,1784,7137,212,31,0.023764152000896762,0.017376681614349777,0.012268504662382319,0.024558842916929797,0.012290338254547478,0.9,0.44605,0.35685,1,1,0.02
05_loss_retention,42,269008665033183293930497883466042944422,20000,0.0,0.04,depolarizing,0.1,0.5,0.2,,0.11,0.95,17958,8913,1782,7131,191,42,0.02142937282620891,0.02356902356902357,0.017483734455670176,0.03170397948546628,0.014220245029796102,0.8979,0.44565,0.35655,1,1,0.02
05_loss_retention,43,197273274327226717948499049422645041045,20000,0.0,0.04,depolarizing,0.1,0.5,0.2,,0.11,0.95,17996,8902,1780,7122,165,30,0.018535160638058865,0.016853932584269662,0.011830932306371566,0.02395781926962331,0.012126886963251746,0.8998,0.4451,0.3561,1,1,0.02
05_loss_retention,44,36079173990519092081984495072797944507,20000,0.0,0.04,depolarizing,0.1,0.5,0.2,,0.11,0.95,17979,9011,1802,7209,190,32,0.021085340139829097,0.017758046614872364,0.012606742227720276,0.024961040087454846,0.01235429785973457,0.89895,0.45055,0.36045,1,1,0.02
05_loss_retention,45,306706972919966384995256136573095324178,20000,0.0,0.04,depolarizing,0.1,0.5,0.2,,0.11,0.95,17979,8924,1784,7140,179,32,0.02005826983415509,0.017937219730941704,0.012734219213684918,0.02521179579004146,0.012477576576356543,0.89895,0.4462,0.357,1,1,0.02
05_loss_retention,46,328893474106582182471058479537282084671,20000,0.0,0.04,depolarizing,0.1,0.5,0.2,,0.11,0.95,18067,9070,1814,7256,186,43,0.020507166482910694,0.023704520396912898,0.017645760982458333,0.031776293061230296,0.014130532078771962,0.90335,0.4535,0.3628,1,1,0.02
05_loss_retention,47,316869264971831988172321694825926455331,20000,0.0,0.04,depolarizing,0.1,0.5,0.2,,0.11,0.95,18002,8949,1789,7160,172,34,0.019220024583752375,0.019005030743432086,0.013631763082366338,0.026439520670716008,0.01280775758834967,0.9001,0.44745,0.358,1,1,0.02
05_loss_retention,48,63320659874829559252211189331431529797,20000,0.0,0.04,depolarizing,0.1,0.5,0.2,,0.11,0.95,17987,9022,1804,7218,166,38,0.01839946796719131,0.02106430155210643,0.015384813310647205,0.028779158276096325,0.01339434496544912,0.89935,0.4511,0.3609,1,1,0.02
05_loss_retention,49,171699102099373352405843629271536885729,20000,0.0,0.04,depolarizing,0.1,0.5,0.2,,0.11,0.95,18070,9031,1806,7225,186,38,0.020595725833241058,0.021040974529346623,0.015367734328977777,0.028747433014309515,0.013379698685331738,0.9035,0.45155,0.36125,1,1,0.02
05_loss_retention,50,242003777745326931628676047647984726422,20000,0.0,0.04,depolarizing,0.1,0.5,0.2,,0.11,0.95,18034,9070,1814,7256,191,46,0.021058434399117972,0.025358324145534728,0.019065151306690873,0.03365752060490161,0.014592369298210738,0.9017,0.4535,0.3628,1,1,0.02
05_loss_retention,51,147454455647049125402197049107680966058,20000,0.0,0.04,depolarizing,0.1,0.5,0.2,,0.11,0.95,17961,8979,1795,7184,184,30,0.020492259717117718,0.016713091922005572,0.0117318606142671,0.02375845928449044,0.012026598670223342,0.89805,0.44895,0.3592,1,1,0.02
05_loss_retention,52,320054435916107311111228739007900206411,20000,0.0,0.04,depolarizing,0.1,0.5,0.2,,0.11,0.95,17979,8911,1782,7129,199,35,0.022331949276175513,0.01964085297418631,0.014155961542940559,0.027192310699241776,0.013036349156301218,0.89895,0.44555,0.35645,1,1,0.02
05_loss_retention,53,291531440915740285435915406772771175884,20000,0.0,0.04,depolarizing,0.1,0.5,0.2,,0.11,0.95,17993,9002,1800,7202,188,38,0.020884247944901135,0.021111111111111112,0.01541908541383433,0.02884281932855497,0.01342373391472064,0.89965,0.4501,0.3601,1,1,0.02
05_loss_retention,54,241858940362574294281912540311240362199,20000,0.0,0.04,depolarizing,0.1,0.5,0.2,,0.11,0.95,18007,9073,1814,7259,186,30,0.020500385759947094,0.016538037486218304,0.011608726760489053,0.02351064985561619,0.011901923095127137,0.90035,0.45365,0.36295,1,1,0.02
05_loss_retention,55,79148138324015245978417528176751716617,20000,0.0,0.04,depolarizing,0.1,0.5,0.2,,0.11,0.95,18073,9145,1829,7316,173,34,0.018917441224712957,0.018589393110989613,0.013332973229585474,0.02586379334013142,0.012530820110545945,0.90365,0.45725,0.3658,1,1,0.02
05_loss_retention,56,101550967470509192215208434342249398718,20000,0.0,0.04,depolarizing,0.1,0.5,0.2,,0.11,0.95,18043,9020,1804,7216,183,43,0.020288248337028823,0.02383592017738359,0.017743835187751238,0.03195159489675419,0.014207759709002954,0.90215,0.451,0.3608,1,1,0.02
05_loss_retention,57,304087874057075034909963255599539573814,20000,0.0,0.04,depolarizing,0.1,0.5,0.2,,0.11,0.95,17973,8969,1793,7176,181,31,0.020180622142936783,0.01728945900725042,0.012206791237139842,0.02443609592325955,0.012229304686119708,0.89865,0.44845,0.3588,1,1,0.02
05_loss_retention,58,59018541558506589294494757116409227246,20000,0.0,0.04,depolarizing,0.1,0.5,0.2,,0.11,0.95,18031,9061,1812,7249,194,32,0.021410440348747378,0.017660044150110375,0.01253701840998982,0.02482387479527604,0.012286856385286218,0.90155,0.45305,0.36245,1,1,0.02
05_loss_retention,59,272292828011461857796392076497781732875,20000,0.0,0.04,depolarizing,0.1,0.5,0.2,,0.11,0.95,17960,8948,1789,7159,204,42,0.022798390701832812,0.023476802683063163,0.017415143879074804,0.031580520733944024,0.014165376854869221,0.898,0.4474,0.35795,1,1,0.02
05_loss_retention,60,229929014984686734738695428614849504320,20000,0.0,0.04,depolarizing,0.1,0.5,0.2,,0.11,0.95,18020,9062,1812,7250,174,32,0.01920105936879276,0.017660044150110375,0.01253701840998982,0.02482387479527604,0.012286856385286218,0.901,0.4531,0.3625,1,1,0.02
05_loss_retention,61,39123244666443123479167010034443576238,20000,0.0,0.04,depolarizing,0.1,0.5,0.2,,0.11,0.95,17955,8934,1786,7148,163,25,0.018244907096485338,0.013997760358342666,0.009499160203613532,0.020582531420721535,0.011083371217108003,0.89775,0.4467,0.3574,1,1,0.02
05_loss_retention,62,9644760159840219993046086039176738922,20000,0.0,0.04,depolarizing,0.1,0.5,0.2,,0.11,0.95,17973,8978,1795,7183,155,31,0.01726442414791713,0.017270194986072424,0.012193161364353049,0.024408985254982293,0.012215823890629245,0.89865,0.4489,0.35915,1,1,0.02
05_loss_retention,63,79713136609750035158936815718791048564,20000,0.0,0.04,depolarizing,0.1,0.5,0.2,,0.11,0.95,18011,8879,1775,7104,194,40,0.021849307354431805,0.022535211267605635,0.016592651797671273,0.030539968372019343,0.01394731657434807,0.90055,0.44395,0.3552,1,1,0.02
05_loss_retention,64,119319222813088535227785867561625688969,20000,0.0,0.04,depolarizing,0.1,0.5,0.2,,0.11,0.95,17978,9072,1814,7258,164,35,0.018077601410934743,0.019294377067254686,0.01390566933230801,0.026714737063637,0.01280906773132899,0.8989,0.4536,0.3629,1,1,0.02
05_loss_retention,65,280115110937203949590304679502475874560,20000,0.0,0.04,depolarizing,0.1,0.5,0.2,,0.11,0.95,17951,8918,1783,7135,150,24,0.016819914779098454,0.01346045989904655,0.009061942415905386,0.019950961087525303,0.010889018671619916,0.89755,0.4459,0.35675,1,1,0.02
05_loss_retention,66,173504104255688064460621013674447086711,20000,0.0,0.04,depolarizing,0.1,0.5,0.2,,0.11,0.95,18003,9072,1814,7258,173,35,0.019069664902998235,0.019294377067254686,0.01390566933230801,0.026714737063637,0.01280906773132899,0.90015,0.4536,0.3629,1,1,0.02
05_loss_retention,67,158598179980006662438832492289702975564,20000,0.0,0.04,depolarizing,0.1,0.5,0.2,,0.11,0.95,17983,8999,1799,7200,197,50,0.021891321257917547,0.027793218454697052,0.021145129299223846,0.03645364529775081,0.015308515998526964,0.89915,0.44995,0.36,1,1,0.02
05_loss_retention,68,35547022668798660512503342567214531343,20000,0.0,0.04,depolarizing,0.1,0.5,0.2,,0.11,0.95,18001,8891,1778,7113,174,31,0.019570352041390168,0.017435320584926885,0.012309994790677022,0.02464136162476472,0.012331366834087698,0.90005,0.44455,0.35565,1,1,0.02
05_loss_retention,69,58052309132172981608345157845932693238,20000,0.0,0.04,depolarizing,0.1,0.5,0.2,,0.11,0.95,17964,8944,1788,7156,169,37,0.0188953488372093,0.02069351230425056,0.015050107501976124,0.02839204997099903,0.013341942469022906,0.8982,0.4472,0.3578,1,1,0.02
05_loss_retention,70,215545431193363901410321741925897530616,20000,0.0,0.04,depolarizing,0.1,0.5,0.2,,0.11,0.95,18024,8926,1785,7141,178,23,0.01994174322204795,0.01288515406162465,0.008601295777145218,0.019261128013922574,0.010659832236777356,0.9012,0.4463,0.35705,1,1,0.02
05_loss_retention,71,34305244746158065623284321268389416147,20000,0.0,0.04,depolarizing,0.1,0.5,0.2,,0.11,0.95,18065,9056,1811,7245,176,31,0.019434628975265017,0.017117614577581448,0.012085208448175115,0.024194246432406412,0.012109037984231297,0.90325,0.4528,0.36225,1,1,0.02
05_loss_retention,72,152378596219727385158442765471133015371,20000,0.0,0.04,depolarizing,0.1,0.5,0.2,,0.11,0.95,17997,8940,1788,7152,157,26,0.01756152125279642,0.0145413870246085,0.009942589596623178,0.02122169591859553,0.011279106321972354,0.89985,0.447,0.3576,1,1,0.02
05_loss_retention,73,227230130607309341972937631532434793128,20000,0.0,0.04,depolarizing,0.1,0.5,0.2,,0.11,0.95,17922,9084,1816,7268,165,35,0.018163804491413475,0.019273127753303965,0.013890319624038486,0.026685445073917874,0.012795125449879388,0.8961,0.4542,0.3634,1,1,0.02
05_loss_retention,74,277366202001052411751710656050164048062,20000,0.0,0.04,depolarizing,0.1,0.5,0.2,,0.11,0.95,18015,9081,1816,7265,188,43,0.020702565796718423,0.0236784140969163,0.017626276098576817,0.031741463264232175,0.014115187165655359,0.90075,0.45405,0.36325,1,1,0.02
05_loss_retention,75,252308360176119271594560211041116181872,20000,0.0,0.04,depolarizing,0.1,0.5,0.2,,0.11,0.95,17975,8896,1779,7117,166,34,0.01866007194244604,0.01911186059584036,0.013708564805348069,0.026587479728087605,0.012878914922739536,0.89875,0.4448,0.35585,1,1,0.02
05_loss_retention,76,135639618000589191160528327614474311442,20000,0.0,0.04,depolarizing,0.1,0.5,0.2,,0.11,0.95,17995,9147,1829,7318,185,46,0.020225210451514156,0.025150355385456534,0.01890836601558207,0.03338282281553561,0.014474456799953541,0.89975,0.45735,0.3659,1,1,0.02
05_loss_retention,77,82021737096738180900540624465335753697,20000,0.0,0.04,depolarizing,0.1,0.5,0.2,,0.11,0.95,18052,8980,1796,7184,167,24,0.018596881959910914,0.013363028953229399,0.00899623279038952,0.019807114619255148,0.010810881828865629,0.9026,0.449,0.3592,1,1,0.02
05_loss_retention,78,23410062119968534845371426197560433648,20000,0.0,0.04,depolarizing,0.1,0.5,0.2,,0.11,0.95,17973,8968,1793,7175,180,31,0.02007136485280999,0.01728945900725042,0.012206791237139842,0.02443609592325955,0.012229304686119708,0.89865,0.4484,0.35875,1,1,0.02
05_loss_retention,79,46348019489286056735438819708286770621,20000,0.0,0.04,depolarizing,0.1,0.5,0.2,,0.11,0.95,18007,8992,1798,7194,184,33,0.020462633451957295,0.01835372636262514,0.01309840397176303,0.02566275255440847,0.012564348582645442,0.90035,0.4496,0.3597,1,1,0.02
05_loss_retention,80,90917811289930015828614902683366849855,20000,0.0,0.04,depolarizing,0.1,0.5,0.2,,0.11,0.95,18012,8998,1799,7199,182,37,0.02022671704823294,0.02056698165647582,0.014957862324119059,0.028219233720484398,0.013261371396365339,0.9006,0.4499,0.35995,1,1,0.02
05_loss_retention,81,316189450950938879091640032657669972627,20000,0.0,0.04,depolarizing,0.1,0.5,0.2,,0.11,0.95,18010,9010,1802,7208,199,33,0.022086570477247502,0.018312985571587125,0.013069264235458821,0.025606035016062477,0.012536770780603656,0.9005,0.4505,0.3604,1,1,0.02
05_loss_retention,82,98456174131051078142910259535145665802,20000,0.0,0.04,depolarizing,0.1,0.5,0.2,,0.11,0.95,17998,8917,1783,7134,141,26,0.01581249299091623,0.014582164890633763,0.009970524067523221,0.021280966401893798,0.011310442334370577,0.8999,0.44585,0.3567,1,1,0.02
05_loss_retention,83,5105147945721019989775710018494544024,20000,0.0,0.04,depolarizing,0.1,0.5,0.2,,0.11,0.95,17994,8923,1784,7139,187,35,0.0209570772161829,0.01961883408071749,0.014140054603725938,0.027161962673243265,0.013021908069517326,0.8997,0.44615,0.35695,1,1,0.02
05_loss_retention,84,51523744190171343212394883061342070341,20000,0.0,0.04,depolarizing,0.1,0.5,0.2,,0.11,0.95,17971,9058,1811,7247,217,39,0.023956723338485315,0.02153506350082827,0.015793040181153076,0.02930261179600403,0.013509571614850953,0.89855,0.4529,0.36235,1,1,0.02
05_loss_retention,85,48769008842215306782093258492852466361,20000,0.0,0.04,depolarizing,0.1,0.5,0.2,,0.11,0.95,17936,8967,1793,7174,151,30,0.016839522694323632,0.016731734523145567,0.011744974197818867,0.02378484870742212,0.012039874509603254,0.8968,0.44835,0.3587,1,1,0.02
05_loss_retention,86,338940442692983498903674320739347264963,20000,0.0,0.04,depolarizing,0.1,0.5,0.2,,0.11,0.95,18001,8953,1790,7163,177,37,0.01976990952753267,0.020670391061452513,0.015033251118973828,0.028360471574819072,0.013327220455845244,0.90005,0.44765,0.35815,1,1,0.02
05_loss_retention,87,323452240167215977553811823151600078980,20000,0.0,0.04,depolarizing,0.1,0.5,0.2,,0.11,0.95,17922,9029,1805,7224,201,39,0.022261601506257615,0.021606648199445983,0.01584566816052959,0.0293995679112111,0.013553899750681511,0.8961,0.45145,0.3612,1,1,0.02
05_loss_retention,88,195625935368380726371316367266253837077,20000,0.0,0.04,depolarizing,0.1,0.5,0.2,,0.11,0.95,18086,9117,1823,7294,193,38,0.021169244268948118,0.020844761382336808,0.015224079688902863,0.028480566072878386,0.013256486383975523,0.9043,0.45585,0.3647,1,1,0.02
05_loss_retention,89,104168477502365119344419032361501627875,20000,0.0,0.04,depolarizing,0.1,0.5,0.2,,0.11,0.95,17940,8993,1798,7195,190,32,0.021127543645057267,0.017797552836484983,0.01263484938914741,0.02501633156719288,0.012381482178045468,0.897,0.44965,0.35975,1,1,0.02
05_loss_retention,90,233103607641611788372108579505661892452,20000,0.0,0.04,depolarizing,0.1,0.5,0.2,,0.11,0.95,18020,8846,1769,7077,193,41,0.021817770743839022,0.023176936122102882,0.017130290529445917,0.03128997761895153,0.014159687089505615,0.901,0.4423,0.35385,1,1,0.02
05_loss_retention,91,24272164959911372125011548883259150096,20000,0.0,0.04,depolarizing,0.1,0.5,0.2,,0.11,0.95,17994,9017,1803,7214,175,33,0.019407785294443827,0.018302828618968387,0.013061999548618527,0.02559189478158955,0.012529895232971024,0.8997,0.45085,0.3607,1,1,0.02
05_loss_retention,92,234917045369341358711857447157438533480,20000,0.0,0.04,depolarizing,0.1,0.5,0.2,,0.11,0.95,17959,8906,1781,7125,177,40,0.019874242083988324,0.022459292532285232,0.016536609791504484,0.030437567330138044,0.01390095753863356,0.89795,0.4453,0.35625,1,1,0.02
05_loss_retention,93,111795023450626982637301742946301293561,20000,0.0,0.04,depolarizing,0.1,0.5,0.2,,0.11,0.95,18056,9035,1807,7228,195,46,0.02158273381294964,0.02545655783065855,0.019139211053103265,0.03378726594677205,0.014648054893668782,0.9028,0.45175,0.3614,1,1,0.02
05_loss_retention,94,284909255065790521489883534543642969010,20000,0.0,0.04,depolarizing,0.1,0.5,0.2,,0.11,0.95,18018,9028,1805,7223,198,30,0.021931767833407178,0.01662049861495845,0.011666729511830698,0.02362738568515107,0.01196065617332037,0.9009,0.4514,0.36115,1,1,0.02
05_loss_retention,95,182688595879227849577216830111754470417,20000,0.0,0.04,depolarizing,0.1,0.5,0.2,,0.11,0.95,18118,9047,1809,7238,185,38,0.020448767547253232,0.021006080707573246,0.015342186838093451,0.028699976050564957,0.013357789212471506,0.9059,0.45235,0.3619,1,1,0.02
05_loss_retention,96,142107644848372371156605761441817300283,20000,0.0,0.04,depolarizing,0.1,0.5,0.2,,0.11,0.95,17974,9134,1826,7308,188,38,0.020582439238011823,0.0208105147864184,0.015199007208032725,0.028433985385845198,0.013234978177812473,0.8987,0.4567,0.3654,1,1,0.02
05_loss_retention,97,203111432156887696948859102043023117555,20000,0.0,0.04,depolarizing,0.1,0.5,0.2,,0.11,0.95,18014,9006,1801,7205,184,34,0.02043082389518099,0.018878400888395337,0.013540729376840045,0.02626412908847703,0.012723399711636984,0.9007,0.4503,0.36025,1,1,0.02
05_loss_retention,98,10766224403938186529237460370722305194,20000,0.0,0.04,depolarizing,0.1,0.5,0.2,,0.11,0.95,18054,8929,1785,7144,166,32,0.01859110762683391,0.017927170868347338,0.012727069562301081,0.025197732820923573,0.012470663258622491,0.9027,0.44645,0.3572,1,1,0.02
05_loss_retention,99,74663351258468866413042145575389701962,20000,0.0,0.04,depolarizing,0.1,0.5,0.2,,0.11,0.95,18041,9035,1807,7228,178,37,0.01970116214720531,0.020475926950747094,0.014891482020052454,0.02809486470926761,0.013203382689215157,0.90205,0.45175,0.3614,1,1,0.02
05_loss_retention,100,174027647609843108715613956602295928979,20000,0.0,0.04,depolarizing,0.1,0.5,0.2,,0.11,0.95,18000,9062,1812,7250,198,37,0.02184948135069521,0.02041942604856512,0.01485029269279679,0.028017689224109427,0.013167396531312638,0.9,0.4531,0.3625,1,1,0.02
05_loss_retention,101,235393612509682659317407027230323171500,20000,0.0,0.04,depolarizing,0.1,0.5,0.2,,0.11,0.95,17986,8986,1797,7189,192,35,0.021366570220342756,0.019476905954368393,0.014037524571853466,0.02696633973780666,0.012928815165953192,0.8993,0.4493,0.35945,1,1,0.02
05_loss_retention,102,102176346748522094315279842595273811274,20000,0.0,0.04,depolarizing,0.1,0.5,0.2,,0.11,0.95,18048,9041,1808,7233,153,24,0.01692290675810198,0.01327433628318584,0.008936417939483333,0.01967616213385107,0.010739744194367736,0.9024,0.45205,0.36165,1,1,0.02
05_loss_retention,103,200571752157031377121363561295842752441,20000,0.0,0.04,depolarizing,0.1,0.5,0.2,,0.11,0.95,18022,9058,1811,7247,215,51,0.023735924045043055,0.02816123688569851,0.021483551286937113,0.03683639633508337,0.015352845048146258,0.9011,0.4529,0.36235,1,1,0.02
05_loss_retention,104,318042216800619500190163130354168903288,20000,0.0,0.04,depolarizing,0.1,0.5,0.2,,0.11,0.95,17989,9024,1804,7220,205,38,0.022717198581560284,0.02106430155210643,0.015384813310647205,0.028779158276096325,0.01339434496544912,0.89945,0.4512,0.361,1,1,0.02
05_loss_retention,105,90315405079887266448093718907609361406,20000,0.0,0.04,depolarizing,0.1,0.5,0.2,,0.11,0.95,18063,9045,1809,7236,169,44,0.018684355997788834,0.024322830292979547,0.018168183770760904,0.032493421729170496,0.014325237958409592,0.90315,0.45225,0.3618,1,1,0.02
05_loss_retention,106,35823563719088607395667043850559201876,20000,0.0,0.04,depolarizing,0.1,0.5,0.2,,0.11,0.95,17974,8938,1787,7151,172,30,0.019243678675318864,0.016787912702853944,0.01178449143828846,0.02386436988678664,0.01207987844849818,0.8987,0.4469,0.35755,1,1,0.02
05_loss_retention,107,118781169295079031706342593987337183051,20000,0.0,0.04,depolarizing,0.1,0.5,0.2,,0.11,0.95,18008,8964,1792,7172,158,32,0.017626059794734493,0.017857142857142856,0.012677245919114784,0.025099729597000502,0.012422483677885718,0.9004,0.4482,0.3586,1,1,0.02
05_loss_retention,108,58286051204398647917008753241063465943,20000,0.0,0.04,depolarizing,0.1,0.5,0.2,,0.11,0.95,17937,9003,1800,7203,156,38,0.01732755748083972,0.021111111111111112,0.01541908541383433,0.02884281932855497,0.01342373391472064,0.89685,0.45015,0.36015,1,1,0.02
05_loss_retention,109,171426329124923180807450240945631786956,20000,0.0,0.04,depolarizing,0.1,0.5,0.2,,0.11,0.95,17989,9123,1824,7299,192,42,0.0210457086484709,0.023026315789473683,0.017080108457273185,0.030977373988369885,0.0138972655310967,0.89945,0.45615,0.36495,1,1,0.02
05_loss_retention,110,48699531352739088934975780559641740346,20000,0.0,0.04,depolarizing,0.1,0.5,0.2,,0.11,0.95,17987,9047,1809,7238,166,29,0.01834862385321101,0.016030956329463792,0.011184771821570273,0.022928227150178636,0.011743455328608363,0.89935,0.45235,0.3619,1,1,0.02
05_loss_retention,111,111390234816983736011380604977343516392,20000,0.0,0.04,depolarizing,0.1,0.5,0.2,,0.11,0.95,18006,9053,1810,7243,177,23,0.019551529879597924,0.01270718232044199,0.008482290350409021,0.01899610836978539,0.01051381801937637,0.9003,0.45265,0.36215,1,1,0.02
05_loss_retention,112,122825639693780887103488375837126293358,20000,0.0,0.04,depolarizing,0.1,0.5,0.2,,0.11,0.95,17967,9021,1804,7217,171,31,0.018955769870302626,0.017184035476718405,0.012132201723778463,0.02428772796609841,0.012155526242319949,0.89835,0.45105,0.36085,1,1,0.02
05_loss_retention,113,131648863912440805939412210412289331491,20000,0.0,0.04,depolarizing,0.1,0.5,0.2,,0.11,0.95,18032,9052,1810,7242,191,48,0.02110030932390632,0.026519337016574586,0.020060179007916783,0.03498402473721544,0.014923845729298654,0.9016,0.4526,0.3621,1,1,0.02
05_loss_retention,114,79881714906623533430394791531025826352,20000,0.0,0.04,depolarizing,0.1,0.5,0.2,,0.11,0.95,18004,8978,1795,7183,182,49,0.020271775451102696,0.027298050139275765,0.020709938595114274,0.035905088994621484,0.01519515039950721,0.9002,0.4489,0.35915,1,1,0.02
05_loss_retention,115,337366179671705799886173753935180881957,20000,0.0,0.04,depolarizing,0.1,0.5,0.2,,0.11,0.95,18051,8964,1792,7172,170,38,0.01896474788041053,0.021205357142857144,0.015488089755328265,0.028970990097480668,0.013482900342152403,0.90255,0.4482,0.3586,1,1,0.02
05_loss_retention,116,43129352517710415305312979394271757069,20000,0.0,0.04,depolarizing,0.1,0.5,0.2,,0.11,0.95,17961,9020,1804,7216,203,40,0.022505543237250555,0.022172949002217297,0.016325244317000533,0.030051310668847767,0.013726066351847234,0.89805,0.451,0.3608,1,1,0.02
05_loss_retention,117,325349501149874580426580466860032446720,20000,0.0,0.04,depolarizing,0.1,0.5,0.2,,0.11,0.95,17931,8987,1797,7190,167,33,0.018582396795371093,0.018363939899833055,0.01310570922083,0.025676971219252033,0.012571261998422033,0.89655,0.44935,0.3595,1,1,0.02
05_loss_retention,118,126035399217587721334611506293138366091,20000,0.0,0.04,depolarizing,0.1,0.5,0.2,,0.11,0.95,18003,9101,1820,7281,206,48,0.02263487528842984,0.026373626373626374,0.019949646212378942,0.03479275386731448,0.014843107654935538,0.90015,0.45505,0.36405,1,1,0.02
05_loss_retention,119,216295053257513537018742617605329776078,20000,0.0,0.04,depolarizing,0.1,0.5,0.2,,0.11,0.95,17947,9006,1801,7205,176,30,0.019542527204086165,0.01665741254858412,0.011692694978617794,0.023679641194559953,0.011986946215942158,0.89735,0.4503,0.36025,1,1,0.02
05_loss_retention,120,72797784299010912683539182429620681312,20000,0.0,0.04,depolarizing,0.1,0.5,0.2,,0.11,0.95,18024,8913,1782,7131,149,31,0.016717154717827892,0.01739618406285073,0.012282303594334777,0.024586287677016636,0.012303984082681858,0.9012,0.44565,0.35655,1,1,0.02
05_loss_retention,121,304684099031692260682907539333514588523,20000,0.0,0.04,depolarizing,0.1,0.5,0.2,,0.11,0.95,18046,9076,1815,7261,189,33,0.020824151608638167,0.01818181818181818,0.012975449090267597,0.025423422060370314,0.012447972970102717,0.9023,0.4538,0.36305,1,1,0.02
05_loss_retention,122,244049740950720423159752567358601352323,20000,0.0,0.04,depolarizing,0.1,0.5,0.2,,0.11,0.95,18010,9123,1824,7299,192,45,0.0210457086484709,0.024671052631578948,0.018488911063347928,0.032851131787654995,0.014362220724307068,0.9005,0.45615,0.36495,1,1,0.02
05_loss_retention,123,317792503606824733825002691770564895194,20000,0.0,0.04,depolarizing,0.1,0.5,0.2,,0.11,0.95,18065,8920,1784,7136,175,34,0.01961883408071749,0.01905829596412556,0.013670056070826659,0.026513293781728266,0.012843237710901607,0.90325,0.446,0.3568,1,1,0.02
05_loss_retention,124,226235396379815104792266935065535618432,20000,0.0,0.04,depolarizing,0.1,0.5,0.2,,0.11,0.95,18009,9081,1816,7265,186,35,0.020482325735051207,0.019273127753303965,0.013890319624038486,0.026685445073917874,0.012795125449879388,0.90045,0.45405,0.36325,1,1,0.02
05_loss_retention,125,270252481293737854801219096716759517069,20000,0.0,0.04,depolarizing,0.1,0.5,0.2,,0.11,0.95,18064,8985,1797,7188,187,32,0.020812465219810797,0.017807456872565387,0.012641895773698057,0.02503019273159493,0.012388296957896873,0.9032,0.44925,0.3594,1,1,0.02
05_loss_retention,126,185959462138764701674004626348017106359,20000,0.0,0.04,depolarizing,0.1,0.5,0.2,,0.11,0.95,18079,9009,1801,7208,180,43,0.01998001998001998,0.02387562465297057,0.017773470393342438,0.03200456322928814,0.014231092835945699,0.90395,0.45045,0.3604,1,1,0.02
05_loss_retention,127,115115247043341735631705472154490290884,20000,0.0,0.04,depolarizing,0.1,0.5,0.2,,0.11,0.95,17949,8990,1798,7192,187,34,0.020800889877641823,0.018909899888765295,0.013563373624823405,0.026307758471179304,0.0127443848463559,0.89745,0.4495,0.3596,1,1,0.02
05_loss_retention,128,165568189476293888532896369745061393449,20000,0.0,0.04,depolarizing,0.1,0.5,0.2,,0.11,0.95,17981,8960,1792,7168,187,51,0.020870535714285713,0.028459821428571428,0.0217120163797102,0.037224956202601626,0.015512939822891425,0.89905,0.448,0.3584,1,1,0.02
05_loss_retention,129,36446281137147781923322780996023261616,20000,0.0,0.04,depolarizing,0.1,0.5,0.2,,0.11,0.95,17908,9058,1811,7247,174,25,0.019209538529476707,0.013804527885146328,0.009367790915231409,0.020299516142918424,0.010931725227687015,0.8954,0.4529,0.36235,1,1,0.02
05_loss_retention,130,17892302746699558313436319328907499852,20000,0.0,0.04,depolarizing,0.1,0.5,0.2,,0.11,0.95,17967,9090,1818,7272,173,30,0.01903190319031903,0.0165016501650165,0.011583132478834999,0.023459136710724266,0.011876004231889267,0.89835,0.4545,0.3636,1,1,0.02
05_loss_retention,131,88549812856550967604524129585991534776,20000,0.0,0.04,depolarizing,0.1,0.5,0.2,,0.11,0.95,18014,9059,1811,7248,183,38,0.020200905177171873,0.020982882385422418,0.015325202315225783,0.028668425024859372,0.01334322270963359,0.9007,0.45295,0.3624,1,1,0.02
05_loss_retention,132,328865266255066331452557372562663747988,20000,0.0,0.04,depolarizing,0.1,0.5,0.2,,0.11,0.95,17991,8982,1796,7186,180,34,0.02004008016032064,0.01893095768374165,0.01357851191324262,0.02633692534297362,0.012758413429730999,0.89955,0.4491,0.3593,1,1,0.02
05_loss_retention,133,315747964681466115107321826742172627640,20000,0.0,0.04,depolarizing,0.1,0.5,0.2,,0.11,0.95,17978,8916,1783,7133,173,31,0.01940331987438313,0.017386427369601793,0.012275400250435956,0.024572557633946876,0.01229715738351092,0.8989,0.4458,0.35665,1,1,0.02
05_loss_retention,134,327139178175497922806511672181685057682,20000,0.0,0.04,depolarizing,0.1,0.5,0.2,,0.11,0.95,18028,9029,1805,7224,186,33,0.02060028796101451,0.018282548476454295,0.013047494377184986,0.02556366111138309,0.012516166734198106,0.9014,0.45145,0.3612,1,1,0.02
05_loss_retention,135,145743937352325221940750509083276582143,20000,0.0,0.04,depolarizing,0.1,0.5,0.2,,0.11,0.95,17990,8940,1788,7152,178,44,0.019910514541387026,0.024608501118568233,0.018382148742880182,0.03287319997593998,0.014491051233059798,0.8995,0.447,0.3576,1,1,0.02
05_loss_retention,136,312984421776623011341332770552641514718,20000,0.0,0.04,depolarizing,0.1,0.5,0.2,,0.11,0.95,18029,8906,1781,7125,180,27,0.020211093644733887,0.015160022459292532,0.010439614688056535,0.02196744227201204,0.011527827583955506,0.90145,0.4453,0.35625,1,1,0.02
05_loss_retention,137,147185433575466408090227291760592227733,20000,0.0,0.04,depolarizing,0.1,0.5,0.2,,0.11,0.95,18056,8958,1791,7167,174,35,0.01942397856664434,0.01954215522054718,0.014084660740100792,0.02705627594698235,0.01297161520688156,0.9028,0.4479,0.35835,1,1,0.02
05_loss_retention,138,58375344273549304900559430521183630835,20000,0.0,0.04,depolarizing,0.1,0.5,0.2,,0.11,0.95,18008,8950,1790,7160,188,43,0.02100558659217877,0.024022346368715083,0.017882984974210123,0.03220029210633947,0.014317307132129347,0.9004,0.4475,0.358,1,1,0.02
05_loss_retention,139,16311768047975764936953395435039298183,20000,0.0,0.04,depolarizing,0.1,0.5,0.2,,0.11,0.95,18046,9057,1811,7246,175,35,0.01932207132604615,0.01932633903920486,0.013928757610128455,0.02675879581874086,0.012830038208612407,0.9023,0.45285,0.3623,1,1,0.02
05_loss_retention,140,332854817859697785571498047753117553798,20000,0.0,0.04,depolarizing,0.1,0.5,0.2,,0.11,0.95,17979,8928,1785,7143,202,45,0.022625448028673834,0.025210084033613446,0.018893987472353883,0.03356536176620847,0.014671374293854584,0.89895,0.4464,0.35715,1,1,0.02
05_loss_retention,141,243145063865595434897172268453630260196,20000,0.0,0.04,depolarizing,0.1,0.5,0.2,,0.11,0.95,17957,8929,1785,7144,188,43,0.021054989360510694,0.024089635854341738,0.017933211734658058,0.032290053372313866,0.014356841637655809,0.89785,0.44645,0.3572,1,1,0.02
05_loss_retention,142,242182115584079255224608117925952448087,20000,0.0,0.04,depolarizing,0.1,0.5,0.2,,0.11,0.95,17924,8906,1781,7125,170,31,0.019088255108915337,0.017405951712521055,0.012289214707171398,0.02460003307184301,0.012310818364671614,0.8962,0.4453,0.35625,1,1,0.02
05_loss_retention,143,286512936695122540651050354458422273712,20000,0.0,0.04,depolarizing,0.1,0.5,0.2,,0.11,0.95,18065,8992,1798,7194,176,38,0.019572953736654804,0.021134593993325918,0.015436278789906641,0.02887475558542091,0.01343847679551427,0.90325,0.4496,0.3597,1,1,0.02
05_loss_retention,144,12144077025499718299523476964796729729,20000,0.0,0.04,depolarizing,0.1,0.5,0.2,,0.11,0.95,17998,8989,1797,7192,148,27,0.016464567805095115,0.015025041736227046,0.010346483644537831,0.021772645186809943,0.011426161542272112,0.8999,0.44945,0.3596,1,1,0.02
05_loss_retention,145,338066048146080334767763755241289675403,20000,0.0,0.04,depolarizing,0.1,0.5,0.2,,0.11,0.95,17909,9000,1800,7200,185,50,0.020555555555555556,0.027777777777777776,0.021133347450240487,0.03643349597322924,0.015300148522988749,0.89545,0.45,0.36,1,1,0.02
05_loss_retention,146,105307349766988630533957000068398260699,20000,0.0,0.04,depolarizing,0.1,0.5,0.2,,0.11,0.95,17998,8959,1791,7168,173,31,0.019310190869516686,0.017308766052484645,0.012220451616045739,0.024463266880158072,0.012242815264112333,0.8999,0.44795,0.3584,1,1,0.02
05_loss_retention,147,32561167890562315556780442252181448837,20000,0.0,0.04,depolarizing,0.1,0.5,0.2,,0.11,0.95,18064,9000,1800,7200,194,41,0.021555555555555557,0.02277777777777778,0.01683450891156911,0.0307536305010903,0.013919121589521188,0.9032,0.45,0.36,1,1,0.02
05_loss_retention,148,134470564423122994856769504468239064951,20000,0.0,0.04,depolarizing,0.1,0.5,0.2,,0.11,0.95,18034,8999,1799,7200,181,46,0.02011334592732526,0.02556976097832129,0.019224558463646867,0.033936776578752034,0.014712218115105168,0.9017,0.44995,0.36,1,1,0.02
05_loss_retention,149,278320654284012948040868929633877639512,20000,0.0,0.04,depolarizing,0.1,0.5,0.2,,0.11,0.95,17978,8847,1769,7078,171,41,0.019328585961342827,0.023176936122102882,0.017130290529445917,0.03128997761895153,0.014159687089505615,0.8989,0.44235,0.3539,1,1,0.02
05_loss_retention,0,66929992310334913704792355470847146886,20000,0.0,0.04,depolarizing,0.2,0.5,0.2,,0.11,0.95,15897,7992,1598,6394,139,26,0.017392392392392392,0.016270337922403004,0.011127251134987644,0.023733538934589946,0.012606287799602302,0.79485,0.3996,0.3197,1,1,0.02
05_loss_retention,1,90289726820342415061719912545068081886,20000,0.0,0.04,depolarizing,0.2,0.5,0.2,,0.11,0.95,16111,8139,1627,6512,154,31,0.018921243395994596,0.019053472649047325,0.01345515985419761,0.02691753147307946,0.01346237161888185,0.80555,0.40695,0.3256,1,1,0.02
05_loss_retention,2,307791337785412770513044877125764969440,20000,0.0,0.04,depolarizing,0.2,0.5,0.2,,0.11,0.95,15937,8038,1607,6431,125,29,0.015551132122418512,0.01804604853764779,0.012593894862805228,0.025796884367553407,0.013202989504748179,0.79685,0.4019,0.32155,1,1,0.02
05_loss_retention,3,160927936797223672022433335480982386557,20000,0.0,0.04,depolarizing,0.2,0.5,0.2,,0.11,0.95,15938,7948,1589,6359,159,41,0.02000503271263211,0.025802391441157962,0.01907645765255194,0.034815571805451556,0.015739114152899615,0.7969,0.3974,0.31795,1,1,0.02
05_loss_retention,4,53439426723651811402200896082650691672,20000,0.0,0.04,depolarizing,0.2,0.5,0.2,,0.11,0.95,16013,8182,1636,6546,155,25,0.018944023466145196,0.015281173594132029,0.01037185992916026,0.022461471934161856,0.012089612005001596,0.80065,0.4091,0.3273,1,1,0.02
05_loss_retention,5,177763101500240119040774025535883279845,20000,0.0,0.04,depolarizing,0.2,0.5,0.2,,0.11,0.95,16037,8015,1603,6412,148,25,0.01846537741734248,0.015595757953836557,0.010585817194288917,0.022921818873434828,0.01233600167914591,0.80185,0.40075,0.3206,1,1,0.02
05_loss_retention,6,139153540653348393034136013439152967685,20000,0.0,0.04,depolarizing,0.2,0.5,0.2,,0.11,0.95,15955,7969,1593,6376,143,28,0.01794453507340946,0.017576898932831136,0.012188575040542177,0.025286315462919876,0.013097740422377699,0.79775,0.39845,0.3188,1,1,0.02
05_loss_retention,7,77036960342836909609563043886671255400,20000,0.0,0.04,depolarizing,0.2,0.5,0.2,,0.11,0.95,15968,7930,1586,6344,165,27,0.02080706179066835,0.017023959646910468,0.011725985207100591,0.024655918472527644,0.012929933265427053,0.7984,0.3965,0.3172,1,1,0.02
05_loss_retention,8,28985922895604748171262921587462383980,20000,0.0,0.04,depolarizing,0.2,0.5,0.2,,0.11,0.95,15922,7969,1593,6376,169,37,0.021207177814029365,0.02322661644695543,0.016897404677465956,0.03184973824690546,0.0149523335694395,0.7961,0.39845,0.3188,1,1,0.02
05_loss_retention,9,244753507474911918758045307826501242955,20000,0.0,0.04,depolarizing,0.2,0.5,0.2,,0.11,0.95,16049,8143,1628,6515,160,33,0.019648778091612428,0.02027027027027027,0.01446953322553968,0.028329636046190574,0.013860102820650894,0.80245,0.40715,0.32575,1,1,0.02
05_loss_retention,10,111140080829718685286323392329198365634,20000,0.0,0.04,depolarizing,0.2,0.5,0.2,,0.11,0.95,15937,7908,1581,6327,175,26,0.02212948912493677,0.01644528779253637,0.01124715500591036,0.023987573685656457,0.012740418679746096,0.79685,0.3954,0.31635,1,1,0.02
05_loss_retention,11,90077890801779302558333845367559077741,20000,0.0,0.04,depolarizing,0.2,0.5,0.2,,0.11,0.95,16066,8119,1623,6496,162,29,0.019953196206429363,0.017868145409735057,0.012469461015727613,0.025543744564564957,0.013074283548837344,0.8033,0.40595,0.3248,1,1,0.02
05_loss_retention,12,308178559561226935211022085778349039633,20000,0.0,0.04,depolarizing,0.2,0.5,0.2,,0.11,0.95,15975,7936,1587,6349,154,17,0.01940524193548387,0.010712035286704474,0.006698771573925902,0.017088299482637057,0.010389527908711154,0.79875,0.3968,0.31745,1,1,0.02
05_loss_retention,13,322539328700639354058444885860102974843,20000,0.0,0.04,depolarizing,0.2,0.5,0.2,,0.11,0.95,16033,7963,1592,6371,160,36,0.02009292980032651,0.022613065326633167,0.016378240632322603,0.031146191322678724,0.014767950690356121,0.80165,0.39815,0.31855,1,1,0.02
05_loss_retention,14,203986207205627800538503871920189792828,20000,0.0,0.04,depolarizing,0.2,0.5,0.2,,0.11,0.95,16012,8021,1604,6417,167,41,0.02082034659020072,0.025561097256857856,0.018897545307812326,0.034491710423692694,0.015594165115880368,0.8006,0.40105,0.32085,1,1,0.02
05_loss_retention,15,151987956614815407102414796754024471941,20000,0.0,0.04,depolarizing,0.2,0.5,0.2,,0.11,0.95,15989,7913,1582,6331,141,30,0.017818779224061672,0.018963337547408345,0.013315171466573699,0.026941979376341976,0.013626807909768278,0.79945,0.39565,0.31655,1,1,0.02
05_loss_retention,16,27157375550862757633342274942247175875,20000,0.0,0.04,depolarizing,0.2,0.5,0.2,,0.11,0.95,15980,7897,1579,6318,155,35,0.019627706724072432,0.022165927802406588,0.015980687625570728,0.030670515758822653,0.014689828133251925,0.799,0.39485,0.3159,1,1,0.02
05_loss_retention,17,281208398126813833158826835714630042597,20000,0.0,0.04,depolarizing,0.2,0.5,0.2,,0.11,0.95,16047,8071,1614,6457,154,26,0.019080659150043366,0.0161090458488228,0.011016712644214768,0.02349931395174048,0.012482601307525711,0.80235,0.40355,0.32285,1,1,0.02
05_loss_retention,18,175905377478374028315519344907932841030,20000,0.0,0.04,depolarizing,0.2,0.5,0.2,,0.11,0.95,15999,7858,1571,6287,153,35,0.01947060320692288,0.022278803309993635,0.016062282006321822,0.030825903726348462,0.01476362172002664,0.79995,0.3929,0.31435,1,1,0.02
05_loss_retention,19,44350024753589104598837211109312915518,20000,0.0,0.04,depolarizing,0.2,0.5,0.2,,0.11,0.95,15993,8022,1604,6418,139,24,0.01732734978808277,0.014962593516209476,0.010075231390742609,0.02216766080257001,0.0120924294118274,0.79965,0.4011,0.3209,1,1,0.02
05_loss_retention,20,331417379690892674749843453810045573047,20000,0.0,0.04,depolarizing,0.2,0.5,0.2,,0.11,0.95,16117,8106,1621,6485,156,36,0.01924500370096225,0.022208513263417645,0.01608446265138108,0.030591758224801927,0.014507295573420849,0.80585,0.4053,0.32425,1,1,0.02
05_loss_retention,21,234252460627116423683959096967591169042,20000,0.0,0.04,depolarizing,0.2,0.5,0.2,,0.11,0.95,16004,8064,1612,6452,167,27,0.020709325396825396,0.016749379652605458,0.011536448707903858,0.024260045128136926,0.012723596420233067,0.8002,0.4032,0.3226,1,1,0.02
05_loss_retention,22,264819984356890506098182866506013545471,20000,0.0,0.04,depolarizing,0.2,0.5,0.2,,0.11,0.95,16043,8069,1613,6456,155,29,0.01920931961829223,0.017978921264724116,0.01254694222033845,0.025701371170759633,0.013154428950421182,0.80215,0.40345,0.3228,1,1,0.02
05_loss_retention,23,198315410393221159570512605555220115812,20000,0.0,0.04,depolarizing,0.2,0.5,0.2,,0.11,0.95,16011,8077,1615,6462,157,29,0.01943791011514176,0.017956656346749224,0.01253136904334984,0.02566969041416174,0.013138321370811902,0.80055,0.40385,0.3231,1,1,0.02
05_loss_retention,24,72299591792001377150631856284173891474,20000,0.0,0.04,depolarizing,0.2,0.5,0.2,,0.11,0.95,15917,7941,1588,6353,162,23,0.02040045334340763,0.014483627204030227,0.009670412640002485,0.021640154467364385,0.0119697418273619,0.79585,0.39705,0.31765,1,1,0.02
05_loss_retention,25,42948730163121698870412592511088738170,20000,0.0,0.04,depolarizing,0.2,0.5,0.2,,0.11,0.95,16095,8095,1619,6476,176,44,0.021741815935762816,0.027177269919703522,0.02030674548699006,0.03628624967067283,0.01597950418368277,0.80475,0.40475,0.3238,1,1,0.02
05_loss_retention,26,96622897388777281316365487374117364766,20000,0.0,0.04,depolarizing,0.2,0.5,0.2,,0.11,0.95,16004,8021,1604,6417,181,30,0.022565764867223538,0.018703241895261846,0.013132118127552975,0.026574196491004023,0.013442078363451048,0.8002,0.40105,0.32085,1,1,0.02
05_loss_retention,27,164965439414721629383508072488201598061,20000,0.0,0.04,depolarizing,0.2,0.5,0.2,,0.11,0.95,16011,8022,1604,6418,171,36,0.02131637995512341,0.022443890274314215,0.01625538550833014,0.03091435153547123,0.01465896602714109,0.80055,0.4011,0.3209,1,1,0.02
05_loss_retention,28,59388644555475165623862943910088845921,20000,0.0,0.04,depolarizing,0.2,0.5,0.2,,0.11,0.95,15955,8001,1600,6401,184,36,0.022997125359330083,0.0225,0.01629613191087994,0.030991247027721887,0.014695115116841947,0.79775,0.40005,0.32005,1,1,0.02
05_loss_retention,29,164150733576811895908244038247751921186,20000,0.0,0.04,depolarizing,0.2,0.5,0.2,,0.11,0.95,16005,8003,1600,6403,160,35,0.019992502811445708,0.021875,0.015770394653582695,0.030269978236509447,0.014499583582926752,0.80025,0.40015,0.32015,1,1,0.02
05_loss_retention,30,30113533937333547325870551158386279345,20000,0.0,0.04,depolarizing,0.2,0.5,0.2,,0.11,0.95,16040,8049,1609,6440,178,40,0.022114548391104483,0.024860161591050343,0.01830936602831365,0.033674329183737015,0.015364963155423364,0.802,0.40245,0.322,1,1,0.02
05_loss_retention,31,158040159000300661574031121780925294503,20000,0.0,0.04,depolarizing,0.2,0.5,0.2,,0.11,0.95,16017,7906,1581,6325,154,22,0.019478876802428536,0.013915243516761544,0.009207226838739042,0.02097967832734219,0.011772451488603147,0.80085,0.3953,0.31625,1,1,0.02
05_loss_retention,32,229107697232400974526402204538589223664,20000,0.0,0.04,depolarizing,0.2,0.5,0.2,,0.11,0.95,16019,8001,1600,6401,179,39,0.02237220347456568,0.024375,0.017881586616146812,0.03314681046798407,0.015265223851837255,0.80095,0.40005,0.32005,1,1,0.02
05_loss_retention,33,8282193778219665985156280230960768275,20000,0.0,0.04,depolarizing,0.2,0.5,0.2,,0.11,0.95,15981,7961,1592,6369,155,33,0.01946991583971863,0.0207286432160804,0.01479755616720288,0.02896710380867345,0.014169547641470569,0.79905,0.39805,0.31845,1,1,0.02
05_loss_retention,34,173138517511571529354504766446533482627,20000,0.0,0.04,depolarizing,0.2,0.5,0.2,,0.11,0.95,15968,7969,1593,6376,133,32,0.016689672480863345,0.020087884494664157,0.014264799025097977,0.028219981443212683,0.013955182418114706,0.7984,0.39845,0.3188,1,1,0.02
05_loss_retention,35,201230364122670307027082853688019759236,20000,0.0,0.04,depolarizing,0.2,0.5,0.2,,0.11,0.95,15983,8020,1604,6416,171,32,0.021321695760598502,0.0199501246882793,0.014166734201226022,0.02802738789241243,0.013860653691186407,0.79915,0.401,0.3208,1,1,0.02
05_loss_retention,36,136700483103339721179616796499170787745,20000,0.0,0.04,depolarizing,0.2,0.5,0.2,,0.11,0.95,15929,7943,1588,6355,168,24,0.021150698728440137,0.015113350125944584,0.010176949182753942,0.022390024452359533,0.012213075269605592,0.79645,0.39715,0.31775,1,1,0.02
05_loss_retention,37,189265806129681356634380839426766430441,20000,0.0,0.04,depolarizing,0.2,0.5,0.2,,0.11,0.95,16011,8053,1610,6443,145,34,0.01800571215696014,0.02111801242236025,0.015151187763111612,0.029364621660443464,0.014213433897331852,0.80055,0.40265,0.32215,1,1,0.02
05_loss_retention,38,186900125518306688647218492997907141294,20000,0.0,0.04,depolarizing,0.2,0.5,0.2,,0.11,0.95,15892,7928,1585,6343,144,31,0.018163471241170535,0.019558359621451103,0.013812562155156033,0.027627355248286127,0.013814793093130094,0.7946,0.3964,0.31715,1,1,0.02
05_loss_retention,39,296305048495308078793886819688864446566,20000,0.0,0.04,depolarizing,0.2,0.5,0.2,,0.11,0.95,16032,7945,1589,6356,159,26,0.02001258653241032,0.016362492133417242,0.011190409382014686,0.02386735390726957,0.012676944525254884,0.8016,0.39725,0.3178,1,1,0.02
05_loss_retention,40,278422212847481712340717117205100041369,20000,0.0,0.04,depolarizing,0.2,0.5,0.2,,0.11,0.95,16012,7912,1582,6330,160,35,0.020222446916076844,0.022123893805309734,0.015950303050522693,0.030612648378181968,0.014662345327659275,0.8006,0.3956,0.3165,1,1,0.02
05_loss_retention,41,315808429027934312832618857872801552346,20000,0.0,0.04,depolarizing,0.2,0.5,0.2,,0.11,0.95,16082,7980,1596,6384,173,29,0.021679197994987468,0.018170426065162906,0.012680893707337602,0.02597384828583458,0.013292954578496977,0.8041,0.399,0.3192,1,1,0.02
05_loss_retention,42,51280959429436843405100776411126685265,20000,0.0,0.04,depolarizing,0.2,0.5,0.2,,0.11,0.95,15980,7916,1583,6333,160,31,0.0202122283981809,0.01958307012002527,0.013830055515739272,0.02766209132394947,0.0138320358082102,0.799,0.3958,0.31665,1,1,0.02
05_loss_retention,43,252915857178162149954447972194451306,20000,0.0,0.04,depolarizing,0.2,0.5,0.2,,0.11,0.95,15936,8025,1605,6420,161,39,0.020062305295950156,0.024299065420560748,0.017825724937369714,0.033044084745857356,0.015218359808487642,0.7968,0.40125,0.321,1,1,0.02
05_loss_retention,44,198688995738745036527086257974821867225,20000,0.0,0.04,depolarizing,0.2,0.5,0.2,,0.11,0.95,15962,8075,1615,6460,173,30,0.021424148606811147,0.018575851393188854,0.013042466017998055,0.026394044872451852,0.013351578854453797,0.7981,0.40375,0.323,1,1,0.02
05_loss_retention,45,122217285917982234272330213257874547561,20000,0.0,0.04,depolarizing,0.2,0.5,0.2,,0.11,0.95,16034,8000,1600,6400,145,32,0.018125,0.02,0.014202237741129695,0.0280971170034334,0.013894879262303705,0.8017,0.4,0.32,1,1,0.02
05_loss_retention,46,11083223275815324137175409694716107149,20000,0.0,0.04,depolarizing,0.2,0.5,0.2,,0.11,0.95,15981,8003,1600,6403,156,24,0.019492690241159565,0.015,0.010100469735872586,0.022222836620613043,0.012122366884740457,0.79905,0.40015,0.32015,1,1,0.02
05_loss_retention,47,117107962229290838620584353771496270334,20000,0.0,0.04,depolarizing,0.2,0.5,0.2,,0.11,0.95,16015,8092,1618,6474,140,19,0.01730103806228374,0.011742892459826947,0.007530496229183454,0.01826823927183076,0.010737743042647307,0.80075,0.4046,0.3237,1,1,0.02
05_loss_retention,48,247014789300649092121650752074376081765,20000,0.0,0.04,depolarizing,0.2,0.5,0.2,,0.11,0.95,15974,7849,1569,6280,167,22,0.02127659574468085,0.014021669853409816,0.009277779919344819,0.021139436356582525,0.011861656437237706,0.7987,0.39245,0.314,1,1,0.02
05_loss_retention,49,85839424802055200588426416184466047394,20000,0.0,0.04,depolarizing,0.2,0.5,0.2,,0.11,0.95,15997,7962,1592,6370,169,29,0.021225822657623714,0.01821608040201005,0.012712828415696749,0.026038802254679583,0.013325973838982834,0.79985,0.3981,0.3185,1,1,0.02
05_loss_retention,50,162757817542935338579049035162210134041,20000,0.0,0.04,depolarizing,0.2,0.5,0.2,,0.11,0.95,16001,8074,1614,6460,178,45,0.022046073817190984,0.027881040892193308,0.02090189521017899,0.037102217806617294,0.016200322596438305,0.80005,0.4037,0.323,1,1,0.02
05_loss_retention,51,246343019478862848493343755622397435496,20000,0.0,0.04,depolarizing,0.2,0.5,0.2,,0.11,0.95,16028,8096,1619,6477,155,29,0.019145256916996048,0.017912291537986413,0.0125003383792461,0.025606562627358588,0.013106224248112489,0.8014,0.4048,0.32385,1,1,0.02
05_loss_retention,52,237260663705161979693649533663868321968,20000,0.0,0.04,depolarizing,0.2,0.5,0.2,,0.11,0.95,15899,7962,1592,6370,156,40,0.019593067068575734,0.02512562814070352,0.01850544150884993,0.03403201975165139,0.015526578242801462,0.79495,0.3981,0.3185,1,1,0.02
05_loss_retention,53,62752127228644123708571331149451980088,20000,0.0,0.04,depolarizing,0.2,0.5,0.2,,0.11,0.95,16047,8096,1619,6477,159,36,0.019639328063241108,0.022235948116121063,0.01610438442562508,0.030629360518140098,0.014524976092515018,0.80235,0.4048,0.32385,1,1,0.02
05_loss_retention,54,56371677990016087989263052272506255818,20000,0.0,0.04,depolarizing,0.2,0.5,0.2,,0.11,0.95,16014,7947,1589,6358,177,35,0.022272555681389205,0.022026431718061675,0.01587985306153367,0.030478469928982132,0.014598616867448462,0.8007,0.39735,0.3179,1,1,0.02
05_loss_retention,55,200336675796086641420140770576126831920,20000,0.0,0.04,depolarizing,0.2,0.5,0.2,,0.11,0.95,15924,8052,1610,6442,138,27,0.01713859910581222,0.016770186335403725,0.011550810629985756,0.02429004505292714,0.012739234422941385,0.7962,0.4026,0.3221,1,1,0.02
05_loss_retention,56,314340487049144863509868639860463481296,20000,0.0,0.04,depolarizing,0.2,0.5,0.2,,0.11,0.95,15997,8048,1609,6439,177,34,0.021993041749502982,0.02113113735239279,0.01516062819564046,0.029382782086746766,0.014222153891106306,0.79985,0.4024,0.32195,1,1,0.02
05_loss_retention,57,148557666562623876479314418562479143647,20000,0.0,0.04,depolarizing,0.2,0.5,0.2,,0.11,0.95,16039,8097,1619,6478,161,38,0.019883907620106212,0.02347127856701668,0.017147591328943834,0.03205096616829577,0.014903374839351939,0.80195,0.40485,0.3239,1,1,0.02
05_loss_retention,58,8762422674306281087509455155886307887,20000,0.0,0.04,depolarizing,0.2,0.5,0.2,,0.11,0.95,16048,7888,1577,6311,149,25,0.0188894523326572,0.01585288522511097,0.010760709553663018,0.023298024496024528,0.012537314942361509,0.8024,0.3944,0.31555,1,1,0.02
05_loss_retention,59,254265231451835081025997704194017027706,20000,0.0,0.04,depolarizing,0.2,0.5,0.2,,0.11,0.95,16089,8076,1615,6461,154,31,0.019068845963348194,0.019195046439628483,0.013555373404505367,0.02711658891888287,0.013561215514377502,0.80445,0.4038,0.32305,1,1,0.02
05_loss_retention,60,98656226097175410625766471545629704485,20000,0.0,0.04,depolarizing,0.2,0.5,0.2,,0.11,0.95,16004,7904,1580,6324,167,28,0.02112854251012146,0.017721518987341773,0.012289087151107471,0.025493393214857454,0.013204306063749983,0.8002,0.3952,0.3162,1,1,0.02
05_loss_retention,61,293616296337915885589638511317537267640,20000,0.0,0.04,depolarizing,0.2,0.5,0.2,,0.11,0.95,15920,7886,1577,6309,144,29,0.018260207963479585,0.018389346861128725,0.012834029765260659,0.026285300307742218,0.01345127054248156,0.796,0.3943,0.31545,1,1,0.02
05_loss_retention,62,40305191924124125516763994343108863085,20000,0.0,0.04,depolarizing,0.2,0.5,0.2,,0.11,0.95,16002,8042,1608,6434,179,32,0.0222581447401144,0.01990049751243781,0.014131407728227928,0.02795800401226075,0.013826596284032822,0.8001,0.4021,0.3217,1,1,0.02
05_loss_retention,63,182187510377896089545034742663303613463,20000,0.0,0.04,depolarizing,0.2,0.5,0.2,,0.11,0.95,16006,8117,1623,6494,168,32,0.02069730195885179,0.019716574245224893,0.014000488053998991,0.02770084581160876,0.01370035775760977,0.8003,0.40585,0.3247,1,1,0.02
05_loss_retention,64,142490322500744793050327351933283102318,20000,0.0,0.04,depolarizing,0.2,0.5,0.2,,0.11,0.95,16015,8034,1606,6428,153,32,0.019044062733383122,0.019925280199252802,0.014149048914257466,0.027992652958914614,0.013843604044657148,0.80075,0.4017,0.3214,1,1,0.02
05_loss_retention,65,218888629888912180023808502121190705124,20000,0.0,0.04,depolarizing,0.2,0.5,0.2,,0.11,0.95,16024,7974,1594,6380,142,21,0.01780787559568598,0.013174404015056462,0.0086329013587399,0.020056715228457655,0.011423813869717754,0.8012,0.3987,0.319,1,1,0.02
05_loss_retention,66,280707603401235576720394318480978794017,20000,0.0,0.04,depolarizing,0.2,0.5,0.2,,0.11,0.95,15941,7947,1589,6358,148,29,0.018623379891783063,0.01825047199496539,0.01273688520195869,0.026087731321069417,0.013350846119110728,0.79705,0.39735,0.3179,1,1,0.02
05_loss_retention,67,160102230141349339645070478722676582614,20000,0.0,0.04,depolarizing,0.2,0.5,0.2,,0.11,0.95,15969,8031,1606,6425,148,27,0.018428589216784957,0.016811955168119553,0.01157964201928548,0.024350268037240507,0.012770626017955027,0.79845,0.40155,0.32125,1,1,0.02
05_loss_retention,68,209563579424579487599367513123934994019,20000,0.0,0.04,depolarizing,0.2,0.5,0.2,,0.11,0.95,16017,7956,1591,6365,169,27,0.021241830065359478,0.01697045883092395,0.011689053721507373,0.02457878876577347,0.012889735044266097,0.80085,0.3978,0.31825,1,1,0.02
05_loss_retention,69,109751651324212860505706936885979268709,20000,0.0,0.04,depolarizing,0.2,0.5,0.2,,0.11,0.95,15997,7904,1580,6324,159,35,0.020116396761133602,0.022151898734177215,0.0159705465793795,0.03065120233965399,0.01468065576027449,0.79985,0.3952,0.3162,1,1,0.02
05_loss_retention,70,199059879348023813149302528730604779521,20000,0.0,0.04,depolarizing,0.2,0.5,0.2,,0.11,0.95,15973,7859,1571,6288,174,37,0.02214022140221402,0.023551877784850413,0.017134685261853314,0.03229343868338813,0.015158753421534818,0.79865,0.39295,0.3144,1,1,0.02
05_loss_retention,71,332610919581209513372753837043227856643,20000,0.0,0.04,depolarizing,0.2,0.5,0.2,,0.11,0.95,16036,8019,1603,6416,159,36,0.019827908716797606,0.022457891453524642,0.01626555299401409,0.03093353961363888,0.01466798661962479,0.8018,0.40095,0.3208,1,1,0.02
05_loss_retention,72,23341381824829366557982927957307335717,20000,0.0,0.04,depolarizing,0.2,0.5,0.2,,0.11,0.95,15968,7968,1593,6375,165,35,0.020707831325301206,0.02197112366603892,0.01583987464036066,0.03040232330158645,0.014562448661225788,0.7984,0.3984,0.31875,1,1,0.02
05_loss_retention,73,103260384276288486795265030207356371274,20000,0.0,0.04,depolarizing,0.2,0.5,0.2,,0.11,0.95,16017,8054,1610,6444,156,25,0.01936925751179538,0.015527950310559006,0.010539697893828318,0.022822599577472534,0.012282901683644216,0.80085,0.4027,0.3222,1,1,0.02
05_loss_retention,74,307986297685000631243905764194513929615,20000,0.0,0.04,depolarizing,0.2,0.5,0.2,,0.11,0.95,15949,7896,1579,6317,148,38,0.018743667679837893,0.024065864471184292,0.017583195825626004,0.032858658837557064,0.01527546301193106,0.79745,0.3948,0.31585,1,1,0.02
05_loss_retention,75,264102694322363445503358770974332152996,20000,0.0,0.04,depolarizing,0.2,0.5,0.2,,0.11,0.95,16065,8043,1608,6435,159,38,0.01976874300634092,0.0236318407960199,0.017265216191303223,0.03226909649420757,0.015003880302904345,0.80325,0.40215,0.32175,1,1,0.02
05_loss_retention,76,52556642475370600769995579835636758369,20000,0.0,0.04,depolarizing,0.2,0.5,0.2,,0.11,0.95,16044,7976,1595,6381,148,31,0.018555667001003008,0.019435736677115987,0.01372575499805577,0.027454975247242476,0.013729220249186706,0.8022,0.3988,0.31905,1,1,0.02
05_loss_retention,77,220929361058513649274029219256793510418,20000,0.0,0.04,depolarizing,0.2,0.5,0.2,,0.11,0.95,15936,8059,1611,6448,160,25,0.019853579848616455,0.015518311607697082,0.010533142206796854,0.02280849546704273,0.012275353260245874,0.7968,0.40295,0.3224,1,1,0.02
05_loss_retention,78,300965125574187781913796956214810766572,20000,0.0,0.04,depolarizing,0.2,0.5,0.2,,0.11,0.95,15978,7903,1580,6323,154,33,0.01948627103631532,0.02088607594936709,0.014910227355552703,0.029186016262604052,0.014275788907051348,0.7989,0.39515,0.31615,1,1,0.02
05_loss_retention,79,643913640689096142472506725826302511,20000,0.0,0.04,depolarizing,0.2,0.5,0.2,,0.11,0.95,16029,8040,1608,6432,147,24,0.01828358208955224,0.014925373134328358,0.010050118859757318,0.02211275828736855,0.012062639427611231,0.80145,0.402,0.3216,1,1,0.02
05_loss_retention,80,21882576092916023162141401420092698054,20000,0.0,0.04,depolarizing,0.2,0.5,0.2,,0.11,0.95,16033,8011,1602,6409,161,26,0.020097366121582822,0.016229712858926344,0.011099409072578302,0.02367454604856003,0.012575136975981727,0.80165,0.40055,0.32045,1,1,0.02
05_loss_retention,81,129361364714771162766627165491498315001,20000,0.0,0.04,depolarizing,0.2,0.5,0.2,,0.11,0.95,16017,7914,1582,6332,139,31,0.017563810967904978,0.019595448798988623,0.013838818823022769,0.027679492137050704,0.013840673314027935,0.80085,0.3957,0.3166,1,1,0.02
05_loss_retention,82,243507891809245532889057325851040201979,20000,0.0,0.04,depolarizing,0.2,0.5,0.2,,0.11,0.95,16062,8020,1604,6416,161,37,0.020074812967581047,0.023067331670822942,0.016781211867574496,0.0316324289137676,0.014851217046193105,0.8031,0.401,0.3208,1,1,0.02
05_loss_retention,83,64950592636798778482712247318874355290,20000,0.0,0.04,depolarizing,0.2,0.5,0.2,,0.11,0.95,15974,7990,1598,6392,178,37,0.02227784730913642,0.023153942428035045,0.01684439091958348,0.03175059230553699,0.014906201385953513,0.7987,0.3995,0.3196,1,1,0.02
05_loss_retention,84,12521964738820858934825224134398388299,20000,0.0,0.04,depolarizing,0.2,0.5,0.2,,0.11,0.95,16097,8008,1601,6407,157,28,0.019605394605394604,0.017489069331667707,0.012127534570557054,0.025160546748496215,0.013033012177939162,0.80485,0.4004,0.32035,1,1,0.02
05_loss_retention,85,16133226840032501667379204848985247387,20000,0.0,0.04,depolarizing,0.2,0.5,0.2,,0.11,0.95,15961,8099,1619,6480,177,30,0.021854549944437585,0.01852995676343422,0.01301016799791313,0.026329139285428765,0.013318971287515635,0.79805,0.40495,0.324,1,1,0.02
05_loss_retention,86,336492365960118070495631690105033317855,20000,0.0,0.04,depolarizing,0.2,0.5,0.2,,0.11,0.95,15937,7917,1583,6334,155,22,0.01957812302639889,0.013897662665824383,0.009195572184388857,0.02095328645221927,0.011757714267830413,0.79685,0.39585,0.3167,1,1,0.02
05_loss_retention,87,263759260950357363165768188560734995867,20000,0.0,0.04,depolarizing,0.2,0.5,0.2,,0.11,0.95,16053,7966,1593,6373,143,28,0.017951292995229726,0.017576898932831136,0.012188575040542177,0.025286315462919876,0.013097740422377699,0.80265,0.3983,0.31865,1,1,0.02
05_loss_retention,88,241347821125948154291991829042270207259,20000,0.0,0.04,depolarizing,0.2,0.5,0.2,,0.11,0.95,16079,8106,1621,6485,165,27,0.020355292376017766,0.016656384947563233,0.011472259568256378,0.02412595741881835,0.012653697850561973,0.80395,0.4053,0.32425,1,1,0.02
05_loss_retention,89,76194965087736103119169655971355824846,20000,0.0,0.04,depolarizing,0.2,0.5,0.2,,0.11,0.95,15973,7888,1577,6311,166,44,0.021044624746450306,0.027901077996195307,0.020849242580649678,0.037247322579785656,0.016398079999135978,0.79865,0.3944,0.31555,1,1,0.02
05_loss_retention,90,118811467129613008417108745308869863352,20000,0.0,0.04,depolarizing,0.2,0.5,0.2,,0.11,0.95,16044,8025,1605,6420,153,33,0.019065420560747663,0.020560747663551402,0.014677401731292956,0.028733624530977164,0.014056222799684208,0.8022,0.40125,0.321,1,1,0.02
05_loss_retention,91,255426160199318722968353322744349895247,20000,0.0,0.04,depolarizing,0.2,0.5,0.2,,0.11,0.95,16028,7965,1593,6372,147,31,0.018455743879472693,0.0194601381042059,0.013743029030161499,0.027489278946937003,0.013746249916775505,0.8014,0.39825,0.3186,1,1,0.02
05_loss_retention,92,173417709111960929487789224874905121749,20000,0.0,0.04,depolarizing,0.2,0.5,0.2,,0.11,0.95,16016,7979,1595,6384,171,37,0.021431257049755608,0.023197492163009405,0.016876159180436473,0.03181000566176746,0.01493384648133099,0.8008,0.39895,0.3192,1,1,0.02
05_loss_retention,93,236142238805674823792491259464114680231,20000,0.0,0.04,depolarizing,0.2,0.5,0.2,,0.11,0.95,15994,8029,1605,6424,140,29,0.017436791630340016,0.01806853582554517,0.012609623932709603,0.025828880048922538,0.013219256116212936,0.7997,0.40145,0.3212,1,1,0.02
05_loss_retention,94,263898643691767378479693350432394912676,20000,0.0,0.04,depolarizing,0.2,0.5,0.2,,0.11,0.95,15930,7899,1579,6320,153,30,0.019369540448157994,0.018999366687777075,0.013340529442717972,0.026992921810359262,0.01365239236764129,0.7965,0.39495,0.316,1,1,0.02
05_loss_retention,95,24303495011345230561622806323298250550,20000,0.0,0.04,depolarizing,0.2,0.5,0.2,,0.11,0.95,15897,7920,1584,6336,191,40,0.024116161616161615,0.025252525252525252,0.01859917284309036,0.034202987193065915,0.015603814349975556,0.79485,0.396,0.3168,1,1,0.02
05_loss_retention,96,19883435254017052658237059251593844309,20000,0.0,0.04,depolarizing,0.2,0.5,0.2,,0.11,0.95,16013,8053,1610,6443,158,28,0.019620017384825533,0.017391304347826087,0.012059590747248536,0.025020544041470395,0.01296095329422186,0.80065,0.40265,0.32215,1,1,0.02
05_loss_retention,97,284224045596934358528031267614803914479,20000,0.0,0.04,depolarizing,0.2,0.5,0.2,,0.11,0.95,15975,8091,1618,6473,166,26,0.020516623408725745,0.016069221260815822,0.010989420328311728,0.023441478275858057,0.012452057947546329,0.79875,0.40455,0.32365,1,1,0.02
05_loss_retention,98,281281368006162601681928082036571336570,20000,0.0,0.04,depolarizing,0.2,0.5,0.2,,0.11,0.95,16063,7995,1599,6396,155,32,0.01938711694809256,0.020012507817385866,0.014211141448917386,0.028114603525641185,0.0139034620767238,0.80315,0.39975,0.3198,1,1,0.02
05_loss_retention,99,254315481755731618680958526629996682940,20000,0.0,0.04,depolarizing,0.2,0.5,0.2,,0.11,0.95,16004,8104,1620,6484,159,29,0.01961994076999013,0.017901234567901235,0.012492604710895389,0.025590829164235593,0.013098224453340204,0.8002,0.4052,0.3242,1,1,0.02
05_loss_retention,100,336616419490839653733446141759932966199,20000,0.0,0.04,depolarizing,0.2,0.5,0.2,,0.11,0.95,15973,7974,1594,6380,170,41,0.021319287684976172,0.025721455457967377,0.019016444970107148,0.034706944385461604,0.015690499415354456,0.79865,0.3987,0.319,1,1,0.02
05_loss_retention,101,102451632209889562065087746954030994307,20000,0.0,0.04,depolarizing,0.2,0.5,0.2,,0.11,0.95,15951,7994,1598,6396,164,30,0.02051538653990493,0.01877346683354193,0.013181540727652452,0.026673501398486184,0.013491960670833731,0.79755,0.3997,0.3198,1,1,0.02
05_loss_retention,102,198472617481466971211884456204505809471,20000,0.0,0.04,depolarizing,0.2,0.5,0.2,,0.11,0.95,16092,8018,1603,6415,185,39,0.023073085557495633,0.024329382407985028,0.017848027673214913,0.03308509853623693,0.015237070863022017,0.8046,0.4009,0.32075,1,1,0.02
05_loss_retention,103,33817169764832985267898387853480130232,20000,0.0,0.04,depolarizing,0.2,0.5,0.2,,0.11,0.95,15954,8107,1621,6486,168,34,0.020722832120389785,0.020974706971005553,0.015048113698573912,0.02916632853558503,0.014118214837011117,0.7977,0.40535,0.3243,1,1,0.02
05_loss_retention,104,287011491188914025461672450136253697393,20000,0.0,0.04,depolarizing,0.2,0.5,0.2,,0.11,0.95,15991,8045,1609,6436,139,25,0.017277812305779988,0.015537600994406464,0.010546261746349053,0.022836721141543025,0.012290459395193971,0.79955,0.40225,0.3218,1,1,0.02
05_loss_retention,105,82588990084649055789857493547223415405,20000,0.0,0.04,depolarizing,0.2,0.5,0.2,,0.11,0.95,16004,8012,1602,6410,169,36,0.02109335996005991,0.02247191011235955,0.016275733207048452,0.03095275152543003,0.014677018318381578,0.8002,0.4006,0.3205,1,1,0.02
05_loss_retention,106,275484081974962503998609721887225705362,20000,0.0,0.04,depolarizing,0.2,0.5,0.2,,0.11,0.95,16071,8055,1611,6444,145,32,0.018001241464928614,0.019863438857852266,0.014105028278266747,0.02790619112047113,0.013801162842204383,0.80355,0.40275,0.3222,1,1,0.02
05_loss_retention,107,225895048857341135473440375441486316270,20000,0.0,0.04,depolarizing,0.2,0.5,0.2,,0.11,0.95,15918,8090,1618,6472,163,28,0.02014833127317676,0.0173053152039555,0.011999832194986928,0.02489739872437016,0.012897566529383231,0.7959,0.4045,0.3236,1,1,0.02
05_loss_retention,108,277949854910465066325422362475529985562,20000,0.0,0.04,depolarizing,0.2,0.5,0.2,,0.11,0.95,16028,8052,1610,6442,147,25,0.01825633383010432,0.015527950310559006,0.010539697893828318,0.022822599577472534,0.012282901683644216,0.8014,0.4026,0.3221,1,1,0.02
05_loss_retention,109,275663414792408030212360342498993372328,20000,0.0,0.04,depolarizing,0.2,0.5,0.2,,0.11,0.95,16118,8019,1603,6416,143,33,0.01783264746227709,0.020586400499064253,0.014695759862259447,0.028769299143594634,0.014073539281335187,0.8059,0.40095,0.3208,1,1,0.02
05_loss_retention,110,2379722589135931465024034885858043647,20000,0.0,0.04,depolarizing,0.2,0.5,0.2,,0.11,0.95,15942,8036,1607,6429,150,36,0.018666002986560477,0.0224019912881145,0.016224959177147134,0.030856929860038483,0.014631970682891349,0.7971,0.4018,0.32145,1,1,0.02
05_loss_retention,111,238010964437462255887928057673138872998,20000,0.0,0.04,depolarizing,0.2,0.5,0.2,,0.11,0.95,15988,7909,1581,6328,157,34,0.019850802882791757,0.021505376344086023,0.0154298214987209,0.0299005542438171,0.014470732745096202,0.7994,0.39545,0.3164,1,1,0.02
05_loss_retention,112,95226638074043733259314304463837829517,20000,0.0,0.04,depolarizing,0.2,0.5,0.2,,0.11,0.95,16058,7887,1577,6310,140,28,0.017750729047800177,0.017755231452124286,0.012312518122026477,0.025541662945147568,0.01322914482312109,0.8029,0.39435,0.3155,1,1,0.02
05_loss_retention,113,107894865883788828697262470704533361976,20000,0.0,0.04,depolarizing,0.2,0.5,0.2,,0.11,0.95,16003,7983,1596,6387,173,26,0.021671050983339598,0.016290726817042606,0.011141224612257226,0.02376314576320301,0.012621921150945785,0.80015,0.39915,0.31935,1,1,0.02
05_loss_retention,114,38215122909675461437441790909455388858,20000,0.0,0.04,depolarizing,0.2,0.5,0.2,,0.11,0.95,16026,8058,1611,6447,172,39,0.02134524695954331,0.024208566108007448,0.017759149917985856,0.03292165120565031,0.015162501287664457,0.8013,0.4029,0.32235,1,1,0.02
05_loss_retention,115,5374268751312658953711612897077962943,20000,0.0,0.04,depolarizing,0.2,0.5,0.2,,0.11,0.95,15985,7881,1576,6305,156,36,0.0197944423296536,0.02284263959390863,0.016544965630656258,0.03146077469046911,0.014915809059812851,0.79925,0.39405,0.31525,1,1,0.02
05_loss_retention,116,51524937628331759479737187595890689457,20000,0.0,0.04,depolarizing,0.2,0.5,0.2,,0.11,0.95,15997,8068,1613,6455,183,27,0.022682201289043132,0.016738995660260384,0.011529281131538446,0.02424507293709301,0.012715791805554565,0.79985,0.4034,0.32275,1,1,0.02
05_loss_retention,117,151834516447762629546659874001742889911,20000,0.0,0.04,depolarizing,0.2,0.5,0.2,,0.11,0.95,16017,7979,1595,6384,138,27,0.01729540042611856,0.016927899686520375,0.011659675610442354,0.0245174315702521,0.012857755959809744,0.80085,0.39895,0.3192,1,1,0.02
05_loss_retention,118,60700426600629306120150433196090793947,20000,0.0,0.04,depolarizing,0.2,0.5,0.2,,0.11,0.95,16077,8018,1603,6415,168,30,0.020952856073833875,0.018714909544603867,0.013140329474521225,0.026590695929533982,0.013450366455012757,0.80385,0.4009,0.32075,1,1,0.02
05_loss_retention,119,276822608116648403694058025731612285695,20000,0.0,0.04,depolarizing,0.2,0.5,0.2,,0.11,0.95,15956,8039,1607,6432,154,31,0.019156611518845627,0.019290603609209707,0.013623015904670369,0.02725093755621026,0.013627921651539893,0.7978,0.40195,0.3216,1,1,0.02
05_loss_retention,120,1389924868735893262415712696127280770,20000,0.0,0.04,depolarizing,0.2,0.5,0.2,,0.11,0.95,16042,7911,1582,6329,158,33,0.019972190620654785,0.020859671302149177,0.014891329821101473,0.02914930137328759,0.014257971552186118,0.8021,0.39555,0.31645,1,1,0.02
05_loss_retention,121,35397135185051031141084968765622154927,20000,0.0,0.04,depolarizing,0.2,0.5,0.2,,0.11,0.95,16003,7880,1576,6304,162,34,0.020558375634517765,0.021573604060913704,0.015478900901585456,0.02999493979273439,0.014516038891148934,0.80015,0.394,0.3152,1,1,0.02
05_loss_retention,122,165307202826689827979556564659076753410,20000,0.0,0.04,depolarizing,0.2,0.5,0.2,,0.11,0.95,15901,7890,1578,6312,171,28,0.02167300380228137,0.017743979721166033,0.012304697876899796,0.025525552738296212,0.013220854861396417,0.79505,0.3945,0.3156,1,1,0.02
05_loss_retention,123,290184594268026319170035499517733098147,20000,0.0,0.04,depolarizing,0.2,0.5,0.2,,0.11,0.95,16097,7998,1599,6399,169,35,0.021130282570642662,0.021888680425265792,0.015780283023664403,0.03028881408780143,0.014508531064137027,0.80485,0.3999,0.31995,1,1,0.02
05_loss_retention,124,290867561610212995411999820066686507385,20000,0.0,0.04,depolarizing,0.2,0.5,0.2,,0.11,0.95,16037,8022,1604,6418,151,26,0.018823236100723013,0.016209476309226933,0.01108554022530615,0.023645159443087923,0.012559619217781773,0.80185,0.4011,0.3209,1,1,0.02
05_loss_retention,125,119550022694957196841760373034124034801,20000,0.0,0.04,depolarizing,0.2,0.5,0.2,,0.11,0.95,15956,7906,1581,6325,140,25,0.01770806982038958,0.015812776723592662,0.010733427844231733,0.02323934496596369,0.012505917121731956,0.7978,0.3953,0.31625,1,1,0.02
05_loss_retention,126,19602911028232155787933594405625141758,20000,0.0,0.04,depolarizing,0.2,0.5,0.2,,0.11,0.95,16084,8057,1611,6446,165,28,0.02047908650862604,0.01738050900062073,0.012052088398755687,0.0250050843000403,0.012952995901284611,0.8042,0.40285,0.3223,1,1,0.02
05_loss_retention,127,49096824651459732235624754042343581335,20000,0.0,0.04,depolarizing,0.2,0.5,0.2,,0.11,0.95,15917,7942,1588,6354,153,29,0.019264668849156383,0.018261964735516372,0.012744924376236654,0.026104081897609852,0.013359157521373198,0.79585,0.3971,0.3177,1,1,0.02
05_loss_retention,128,325423874442541322865388065148473578928,20000,0.0,0.04,depolarizing,0.2,0.5,0.2,,0.11,0.95,16033,7927,1585,6342,155,30,0.01955342500315378,0.01892744479495268,0.013289909710604883,0.026891228858173383,0.0136013191475685,0.80165,0.39635,0.3171,1,1,0.02
05_loss_retention,129,311030991389318700125871881926927720589,20000,0.0,0.04,depolarizing,0.2,0.5,0.2,,0.11,0.95,16068,7992,1598,6394,175,40,0.021896896896896896,0.025031289111389236,0.018435760661264643,0.03390491160627661,0.015469150945011965,0.8034,0.3996,0.3197,1,1,0.02
05_loss_retention,130,276113844226373852153739130604528953345,20000,0.0,0.04,depolarizing,0.2,0.5,0.2,,0.11,0.95,15979,7950,1590,6360,158,49,0.019874213836477986,0.030817610062893082,0.02338887264729152,0.04050798375400204,0.017119111106710518,0.79895,0.3975,0.318,1,1,0.02
05_loss_retention,131,337975616762801883474478409982517328258,20000,0.0,0.04,depolarizing,0.2,0.5,0.2,,0.11,0.95,15921,7973,1594,6379,159,45,0.019942305280321083,0.028230865746549563,0.021164965981075007,0.03756517792816799,0.016400211947092985,0.79605,0.39865,0.31895,1,1,0.02
05_loss_retention,132,203880346944506122973217090881566535133,20000,0.0,0.04,depolarizing,0.2,0.5,0.2,,0.11,0.95,15852,7878,1575,6303,133,29,0.01688245747651688,0.018412698412698412,0.012850364779281816,0.02631851976906683,0.013468154989785014,0.7926,0.3939,0.31515,1,1,0.02
05_loss_retention,133,154886170819422070004933637075491878667,20000,0.0,0.04,depolarizing,0.2,0.5,0.2,,0.11,0.95,16163,8096,1619,6477,154,38,0.019021739130434784,0.02347127856701668,0.017147591328943834,0.03205096616829577,0.014903374839351939,0.80815,0.4048,0.32385,1,1,0.02
05_loss_retention,134,163703199905577909360989023590932549537,20000,0.0,0.04,depolarizing,0.2,0.5,0.2,,0.11,0.95,16036,7966,1593,6373,154,34,0.019332161687170474,0.021343377275580666,0.015313291197473138,0.029676434253261826,0.014363143055788688,0.8018,0.3983,0.31865,1,1,0.02
05_loss_retention,135,66914155691931482635651441362644209952,20000,0.0,0.04,depolarizing,0.2,0.5,0.2,,0.11,0.95,16069,8043,1608,6435,168,29,0.020887728459530026,0.018034825870646767,0.012586045033996476,0.025780916233981148,0.013194871199984672,0.80345,0.40215,0.32175,1,1,0.02
05_loss_retention,136,94110279160963972203752269577592013196,20000,0.0,0.04,depolarizing,0.2,0.5,0.2,,0.11,0.95,16023,7945,1589,6356,160,28,0.020138451856513532,0.01762114537444934,0.012219326281401724,0.025349672497045103,0.01313034621564338,0.80115,0.39725,0.3178,1,1,0.02
05_loss_retention,137,245837652854140894075758146831268929804,20000,0.0,0.04,depolarizing,0.2,0.5,0.2,,0.11,0.95,15883,7805,1561,6244,155,25,0.01985906470211403,0.016015374759769378,0.010871237514689453,0.023535736122927784,0.012664498608238331,0.79415,0.39025,0.3122,1,1,0.02
05_loss_retention,138,339079787607589799607266477419557766540,20000,0.0,0.04,depolarizing,0.2,0.5,0.2,,0.11,0.95,15969,7969,1593,6376,176,29,0.022085581628811645,0.01820464532328939,0.012704829668774332,0.026022533325899874,0.013317703657125542,0.79845,0.39845,0.3188,1,1,0.02
05_loss_retention,139,289216313444341670062114059193133374280,20000,0.0,0.04,depolarizing,0.2,0.5,0.2,,0.11,0.95,16081,8017,1603,6414,164,41,0.020456529874017713,0.025577043044291953,0.018909368323505038,0.03451311362047939,0.01560374529697435,0.80405,0.40085,0.3207,1,1,0.02
05_loss_retention,140,318610060035357836485283829341707675833,20000,0.0,0.04,depolarizing,0.2,0.5,0.2,,0.11,0.95,15959,7934,1586,6348,168,30,0.021174691202419965,0.018915510718789406,0.013281510412945105,0.026874354479426092,0.013592844066480987,0.79795,0.3967,0.3174,1,1,0.02
05_loss_retention,141,94675097605240427795866691569301472031,20000,0.0,0.04,depolarizing,0.2,0.5,0.2,,0.11,0.95,16076,8057,1611,6446,180,37,0.022340821645773862,0.022967101179391682,0.016708099377040243,0.03149567839662499,0.014787579019584746,0.8038,0.40285,0.3223,1,1,0.02
05_loss_retention,142,52369734434047092187240980595590858550,20000,0.0,0.04,depolarizing,0.2,0.5,0.2,,0.11,0.95,15957,8045,1609,6436,156,31,0.019390926041019267,0.019266625233064015,0.013606042068647519,0.027217225748907996,0.013611183680260477,0.79785,0.40225,0.3218,1,1,0.02
05_loss_retention,143,201423663974019153183578183574684488660,20000,0.0,0.04,depolarizing,0.2,0.5,0.2,,0.11,0.95,15962,7914,1582,6332,165,26,0.02084912812736922,0.01643489254108723,0.011240030349684887,0.023972480024599587,0.0127324496749147,0.7981,0.3957,0.3166,1,1,0.02
05_loss_retention,144,11209923805866734030337066467606747468,20000,0.0,0.04,depolarizing,0.2,0.5,0.2,,0.11,0.95,16014,8101,1620,6481,176,30,0.021725712874953708,0.018518518518518517,0.013002118472055135,0.02631296273486185,0.013310844262806716,0.8007,0.40505,0.32405,1,1,0.02
05_loss_retention,145,115272070431133678274472295638223173313,20000,0.0,0.04,depolarizing,0.2,0.5,0.2,,0.11,0.95,16000,7961,1592,6369,164,32,0.02060042708202487,0.020100502512562814,0.014273781373620271,0.02823762127588106,0.013963839902260787,0.8,0.39805,0.31845,1,1,0.02
05_loss_retention,146,16601443552859658928156732192383271621,20000,0.0,0.04,depolarizing,0.2,0.5,0.2,,0.11,0.95,15986,7957,1591,6366,157,34,0.01973105441749403,0.021370207416719043,0.015332590526802498,0.02971355398076335,0.014380963453960852,0.7993,0.39785,0.3183,1,1,0.02
05_loss_retention,147,9124042399651872922459893998557122951,20000,0.0,0.04,depolarizing,0.2,0.5,0.2,,0.11,0.95,15974,7981,1596,6385,174,29,0.021801779225660945,0.018170426065162906,0.012680893707337602,0.02597384828583458,0.013292954578496977,0.7987,0.39905,0.31925,1,1,0.02
05_loss_retention,148,273776863182751269573142073979545834023,20000,0.0,0.04,depolarizing,0.2,0.5,0.2,,0.11,0.95,15999,7941,1588,6353,163,29,0.020526382067749652,0.018261964735516372,0.012744924376236654,0.026104081897609852,0.013359157521373198,0.79995,0.39705,0.31765,1,1,0.02
05_loss_retention,149,167553511917735347919032144707245900171,20000,0.0,0.04,depolarizing,0.2,0.5,0.2,,0.11,0.95,16000,7893,1578,6315,163,36,0.020651209932851893,0.022813688212927757,0.016523939607199795,0.03142110469403883,0.014897165086839036,0.8,0.39465,0.31575,1,1,0.02
05_loss_retention,0,100162363530594769660058035518574562866,20000,0.0,0.04,depolarizing,0.30000000000000004,0.5,0.2,,0.11,0.95,13939,6983,1396,5587,138,29,0.019762279822425892,0.020773638968481375,0.014502402892294049,0.02967507051443937,0.015172667622145322,0.69695,0.34915,0.27935,1,1,0.02
05_loss_retention,1,166116900118235974053738446525000552322,20000,0.0,0.04,depolarizing,0.30000000000000004,0.5,0.2,,0.11,0.95,13982,7036,1407,5629,163,33,0.023166571915861287,0.023454157782515993,0.016748759007643353,0.032754647901786275,0.016005888894142922,0.6991,0.3518,0.28145,1,1,0.02
05_loss_retention,2,211926792390546487383288068228079512930,20000,0.0,0.04,depolarizing,0.30000000000000004,0.5,0.2,,0.11,0.95,14055,6985,1397,5588,146,28,0.020901932712956334,0.020042949176807445,0.013903009383139556,0.02881521432725232,0.014912204944112765,0.70275,0.34925,0.2794,1,1,0.02
05_loss_retention,3,261443028008418711267582540219101006994,20000,0.0,0.04,depolarizing,0.30000000000000004,0.5,0.2,,0.11,0.95,13936,7098,1419,5679,132,26,0.018596787827557058,0.018322762508809022,0.012534248762083304,0.026712189043417302,0.014177940281333998,0.6968,0.3549,0.28395,1,1,0.02
05_loss_retention,4,249857791424597676228892344686056864915,20000,0.0,0.04,depolarizing,0.30000000000000004,0.5,0.2,,0.11,0.95,13939,7013,1402,5611,139,29,0.019820333666048767,0.020684736091298145,0.014440176308612336,0.029548751769074698,0.015108575460462362,0.69695,0.35065,0.28055,1,1,0.02
05_loss_retention,5,262786266372078070093175217974275652492,20000,0.0,0.04,depolarizing,0.30000000000000004,0.5,0.2,,0.11,0.95,14071,7030,1406,5624,146,28,0.020768136557610242,0.01991465149359886,0.013813788238265682,0.028631735296522683,0.014817947058257001,0.70355,0.3515,0.2812,1,1,0.02
05_loss_retention,6,324528147528928683394116635464394379787,20000,0.0,0.04,depolarizing,0.30000000000000004,0.5,0.2,,0.11,0.95,13889,6975,1395,5580,137,26,0.0196415770609319,0.01863799283154122,0.012750415375858387,0.027169375725966526,0.014418960350108138,0.69445,0.34875,0.279,1,1,0.02
05_loss_retention,7,84962827018946595043487808323610623408,20000,0.0,0.04,depolarizing,0.30000000000000004,0.5,0.2,,0.11,0.95,14124,7041,1408,5633,146,27,0.020735690952989633,0.019176136363636364,0.013212051538798113,0.027756754455189964,0.014544702916391851,0.7062,0.35205,0.28165,1,1,0.02
05_loss_retention,8,54335707196489416790137631701779183302,20000,0.0,0.04,depolarizing,0.30000000000000004,0.5,0.2,,0.11,0.95,14045,7011,1402,5609,144,35,0.02053915275994865,0.024964336661911554,0.018004226312264046,0.034520514907586494,0.016516288595322448,0.70225,0.35055,0.28045,1,1,0.02
05_loss_retention,9,92275211773708532474642376262565572933,20000,0.0,0.04,depolarizing,0.30000000000000004,0.5,0.2,,0.11,0.95,13978,7039,1407,5632,151,30,0.021451910782781646,0.021321961620469083,0.014975698686665208,0.030274927045625406,0.015299228358960198,0.6989,0.35195,0.2816,1,1,0.02
05_loss_retention,10,24616519962839791569075945291610235448,20000,0.0,0.04,depolarizing,0.30000000000000004,0.5,0.2,,0.11,0.95,13988,6922,1384,5538,143,31,0.020658769141866512,0.022398843930635837,0.015824136759382053,0.03161749167895723,0.015793354919575175,0.6994,0.3461,0.2769,1,1,0.02
05_loss_retention,11,324079153171555355665901416362208901713,20000,0.0,0.04,depolarizing,0.30000000000000004,0.5,0.2,,0.11,0.95,13993,6926,1385,5541,142,23,0.020502454519203003,0.01660649819494585,0.011090979868737902,0.024796096013210464,0.013705116144472562,0.69965,0.3463,0.27705,1,1,0.02
05_loss_retention,12,45899077906149695597161129491092551229,20000,0.0,0.04,depolarizing,0.30000000000000004,0.5,0.2,,0.11,0.95,13957,6985,1397,5588,138,27,0.01975662133142448,0.019327129563350035,0.013316342603694175,0.027974167793812385,0.01465782519011821,0.69785,0.34925,0.2794,1,1,0.02
05_loss_retention,13,237072763659678157858304723171820426643,20000,0.0,0.04,depolarizing,0.30000000000000004,0.5,0.2,,0.11,0.95,14020,7043,1408,5635,162,33,0.023001561834445548,0.0234375,0.016736829714211966,0.03273151418824889,0.015994684474036926,0.701,0.35215,0.28175,1,1,0.02
05_loss_retention,14,80867716947324136243450778878628740620,20000,0.0,0.04,depolarizing,0.30000000000000004,0.5,0.2,,0.11,0.95,13954,6947,1389,5558,144,31,0.020728371959119044,0.022318214542836574,0.0157670170219167,0.03150430621715566,0.01573728919523896,0.6977,0.34735,0.2779,1,1,0.02
05_loss_retention,15,28245602757131799748457458486990410899,20000,0.0,0.04,depolarizing,0.30000000000000004,0.5,0.2,,0.11,0.95,13940,6987,1397,5590,149,18,0.021325318448547303,0.012884753042233358,0.008165604555956489,0.020275486025582174,0.012109881469625685,0.697,0.34935,0.2795,1,1,0.02
05_loss_retention,16,126980266281899256960425575568479362699,20000,0.0,0.04,depolarizing,0.30000000000000004,0.5,0.2,,0.11,0.95,13942,6973,1394,5579,126,23,0.018069697404273628,0.01649928263988522,0.011019214590308196,0.024636802410892694,0.013617587820584498,0.6971,0.34865,0.27895,1,1,0.02
05_loss_retention,17,44131434702924537735935484492126561597,20000,0.0,0.04,depolarizing,0.30000000000000004,0.5,0.2,,0.11,0.95,14046,6971,1394,5577,135,23,0.01936594462774351,0.01649928263988522,0.011019214590308196,0.024636802410892694,0.013617587820584498,0.7023,0.34855,0.27885,1,1,0.02
05_loss_retention,18,235251982514644597993078452402819361603,20000,0.0,0.04,depolarizing,0.30000000000000004,0.5,0.2,,0.11,0.95,14045,7061,1412,5649,137,25,0.019402350941792948,0.017705382436260624,0.012021089031594082,0.0260067978375619,0.013985708805967818,0.70225,0.35305,0.28245,1,1,0.02
05_loss_retention,19,67230073883369590867548207057806932359,20000,0.0,0.04,depolarizing,0.30000000000000004,0.5,0.2,,0.11,0.95,14049,6965,1393,5572,119,30,0.017085427135678392,0.021536252692031587,0.015126613428433657,0.030577541769389083,0.015450928340955426,0.70245,0.34825,0.2786,1,1,0.02
05_loss_retention,20,93074490517433189341742324685543650230,20000,0.0,0.04,depolarizing,0.30000000000000004,0.5,0.2,,0.11,0.95,13950,6989,1397,5592,147,26,0.02103305193876091,0.018611309949892626,0.01273211711717074,0.027130679967450493,0.014398562850279753,0.6975,0.34945,0.2796,1,1,0.02
05_loss_retention,21,71368261370953040103629575822248781781,20000,0.0,0.04,depolarizing,0.30000000000000004,0.5,0.2,,0.11,0.95,14015,7027,1405,5622,147,24,0.02091931122812011,0.01708185053380783,0.011505502694845803,0.02529172420113816,0.013786221506292357,0.70075,0.35135,0.2811,1,1,0.02
05_loss_retention,22,44101659591146514336218833177159730171,20000,0.0,0.04,depolarizing,0.30000000000000004,0.5,0.2,,0.11,0.95,13949,6945,1389,5556,142,25,0.020446364290856733,0.017998560115190784,0.012220614285948684,0.026435227324539547,0.014214613038590862,0.69745,0.34725,0.2778,1,1,0.02
05_loss_retention,23,203731795305778984913966362679182779216,20000,0.0,0.04,depolarizing,0.30000000000000004,0.5,0.2,,0.11,0.95,13997,6968,1393,5575,131,24,0.018800229621125143,0.01722900215362527,0.011604844359190531,0.025508500532836164,0.013903656173645633,0.69985,0.3484,0.27875,1,1,0.02
05_loss_retention,24,236031306756615780795406864524087167600,20000,0.0,0.04,depolarizing,0.30000000000000004,0.5,0.2,,0.11,0.95,14027,7032,1406,5626,122,27,0.017349260523321957,0.019203413940256046,0.013230891870291663,0.027796032440103795,0.014565140569812132,0.70135,0.3516,0.2813,1,1,0.02
05_loss_retention,25,265741366069489514040361318954749311837,20000,0.0,0.04,depolarizing,0.30000000000000004,0.5,0.2,,0.11,0.95,14050,6993,1398,5595,149,28,0.021307021307021307,0.020028612303290415,0.013893039047566887,0.028794711727785447,0.01490167268021856,0.7025,0.34965,0.27975,1,1,0.02
05_loss_retention,26,61731516364465620651637990711390550571,20000,0.0,0.04,depolarizing,0.30000000000000004,0.5,0.2,,0.11,0.95,13988,7049,1409,5640,153,32,0.021705206412257056,0.0227111426543648,0.016132809851357406,0.03188493368040569,0.01575212382904828,0.6994,0.35245,0.282,1,1,0.02
05_loss_retention,27,320793642044376843102937789713270032518,20000,0.0,0.04,depolarizing,0.30000000000000004,0.5,0.2,,0.11,0.95,14026,6923,1384,5539,137,30,0.019789108767875197,0.02167630057803468,0.015225246710840624,0.03077529493239781,0.015550048221557186,0.7013,0.34615,0.27695,1,1,0.02
05_loss_retention,28,99901334140667634690830785221618303647,20000,0.0,0.04,depolarizing,0.30000000000000004,0.5,0.2,,0.11,0.95,13894,6981,1396,5585,142,22,0.02034092536885833,0.015759312320916905,0.010430003684076858,0.023746337157405643,0.013316333473328786,0.6947,0.34905,0.27925,1,1,0.02
05_loss_retention,29,288766543663572832853525132637096590917,20000,0.0,0.04,depolarizing,0.30000000000000004,0.5,0.2,,0.11,0.95,14105,7027,1405,5622,139,36,0.019780845310943505,0.025622775800711744,0.01856472169998688,0.03526777900181608,0.0167030573018292,0.70525,0.35135,0.2811,1,1,0.02
05_loss_retention,30,101907102218742467790367575270727046490,20000,0.0,0.04,depolarizing,0.30000000000000004,0.5,0.2,,0.11,0.95,13929,7033,1406,5627,149,32,0.021185838191383477,0.02275960170697013,0.016167328694299897,0.031952591738060095,0.015785263043760198,0.69645,0.35165,0.28135,1,1,0.02
05_loss_retention,31,41646211028870009814020151158807377478,20000,0.0,0.04,depolarizing,0.30000000000000004,0.5,0.2,,0.11,0.95,14122,7007,1401,5606,144,30,0.020550877693734836,0.021413276231263382,0.015040006115981427,0.0304038825305612,0.015363876414579772,0.7061,0.35035,0.2803,1,1,0.02
05_loss_retention,32,197947308367255661840368012420619565428,20000,0.0,0.04,depolarizing,0.30000000000000004,0.5,0.2,,0.11,0.95,14092,7032,1406,5626,145,32,0.020620022753128554,0.02275960170697013,0.016167328694299897,0.031952591738060095,0.015785263043760198,0.7046,0.3516,0.2813,1,1,0.02
05_loss_retention,33,41085885875703024477876927429422116369,20000,0.0,0.04,depolarizing,0.30000000000000004,0.5,0.2,,0.11,0.95,14065,6973,1394,5579,132,39,0.018930159185429514,0.027977044476327116,0.020532579979752448,0.03801587578699857,0.01748329580724612,0.70325,0.34865,0.27895,1,1,0.02
05_loss_retention,34,224126047950301097192388172618527809818,20000,0.0,0.04,depolarizing,0.30000000000000004,0.5,0.2,,0.11,0.95,14116,6993,1398,5595,129,27,0.018447018447018446,0.019313304721030045,0.013306793609813237,0.027954262308274344,0.014647468698461107,0.7058,0.34965,0.27975,1,1,0.02
05_loss_retention,35,277206166711463869209347471993496661695,20000,0.0,0.04,depolarizing,0.30000000000000004,0.5,0.2,,0.11,0.95,13973,7031,1406,5625,146,36,0.02076518276205376,0.025604551920341393,0.018551477785845788,0.03524283954408582,0.016691361758240035,0.69865,0.35155,0.28125,1,1,0.02
05_loss_retention,36,131681549303491540287382297907695469043,20000,0.0,0.04,depolarizing,0.30000000000000004,0.5,0.2,,0.11,0.95,14067,7056,1411,5645,117,14,0.016581632653061226,0.009922041105598866,0.005919485699186186,0.016585833622764397,0.01066634792357821,0.70335,0.3528,0.28225,1,1,0.02
05_loss_retention,37,280492700271885940449836967438603788471,20000,0.0,0.04,depolarizing,0.30000000000000004,0.5,0.2,,0.11,0.95,14105,6964,1392,5572,139,29,0.019959793222286044,0.020833333333333332,0.014544186089410991,0.029759884713115657,0.015215698623704666,0.70525,0.3482,0.2786,1,1,0.02
05_loss_retention,38,329615565566492749975568460446282864154,20000,0.0,0.04,depolarizing,0.30000000000000004,0.5,0.2,,0.11,0.95,13989,6955,1391,5564,164,39,0.023580158159597412,0.028037383177570093,0.020577006274687205,0.038097374460947915,0.01752036818626071,0.69945,0.34775,0.2782,1,1,0.02
05_loss_retention,39,154844734878845941856786829456988649709,20000,0.0,0.04,depolarizing,0.30000000000000004,0.5,0.2,,0.11,0.95,14072,7020,1404,5616,127,21,0.01809116809116809,0.014957264957264958,0.009803582873460824,0.02275793783860438,0.012954354965143555,0.7036,0.351,0.2808,1,1,0.02
05_loss_retention,40,294567511357276860895218221003446929566,20000,0.0,0.04,depolarizing,0.30000000000000004,0.5,0.2,,0.11,0.95,13988,7064,1412,5652,156,31,0.022083805209513023,0.021954674220963172,0.01550949082451054,0.030993921270467854,0.015484430445957313,0.6994,0.3532,0.2826,1,1,0.02
05_loss_retention,41,219562012599145649187249790143752379063,20000,0.0,0.04,depolarizing,0.30000000000000004,0.5,0.2,,0.11,0.95,14038,7032,1406,5626,132,28,0.01877133105802048,0.01991465149359886,0.013813788238265682,0.028631735296522683,0.014817947058257001,0.7019,0.3516,0.2813,1,1,0.02
05_loss_retention,42,185974283655563247528757747578334284388,20000,0.0,0.04,depolarizing,0.30000000000000004,0.5,0.2,,0.11,0.95,13977,6918,1383,5535,147,35,0.021248915871639202,0.025307302964569775,0.018252319856799086,0.034992020619931036,0.01673970076313195,0.69885,0.3459,0.27675,1,1,0.02
05_loss_retention,43,112415106000501766358233149965998587152,20000,0.0,0.04,depolarizing,0.30000000000000004,0.5,0.2,,0.11,0.95,14076,7042,1408,5634,132,26,0.0187446748082931,0.018465909090909092,0.012632408148526935,0.026919808194049013,0.014287400045522078,0.7038,0.3521,0.2817,1,1,0.02
05_loss_retention,44,110957389520710680743559251036970728483,20000,0.0,0.04,depolarizing,0.30000000000000004,0.5,0.2,,0.11,0.95,14097,7005,1401,5604,162,33,0.023126338329764455,0.023554603854389723,0.016820693420872224,0.032894139795484535,0.01607344637461231,0.70485,0.35025,0.2802,1,1,0.02
05_loss_retention,45,178992668747260787885393540520682923770,20000,0.0,0.04,depolarizing,0.30000000000000004,0.5,0.2,,0.11,0.95,13950,7036,1407,5629,135,26,0.019187038089823763,0.01847903340440654,0.012641408020454943,0.02693884280898364,0.014297434788528698,0.6975,0.3518,0.28145,1,1,0.02
05_loss_retention,46,221079715928525054211677974170328831670,20000,0.0,0.04,depolarizing,0.30000000000000004,0.5,0.2,,0.11,0.95,13925,7031,1406,5625,149,32,0.021191864599630208,0.02275960170697013,0.016167328694299897,0.031952591738060095,0.015785263043760198,0.69625,0.35155,0.28125,1,1,0.02
05_loss_retention,47,147355169054179528201537748662002128522,20000,0.0,0.04,depolarizing,0.30000000000000004,0.5,0.2,,0.11,0.95,13915,6922,1384,5538,129,29,0.018636232302802657,0.020953757225433526,0.014628478974721127,0.02993097587341646,0.015302496898695332,0.69575,0.3461,0.2769,1,1,0.02
05_loss_retention,48,41537213058688091360185303359979335789,20000,0.0,0.04,depolarizing,0.30000000000000004,0.5,0.2,,0.11,0.95,13968,6915,1383,5532,131,25,0.018944323933477947,0.018076644974692697,0.012273758395826877,0.026549322986870186,0.014275564591043309,0.6984,0.34575,0.2766,1,1,0.02
05_loss_retention,49,250085340214204486532458980559203249105,20000,0.0,0.04,depolarizing,0.30000000000000004,0.5,0.2,,0.11,0.95,13981,7104,1420,5684,148,37,0.020833333333333332,0.026056338028169014,0.01896231709104262,0.0357077154034226,0.01674539831237998,0.69905,0.3552,0.2842,1,1,0.02
05_loss_retention,50,57479921062728156594397217198242922220,20000,0.0,0.04,depolarizing,0.30000000000000004,0.5,0.2,,0.11,0.95,13972,6922,1384,5538,138,38,0.019936434556486565,0.02745664739884393,0.02006850273586977,0.03746073326817545,0.01739223053230568,0.6986,0.3461,0.2769,1,1,0.02
05_loss_retention,51,195450216567393926932469520850994050462,20000,0.0,0.04,depolarizing,0.30000000000000004,0.5,0.2,,0.11,0.95,14128,7102,1420,5682,173,34,0.0243593353984793,0.023943661971830985,0.01718429764581214,0.033271782541793346,0.016087484895981205,0.7064,0.3551,0.2841,1,1,0.02
05_loss_retention,52,326803308411682348961811172220613853502,20000,0.0,0.04,depolarizing,0.30000000000000004,0.5,0.2,,0.11,0.95,14150,7159,1431,5728,147,31,0.02053359407738511,0.02166317260656883,0.015303012538393473,0.030584606902718622,0.015281594364325149,0.7075,0.35795,0.2864,1,1,0.02
05_loss_retention,53,316763402557739529723906754768341054996,20000,0.0,0.04,depolarizing,0.30000000000000004,0.5,0.2,,0.11,0.95,14087,7097,1419,5678,149,31,0.020994786529519516,0.021846370683579985,0.015432774822025989,0.030841852904429253,0.015409078082403264,0.70435,0.35485,0.2839,1,1,0.02
05_loss_retention,54,210610144517230033276024077915656182538,20000,0.0,0.04,depolarizing,0.30000000000000004,0.5,0.2,,0.11,0.95,14070,6962,1392,5570,140,34,0.02010916403332376,0.02442528735632184,0.017530975183059738,0.033937233019747826,0.016406257836688087,0.7035,0.3481,0.2785,1,1,0.02
05_loss_retention,55,212052354324438029435902070012210331136,20000,0.0,0.04,depolarizing,0.30000000000000004,0.5,0.2,,0.11,0.95,14053,6926,1385,5541,119,18,0.017181634421022236,0.012996389891696752,0.00823648543581006,0.020450344560267873,0.012213859124457813,0.70265,0.3463,0.27705,1,1,0.02
05_loss_retention,56,27458150049811594857370834267228114818,20000,0.0,0.04,depolarizing,0.30000000000000004,0.5,0.2,,0.11,0.95,13976,7060,1412,5648,137,16,0.019405099150141644,0.0113314447592068,0.006986852459154844,0.018327746571267515,0.01134089411211267,0.6988,0.353,0.2824,1,1,0.02
05_loss_retention,57,85191966941238994913253390908066892348,20000,0.0,0.04,depolarizing,0.30000000000000004,0.5,0.2,,0.11,0.95,13981,6965,1393,5572,136,27,0.019526202440775305,0.019382627422828428,0.013354676023079846,0.02805407402184487,0.014699397998765025,0.69905,0.34825,0.2786,1,1,0.02
05_loss_retention,58,190709106107339350023014495330105626748,20000,0.0,0.04,depolarizing,0.30000000000000004,0.5,0.2,,0.11,0.95,13970,6896,1379,5517,114,28,0.016531322505800465,0.02030456852791878,0.014084954561070711,0.029189318450477352,0.015104363889406641,0.6985,0.3448,0.27585,1,1,0.02
05_loss_retention,59,302026204643325790585410439038064180861,20000,0.0,0.04,depolarizing,0.30000000000000004,0.5,0.2,,0.11,0.95,14022,7031,1406,5625,154,32,0.021903000995590956,0.02275960170697013,0.016167328694299897,0.031952591738060095,0.015785263043760198,0.7011,0.35155,0.28125,1,1,0.02
05_loss_retention,60,78416323129005276295216950617483877089,20000,0.0,0.04,depolarizing,0.30000000000000004,0.5,0.2,,0.11,0.95,14034,7026,1405,5621,158,38,0.022487902077996016,0.02704626334519573,0.019767602909776028,0.03690411009299677,0.01713650718322074,0.7017,0.3513,0.28105,1,1,0.02
05_loss_retention,61,197069865385035825633227406285228382197,20000,0.0,0.04,depolarizing,0.30000000000000004,0.5,0.2,,0.11,0.95,13875,6948,1389,5559,129,25,0.018566493955094993,0.017998560115190784,0.012220614285948684,0.026435227324539547,0.014214613038590862,0.69375,0.3474,0.27795,1,1,0.02
05_loss_retention,62,91142283207645126233190259835406500607,20000,0.0,0.04,depolarizing,0.30000000000000004,0.5,0.2,,0.11,0.95,14073,7083,1416,5667,132,22,0.018636171113934775,0.015536723163841809,0.010282375104713455,0.023412555074625543,0.013130179969912089,0.70365,0.35415,0.28335,1,1,0.02
05_loss_retention,63,17122150834978351093118396064070438291,20000,0.0,0.04,depolarizing,0.30000000000000004,0.5,0.2,,0.11,0.95,13909,6858,1371,5487,151,25,0.022018081073199185,0.01823486506199854,0.01238144545192224,0.0267804946214285,0.01439904916950626,0.69545,0.3429,0.27435,1,1,0.02
05_loss_retention,64,11358666225742185192207649994933025261,20000,0.0,0.04,depolarizing,0.30000000000000004,0.5,0.2,,0.11,0.95,13982,6994,1398,5596,141,27,0.02016013726050901,0.019313304721030045,0.013306793609813237,0.027954262308274344,0.014647468698461107,0.6991,0.3497,0.2798,1,1,0.02
05_loss_retention,65,21779545145110518287449915663185898237,20000,0.0,0.04,depolarizing,0.30000000000000004,0.5,0.2,,0.11,0.95,14094,7057,1411,5646,123,31,0.017429502621510558,0.021970233876683204,0.015520512560420972,0.03101576781941369,0.015495255258992717,0.7047,0.35285,0.2823,1,1,0.02
05_loss_retention,66,110846554455170145541784164660018281222,20000,0.0,0.04,depolarizing,0.30000000000000004,0.5,0.2,,0.11,0.95,14049,7017,1403,5614,157,25,0.022374234003135242,0.01781895937277263,0.012098383212942636,0.02617277981194258,0.014074396598999943,0.70245,0.35085,0.2807,1,1,0.02
05_loss_retention,67,278756654310395860662959057434626989951,20000,0.0,0.04,depolarizing,0.30000000000000004,0.5,0.2,,0.11,0.95,14043,6942,1388,5554,140,31,0.020167098818784212,0.0223342939481268,0.015778407955830215,0.031526878435395346,0.01574847047956513,0.70215,0.3471,0.2777,1,1,0.02
05_loss_retention,68,305658151417662402118037800799309045176,20000,0.0,0.04,depolarizing,0.30000000000000004,0.5,0.2,,0.11,0.95,13916,6957,1391,5566,154,26,0.022135978151502086,0.018691588785046728,0.012787170136446603,0.027247099326626834,0.01445992919018023,0.6958,0.34785,0.2783,1,1,0.02
05_loss_retention,69,2381886936708797583796383991723748432,20000,0.0,0.04,depolarizing,0.30000000000000004,0.5,0.2,,0.11,0.95,13987,7025,1405,5620,132,30,0.018790035587188614,0.021352313167259787,0.014997073305475086,0.030317790493418376,0.01532071718794329,0.69935,0.35125,0.281,1,1,0.02
05_loss_retention,70,129117681962476735291390291082436851001,20000,0.0,0.04,depolarizing,0.30000000000000004,0.5,0.2,,0.11,0.95,13989,6966,1393,5573,143,27,0.0205282802182027,0.019382627422828428,0.013354676023079846,0.02805407402184487,0.014699397998765025,0.69945,0.3483,0.27865,1,1,0.02
05_loss_retention,71,145725798791026327658443949422276461109,20000,0.0,0.04,depolarizing,0.30000000000000004,0.5,0.2,,0.11,0.95,13886,7039,1407,5632,128,27,0.018184401193351327,0.019189765458422176,0.013221464992693471,0.027776379562458126,0.014554914569764654,0.6943,0.35195,0.2816,1,1,0.02
05_loss_retention,72,7968141803741314420304954988929942934,20000,0.0,0.04,depolarizing,0.30000000000000004,0.5,0.2,,0.11,0.95,13978,6927,1385,5542,129,26,0.01862278042442616,0.018772563176895306,0.0128427013214731,0.027364522091997526,0.014521820770524427,0.6989,0.34635,0.2771,1,1,0.02
05_loss_retention,73,151533198382107245245721556062962449990,20000,0.0,0.04,depolarizing,0.30000000000000004,0.5,0.2,,0.11,0.95,14042,6928,1385,5543,131,27,0.01890877598152425,0.019494584837545126,0.013432008800514926,0.028215263790129785,0.01478325498961486,0.7021,0.3464,0.27715,1,1,0.02
05_loss_retention,74,172086244952152045750769804065502868898,20000,0.0,0.04,depolarizing,0.30000000000000004,0.5,0.2,,0.11,0.95,14062,7051,1410,5641,124,21,0.017586157991774216,0.014893617021276596,0.00976177972350941,0.022661557797609228,0.012899778074099817,0.7031,0.35255,0.28205,1,1,0.02
05_loss_retention,75,227980237712969524538115745371492321951,20000,0.0,0.04,depolarizing,0.30000000000000004,0.5,0.2,,0.11,0.95,14049,7124,1424,5700,149,29,0.02091521617069062,0.020365168539325844,0.014216510135278929,0.029094642120918494,0.014878131985639566,0.70245,0.3562,0.285,1,1,0.02
05_loss_retention,76,299171210941476557370232046957920517912,20000,0.0,0.04,depolarizing,0.30000000000000004,0.5,0.2,,0.11,0.95,13941,6893,1378,5515,148,26,0.02147105759466125,0.018867924528301886,0.012908100405873604,0.027502800905736292,0.014594700499862688,0.69705,0.34465,0.27575,1,1,0.02
05_loss_retention,77,133580871348798018033928020409840082110,20000,0.0,0.04,depolarizing,0.30000000000000004,0.5,0.2,,0.11,0.95,14017,6946,1389,5557,138,30,0.019867549668874173,0.02159827213822894,0.01517029221383737,0.030665117420470966,0.015494825206633596,0.70085,0.3473,0.27785,1,1,0.02
05_loss_retention,78,74038403726574115911286633447137318116,20000,0.0,0.04,depolarizing,0.30000000000000004,0.5,0.2,,0.11,0.95,14097,7049,1409,5640,131,23,0.01858419633990637,0.016323633782824698,0.010901647632412057,0.02437581291315902,0.013474165280746964,0.70485,0.35245,0.282,1,1,0.02
05_loss_retention,79,229782105886864389505420094472748297960,20000,0.0,0.04,depolarizing,0.30000000000000004,0.5,0.2,,0.11,0.95,13872,7020,1404,5616,131,28,0.018660968660968662,0.019943019943019943,0.013833516054484409,0.028672306206795978,0.014838790152311569,0.6936,0.351,0.2808,1,1,0.02
05_loss_retention,80,57037869479135500702784794168813782010,20000,0.0,0.04,depolarizing,0.30000000000000004,0.5,0.2,,0.11,0.95,13971,6899,1379,5520,105,18,0.015219597043049718,0.01305293691080493,0.00827238934687368,0.020538909711712152,0.012266520364838471,0.69855,0.34495,0.276,1,1,0.02
05_loss_retention,81,240494419191043234564823163933213644182,20000,0.0,0.04,depolarizing,0.30000000000000004,0.5,0.2,,0.11,0.95,13899,6909,1381,5528,135,28,0.019539730785931395,0.020275162925416364,0.014064503601152693,0.029147272331417975,0.015082768730265282,0.69495,0.34545,0.2764,1,1,0.02
05_loss_retention,82,163044250376794444585272218787402117778,20000,0.0,0.04,depolarizing,0.30000000000000004,0.5,0.2,,0.11,0.95,14036,7040,1408,5632,157,26,0.022301136363636363,0.018465909090909092,0.012632408148526935,0.026919808194049013,0.014287400045522078,0.7018,0.352,0.2816,1,1,0.02
05_loss_retention,83,92376520929659566371793956344586749781,20000,0.0,0.04,depolarizing,0.30000000000000004,0.5,0.2,,0.11,0.95,13905,7038,1407,5631,149,38,0.02117078715544189,0.02700781805259417,0.019739415718272084,0.03685195981972257,0.017112544101450487,0.69525,0.3519,0.28155,1,1,0.02
05_loss_retention,84,185690434417966394797833705080229953922,20000,0.0,0.04,depolarizing,0.30000000000000004,0.5,0.2,,0.11,0.95,13996,6868,1373,5495,126,25,0.018345952242283053,0.01820830298616169,0.01236336657434418,0.026741686862099368,0.014378320287755188,0.6998,0.3434,0.27475,1,1,0.02
05_loss_retention,85,140398271620477975292272255344419593309,20000,0.0,0.04,depolarizing,0.30000000000000004,0.5,0.2,,0.11,0.95,13995,6997,1399,5598,152,31,0.021723595826782908,0.02215868477483917,0.015654005795050652,0.03128034905075215,0.0156263432557015,0.69975,0.34985,0.2799,1,1,0.02
05_loss_retention,86,5696712818031978735535002779542496029,20000,0.0,0.04,depolarizing,0.30000000000000004,0.5,0.2,,0.11,0.95,14040,7031,1406,5625,157,21,0.022329682833167403,0.014935988620199146,0.009789608765478942,0.022725720198559077,0.012936111433080134,0.702,0.35155,0.28125,1,1,0.02
05_loss_retention,87,307371192695769074056030758763892883974,20000,0.0,0.04,depolarizing,0.30000000000000004,0.5,0.2,,0.11,0.95,14007,7052,1410,5642,161,35,0.022830402722631878,0.024822695035460994,0.017901772140166083,0.03432576607496474,0.01642399393479866,0.70035,0.3526,0.2821,1,1,0.02
05_loss_retention,88,331755316247120966461406688479778983472,20000,0.0,0.04,depolarizing,0.30000000000000004,0.5,0.2,,0.11,0.95,14040,7036,1407,5629,142,37,0.020181921546333144,0.026297085998578537,0.0191380599977198,0.036035721814561855,0.016897661816842054,0.702,0.3518,0.28145,1,1,0.02
05_loss_retention,89,134061761589087918423588981177369915433,20000,0.0,0.04,depolarizing,0.30000000000000004,0.5,0.2,,0.11,0.95,14063,7002,1400,5602,142,27,0.020279920022850614,0.019285714285714285,0.013287736648526744,0.027914536198781956,0.014626799550255212,0.70315,0.3501,0.2801,1,1,0.02
05_loss_retention,90,311103889869584483361843834084099918901,20000,0.0,0.04,depolarizing,0.30000000000000004,0.5,0.2,,0.11,0.95,14077,7017,1403,5614,140,27,0.019951546244833973,0.01924447612259444,0.013259253333057639,0.02785515828598904,0.0145959049529314,0.70385,0.35085,0.2807,1,1,0.02
05_loss_retention,91,45280550849880205501804030336990266417,20000,0.0,0.04,depolarizing,0.30000000000000004,0.5,0.2,,0.11,0.95,13831,6928,1385,5543,135,34,0.019486143187066974,0.02454873646209386,0.017619841280561252,0.034107775550302075,0.016487934269740823,0.69155,0.3464,0.27715,1,1,0.02
05_loss_retention,92,54366593181940755164115940961943861846,20000,0.0,0.04,depolarizing,0.30000000000000004,0.5,0.2,,0.11,0.95,13981,7000,1400,5600,134,25,0.019142857142857142,0.017857142857142856,0.012124369302297827,0.026228578947231698,0.014104209644933871,0.69905,0.35,0.28,1,1,0.02
05_loss_retention,93,46967408584143614463632284185639140714,20000,0.0,0.04,depolarizing,0.30000000000000004,0.5,0.2,,0.11,0.95,13910,6955,1391,5564,129,16,0.018547807332854063,0.011502516175413372,0.007092512326183279,0.018603210004150404,0.011510697677967125,0.6955,0.34775,0.2782,1,1,0.02
05_loss_retention,94,300986464237779413516202160774641176733,20000,0.0,0.04,depolarizing,0.30000000000000004,0.5,0.2,,0.11,0.95,13880,6901,1380,5521,127,23,0.01840312998116215,0.016666666666666666,0.011131254854368847,0.024885485721657025,0.013754230867288178,0.694,0.34505,0.27605,1,1,0.02
05_loss_retention,95,288531541015310751087269523814130445342,20000,0.0,0.04,depolarizing,0.30000000000000004,0.5,0.2,,0.11,0.95,14018,6955,1391,5564,150,30,0.021567217828900073,0.021567217828900073,0.0151484213350224,0.030621266981146943,0.015472845646124543,0.7009,0.34775,0.2782,1,1,0.02
05_loss_retention,96,285127730157433509873935174817358848950,20000,0.0,0.04,depolarizing,0.30000000000000004,0.5,0.2,,0.11,0.95,13913,6939,1387,5552,149,34,0.021472834702406688,0.024513338139870222,0.01759435916558947,0.03405887446868045,0.016464515303090982,0.69565,0.34695,0.2776,1,1,0.02
05_loss_retention,97,291938974308281109071239698054693003720,20000,0.0,0.04,depolarizing,0.30000000000000004,0.5,0.2,,0.11,0.95,13989,7025,1405,5620,136,29,0.019359430604982207,0.020640569395017794,0.014409262841034496,0.029485994807374044,0.015076731966339548,0.69945,0.35125,0.281,1,1,0.02
05_loss_retention,98,59776144247830967540914769064613977123,20000,0.0,0.04,depolarizing,0.30000000000000004,0.5,0.2,,0.11,0.95,14009,7009,1401,5608,135,21,0.019260950206876872,0.014989293361884369,0.009824618998659704,0.02280643593844054,0.012981816939780837,0.70045,0.35045,0.2804,1,1,0.02
05_loss_retention,99,46279531361338460290732248402222107698,20000,0.0,0.04,depolarizing,0.30000000000000004,0.5,0.2,,0.11,0.95,14008,6942,1388,5554,141,22,0.02031114952463267,0.01585014409221902,0.010490248940084495,0.02388253002658757,0.013392281086503076,0.7004,0.3471,0.2777,1,1,0.02
05_loss_retention,100,109399200968282292574192202934870417753,20000,0.0,0.04,depolarizing,0.30000000000000004,0.5,0.2,,0.11,0.95,13972,6880,1376,5504,140,29,0.020348837209302327,0.021075581395348836,0.014713754631941904,0.030104045576458863,0.015390290944516959,0.6986,0.344,0.2752,1,1,0.02
05_loss_retention,101,264562168244934661497294110609261994827,20000,0.0,0.04,depolarizing,0.30000000000000004,0.5,0.2,,0.11,0.95,13975,6901,1380,5521,141,31,0.020431821475148527,0.02246376811594203,0.015870131398861922,0.03170862728119962,0.0158384958823377,0.69875,0.34505,0.27605,1,1,0.02
05_loss_retention,102,71653192801539517317655303872556182094,20000,0.0,0.04,depolarizing,0.30000000000000004,0.5,0.2,,0.11,0.95,13986,7010,1402,5608,147,32,0.020970042796005707,0.02282453637660485,0.016213584262315502,0.03204325038645328,0.01582966612413778,0.6993,0.3505,0.2804,1,1,0.02
05_loss_retention,103,134384358878097076322729083994939550179,20000,0.0,0.04,depolarizing,0.30000000000000004,0.5,0.2,,0.11,0.95,13952,6921,1384,5537,149,21,0.021528680826470165,0.015173410404624277,0.009945549941444507,0.023085210545886293,0.013139660604441786,0.6976,0.34605,0.27685,1,1,0.02
05_loss_retention,104,170665466402199713733725912482949774463,20000,0.0,0.04,depolarizing,0.30000000000000004,0.5,0.2,,0.11,0.95,14059,6978,1395,5583,140,26,0.02006305531670966,0.01863799283154122,0.012750415375858387,0.027169375725966526,0.014418960350108138,0.70295,0.3489,0.27915,1,1,0.02
05_loss_retention,105,145773417766321479265038194952100357633,20000,0.0,0.04,depolarizing,0.30000000000000004,0.5,0.2,,0.11,0.95,14099,7039,1407,5632,148,37,0.021025713879812474,0.026297085998578537,0.0191380599977198,0.036035721814561855,0.016897661816842054,0.70495,0.35195,0.2816,1,1,0.02
05_loss_retention,106,225045311567697987355093849118228037985,20000,0.0,0.04,depolarizing,0.30000000000000004,0.5,0.2,,0.11,0.95,14070,7040,1408,5632,140,27,0.019886363636363636,0.019176136363636364,0.013212051538798113,0.027756754455189964,0.014544702916391851,0.7035,0.352,0.2816,1,1,0.02
05_loss_retention,107,85901054754226342977556861286415775749,20000,0.0,0.04,depolarizing,0.30000000000000004,0.5,0.2,,0.11,0.95,13953,6974,1394,5580,146,37,0.020934901061084026,0.02654232424677188,0.019317091018896837,0.03636980990216042,0.017052718883263582,0.69765,0.3487,0.279,1,1,0.02
05_loss_retention,108,60867127562273789484419393103065817379,20000,0.0,0.04,depolarizing,0.30000000000000004,0.5,0.2,,0.11,0.95,14056,7032,1406,5626,145,24,0.020620022753128554,0.017069701280227598,0.011497300941087904,0.025273825696128842,0.013776524755040938,0.7028,0.3516,0.2813,1,1,0.02
05_loss_retention,109,199620721804593129052988765910491845741,20000,0.0,0.04,depolarizing,0.30000000000000004,0.5,0.2,,0.11,0.95,14064,7153,1430,5723,146,32,0.020411016356773382,0.022377622377622378,0.015895244499620133,0.031419232567106874,0.015523988067486741,0.7032,0.35765,0.28615,1,1,0.02
05_loss_retention,110,187968914671517071528786548166746854553,20000,0.0,0.04,depolarizing,0.30000000000000004,0.5,0.2,,0.11,0.95,13961,6981,1396,5585,146,21,0.020913909182065607,0.01504297994269341,0.009859880544218526,0.022887727073656695,0.01302784652943817,0.69805,0.34905,0.27925,1,1,0.02
05_loss_retention,111,275454265675885832896387546783962883967,20000,0.0,0.04,depolarizing,0.30000000000000004,0.5,0.2,,0.11,0.95,14004,6935,1387,5548,151,30,0.021773612112472963,0.021629416005767843,0.01519222633803358,0.030709093626087865,0.015516867288054285,0.7002,0.34675,0.2774,1,1,0.02
05_loss_retention,112,266274311984852621940937705622362681680,20000,0.0,0.04,depolarizing,0.30000000000000004,0.5,0.2,,0.11,0.95,14110,7113,1422,5691,148,22,0.02080697314775763,0.015471167369901548,0.010238898022886455,0.02331424249265414,0.013075344469767684,0.7055,0.35565,0.28455,1,1,0.02
05_loss_retention,113,229085131266297704982870843170127648494,20000,0.0,0.04,depolarizing,0.30000000000000004,0.5,0.2,,0.11,0.95,13881,7038,1407,5631,155,36,0.02202330207445297,0.0255863539445629,0.01853825275478766,0.03521793533178098,0.016679682576993322,0.69405,0.3519,0.28155,1,1,0.02
05_loss_retention,114,118708911273664215960095840393862648153,20000,0.0,0.04,depolarizing,0.30000000000000004,0.5,0.2,,0.11,0.95,13961,7027,1405,5622,146,32,0.020777002988473032,0.022775800711743774,0.01617886782537374,0.031975208274489554,0.015796340449115813,0.69805,0.35135,0.2811,1,1,0.02
05_loss_retention,115,247718384891377654334939376883591032088,20000,0.0,0.04,depolarizing,0.30000000000000004,0.5,0.2,,0.11,0.95,14001,6960,1392,5568,157,26,0.022557471264367815,0.01867816091954023,0.012777961594673145,0.027227626767684966,0.01444966517301182,0.70005,0.348,0.2784,1,1,0.02
05_loss_retention,116,61727954697102216262054371684903744709,20000,0.0,0.04,depolarizing,0.30000000000000004,0.5,0.2,,0.11,0.95,13961,7029,1405,5624,130,21,0.018494807227201593,0.01494661921708185,0.009796590836178948,0.022741817608350264,0.012945226772171315,0.69805,0.35145,0.2812,1,1,0.02
05_loss_retention,117,71001550573471852011756134839144720767,20000,0.0,0.04,depolarizing,0.30000000000000004,0.5,0.2,,0.11,0.95,13923,6924,1384,5540,135,25,0.01949740034662045,0.018063583815028903,0.012264868968591771,0.026530238699142426,0.014265369730550655,0.69615,0.3462,0.277,1,1,0.02
05_loss_retention,118,164245321300319262117743973544125860208,20000,0.0,0.04,depolarizing,0.30000000000000004,0.5,0.2,,0.11,0.95,14084,7111,1422,5689,146,32,0.02053157080579384,0.02250351617440225,0.01598491592488612,0.031595029517859974,0.015610113592973852,0.7042,0.35555,0.28445,1,1,0.02
05_loss_retention,119,69267117352035352243120936168827381498,20000,0.0,0.04,depolarizing,0.30000000000000004,0.5,0.2,,0.11,0.95,13967,6954,1390,5564,133,26,0.01912568306010929,0.01870503597122302,0.012796391960360575,0.0272665997574641,0.014470207797103526,0.69835,0.3477,0.2782,1,1,0.02
05_loss_retention,120,321618331062830364427782608942847948988,20000,0.0,0.04,depolarizing,0.30000000000000004,0.5,0.2,,0.11,0.95,14071,7188,1437,5751,143,23,0.019894268224819142,0.016005567153792623,0.01068877048143169,0.023903140041110164,0.013214369559678474,0.70355,0.3594,0.28755,1,1,0.02
05_loss_retention,121,254901982399365353008494654632469107243,20000,0.0,0.04,depolarizing,0.30000000000000004,0.5,0.2,,0.11,0.95,14078,7141,1428,5713,145,23,0.020305279372636886,0.01610644257703081,0.010756282882319087,0.024053058971593273,0.013296776089274187,0.7039,0.35705,0.28565,1,1,0.02
05_loss_retention,122,64289303304315419154269298409597975964,20000,0.0,0.04,depolarizing,0.30000000000000004,0.5,0.2,,0.11,0.95,13990,7040,1408,5632,142,28,0.020170454545454547,0.019886363636363636,0.013794116609832284,0.02859127903556792,0.014797162425735637,0.6995,0.352,0.2816,1,1,0.02
05_loss_retention,123,226234659289303765294182232319713468433,20000,0.0,0.04,depolarizing,0.30000000000000004,0.5,0.2,,0.11,0.95,13928,6873,1374,5499,139,38,0.020224065182598575,0.027656477438136828,0.02021503162939387,0.037731735982774725,0.017516704353380853,0.6964,0.34365,0.27495,1,1,0.02
05_loss_retention,124,118683936025284542858386070194922996238,20000,0.0,0.04,depolarizing,0.30000000000000004,0.5,0.2,,0.11,0.95,14094,7039,1407,5632,141,39,0.02003125443955107,0.02771855010660981,0.020342262297019187,0.03766670696668848,0.017324444669669294,0.7047,0.35195,0.2816,1,1,0.02
05_loss_retention,125,161290156880801678492869454078301469756,20000,0.0,0.04,depolarizing,0.30000000000000004,0.5,0.2,,0.11,0.95,13999,7092,1418,5674,128,22,0.01804850535815003,0.015514809590973202,0.01026784177615581,0.023379692218509707,0.013111850442353898,0.69995,0.3546,0.2837,1,1,0.02
05_loss_retention,126,288503813333697536460812763181948602376,20000,0.0,0.04,depolarizing,0.30000000000000004,0.5,0.2,,0.11,0.95,13892,6951,1390,5561,140,39,0.02014098690835851,0.02805755395683453,0.020591857793721306,0.03812461838997523,0.017532760596253926,0.6946,0.34755,0.27805,1,1,0.02
05_loss_retention,127,208794104539164917702361219242423473148,20000,0.0,0.04,depolarizing,0.30000000000000004,0.5,0.2,,0.11,0.95,13946,6978,1395,5583,129,23,0.018486672398968184,0.016487455197132617,0.011011297958731762,0.024619229365439352,0.01360793140670759,0.6973,0.3489,0.27915,1,1,0.02
05_loss_retention,128,82276441628624017326870710364761395381,20000,0.0,0.04,depolarizing,0.30000000000000004,0.5,0.2,,0.11,0.95,14024,7022,1404,5618,133,26,0.018940472799772144,0.018518518518518517,0.01266848474464389,0.026996108502575014,0.014327623757931124,0.7012,0.3511,0.2809,1,1,0.02
05_loss_retention,129,250669903757537856467877979727763518234,20000,0.0,0.04,depolarizing,0.30000000000000004,0.5,0.2,,0.11,0.95,14028,7058,1411,5647,129,20,0.01827713233210541,0.014174344436569808,0.009194255250914989,0.021792579738524092,0.012598324487609103,0.7014,0.3529,0.28235,1,1,0.02
05_loss_retention,130,38952487550682291188838311858512105127,20000,0.0,0.04,depolarizing,0.30000000000000004,0.5,0.2,,0.11,0.95,13962,7035,1407,5628,149,39,0.021179815209665956,0.02771855010660981,0.020342262297019187,0.03766670696668848,0.017324444669669294,0.6981,0.35175,0.2814,1,1,0.02
05_loss_retention,131,272173493277773089300529136129723000600,20000,0.0,0.04,depolarizing,0.30000000000000004,0.5,0.2,,0.11,0.95,14061,7077,1415,5662,129,20,0.018228062738448497,0.014134275618374558,0.009168213069121686,0.02173126378795723,0.012563050718835546,0.70305,0.35385,0.2831,1,1,0.02
05_loss_retention,132,182592123153250671731633852616485796020,20000,0.0,0.04,depolarizing,0.30000000000000004,0.5,0.2,,0.11,0.95,13931,6874,1374,5500,136,28,0.019784695955775384,0.020378457059679767,0.014136343115845136,0.029294966370162726,0.015158623254317589,0.69655,0.3437,0.275,1,1,0.02
05_loss_retention,133,117413846855926107574460241459508948078,20000,0.0,0.04,depolarizing,0.30000000000000004,0.5,0.2,,0.11,0.95,13919,6928,1385,5543,139,31,0.0200635103926097,0.022382671480144403,0.015812679726599495,0.03159478957274156,0.015782109846142065,0.69595,0.3464,0.27715,1,1,0.02
05_loss_retention,134,175698770593598234701870856331996701417,20000,0.0,0.04,depolarizing,0.30000000000000004,0.5,0.2,,0.11,0.95,13959,7101,1420,5681,148,30,0.020842134910575974,0.02112676056338028,0.014838235183759232,0.029999241928033268,0.015161006744274036,0.69795,0.35505,0.28405,1,1,0.02
05_loss_retention,135,256880767998535558135309573039994886407,20000,0.0,0.04,depolarizing,0.30000000000000004,0.5,0.2,,0.11,0.95,13932,6889,1377,5512,128,26,0.018580345478298736,0.01888162672476398,0.012917497545112904,0.027522669183647874,0.01460517163853497,0.6966,0.34445,0.2756,1,1,0.02
05_loss_retention,136,255096791419198078002114601824079693386,20000,0.0,0.04,depolarizing,0.30000000000000004,0.5,0.2,,0.11,0.95,13968,6889,1377,5512,137,33,0.019886776019741616,0.023965141612200435,0.0171147182281096,0.033464193908800115,0.016349475680690513,0.6984,0.34445,0.2756,1,1,0.02
05_loss_retention,137,185967781088724671304017827184844538017,20000,0.0,0.04,depolarizing,0.30000000000000004,0.5,0.2,,0.11,0.95,13988,6994,1398,5596,146,22,0.02087503574492422,0.015736766809728183,0.0104150503369172,0.023712531294846628,0.013297480957929429,0.6994,0.3497,0.2798,1,1,0.02
05_loss_retention,138,179523268183800285832432938314046794855,20000,0.0,0.04,depolarizing,0.30000000000000004,0.5,0.2,,0.11,0.95,14038,6983,1396,5587,151,28,0.02162394386366891,0.02005730659025788,0.013912994039586742,0.028835746143539405,0.014922752103952663,0.7019,0.34915,0.27935,1,1,0.02
05_loss_retention,139,139211141247395851466063404463367624189,20000,0.0,0.04,depolarizing,0.30000000000000004,0.5,0.2,,0.11,0.95,13964,6971,1394,5577,132,26,0.01893559030268254,0.018651362984218076,0.012759584242930413,0.027188765026811123,0.01442918078388071,0.6982,0.34855,0.27885,1,1,0.02
05_loss_retention,140,316487364946023120210202248700165366983,20000,0.0,0.04,depolarizing,0.30000000000000004,0.5,0.2,,0.11,0.95,14055,7038,1407,5631,148,34,0.021028701335606706,0.024164889836531627,0.017343534088171048,0.033577466546971586,0.01623393245880054,0.70275,0.3519,0.28155,1,1,0.02
05_loss_retention,141,29653503379050945990449524902380915634,20000,0.0,0.04,depolarizing,0.30000000000000004,0.5,0.2,,0.11,0.95,13963,7024,1404,5620,117,36,0.016657175398633258,0.02564102564102564,0.01857798453768334,0.03529275377984297,0.01671476924215963,0.69815,0.3512,0.281,1,1,0.02
05_loss_retention,142,147773549209649778185554204770779967183,20000,0.0,0.04,depolarizing,0.30000000000000004,0.5,0.2,,0.11,0.95,14049,6985,1397,5588,110,21,0.015748031496062992,0.015032211882605583,0.00985280800032183,0.022871422519872793,0.013018614519550963,0.70245,0.34925,0.2794,1,1,0.02
05_loss_retention,143,229327025814073979485775837149593598448,20000,0.0,0.04,depolarizing,0.30000000000000004,0.5,0.2,,0.11,0.95,13935,6930,1386,5544,147,30,0.021212121212121213,0.021645021645021644,0.015203217202942884,0.030731129060453777,0.015527911857510892,0.69675,0.3465,0.2772,1,1,0.02
05_loss_retention,144,175923240893755917819861238653377478400,20000,0.0,0.04,depolarizing,0.30000000000000004,0.5,0.2,,0.11,0.95,14173,7128,1425,5703,131,29,0.018378226711560045,0.020350877192982456,0.014206508007934314,0.029074332171308157,0.014867824163373842,0.70865,0.3564,0.28515,1,1,0.02
05_loss_retention,145,25185041282281169090352340022352052504,20000,0.0,0.04,depolarizing,0.30000000000000004,0.5,0.2,,0.11,0.95,14030,6960,1392,5568,176,31,0.02528735632183908,0.022270114942528736,0.01573294269012833,0.03143678307251069,0.01570384038238236,0.7015,0.348,0.2784,1,1,0.02
05_loss_retention,146,81785731501673233641312500353012446430,20000,0.0,0.04,depolarizing,0.30000000000000004,0.5,0.2,,0.11,0.95,14010,6937,1387,5550,135,32,0.019460862044111286,0.023071377072819033,0.016389425545251073,0.03238785125394461,0.015998425708693538,0.7005,0.34685,0.2775,1,1,0.02
05_loss_retention,147,167803553903124753719826483089348389237,20000,0.0,0.04,depolarizing,0.30000000000000004,0.5,0.2,,0.11,0.95,13996,7071,1414,5657,130,23,0.018384952623391317,0.016265912305516265,0.01086301416602149,0.02429004086042013,0.01342702669439864,0.6998,0.35355,0.28285,1,1,0.02
05_loss_retention,148,246680090266549613443777593655225588772,20000,0.0,0.04,depolarizing,0.30000000000000004,0.5,0.2,,0.11,0.95,13976,6966,1393,5573,156,30,0.02239448751076658,0.021536252692031587,0.015126613428433657,0.030577541769389083,0.015450928340955426,0.6988,0.3483,0.27865,1,1,0.02
05_loss_retention,149,316649289814677965105895113590435681915,20000,0.0,0.04,depolarizing,0.30000000000000004,0.5,0.2,,0.11,0.95,14044,7071,1414,5657,130,26,0.018384952623391317,0.018387553041018388,0.012578676883138656,0.026806162989678223,0.014227486106539566,0.7022,0.35355,0.28285,1,1,0.02
05_loss_retention,0,205343206850039881863175413329330494583,20000,0.0,0.04,depolarizing,0.4,0.5,0.2,,0.11,0.95,11939,5934,1186,4748,124,25,0.020896528479946073,0.021079258010118045,0.014318153708727386,0.030932798358499148,0.016614644649771762,0.59695,0.2967,0.2374,1,1,0.02
05_loss_retention,1,207313091434972084793732703978602547687,20000,0.0,0.04,depolarizing,0.4,0.5,0.2,,0.11,0.95,11991,6064,1212,4852,108,30,0.017810026385224276,0.024752475247524754,0.017392619672248484,0.035115425975921113,0.01772280630367263,0.59955,0.3032,0.2426,1,1,0.02
05_loss_retention,2,1406349039904733273702691651988069801,20000,0.0,0.04,depolarizing,0.4,0.5,0.2,,0.11,0.95,11995,5949,1189,4760,112,15,0.018826693561943185,0.012615643397813289,0.007659984884953053,0.020710473377079167,0.013050488492126113,0.59975,0.29745,0.238,1,1,0.02
05_loss_retention,3,33795076034285067006764980957725085740,20000,0.0,0.04,depolarizing,0.4,0.5,0.2,,0.11,0.95,12060,6049,1209,4840,135,28,0.022317738469168458,0.02315963606286187,0.016071327369260105,0.033268558223767807,0.0171972308545077,0.603,0.30245,0.242,1,1,0.02
05_loss_retention,4,204484172722962745270129171744040494931,20000,0.0,0.04,depolarizing,0.4,0.5,0.2,,0.11,0.95,12028,6025,1205,4820,151,30,0.025062240663900413,0.024896265560165973,0.017493970750375863,0.035318131576901814,0.01782416082652595,0.6014,0.30125,0.241,1,1,0.02
05_loss_retention,5,40562693108364552793678966480761361427,20000,0.0,0.04,depolarizing,0.4,0.5,0.2,,0.11,0.95,11988,6095,1219,4876,126,20,0.0206726825266612,0.016406890894175553,0.010645731318579089,0.02520638876162717,0.014560657443048082,0.5994,0.30475,0.2438,1,1,0.02
05_loss_retention,6,17867606809893215746628694959474952337,20000,0.0,0.04,depolarizing,0.4,0.5,0.2,,0.11,0.95,11988,5985,1197,4788,110,26,0.018379281537176273,0.02172096908939014,0.01486548245693604,0.031636458669858605,0.016770976212922565,0.5994,0.29925,0.2394,1,1,0.02
05_loss_retention,7,71424586975457226652159962984352714343,20000,0.0,0.04,depolarizing,0.4,0.5,0.2,,0.11,0.95,11919,6043,1208,4835,122,26,0.02018864802250538,0.02152317880794702,0.014729737660458653,0.03135010093083393,0.016620363270375277,0.59595,0.30215,0.24175,1,1,0.02
05_loss_retention,8,259009963477501444949447467251024319477,20000,0.0,0.04,depolarizing,0.4,0.5,0.2,,0.11,0.95,11972,5933,1186,4747,96,17,0.016180684308107197,0.01433389544688027,0.008968427139054384,0.022835355238978162,0.013866928099923778,0.5986,0.29665,0.23735,1,1,0.02
05_loss_retention,9,223510655082942242329333939855667739561,20000,0.0,0.04,depolarizing,0.4,0.5,0.2,,0.11,0.95,11833,5968,1193,4775,117,23,0.01960455764075067,0.019279128248113998,0.012880592095457643,0.02876356925387038,0.015882977158412734,0.59165,0.2984,0.23875,1,1,0.02
05_loss_retention,10,313043810257699786363556122800744372376,20000,0.0,0.04,depolarizing,0.4,0.5,0.2,,0.11,0.95,11917,5906,1181,4725,130,28,0.02201151371486624,0.023708721422523286,0.016453512804282467,0.03405236574613221,0.017598852941849746,0.59585,0.2953,0.23625,1,1,0.02
05_loss_retention,11,330373560982781742812014704798795398276,20000,0.0,0.04,depolarizing,0.4,0.5,0.2,,0.11,0.95,11984,5976,1195,4781,109,21,0.018239625167336012,0.017573221757322177,0.01152234835792353,0.026715784368807973,0.015193436010884444,0.5992,0.2988,0.23905,1,1,0.02
05_loss_retention,12,86486408968997504248882796023242915230,20000,0.0,0.04,depolarizing,0.4,0.5,0.2,,0.11,0.95,11981,5898,1179,4719,130,22,0.02204136995591726,0.018659881255301103,0.012354581538443349,0.028091632503117712,0.015737050964674364,0.59905,0.2949,0.23595,1,1,0.02
05_loss_retention,13,24807736867197580554210704709091985266,20000,0.0,0.04,depolarizing,0.4,0.5,0.2,,0.11,0.95,12051,5990,1198,4792,117,20,0.019532554257095158,0.01669449081803005,0.01083277880288117,0.025645792059296867,0.014813013256415696,0.60255,0.2995,0.2396,1,1,0.02
05_loss_retention,14,70636324490661015024634327158060088830,20000,0.0,0.04,depolarizing,0.4,0.5,0.2,,0.11,0.95,12015,5913,1182,4731,113,18,0.01911043463554879,0.015228426395939087,0.009654136845411901,0.023943489991076004,0.014289353145664103,0.60075,0.29565,0.23655,1,1,0.02
05_loss_retention,15,251663530568221602709587086835927425654,20000,0.0,0.04,depolarizing,0.4,0.5,0.2,,0.11,0.95,12009,5933,1186,4747,108,21,0.018203269846620598,0.01770657672849916,0.011610000180731727,0.026917367041897813,0.015307366861166086,0.60045,0.29665,0.23735,1,1,0.02
05_loss_retention,16,166255298106648260571936579481763781308,20000,0.0,0.04,depolarizing,0.4,0.5,0.2,,0.11,0.95,12069,6030,1206,4824,112,20,0.01857379767827529,0.01658374792703151,0.010760752726392264,0.02547660589696741,0.014715853170575145,0.60345,0.3015,0.2412,1,1,0.02
05_loss_retention,17,107494319222526205851325630001262405666,20000,0.0,0.04,depolarizing,0.4,0.5,0.2,,0.11,0.95,12006,6045,1209,4836,120,24,0.019851116625310174,0.019851116625310174,0.013375683290832467,0.029368121716544293,0.015992438425711825,0.6003,0.30225,0.2418,1,1,0.02
05_loss_retention,18,77954659065320772527027913372806060029,20000,0.0,0.04,depolarizing,0.4,0.5,0.2,,0.11,0.95,11913,5928,1185,4743,123,27,0.020748987854251014,0.02278481012658228,0.015705681572722147,0.03294795377245806,0.01724227219973591,0.59565,0.2964,0.23715,1,1,0.02
05_loss_retention,19,138724674058314420208996657552301745177,20000,0.0,0.04,depolarizing,0.4,0.5,0.2,,0.11,0.95,12121,6013,1202,4811,131,24,0.021786130051554966,0.019966722129783693,0.013453785845116306,0.02953815015233626,0.016084364307219955,0.60605,0.30065,0.24055,1,1,0.02
05_loss_retention,20,120771110152488202811135116216002584665,20000,0.0,0.04,depolarizing,0.4,0.5,0.2,,0.11,0.95,11969,5986,1197,4789,122,28,0.020380888740394253,0.023391812865497075,0.016232925152570174,0.033600013559807726,0.017367088407237552,0.59845,0.2993,0.23945,1,1,0.02
05_loss_retention,21,241531679389653548402219884697188763883,20000,0.0,0.04,depolarizing,0.4,0.5,0.2,,0.11,0.95,12014,6206,1241,4965,118,27,0.019013857557202706,0.021756647864625302,0.014994973204803778,0.031469946814401295,0.016474973609597515,0.6007,0.3103,0.24825,1,1,0.02
05_loss_retention,22,50558416618302711251999461667390881135,20000,0.0,0.04,depolarizing,0.4,0.5,0.2,,0.11,0.95,12037,6047,1209,4838,115,20,0.019017694724656854,0.016542597187758478,0.010733989265695291,0.02541373515603032,0.014679745890335029,0.60185,0.30235,0.2419,1,1,0.02
05_loss_retention,23,178276306594587147348507998415087218020,20000,0.0,0.04,depolarizing,0.4,0.5,0.2,,0.11,0.95,11944,6004,1200,4804,121,26,0.020153231179213856,0.021666666666666667,0.014828213638331271,0.0315578436049518,0.01672962996662053,0.5972,0.3002,0.2402,1,1,0.02
05_loss_retention,24,4531814871197927979117848514783159140,20000,0.0,0.04,depolarizing,0.4,0.5,0.2,,0.11,0.95,11947,5931,1186,4745,124,32,0.02090709829708312,0.026981450252951095,0.019176264611742544,0.03784096093352873,0.01866469632178619,0.59735,0.29655,0.23725,1,1,0.02
05_loss_retention,25,77960738460724983613555967131974081711,20000,0.0,0.04,depolarizing,0.4,0.5,0.2,,0.11,0.95,11966,5956,1191,4765,131,16,0.021994627266621894,0.01343408900083963,0.008285892607833557,0.021710939654807852,0.013425047046974295,0.5983,0.2978,0.23825,1,1,0.02
05_loss_retention,26,194530377188930597648842548256110124496,20000,0.0,0.04,depolarizing,0.4,0.5,0.2,,0.11,0.95,12051,5988,1197,4791,143,26,0.023881095524382098,0.02172096908939014,0.01486548245693604,0.031636458669858605,0.016770976212922565,0.60255,0.2994,0.23955,1,1,0.02
05_loss_retention,27,217185737443468206428962167779040411655,20000,0.0,0.04,depolarizing,0.4,0.5,0.2,,0.11,0.95,12031,5993,1198,4795,126,35,0.021024528616719506,0.02921535893155259,0.02108075841172949,0.04035950750583254,0.01927874909410305,0.60155,0.29965,0.23975,1,1,0.02
05_loss_retention,28,186631218202603787577692462585548583146,20000,0.0,0.04,depolarizing,0.4,0.5,0.2,,0.11,0.95,12122,6046,1209,4837,108,21,0.017863049950380416,0.017369727047146403,0.011388601203423533,0.026408143364714864,0.015019542161291331,0.6061,0.3023,0.24185,1,1,0.02
05_loss_retention,29,103294229353238332417201150795807228913,20000,0.0,0.04,depolarizing,0.4,0.5,0.2,,0.11,0.95,12054,6090,1218,4872,112,17,0.01839080459770115,0.013957307060755337,0.008732324436524998,0.022238517604813345,0.013506193168288346,0.6027,0.3045,0.2436,1,1,0.02
05_loss_retention,30,141409595675412571285883961749932613329,20000,0.0,0.04,depolarizing,0.4,0.5,0.2,,0.11,0.95,11977,5995,1199,4796,137,34,0.022852376980817348,0.02835696413678065,0.020362540295467156,0.03936391683141795,0.01900137653595079,0.59885,0.29975,0.2398,1,1,0.02
05_loss_retention,31,219969794769643351188511138238796512536,20000,0.0,0.04,depolarizing,0.4,0.5,0.2,,0.11,0.95,11964,5882,1176,4706,98,20,0.016660999659979598,0.017006802721088437,0.011035915444499287,0.02612285575558694,0.015086940311087654,0.5982,0.2941,0.2353,1,1,0.02
05_loss_retention,32,25236346783400850683883971250077872003,20000,0.0,0.04,depolarizing,0.4,0.5,0.2,,0.11,0.95,12019,5933,1186,4747,97,17,0.016349233102983314,0.01433389544688027,0.008968427139054384,0.022835355238978162,0.013866928099923778,0.60095,0.29665,0.23735,1,1,0.02
05_loss_retention,33,47223408706871572973278449522847503790,20000,0.0,0.04,depolarizing,0.4,0.5,0.2,,0.11,0.95,11952,5945,1189,4756,114,20,0.019175777964676198,0.01682085786375105,0.010914969414045881,0.02583883260758917,0.014923863193543288,0.5976,0.29725,0.2378,1,1,0.02
05_loss_retention,34,270570189063102705112369653409517341196,20000,0.0,0.04,depolarizing,0.4,0.5,0.2,,0.11,0.95,12010,5966,1193,4773,115,28,0.019275896748240026,0.02347024308466052,0.016287515686647578,0.03371197119581622,0.01742445550916864,0.6005,0.2983,0.23865,1,1,0.02
05_loss_retention,35,43633729613991797261756951855799069565,20000,0.0,0.04,depolarizing,0.4,0.5,0.2,,0.11,0.95,12017,6047,1209,4838,115,16,0.019017694724656854,0.013234077750206782,0.008162288314941545,0.021389355521132917,0.013227067206191372,0.60085,0.30235,0.2419,1,1,0.02
05_loss_retention,36,205294177279539301736893301929312497616,20000,0.0,0.04,depolarizing,0.4,0.5,0.2,,0.11,0.95,11951,6039,1207,4832,124,20,0.020533200861069714,0.016570008285004142,0.010751816756037504,0.025455614449195394,0.01470379769315789,0.59755,0.30195,0.2416,1,1,0.02
05_loss_retention,37,28419624504795560362865438923418958713,20000,0.0,0.04,depolarizing,0.4,0.5,0.2,,0.11,0.95,11950,5970,1194,4776,120,29,0.020100502512562814,0.024288107202680067,0.01696344238122469,0.03466397322148673,0.017700530840262043,0.5975,0.2985,0.2388,1,1,0.02
05_loss_retention,38,190708826909940321688866246908419358629,20000,0.0,0.04,depolarizing,0.4,0.5,0.2,,0.11,0.95,11904,5925,1185,4740,114,22,0.019240506329113925,0.018565400843881856,0.012291868017796963,0.027950216799931253,0.01565834878213429,0.5952,0.29625,0.237,1,1,0.02
05_loss_retention,39,156394631196645123345296669415973939051,20000,0.0,0.04,depolarizing,0.4,0.5,0.2,,0.11,0.95,12052,6013,1202,4811,148,20,0.02461333776816897,0.016638935108153077,0.010796645640603189,0.025560919029275396,0.014764273388672207,0.6026,0.30065,0.24055,1,1,0.02
05_loss_retention,40,189791132745105512400686209786474982653,20000,0.0,0.04,depolarizing,0.4,0.5,0.2,,0.11,0.95,12055,6033,1206,4827,138,29,0.022874191944306316,0.02404643449419569,0.016794138350945405,0.03432120272934354,0.017527064378398134,0.60275,0.30165,0.24135,1,1,0.02
05_loss_retention,41,179846413853282118284249983640360045195,20000,0.0,0.04,depolarizing,0.4,0.5,0.2,,0.11,0.95,12104,6014,1202,4812,112,23,0.018623212504156966,0.01913477537437604,0.012783899250763606,0.02854944391479547,0.015765544664031864,0.6052,0.3007,0.2406,1,1,0.02
05_loss_retention,42,300165397518360676419442875981703293305,20000,0.0,0.04,depolarizing,0.4,0.5,0.2,,0.11,0.95,11902,6018,1203,4815,120,26,0.019940179461615155,0.021612635078969242,0.014791131226323697,0.03147961826819689,0.016688487041873194,0.5951,0.3009,0.24075,1,1,0.02
05_loss_retention,43,280084890591435035004761173473412049815,20000,0.0,0.04,depolarizing,0.4,0.5,0.2,,0.11,0.95,11962,5919,1183,4736,139,27,0.023483696570366617,0.02282333051563821,0.015732312150790545,0.033003311626768034,0.01727099947597749,0.5981,0.29595,0.2368,1,1,0.02
05_loss_retention,44,265869605592738035112250261854511108377,20000,0.0,0.04,depolarizing,0.4,0.5,0.2,,0.11,0.95,12083,6025,1205,4820,118,34,0.0195850622406639,0.028215767634854772,0.02026080479811427,0.039169204237793784,0.018908399439679514,0.60415,0.30125,0.241,1,1,0.02
05_loss_retention,45,142249381768872942847721595574747297775,20000,0.0,0.04,depolarizing,0.4,0.5,0.2,,0.11,0.95,11894,5885,1177,4708,120,23,0.020390824129141887,0.01954120645709431,0.013056151362727062,0.02915227420396228,0.016096122841235218,0.5947,0.29425,0.2354,1,1,0.02
05_loss_retention,46,246496296623267611047692663839543290242,20000,0.0,0.04,depolarizing,0.4,0.5,0.2,,0.11,0.95,12055,5959,1191,4768,127,29,0.021312300721597583,0.02434928631402183,0.017006303114226608,0.03475073826072828,0.017744435146501675,0.60275,0.29795,0.2384,1,1,0.02
05_loss_retention,47,49517824017281324183538720556006739501,20000,0.0,0.04,depolarizing,0.4,0.5,0.2,,0.11,0.95,12124,6028,1205,4823,117,17,0.019409422694094226,0.014107883817427386,0.008826725661305997,0.02247717986292297,0.013650454201616972,0.6062,0.3014,0.24115,1,1,0.02
05_loss_retention,48,263505751864828914847685051792248984887,20000,0.0,0.04,depolarizing,0.4,0.5,0.2,,0.11,0.95,11833,5865,1173,4692,108,21,0.018414322250639385,0.017902813299232736,0.01173898885198284,0.0272139716144436,0.01547498276246076,0.59165,0.29325,0.2346,1,1,0.02
05_loss_retention,49,169320385544436932807541195839433493611,20000,0.0,0.04,depolarizing,0.4,0.5,0.2,,0.11,0.95,11987,5878,1175,4703,115,26,0.019564477713507996,0.022127659574468085,0.01514461900883133,0.03222515951639766,0.017080540507566327,0.59935,0.2939,0.23515,1,1,0.02
05_loss_retention,50,42804699022655796316931927897030408858,20000,0.0,0.04,depolarizing,0.4,0.5,0.2,,0.11,0.95,12053,6074,1214,4860,143,29,0.023542970036219954,0.023887973640856673,0.016683134112922354,0.034096430314600724,0.01741329620167837,0.60265,0.3037,0.243,1,1,0.02
05_loss_retention,51,17983808139258934254959224560016833116,20000,0.0,0.04,depolarizing,0.4,0.5,0.2,,0.11,0.95,11984,5989,1197,4792,129,28,0.021539489063282687,0.023391812865497075,0.016232925152570174,0.033600013559807726,0.017367088407237552,0.5992,0.29945,0.2396,1,1,0.02
05_loss_retention,52,232889810380740431829505688053116408058,20000,0.0,0.04,depolarizing,0.4,0.5,0.2,,0.11,0.95,11856,5969,1193,4776,92,17,0.015412966996146759,0.014249790444258172,0.008915695116482656,0.02270207559308246,0.013786380476599804,0.5928,0.29845,0.2388,1,1,0.02
05_loss_retention,53,288558877285694823160627724483054350667,20000,0.0,0.04,depolarizing,0.4,0.5,0.2,,0.11,0.95,12072,6027,1205,4822,108,25,0.017919362867098058,0.02074688796680498,0.014091772130894555,0.030447946810595157,0.016356174679700602,0.6036,0.30135,0.2411,1,1,0.02
05_loss_retention,54,337191428576289226400160770036216171889,20000,0.0,0.04,depolarizing,0.4,0.5,0.2,,0.11,0.95,12028,6003,1200,4803,127,27,0.02115608862235549,0.0225,0.015508790005400647,0.0325386155702112,0.01702982556481055,0.6014,0.30015,0.24015,1,1,0.02
05_loss_retention,55,138105029584206540021321067960504383639,20000,0.0,0.04,depolarizing,0.4,0.5,0.2,,0.11,0.95,12159,6143,1228,4915,114,22,0.018557707960279994,0.017915309446254073,0.011860399161741243,0.026976951601314938,0.015116552439573695,0.60795,0.30715,0.24575,1,1,0.02
05_loss_retention,56,146862513082911055078329923431071597699,20000,0.0,0.04,depolarizing,0.4,0.5,0.2,,0.11,0.95,11882,5891,1178,4713,105,16,0.017823799015447294,0.013582342954159592,0.008377516307450313,0.021949274611239144,0.01357175830378883,0.5941,0.29455,0.23565,1,1,0.02
05_loss_retention,57,221107730079583773521569247371146878237,20000,0.0,0.04,depolarizing,0.4,0.5,0.2,,0.11,0.95,12028,5969,1193,4776,108,21,0.01809348299547663,0.01760268231349539,0.01154171197195285,0.026760319164120874,0.015218607192168025,0.6014,0.29845,0.2388,1,1,0.02
05_loss_retention,58,161136172050497380638646559307895928281,20000,0.0,0.04,depolarizing,0.4,0.5,0.2,,0.11,0.95,11971,6010,1202,4808,124,28,0.020632279534109815,0.02329450915141431,0.016165199449792736,0.03346110787523382,0.017295908425441084,0.59855,0.3005,0.2404,1,1,0.02
05_loss_retention,59,56343682250694955769368909478954131253,20000,0.0,0.04,depolarizing,0.4,0.5,0.2,,0.11,0.95,12041,5871,1174,4697,117,25,0.01992846193152785,0.02129471890971039,0.01446491760817526,0.031247056968269453,0.016782139360094192,0.60205,0.29355,0.23485,1,1,0.02
05_loss_retention,60,212636864683744665752537778623060084599,20000,0.0,0.04,depolarizing,0.4,0.5,0.2,,0.11,0.95,12088,6100,1220,4880,116,25,0.01901639344262295,0.020491803278688523,0.013918044155239506,0.030075774188336048,0.01615773003309654,0.6044,0.305,0.244,1,1,0.02
05_loss_retention,61,249159456355373526409278622885393530702,20000,0.0,0.04,depolarizing,0.4,0.5,0.2,,0.11,0.95,12097,5992,1198,4794,122,26,0.020360480640854474,0.021702838063439065,0.014853038718866042,0.03161021016546559,0.01675717144659955,0.60485,0.2996,0.2397,1,1,0.02
05_loss_retention,62,15770412585167865003467258390613556078,20000,0.0,0.04,depolarizing,0.4,0.5,0.2,,0.11,0.95,12008,6039,1207,4832,99,8,0.01639344262295082,0.006628003314001657,0.003362276615531213,0.013024227725027808,0.009661951109496594,0.6004,0.30195,0.2416,1,1,0.02
05_loss_retention,63,282358198978593051411845317468702423654,20000,0.0,0.04,depolarizing,0.4,0.5,0.2,,0.11,0.95,12069,5959,1191,4768,113,27,0.01896291324047659,0.022670025188916875,0.015626328055134857,0.03278298884100257,0.017156660785867715,0.60345,0.29795,0.2384,1,1,0.02
05_loss_retention,64,51410102256814842325860830314716769994,20000,0.0,0.04,depolarizing,0.4,0.5,0.2,,0.11,0.95,11955,6006,1201,4805,122,18,0.020313020313020312,0.01498751040799334,0.009501078004492357,0.023566724011294168,0.01406564600680181,0.59775,0.3003,0.24025,1,1,0.02
05_loss_retention,65,66007041505640727545123815255247650713,20000,0.0,0.04,depolarizing,0.4,0.5,0.2,,0.11,0.95,12018,5965,1193,4772,126,31,0.02112321877619447,0.025984911986588432,0.018365752218568177,0.03664692998377707,0.018281177765208892,0.6009,0.29825,0.2386,1,1,0.02
05_loss_retention,66,141429481227736047072138479861446136583,20000,0.0,0.04,depolarizing,0.4,0.5,0.2,,0.11,0.95,12074,6022,1204,4818,129,27,0.021421454666223846,0.022425249169435217,0.015457116558711851,0.03243117076433555,0.016974054205623697,0.6037,0.3011,0.2409,1,1,0.02
05_loss_retention,67,157357014532804468517482310831252675567,20000,0.0,0.04,depolarizing,0.4,0.5,0.2,,0.11,0.95,12004,6044,1208,4836,130,26,0.021508934480476506,0.02152317880794702,0.014729737660458653,0.03135010093083393,0.016620363270375277,0.6002,0.3022,0.2418,1,1,0.02
05_loss_retention,68,218652336435420579770555284259291340155,20000,0.0,0.04,depolarizing,0.4,0.5,0.2,,0.11,0.95,12085,6078,1215,4863,125,29,0.02056597564988483,0.023868312757201648,0.016669361677068402,0.03406854059328072,0.017399178916212316,0.60425,0.3039,0.24315,1,1,0.02
05_loss_retention,69,178949913311172117155409117873113518283,20000,0.0,0.04,depolarizing,0.4,0.5,0.2,,0.11,0.95,12091,6037,1207,4830,111,22,0.018386615868809013,0.018227009113504555,0.012067266157897341,0.02744365285811453,0.015376386700217189,0.60455,0.30185,0.2415,1,1,0.02
05_loss_retention,70,99608202813671739143729431154357102909,20000,0.0,0.04,depolarizing,0.4,0.5,0.2,,0.11,0.95,12019,6022,1204,4818,129,38,0.021421454666223846,0.03156146179401993,0.023079808909377404,0.0430227894387943,0.019942980529416895,0.60095,0.3011,0.2409,1,1,0.02
05_loss_retention,71,339117198324743843972564531199858364240,20000,0.0,0.04,depolarizing,0.4,0.5,0.2,,0.11,0.95,11973,5970,1194,4776,142,30,0.023785594639865997,0.02512562814070352,0.017655645329438398,0.03564144031622601,0.01798579498678761,0.59865,0.2985,0.2388,1,1,0.02
05_loss_retention,72,193114390333952884659089811953864221830,20000,0.0,0.04,depolarizing,0.4,0.5,0.2,,0.11,0.95,11960,5955,1191,4764,122,22,0.020486985726280438,0.018471872376154493,0.012229787973304939,0.027810217725788847,0.015580429752483908,0.598,0.29775,0.2382,1,1,0.02
05_loss_retention,73,118534367114479533668568751297552035806,20000,0.0,0.04,depolarizing,0.4,0.5,0.2,,0.11,0.95,12006,6017,1203,4814,121,32,0.02010968921389397,0.02660016625103907,0.018904392285539327,0.03730966824813482,0.018405275962595495,0.6003,0.30085,0.2407,1,1,0.02
05_loss_retention,74,70500098379401503290481101175347350873,20000,0.0,0.04,depolarizing,0.4,0.5,0.2,,0.11,0.95,11966,5948,1189,4759,101,24,0.016980497646267655,0.020185029436501262,0.013601279875902216,0.0298591971534151,0.016257917277512884,0.5983,0.2974,0.23795,1,1,0.02
05_loss_retention,75,55631756413882969263029763335689961568,20000,0.0,0.04,depolarizing,0.4,0.5,0.2,,0.11,0.95,12052,5953,1190,4763,115,27,0.01931799092894339,0.0226890756302521,0.01563949790793539,0.03281036818888398,0.01717087028094859,0.6026,0.29765,0.23815,1,1,0.02
05_loss_retention,76,164500327568671653468968549631512243356,20000,0.0,0.04,depolarizing,0.4,0.5,0.2,,0.11,0.95,12001,6058,1211,4847,131,27,0.021624298448332784,0.022295623451692816,0.015367511803890488,0.03224483991552124,0.01687732811163075,0.60005,0.3029,0.24235,1,1,0.02
05_loss_retention,77,261774942461951088715255967525609327591,20000,0.0,0.04,depolarizing,0.4,0.5,0.2,,0.11,0.95,11998,6099,1219,4880,141,31,0.023118544023610427,0.02543068088597211,0.017972793940380892,0.035870211091679025,0.017897417151298133,0.5999,0.30495,0.244,1,1,0.02
05_loss_retention,78,57338531013106270248545793400067930461,20000,0.0,0.04,depolarizing,0.4,0.5,0.2,,0.11,0.95,12076,6023,1204,4819,128,23,0.02125186783994687,0.01910299003322259,0.012762608773122316,0.028502292722607153,0.015739683949484835,0.6038,0.30115,0.24095,1,1,0.02
05_loss_retention,79,4715698612015521048125507354332216190,20000,0.0,0.04,depolarizing,0.4,0.5,0.2,,0.11,0.95,11992,6023,1204,4819,122,25,0.02025568653494936,0.020764119601328904,0.014103508331624305,0.030473086077764132,0.016369577746139827,0.5996,0.30115,0.24095,1,1,0.02
05_loss_retention,80,71666634430639521425289095922493138249,20000,0.0,0.04,depolarizing,0.4,0.5,0.2,,0.11,0.95,12064,6027,1205,4822,106,23,0.01758752281400365,0.019087136929460582,0.012751990105579404,0.028478775481595123,0.01572678537601572,0.6032,0.30135,0.2411,1,1,0.02
05_loss_retention,81,54073918056152136941412754990836731375,20000,0.0,0.04,depolarizing,0.4,0.5,0.2,,0.11,0.95,12111,6016,1203,4813,126,32,0.020944148936170214,0.02660016625103907,0.018904392285539327,0.03730966824813482,0.018405275962595495,0.60555,0.3008,0.24065,1,1,0.02
05_loss_retention,82,68899665644863959523005638796878330373,20000,0.0,0.04,depolarizing,0.4,0.5,0.2,,0.11,0.95,12103,6025,1205,4820,118,22,0.0195850622406639,0.018257261410788383,0.012087344766003672,0.02748894414401326,0.015401599378009589,0.60515,0.30125,0.241,1,1,0.02
05_loss_retention,83,311568116640629650850686858719764791230,20000,0.0,0.04,depolarizing,0.4,0.5,0.2,,0.11,0.95,11964,6151,1230,4921,123,34,0.019996748496179485,0.027642276422764227,0.019847626381623067,0.03837821641779154,0.01853059003616847,0.5982,0.30755,0.24605,1,1,0.02
05_loss_retention,84,31937837396888344135871722737754700620,20000,0.0,0.04,depolarizing,0.4,0.5,0.2,,0.11,0.95,11979,6032,1206,4826,115,24,0.019064986737400532,0.01990049751243781,0.013409044497843586,0.029440750773040203,0.016031706275196615,0.59895,0.3016,0.2413,1,1,0.02
05_loss_retention,85,220656199446652724261690573782059159989,20000,0.0,0.04,depolarizing,0.4,0.5,0.2,,0.11,0.95,11955,5925,1185,4740,138,31,0.02329113924050633,0.026160337552742614,0.01849014294615184,0.03689273282098995,0.01840258987483811,0.59775,0.29625,0.237,1,1,0.02
05_loss_retention,86,277263541751763229663901680573997002752,20000,0.0,0.04,depolarizing,0.4,0.5,0.2,,0.11,0.95,11917,5916,1183,4733,106,27,0.017917511832319134,0.02282333051563821,0.015732312150790545,0.033003311626768034,0.01727099947597749,0.59585,0.2958,0.23665,1,1,0.02
05_loss_retention,87,188962103758208744346687477947091843037,20000,0.0,0.04,depolarizing,0.4,0.5,0.2,,0.11,0.95,11996,6054,1210,4844,110,19,0.018169805087545423,0.015702479338842976,0.010075353567144086,0.024394929612460883,0.014319576045316798,0.5998,0.3027,0.2422,1,1,0.02
05_loss_retention,88,16415459047671135205124778419044632022,20000,0.0,0.04,depolarizing,0.4,0.5,0.2,,0.11,0.95,12083,5965,1193,4772,105,20,0.01760268231349539,0.016764459346186086,0.010878286794788852,0.025752679234657717,0.014874392439868865,0.60415,0.29825,0.2386,1,1,0.02
05_loss_retention,89,9619875475832054544944638475866070707,20000,0.0,0.04,depolarizing,0.4,0.5,0.2,,0.11,0.95,12021,5966,1193,4773,123,26,0.02061682869594368,0.02179379715004191,0.01491546661844262,0.031741890050766865,0.016826423432324246,0.60105,0.2983,0.23865,1,1,0.02
05_loss_retention,90,11647218351401346173039945732187654214,20000,0.0,0.04,depolarizing,0.4,0.5,0.2,,0.11,0.95,12010,6150,1230,4920,104,22,0.016910569105691057,0.01788617886178862,0.01184106685121406,0.026933330360580883,0.015092263509366823,0.6005,0.3075,0.246,1,1,0.02
05_loss_retention,91,175866912955247818833106927408463583711,20000,0.0,0.04,depolarizing,0.4,0.5,0.2,,0.11,0.95,12080,6062,1212,4850,122,26,0.020125371164632134,0.02145214521452145,0.014680988548636958,0.031247251860978254,0.016566263312341296,0.604,0.3031,0.2425,1,1,0.02
05_loss_retention,92,127497237099088109749892339183975455211,20000,0.0,0.04,depolarizing,0.4,0.5,0.2,,0.11,0.95,12082,6067,1213,4854,133,28,0.021921872424592054,0.023083264633140973,0.01601817406480028,0.033159521506724444,0.017141347441924165,0.6041,0.30335,0.2427,1,1,0.02
05_loss_retention,93,155675949511545036423836943742402086024,20000,0.0,0.04,depolarizing,0.4,0.5,0.2,,0.11,0.95,11990,5993,1198,4795,122,22,0.020357083263807776,0.018363939899833055,0.012158149168039485,0.02764864770152308,0.015490498533483596,0.5995,0.29965,0.23975,1,1,0.02
05_loss_retention,94,195148110218685354911519022841695656026,20000,0.0,0.04,depolarizing,0.4,0.5,0.2,,0.11,0.95,12033,5986,1197,4789,114,16,0.019044437019712663,0.013366750208855471,0.008244277311886726,0.021602675886991673,0.013358398575104947,0.60165,0.2993,0.23945,1,1,0.02
05_loss_retention,95,319737859390362195017695768872221806310,20000,0.0,0.04,depolarizing,0.4,0.5,0.2,,0.11,0.95,11934,6000,1200,4800,117,22,0.0195,0.018333333333333333,0.012137834835887241,0.02760282907808073,0.01546499424219349,0.5967,0.3,0.24,1,1,0.02
05_loss_retention,96,190427014359485617457857210188753022165,20000,0.0,0.04,depolarizing,0.4,0.5,0.2,,0.11,0.95,11984,5866,1173,4693,117,27,0.019945448346403,0.023017902813299233,0.015866831292463433,0.03328291473930597,0.017416083446842534,0.5992,0.2933,0.23465,1,1,0.02
05_loss_retention,97,194915572461157132552456497764337989983,20000,0.0,0.04,depolarizing,0.4,0.5,0.2,,0.11,0.95,11961,6029,1205,4824,116,18,0.01924033836457124,0.014937759336099586,0.009469471458793201,0.02348891074259336,0.014019439283800159,0.59805,0.30145,0.2412,1,1,0.02
05_loss_retention,98,322511498284083204335751523388490048440,20000,0.0,0.04,depolarizing,0.4,0.5,0.2,,0.11,0.95,11972,5947,1189,4758,120,21,0.020178241129981504,0.017661900756938603,0.011580635106925169,0.026849835666630448,0.015269200559705279,0.5986,0.29735,0.2379,1,1,0.02
05_loss_retention,99,324708855364028100659812923661951081838,20000,0.0,0.04,depolarizing,0.4,0.5,0.2,,0.11,0.95,12055,5986,1197,4789,126,29,0.02104911460073505,0.02422723475355054,0.016920797151581797,0.03457764035358773,0.01765684320200593,0.60275,0.2993,0.23945,1,1,0.02
05_loss_retention,100,217831465084032763469369969707775871469,20000,0.0,0.04,depolarizing,0.4,0.5,0.2,,0.11,0.95,12005,6140,1228,4912,107,24,0.01742671009771987,0.019543973941368076,0.0131681908491557,0.028916331026187445,0.015748140177031744,0.60025,0.307,0.2456,1,1,0.02
05_loss_retention,101,135735273078463268103898167324587277770,20000,0.0,0.04,depolarizing,0.4,0.5,0.2,,0.11,0.95,11952,6054,1210,4844,115,34,0.01899570531879749,0.02809917355371901,0.020176798572342454,0.03900840909925215,0.018831610526909695,0.5976,0.3027,0.2422,1,1,0.02
05_loss_retention,102,143258132724418433657024761993973209417,20000,0.0,0.04,depolarizing,0.4,0.5,0.2,,0.11,0.95,11979,5998,1199,4799,141,27,0.023507835945315105,0.022518765638031693,0.015521762396018782,0.03256558809936888,0.0170438257033501,0.59895,0.2999,0.23995,1,1,0.02
05_loss_retention,103,33705878477350930719393684045745665282,20000,0.0,0.04,depolarizing,0.4,0.5,0.2,,0.11,0.95,12174,6119,1223,4896,99,21,0.01617911423435202,0.017170891251022075,0.011257923426270454,0.026107506712322502,0.014849583286052048,0.6087,0.30595,0.2448,1,1,0.02
05_loss_retention,104,190587829696009062615325146592569962555,20000,0.0,0.04,depolarizing,0.4,0.5,0.2,,0.11,0.95,12004,6056,1211,4845,109,20,0.01799867899603699,0.016515276630883566,0.010716220797235797,0.025371993432177456,0.01465577263494166,0.6002,0.3028,0.24225,1,1,0.02
05_loss_retention,105,80551301825529939609031091399826813587,20000,0.0,0.04,depolarizing,0.4,0.5,0.2,,0.11,0.95,11966,6036,1207,4829,113,22,0.01872100728959576,0.018227009113504555,0.012067266157897341,0.02744365285811453,0.015376386700217189,0.5983,0.3018,0.24145,1,1,0.02
05_loss_retention,106,199566834597250569311318102737450740152,20000,0.0,0.04,depolarizing,0.4,0.5,0.2,,0.11,0.95,11972,6052,1210,4842,106,19,0.01751487111698612,0.015702479338842976,0.010075353567144086,0.024394929612460883,0.014319576045316798,0.5986,0.3026,0.2421,1,1,0.02
05_loss_retention,107,145080689813852445122794061056503116779,20000,0.0,0.04,depolarizing,0.4,0.5,0.2,,0.11,0.95,11994,6024,1204,4820,124,27,0.020584329349269587,0.022425249169435217,0.015457116558711851,0.03243117076433555,0.016974054205623697,0.5997,0.3012,0.241,1,1,0.02
05_loss_retention,108,215114490104023130802480480476379623092,20000,0.0,0.04,depolarizing,0.4,0.5,0.2,,0.11,0.95,12011,5887,1177,4710,118,21,0.020044165109563444,0.01784197111299915,0.011698995795020897,0.027122014831143914,0.015423019036123017,0.60055,0.29435,0.2355,1,1,0.02
05_loss_retention,109,89804632083234252812072715405137568716,20000,0.0,0.04,depolarizing,0.4,0.5,0.2,,0.11,0.95,12026,5971,1194,4777,116,24,0.019427231619494223,0.020100502512562814,0.01354417028755728,0.029734895100389284,0.016190724812832007,0.6013,0.29855,0.23885,1,1,0.02
05_loss_retention,110,196265062738225489240517964950411927205,20000,0.0,0.04,depolarizing,0.4,0.5,0.2,,0.11,0.95,12173,5990,1198,4792,125,20,0.020868113522537562,0.01669449081803005,0.01083277880288117,0.025645792059296867,0.014813013256415696,0.60865,0.2995,0.2396,1,1,0.02
05_loss_retention,111,18543220539996890277327901076027800720,20000,0.0,0.04,depolarizing,0.4,0.5,0.2,,0.11,0.95,12045,6078,1215,4863,115,28,0.018920697597894044,0.023045267489711935,0.01599172904403467,0.03310527072375671,0.017113541679722042,0.60225,0.3039,0.24315,1,1,0.02
05_loss_retention,112,74113090146871458803346345447005105864,20000,0.0,0.04,depolarizing,0.4,0.5,0.2,,0.11,0.95,12029,5950,1190,4760,113,20,0.01899159663865546,0.01680672268907563,0.010905775585305272,0.025817240269749544,0.014911464684444271,0.60145,0.2975,0.238,1,1,0.02
05_loss_retention,113,146980751021667421425058854495367251686,20000,0.0,0.04,depolarizing,0.4,0.5,0.2,,0.11,0.95,11947,5929,1185,4744,122,24,0.020576825771630967,0.020253164556962026,0.013647315484205424,0.029959389544503584,0.016312074060298158,0.59735,0.29645,0.2372,1,1,0.02
05_loss_retention,114,214263955560698483985887438863728480852,20000,0.0,0.04,depolarizing,0.4,0.5,0.2,,0.11,0.95,12053,6043,1208,4835,124,25,0.02051960946549727,0.020695364238410598,0.014056680433493942,0.03037277725570746,0.016316096822213515,0.60265,0.30215,0.24175,1,1,0.02
05_loss_retention,115,60265814002799896448943095923507910063,20000,0.0,0.04,depolarizing,0.4,0.5,0.2,,0.11,0.95,12155,6125,1225,4900,124,17,0.020244897959183675,0.013877551020408163,0.008682324591604465,0.022112094451687065,0.0134297698600826,0.60775,0.30625,0.245,1,1,0.02
05_loss_retention,116,203523508069868621608619120060650329080,20000,0.0,0.04,depolarizing,0.4,0.5,0.2,,0.11,0.95,11862,5945,1189,4756,133,29,0.022371740958788897,0.024390243902439025,0.017034997468377257,0.034808823320542887,0.01777382585216563,0.5931,0.29725,0.2378,1,1,0.02
05_loss_retention,117,10400460822019581134517169564329351897,20000,0.0,0.04,depolarizing,0.4,0.5,0.2,,0.11,0.95,11881,5939,1187,4752,102,24,0.017174608519952853,0.020219039595619208,0.01362425879171112,0.029909209443458817,0.016284950651747697,0.59405,0.29695,0.2376,1,1,0.02
05_loss_retention,118,143712243398028697484221105829619132364,20000,0.0,0.04,depolarizing,0.4,0.5,0.2,,0.11,0.95,11948,5948,1189,4759,124,27,0.020847343644922665,0.022708158116063918,0.0156526899789003,0.03283779330617871,0.017185103327278413,0.5974,0.2974,0.23795,1,1,0.02
05_loss_retention,119,230475229119549219648381291723575835282,20000,0.0,0.04,depolarizing,0.4,0.5,0.2,,0.11,0.95,11864,5877,1175,4702,128,22,0.02177981963586864,0.01872340425531915,0.012396747288030172,0.028186707308616294,0.015789960020586122,0.5932,0.29385,0.2351,1,1,0.02
05_loss_retention,120,145246265667817851708729566484464023198,20000,0.0,0.04,depolarizing,0.4,0.5,0.2,,0.11,0.95,11887,5876,1175,4701,121,32,0.02059223961878829,0.02723404255319149,0.019356388202701504,0.03819287621540126,0.018836488012699756,0.59435,0.2938,0.23505,1,1,0.02
05_loss_retention,121,281905920772651693558066170065859774419,20000,0.0,0.04,depolarizing,0.4,0.5,0.2,,0.11,0.95,11862,6004,1200,4804,115,23,0.01915389740173218,0.019166666666666665,0.012805260881153016,0.028596751365143724,0.015791490483990707,0.5931,0.3002,0.2402,1,1,0.02
05_loss_retention,122,58066023486750215243353519873774006144,20000,0.0,0.04,depolarizing,0.4,0.5,0.2,,0.11,0.95,12023,5972,1194,4778,130,21,0.021768251841929,0.017587939698492462,0.011532022036416501,0.026738033222671143,0.015206011186254642,0.60115,0.2986,0.2389,1,1,0.02
05_loss_retention,123,135293700053939761090892936670156532299,20000,0.0,0.04,depolarizing,0.4,0.5,0.2,,0.11,0.95,12030,6003,1200,4803,115,20,0.019157088122605363,0.016666666666666666,0.01081468204022554,0.02560328520908488,0.01478860316885934,0.6015,0.30015,0.24015,1,1,0.02
05_loss_retention,124,168142222180475527313643913791987615090,20000,0.0,0.04,depolarizing,0.4,0.5,0.2,,0.11,0.95,11926,5878,1175,4703,110,20,0.0187138482477033,0.01702127659574468,0.011045330101312225,0.026144962531042985,0.01509963242973076,0.5963,0.2939,0.23515,1,1,0.02
05_loss_retention,125,32932841329627427089685614678360589851,20000,0.0,0.04,depolarizing,0.4,0.5,0.2,,0.11,0.95,11962,6043,1208,4835,116,24,0.019195763693529704,0.019867549668874173,0.013386785232856531,0.02939229155425368,0.016005506321397148,0.5981,0.30215,0.24175,1,1,0.02
05_loss_retention,126,168713424688890866584383319662076525500,20000,0.0,0.04,depolarizing,0.4,0.5,0.2,,0.11,0.95,12067,5934,1186,4748,112,25,0.01887428378833839,0.021079258010118045,0.014318153708727386,0.030932798358499148,0.016614644649771762,0.60335,0.2967,0.2374,1,1,0.02
05_loss_retention,127,76042231908924042449118530007109622372,20000,0.0,0.04,depolarizing,0.4,0.5,0.2,,0.11,0.95,11892,5926,1185,4741,132,30,0.022274721565980427,0.02531645569620253,0.017790164216728445,0.03591040144492295,0.018120237228194502,0.5946,0.2963,0.23705,1,1,0.02
05_loss_retention,128,119682572972400411914216004711719020632,20000,0.0,0.04,depolarizing,0.4,0.5,0.2,,0.11,0.95,11892,5976,1195,4781,111,21,0.01857429718875502,0.017573221757322177,0.01152234835792353,0.026715784368807973,0.015193436010884444,0.5946,0.2988,0.23905,1,1,0.02
05_loss_retention,129,288451920947105206541813258844904977454,20000,0.0,0.04,depolarizing,0.4,0.5,0.2,,0.11,0.95,12049,5993,1198,4795,100,23,0.01668613382279326,0.019198664440734557,0.01282669402158051,0.02864421585167433,0.01581752183009382,0.60245,0.29965,0.23975,1,1,0.02
05_loss_retention,130,171317823785792700924899015018492396918,20000,0.0,0.04,depolarizing,0.4,0.5,0.2,,0.11,0.95,12099,5971,1194,4777,125,27,0.020934516831351533,0.022613065326633167,0.015586951245825313,0.032701124270980174,0.01711417302515486,0.60495,0.29855,0.23885,1,1,0.02
05_loss_retention,131,297641637922209238222965532192334536414,20000,0.0,0.04,depolarizing,0.4,0.5,0.2,,0.11,0.95,12161,6124,1224,4900,137,35,0.022370999346832135,0.028594771241830064,0.02063143304780419,0.039507812365538256,0.018876379317734067,0.60805,0.3062,0.245,1,1,0.02
05_loss_retention,132,323836578614516288629133919901274803722,20000,0.0,0.04,depolarizing,0.4,0.5,0.2,,0.11,0.95,11996,6005,1201,4804,121,21,0.020149875104079933,0.017485428809325562,0.01146464540524025,0.0265830649263448,0.01511841952110455,0.5998,0.30025,0.2402,1,1,0.02
05_loss_retention,133,277627870017854331622381301055437347055,20000,0.0,0.04,depolarizing,0.4,0.5,0.2,,0.11,0.95,11968,5984,1196,4788,107,19,0.017881016042780747,0.01588628762541806,0.010193558197519733,0.02467893142441703,0.014485373226897297,0.5984,0.2992,0.2394,1,1,0.02
05_loss_retention,134,176223301764354623064944596357041493325,20000,0.0,0.04,depolarizing,0.4,0.5,0.2,,0.11,0.95,12083,5990,1198,4792,108,21,0.018030050083472453,0.017529215358931552,0.011493424456605075,0.026649259409265227,0.015155834952660152,0.60415,0.2995,0.2396,1,1,0.02
05_loss_retention,135,168327178219286086443890032621767338888,20000,0.0,0.04,depolarizing,0.4,0.5,0.2,,0.11,0.95,11993,6034,1206,4828,130,32,0.02154458070931389,0.026533996683250415,0.01885721307459695,0.03721745549133508,0.01836024241673813,0.59965,0.3017,0.2414,1,1,0.02
05_loss_retention,136,221972148284618506329099576916494873947,20000,0.0,0.04,depolarizing,0.4,0.5,0.2,,0.11,0.95,11964,5989,1197,4792,127,31,0.021205543496410083,0.025898078529657476,0.01830418238393412,0.03652525270681865,0.018221070322884534,0.5982,0.29945,0.2396,1,1,0.02
05_loss_retention,137,274710504419624208839037582957245870929,20000,0.0,0.04,depolarizing,0.4,0.5,0.2,,0.11,0.95,11963,5999,1199,4800,110,27,0.01833638939823304,0.022518765638031693,0.015521762396018782,0.03256558809936888,0.0170438257033501,0.59815,0.29995,0.24,1,1,0.02
05_loss_retention,138,314648494598215751540684860994679660867,20000,0.0,0.04,depolarizing,0.4,0.5,0.2,,0.11,0.95,12046,5934,1186,4748,121,18,0.020390967307044153,0.01517706576728499,0.009621505498337008,0.023863173090844784,0.014241667592507777,0.6023,0.2967,0.2374,1,1,0.02
05_loss_retention,139,326158140984284504808452553986528794232,20000,0.0,0.04,depolarizing,0.4,0.5,0.2,,0.11,0.95,11925,5998,1199,4799,114,16,0.019006335445148383,0.013344453711426188,0.00823049828514462,0.021566827503604197,0.013336329218459576,0.59625,0.2999,0.23995,1,1,0.02
05_loss_retention,140,236941391239321457787041456382982452517,20000,0.0,0.04,depolarizing,0.4,0.5,0.2,,0.11,0.95,12026,6153,1230,4923,123,29,0.019990248659190638,0.023577235772357725,0.016465470505659198,0.033655603298913886,0.017190132793254688,0.6013,0.30765,0.24615,1,1,0.02
05_loss_retention,141,269914654867328974212370744743863642214,20000,0.0,0.04,depolarizing,0.4,0.5,0.2,,0.11,0.95,11957,5994,1198,4796,116,22,0.019352686019352687,0.018363939899833055,0.012158149168039485,0.02764864770152308,0.015490498533483596,0.59785,0.2997,0.2398,1,1,0.02
05_loss_retention,142,253006308832105790564320063716467696293,20000,0.0,0.04,depolarizing,0.4,0.5,0.2,,0.11,0.95,12057,6054,1210,4844,151,26,0.024942186983812356,0.021487603305785124,0.014705322702434827,0.0312985919067653,0.016593269204330477,0.60285,0.3027,0.2422,1,1,0.02
05_loss_retention,143,91821307924862199335933008202365665874,20000,0.0,0.04,depolarizing,0.4,0.5,0.2,,0.11,0.95,12086,6067,1213,4854,110,22,0.01813087193011373,0.018136850783182192,0.012007428590559496,0.02730867004652987,0.015301241455970374,0.6043,0.30335,0.2427,1,1,0.02
05_loss_retention,144,113554176321141590792225609434870614952,20000,0.0,0.04,depolarizing,0.4,0.5,0.2,,0.11,0.95,12011,6008,1201,4807,117,24,0.01947403462050599,0.019983347210657785,0.013465017873493076,0.02956260077389049,0.016097582900397416,0.60055,0.3004,0.24035,1,1,0.02
05_loss_retention,145,111062837930789286441053373713799460937,20000,0.0,0.04,depolarizing,0.4,0.5,0.2,,0.11,0.95,12022,5965,1193,4772,112,28,0.018776194467728415,0.02347024308466052,0.016287515686647578,0.03371197119581622,0.01742445550916864,0.6011,0.29825,0.2386,1,1,0.02
05_loss_retention,146,237112493811321356291857497499441022210,20000,0.0,0.04,depolarizing,0.4,0.5,0.2,,0.11,0.95,11825,5881,1176,4705,109,17,0.018534262880462508,0.01445578231292517,0.009044849876182278,0.023028492298552285,0.013983642422370006,0.59125,0.29405,0.23525,1,1,0.02
05_loss_retention,147,241234504004095940606275732493805542505,20000,0.0,0.04,depolarizing,0.4,0.5,0.2,,0.11,0.95,11982,5994,1198,4796,127,31,0.021187854521187856,0.02587646076794658,0.018288854375192343,0.03649495952760062,0.01820610515240828,0.5991,0.2997,0.2398,1,1,0.02
05_loss_retention,148,42828504014088351652129290444093517106,20000,0.0,0.04,depolarizing,0.4,0.5,0.2,,0.11,0.95,11880,5981,1196,4785,113,36,0.018893161678649056,0.030100334448160536,0.02182046019272595,0.0413891065905702,0.01956864639784425,0.594,0.29905,0.23925,1,1,0.02
05_loss_retention,149,305871378341467543682884377370036873838,20000,0.0,0.04,depolarizing,0.4,0.5,0.2,,0.11,0.95,11935,5909,1181,4728,118,23,0.019969537992892198,0.01947502116850127,0.013011814408446471,0.029054116395749664,0.016042301987303192,0.59675,0.29545,0.2364,1,1,0.02
05_loss_retention,0,178960349132886710596920952333363805487,20000,0.0,0.04,depolarizing,0.5,0.5,0.2,,0.11,0.95,10029,4966,993,3973,96,22,0.019331453886427707,0.022155085599194362,0.01467574746097037,0.03331729937447386,0.018641551913503494,0.50145,0.2483,0.19865,1,1,0.02
05_loss_retention,1,335691377983965988216847465011653482290,20000,0.0,0.04,depolarizing,0.5,0.5,0.2,,0.11,0.95,10005,4939,987,3952,103,21,0.02085442397246406,0.02127659574468085,0.013957717988655744,0.03230746239172006,0.01834974440306432,0.50025,0.24695,0.1976,1,1,0.02
05_loss_retention,2,197019747597901993984938230775669661538,20000,0.0,0.04,depolarizing,0.5,0.5,0.2,,0.11,0.95,9974,4949,989,3960,107,29,0.021620529399878765,0.029322548028311426,0.02049269754960545,0.04179464779770706,0.02130195024810161,0.4987,0.24745,0.198,1,1,0.02
05_loss_retention,3,190106267252441360518805897789923375465,20000,0.0,0.04,depolarizing,0.5,0.5,0.2,,0.11,0.95,10000,5055,1011,4044,100,17,0.019782393669634024,0.016815034619188922,0.010524631741597694,0.02676341802399637,0.01623878628239868,0.5,0.25275,0.2022,1,1,0.02
05_loss_retention,4,257054714511904425775124173482919158464,20000,0.0,0.04,depolarizing,0.5,0.5,0.2,,0.11,0.95,9966,5009,1001,4008,115,22,0.02295867438610501,0.02197802197802198,0.014558105806132073,0.03305284654931911,0.018494740743187035,0.4983,0.25045,0.2004,1,1,0.02
05_loss_retention,5,48015362247805717788113413340595544799,20000,0.0,0.04,depolarizing,0.5,0.5,0.2,,0.11,0.95,10053,4990,998,3992,91,20,0.018236472945891785,0.02004008016032064,0.013009775481121508,0.03075109949035509,0.017741324009233582,0.50265,0.2495,0.1996,1,1,0.02
05_loss_retention,6,177983475242990424901138999864990295753,20000,0.0,0.04,depolarizing,0.5,0.5,0.2,,0.11,0.95,9980,4955,991,3964,115,15,0.02320887991927346,0.015136226034308779,0.009193910248597548,0.024823026340284157,0.015629116091686608,0.499,0.24775,0.1982,1,1,0.02
05_loss_retention,7,54896956395754085220591683996943460978,20000,0.0,0.04,depolarizing,0.5,0.5,0.2,,0.11,0.95,9973,4984,996,3988,100,14,0.020064205457463884,0.014056224899598393,0.008391211521867746,0.023455296281730327,0.015064084759862581,0.49865,0.2492,0.1994,1,1,0.02
05_loss_retention,8,53371542728874484031713116782140695303,20000,0.0,0.04,depolarizing,0.5,0.5,0.2,,0.11,0.95,9945,4920,984,3936,112,23,0.022764227642276424,0.023373983739837397,0.015625056037122772,0.03482986096969723,0.019204804932574458,0.49725,0.246,0.1968,1,1,0.02
05_loss_retention,9,170237375412141565161253070983220012908,20000,0.0,0.04,depolarizing,0.5,0.5,0.2,,0.11,0.95,10135,5056,1011,4045,108,22,0.021360759493670885,0.021760633036597428,0.0144136797174643,0.03272812593589236,0.01831444621842806,0.50675,0.2528,0.20225,1,1,0.02
05_loss_retention,10,239127043963184067735049050686267242369,20000,0.0,0.04,depolarizing,0.5,0.5,0.2,,0.11,0.95,10008,5012,1002,4010,107,22,0.0213487629688747,0.021956087824351298,0.014543533081187011,0.033020084824149865,0.018476551742962852,0.5004,0.2506,0.2005,1,1,0.02
05_loss_retention,11,21698239011812965835205634080878317943,20000,0.0,0.04,depolarizing,0.5,0.5,0.2,,0.11,0.95,10024,5018,1003,4015,121,27,0.02411319250697489,0.026919242273180457,0.018565491533162885,0.03888293623464416,0.020317444701481273,0.5012,0.2509,0.20075,1,1,0.02
05_loss_retention,12,59369590351307471843458971905525077215,20000,0.0,0.04,depolarizing,0.5,0.5,0.2,,0.11,0.95,10003,4875,975,3900,92,18,0.018871794871794873,0.018461538461538463,0.011709229424589787,0.028993438470878208,0.01728420904628842,0.50015,0.24375,0.195,1,1,0.02
05_loss_retention,13,129158313813262363602111018154821597368,20000,0.0,0.04,depolarizing,0.5,0.5,0.2,,0.11,0.95,9826,4836,967,3869,85,17,0.017576509511993382,0.017580144777662874,0.01100474748797551,0.027973252963984084,0.016968505476008575,0.4913,0.2418,0.19345,1,1,0.02
05_loss_retention,14,45763870116742324802948009268777475968,20000,0.0,0.04,depolarizing,0.5,0.5,0.2,,0.11,0.95,10067,5049,1009,4040,86,17,0.017033075856605268,0.01684836471754212,0.010545544533219028,0.026816135807902645,0.016270591274683617,0.50335,0.25245,0.202,1,1,0.02
05_loss_retention,15,109751954685825505147974137207176237135,20000,0.0,0.04,depolarizing,0.5,0.5,0.2,,0.11,0.95,9984,4964,992,3972,94,14,0.01893634165995165,0.014112903225806451,0.008425119759360498,0.02354930602765358,0.015124186268293082,0.4992,0.2482,0.1986,1,1,0.02
05_loss_retention,16,271436006493692574991297728405046987910,20000,0.0,0.04,depolarizing,0.5,0.5,0.2,,0.11,0.95,10041,4949,989,3960,109,23,0.02202465144473631,0.023255813953488372,0.015545813166712434,0.0346550103161186,0.019109197149406162,0.50205,0.24745,0.198,1,1,0.02
05_loss_retention,17,338759296437935587383601800413349655164,20000,0.0,0.04,depolarizing,0.5,0.5,0.2,,0.11,0.95,10039,5036,1007,4029,85,17,0.01687847498014297,0.016881827209533268,0.010566540599955982,0.026869061680190064,0.016302521080234084,0.50195,0.2518,0.20145,1,1,0.02
05_loss_retention,18,143177686436407524616420526401626734803,20000,0.0,0.04,depolarizing,0.5,0.5,0.2,,0.11,0.95,9877,4961,992,3969,90,9,0.018141503729086877,0.009072580645161291,0.004780360091157255,0.017152306627257388,0.012371946536100131,0.49385,0.24805,0.19845,1,1,0.02
05_loss_retention,19,207737932215487681244309547299301828009,20000,0.0,0.04,depolarizing,0.5,0.5,0.2,,0.11,0.95,9920,4960,992,3968,91,13,0.018346774193548385,0.01310483870967742,0.007674338436209552,0.02229173553708464,0.014617397100875089,0.496,0.248,0.1984,1,1,0.02
05_loss_retention,20,114202071249246421231646503364932691310,20000,0.0,0.04,depolarizing,0.5,0.5,0.2,,0.11,0.95,10028,4987,997,3990,107,25,0.021455785041106876,0.025075225677031094,0.01704142468417428,0.03675476685662809,0.01971334217245381,0.5014,0.24935,0.1995,1,1,0.02
05_loss_retention,21,19198699063593885986577414127825396792,20000,0.0,0.04,depolarizing,0.5,0.5,0.2,,0.11,0.95,10067,4948,989,3959,112,34,0.02263540824575586,0.034378159757330634,0.024704214158348736,0.047655232742698325,0.02295101858434959,0.50335,0.2474,0.19795,1,1,0.02
05_loss_retention,22,130228867361458796110421693701181222458,20000,0.0,0.04,depolarizing,0.5,0.5,0.2,,0.11,0.95,9903,4928,985,3943,104,20,0.021103896103896104,0.02030456852791878,0.013181967312721057,0.03115421866493814,0.017972251352217083,0.49515,0.2464,0.19715,1,1,0.02
05_loss_retention,23,63350854702506747842939885219434738802,20000,0.0,0.04,depolarizing,0.5,0.5,0.2,,0.11,0.95,10061,5048,1009,4039,112,24,0.022187004754358162,0.023785926660059464,0.016035386599562503,0.03514879269050717,0.019113406090944668,0.50305,0.2524,0.20195,1,1,0.02
05_loss_retention,24,129754793059460076208467986660763071512,20000,0.0,0.04,depolarizing,0.5,0.5,0.2,,0.11,0.95,9947,4959,991,3968,91,17,0.018350473885864086,0.017154389505549948,0.010737567693296516,0.02730011005442439,0.016562542361127877,0.49735,0.24795,0.1984,1,1,0.02
05_loss_retention,25,268595461507813585753730420759258802092,20000,0.0,0.04,depolarizing,0.5,0.5,0.2,,0.11,0.95,10078,5071,1014,4057,121,25,0.02386117136659436,0.02465483234714004,0.016754788399598826,0.0361428985182407,0.019388110118641874,0.5039,0.25355,0.20285,1,1,0.02
05_loss_retention,26,43765696016438548385300556555993965496,20000,0.0,0.04,depolarizing,0.5,0.5,0.2,,0.11,0.95,10073,5073,1014,4059,86,15,0.016952493593534398,0.014792899408284023,0.008984906989897509,0.02426335434532458,0.01527844735542707,0.50365,0.25365,0.20295,1,1,0.02
05_loss_retention,27,196032334941221668542762163149052830709,20000,0.0,0.04,depolarizing,0.5,0.5,0.2,,0.11,0.95,9927,4951,990,3961,98,16,0.01979398101393658,0.01616161616161616,0.009972200065264551,0.02609135766075755,0.016119157595492997,0.49635,0.24755,0.19805,1,1,0.02
05_loss_retention,28,237707713747116334672092151466853227545,20000,0.0,0.04,depolarizing,0.5,0.5,0.2,,0.11,0.95,9961,4999,999,4000,99,13,0.01980396079215843,0.013013013013013013,0.007620456154347967,0.02213644964388919,0.014515993489541225,0.49805,0.24995,0.2,1,1,0.02
05_loss_retention,29,46434654100969477202738495814468573368,20000,0.0,0.04,depolarizing,0.5,0.5,0.2,,0.11,0.95,9911,4931,986,3945,95,14,0.019265868992090852,0.014198782961460446,0.008476499079973287,0.02369174214385898,0.015215243063885692,0.49555,0.24655,0.19725,1,1,0.02
05_loss_retention,30,153644865710952945176083542463878052573,20000,0.0,0.04,depolarizing,0.5,0.5,0.2,,0.11,0.95,10006,4938,987,3951,78,12,0.015795868772782502,0.0121580547112462,0.006968407662633334,0.021130395201178202,0.01416198753854487,0.5003,0.2469,0.19755,1,1,0.02
05_loss_retention,31,100309441436402227186047058067443447941,20000,0.0,0.04,depolarizing,0.5,0.5,0.2,,0.11,0.95,9834,4870,974,3896,72,8,0.014784394250513347,0.008213552361396304,0.004167700558164714,0.016123378984140145,0.011955678425975431,0.4917,0.2435,0.1948,1,1,0.02
05_loss_retention,32,184878307207250110085130277486648429614,20000,0.0,0.04,depolarizing,0.5,0.5,0.2,,0.11,0.95,10093,4956,991,3965,98,28,0.01977401129943503,0.028254288597376387,0.019619486027999077,0.040532268093337445,0.020912782065338368,0.50465,0.2478,0.19825,1,1,0.02
05_loss_retention,33,302748695535706122453382812893854194394,20000,0.0,0.04,depolarizing,0.5,0.5,0.2,,0.11,0.95,9975,4960,992,3968,110,22,0.02217741935483871,0.02217741935483871,0.01469058648933743,0.033350653807435765,0.018660067318098335,0.49875,0.248,0.1984,1,1,0.02
05_loss_retention,34,157195986780537667748722867521319278193,20000,0.0,0.04,depolarizing,0.5,0.5,0.2,,0.11,0.95,9933,4972,994,3978,108,21,0.02172164119066774,0.02112676056338028,0.01385913638836111,0.03208148716006528,0.01822235077170417,0.49665,0.2486,0.1989,1,1,0.02
05_loss_retention,35,70110642336576955918345442284277468396,20000,0.0,0.04,depolarizing,0.5,0.5,0.2,,0.11,0.95,10056,5002,1000,4002,89,20,0.017792882846861254,0.02,0.01298368291641514,0.03069000522971778,0.017706322313302637,0.5028,0.2501,0.2001,1,1,0.02
05_loss_retention,36,151668153977799409153269741507708051943,20000,0.0,0.04,depolarizing,0.5,0.5,0.2,,0.11,0.95,10004,5025,1005,4020,119,26,0.023681592039800994,0.025870646766169153,0.017715061465859903,0.03763700434433304,0.01992194287847314,0.5002,0.25125,0.201,1,1,0.02
05_loss_retention,37,284578338376980794730871750103040464069,20000,0.0,0.04,depolarizing,0.5,0.5,0.2,,0.11,0.95,10103,5049,1009,4040,103,19,0.020400079223608637,0.018830525272547076,0.01208780182482418,0.029223163930282636,0.017135362105458456,0.50515,0.25245,0.202,1,1,0.02
05_loss_retention,38,17271818158929197112608800441964090873,20000,0.0,0.04,depolarizing,0.5,0.5,0.2,,0.11,0.95,9895,4970,994,3976,107,29,0.021529175050301812,0.029175050301810865,0.020389233832663427,0.04158600108469697,0.02119676725203354,0.49475,0.2485,0.1988,1,1,0.02
05_loss_retention,39,164832675543737585167795804168118895641,20000,0.0,0.04,depolarizing,0.5,0.5,0.2,,0.11,0.95,9989,5048,1009,4039,95,15,0.01881933438985737,0.014866204162537165,0.00902953012252045,0.024382864804616083,0.015353334682095633,0.49945,0.2524,0.20195,1,1,0.02
05_loss_retention,40,276625352257450958082518112847325219238,20000,0.0,0.04,depolarizing,0.5,0.5,0.2,,0.11,0.95,10003,4959,991,3968,97,24,0.019560395240976004,0.024217961654894045,0.016327588646294945,0.03578268315736317,0.01945509451106822,0.50015,0.24795,0.1984,1,1,0.02
05_loss_retention,41,179717046287968923427256872937833162522,20000,0.0,0.04,depolarizing,0.5,0.5,0.2,,0.11,0.95,9986,5006,1001,4005,105,22,0.020974830203755495,0.02197802197802198,0.014558105806132073,0.03305284654931911,0.018494740743187035,0.4993,0.2503,0.20025,1,1,0.02
05_loss_retention,42,118599387912166836726400779026131745858,20000,0.0,0.04,depolarizing,0.5,0.5,0.2,,0.11,0.95,10002,4984,996,3988,94,14,0.01886035313001605,0.014056224899598393,0.008391211521867746,0.023455296281730327,0.015064084759862581,0.5001,0.2492,0.1994,1,1,0.02
05_loss_retention,43,337268390488473477990200207740008534024,20000,0.0,0.04,depolarizing,0.5,0.5,0.2,,0.11,0.95,10139,5124,1024,4100,107,26,0.020882123341139733,0.025390625,0.01738527192268663,0.0369435920684239,0.019558320145737274,0.50695,0.2562,0.205,1,1,0.02
05_loss_retention,44,140084443106690068235280432535521925999,20000,0.0,0.04,depolarizing,0.5,0.5,0.2,,0.11,0.95,10002,5036,1007,4029,112,26,0.022239872915011914,0.025819265143992055,0.017679758736975186,0.037562790263579254,0.01988303152660407,0.5001,0.2518,0.20145,1,1,0.02
05_loss_retention,45,57490709665748789151469290892577273871,20000,0.0,0.04,depolarizing,0.5,0.5,0.2,,0.11,0.95,10040,4993,998,3995,97,21,0.019427198077308232,0.021042084168336674,0.013803426762900202,0.03195377206041048,0.01815034529751028,0.502,0.24965,0.19975,1,1,0.02
05_loss_retention,46,195347632696301252212887489732305288896,20000,0.0,0.04,depolarizing,0.5,0.5,0.2,,0.11,0.95,9947,4886,977,3909,110,35,0.02251330331559558,0.03582395087001024,0.025869768538906098,0.049414017802544785,0.023544249263638687,0.49735,0.2443,0.19545,1,1,0.02
05_loss_retention,47,780176282263671214065350364666310686,20000,0.0,0.04,depolarizing,0.5,0.5,0.2,,0.11,0.95,9887,4980,996,3984,90,13,0.018072289156626505,0.013052208835341365,0.007643455632635195,0.02220273503832569,0.014559279405690496,0.49435,0.249,0.1992,1,1,0.02
05_loss_retention,48,318588190748171285693071992560447550564,20000,0.0,0.04,depolarizing,0.5,0.5,0.2,,0.11,0.95,9987,5066,1013,4053,110,21,0.021713383339913146,0.02073050345508391,0.013598445352990287,0.0314837633070105,0.01788531795402021,0.49935,0.2533,0.20265,1,1,0.02
05_loss_retention,49,125630283196801847706224268674809201652,20000,0.0,0.04,depolarizing,0.5,0.5,0.2,,0.11,0.95,10063,5054,1010,4044,92,11,0.01820340324495449,0.01089108910891089,0.006092145878358598,0.019396512723897658,0.01330436684553906,0.50315,0.2527,0.2022,1,1,0.02
05_loss_retention,50,224427679302458468038306466092423333574,20000,0.0,0.04,depolarizing,0.5,0.5,0.2,,0.11,0.95,9963,5031,1006,4025,94,17,0.01868415821904194,0.016898608349900597,0.010577070017088188,0.026895603034863817,0.01631853301777563,0.49815,0.25155,0.20125,1,1,0.02
05_loss_retention,51,276200333945597048540133609776292569797,20000,0.0,0.04,depolarizing,0.5,0.5,0.2,,0.11,0.95,10023,5017,1003,4014,86,20,0.01714171815826191,0.019940179461615155,0.012944739726758664,0.030598817639308974,0.01765407791255031,0.50115,0.25085,0.2007,1,1,0.02
05_loss_retention,52,108854994015544518923379946751364120878,20000,0.0,0.04,depolarizing,0.5,0.5,0.2,,0.11,0.95,9916,4988,997,3991,111,18,0.022253408179631114,0.01805416248746239,0.011450179566875919,0.028357782493009062,0.016907602926133143,0.4958,0.2494,0.19955,1,1,0.02
05_loss_retention,53,265638825373427771946803722989016277276,20000,0.0,0.04,depolarizing,0.5,0.5,0.2,,0.11,0.95,9938,4993,998,3995,91,17,0.018225515722010813,0.017034068136272545,0.01066206688719487,0.027109836528779498,0.016447769641584627,0.4969,0.24965,0.19975,1,1,0.02
05_loss_retention,54,215902598798495468934145681714489959255,20000,0.0,0.04,depolarizing,0.5,0.5,0.2,,0.11,0.95,10034,4997,999,3998,108,24,0.021612967780668402,0.024024024024024024,0.016196416891141697,0.03549815393529565,0.019301737044153954,0.5017,0.24985,0.1999,1,1,0.02
05_loss_retention,55,291982657252033911291155903187887599833,20000,0.0,0.04,depolarizing,0.5,0.5,0.2,,0.11,0.95,10039,5021,1004,4017,107,25,0.021310495917147978,0.0249003984063745,0.016922218517417615,0.036500329592178554,0.01957811107476094,0.50195,0.25105,0.20085,1,1,0.02
05_loss_retention,56,237054605350709182237280351595103760200,20000,0.0,0.04,depolarizing,0.5,0.5,0.2,,0.11,0.95,9965,5021,1004,4017,101,14,0.020115514837681737,0.013944223107569721,0.008324207328929065,0.023269510653215447,0.014945303324286383,0.49825,0.25105,0.20085,1,1,0.02
05_loss_retention,57,337476278246507399828373896000847945452,20000,0.0,0.04,depolarizing,0.5,0.5,0.2,,0.11,0.95,9985,5064,1012,4052,98,24,0.019352290679304898,0.023715415019762844,0.015987700063702863,0.0350453212513335,0.019057621187630637,0.49925,0.2532,0.2026,1,1,0.02
05_loss_retention,58,49279160480325927915336049326126362643,20000,0.0,0.04,depolarizing,0.5,0.5,0.2,,0.11,0.95,9914,4976,995,3981,98,14,0.01969453376205788,0.01407035175879397,0.008399662967329479,0.02347872828235743,0.01507906531502795,0.4957,0.2488,0.19905,1,1,0.02
05_loss_retention,59,253270108006691150173742300894218539099,20000,0.0,0.04,depolarizing,0.5,0.5,0.2,,0.11,0.95,10003,4963,992,3971,92,18,0.01853717509570824,0.018145161290322582,0.011508042940903641,0.028499790100989998,0.016991747160086355,0.50015,0.24815,0.19855,1,1,0.02
05_loss_retention,60,339633325111619157647566915865753553368,20000,0.0,0.04,depolarizing,0.5,0.5,0.2,,0.11,0.95,9988,4966,993,3973,121,24,0.024365686669351592,0.02416918429003021,0.016294596918274538,0.03571112411385907,0.019416527195584534,0.4994,0.2483,0.19865,1,1,0.02
05_loss_retention,61,259331149063752016804939400717751117648,20000,0.0,0.04,depolarizing,0.5,0.5,0.2,,0.11,0.95,10015,5057,1011,4046,118,26,0.023333992485663438,0.025717111770524232,0.017609573721969196,0.03741523664159755,0.019805662919628354,0.50075,0.25285,0.2023,1,1,0.02
05_loss_retention,62,163660189034567576707961543067341418909,20000,0.0,0.04,depolarizing,0.5,0.5,0.2,,0.11,0.95,9955,4879,975,3904,109,23,0.022340643574502973,0.02358974358974359,0.015769747904881344,0.03514907901193417,0.019379331107052825,0.49775,0.24395,0.1952,1,1,0.02
05_loss_retention,63,9804008010467492620229363006599105123,20000,0.0,0.04,depolarizing,0.5,0.5,0.2,,0.11,0.95,10085,5180,1036,4144,109,27,0.021042471042471044,0.026061776061776062,0.017972124281076224,0.03765314275366321,0.019681018472586985,0.50425,0.259,0.2072,1,1,0.02
05_loss_retention,64,200665926365428287872163817116538107934,20000,0.0,0.04,depolarizing,0.5,0.5,0.2,,0.11,0.95,9918,5037,1007,4030,111,21,0.022036926742108397,0.020854021847070508,0.013679702985163893,0.03167009783738588,0.017990394852221984,0.4959,0.25185,0.2015,1,1,0.02
05_loss_retention,65,76277856383343721550352056411236440898,20000,0.0,0.04,depolarizing,0.5,0.5,0.2,,0.11,0.95,9995,5015,1003,4012,106,22,0.021136590229312063,0.02193419740777667,0.014528989502251627,0.032987387978598695,0.018458398476347067,0.49975,0.25075,0.2006,1,1,0.02
05_loss_retention,66,69265069277622760499422593495350551330,20000,0.0,0.04,depolarizing,0.5,0.5,0.2,,0.11,0.95,9896,4962,992,3970,90,19,0.018137847642079808,0.019153225806451613,0.012295515456610355,0.029720669399003176,0.017425153942392822,0.4948,0.2481,0.1985,1,1,0.02
05_loss_retention,67,46057410443572667277401599603674549565,20000,0.0,0.04,depolarizing,0.5,0.5,0.2,,0.11,0.95,10078,5051,1010,4041,91,19,0.018016234409027915,0.01881188118811881,0.012075801715151739,0.02919441707168336,0.01711861535653162,0.5039,0.25255,0.20205,1,1,0.02
05_loss_retention,68,279286668314383705318431530869387886698,20000,0.0,0.04,depolarizing,0.5,0.5,0.2,,0.11,0.95,9990,5056,1011,4045,101,21,0.01997626582278481,0.020771513353115726,0.013625423755692227,0.03154563072011191,0.017920206964419684,0.4995,0.2528,0.20225,1,1,0.02
05_loss_retention,69,274928760702985096241423803567020639204,20000,0.0,0.04,depolarizing,0.5,0.5,0.2,,0.11,0.95,9992,5007,1001,4006,101,15,0.02017175953664869,0.014985014985014986,0.00910185646086663,0.024576549743044657,0.015474693282178027,0.4996,0.25035,0.2003,1,1,0.02
05_loss_retention,70,261895708962393409614864311955252321894,20000,0.0,0.04,depolarizing,0.5,0.5,0.2,,0.11,0.95,10044,4989,997,3992,110,14,0.0220485067147725,0.014042126379137413,0.008382777066526058,0.02343191100426327,0.015049133937737212,0.5022,0.24945,0.1996,1,1,0.02
05_loss_retention,71,151455910935141346101527946017733079821,20000,0.0,0.04,depolarizing,0.5,0.5,0.2,,0.11,0.95,9831,4947,989,3958,92,19,0.018597129573478876,0.019211324570273004,0.012332914097233296,0.02981022814261009,0.017477314045376793,0.49155,0.24735,0.1979,1,1,0.02
05_loss_retention,72,62923636086468547366188955100466935267,20000,0.0,0.04,depolarizing,0.5,0.5,0.2,,0.11,0.95,9994,4939,987,3952,107,20,0.021664304515084026,0.020263424518743668,0.013155180178422236,0.031091513811224207,0.01793633363280197,0.4997,0.24695,0.1976,1,1,0.02
05_loss_retention,73,88266267982602693140518125384274171754,20000,0.0,0.04,depolarizing,0.5,0.5,0.2,,0.11,0.95,10032,4987,997,3990,103,19,0.020653699619009425,0.01905717151454363,0.012233685898674854,0.029572594658484042,0.017338908759809188,0.5016,0.24935,0.1995,1,1,0.02
05_loss_retention,74,179690502680772640650423693775012266894,20000,0.0,0.04,depolarizing,0.5,0.5,0.2,,0.11,0.95,9991,4956,991,3965,103,22,0.020782889426957222,0.022199798183652877,0.014705455556822304,0.03338407508799661,0.018678619531174306,0.49955,0.2478,0.19825,1,1,0.02
05_loss_retention,75,152185631207478093791461166882525019472,20000,0.0,0.04,depolarizing,0.5,0.5,0.2,,0.11,0.95,9865,4907,981,3926,101,18,0.020582840839616874,0.01834862385321101,0.011637424112525151,0.02881726883714269,0.01717984472461754,0.49325,0.24535,0.1963,1,1,0.02
05_loss_retention,76,122689335041348627992851126662707271284,20000,0.0,0.04,depolarizing,0.5,0.5,0.2,,0.11,0.95,10053,4944,988,3956,107,18,0.021642394822006472,0.018218623481781375,0.011554756427500297,0.028614424308366367,0.017059667880866068,0.50265,0.2472,0.1978,1,1,0.02
05_loss_retention,77,280017109606715066755979619815349722431,20000,0.0,0.04,depolarizing,0.5,0.5,0.2,,0.11,0.95,10011,4980,996,3984,110,23,0.02208835341365462,0.023092369477911646,0.015436213976172663,0.03441314802116016,0.0189769340449875,0.50055,0.249,0.1992,1,1,0.02
05_loss_retention,78,171794755759751529450209583558475614023,20000,0.0,0.04,depolarizing,0.5,0.5,0.2,,0.11,0.95,9954,5001,1000,4001,84,13,0.016796640671865627,0.013,0.0076128203893510256,0.022114442375579663,0.014501621986228636,0.4977,0.25005,0.20005,1,1,0.02
05_loss_retention,79,174496974921308459603842088917048074568,20000,0.0,0.04,depolarizing,0.5,0.5,0.2,,0.11,0.95,9964,5020,1004,4016,91,12,0.018127490039840637,0.01195219123505976,0.006850195438431366,0.020774644338721934,0.013924448900290569,0.4982,0.251,0.2008,1,1,0.02
05_loss_retention,80,147330815056099636841436231239542446185,20000,0.0,0.04,depolarizing,0.5,0.5,0.2,,0.11,0.95,10029,4983,996,3987,109,20,0.02187437286775035,0.020080321285140562,0.013035973131917105,0.03081243746750414,0.017776464335587036,0.50145,0.24915,0.19935,1,1,0.02
05_loss_retention,81,279564826873206693529143478997817391945,20000,0.0,0.04,depolarizing,0.5,0.5,0.2,,0.11,0.95,10011,5021,1004,4017,103,19,0.020513841864170483,0.018924302788844622,0.012148161910756137,0.029367751583866404,0.01721958967311027,0.50055,0.25105,0.20085,1,1,0.02
05_loss_retention,82,32222657530861279081624438817612567751,20000,0.0,0.04,depolarizing,0.5,0.5,0.2,,0.11,0.95,9966,5014,1002,4012,115,28,0.022935779816513763,0.027944111776447105,0.01940333086007124,0.040090596633090225,0.020687265773018985,0.4983,0.2507,0.2006,1,1,0.02
05_loss_retention,83,225787156325265925084196129261313906069,20000,0.0,0.04,depolarizing,0.5,0.5,0.2,,0.11,0.95,10105,5143,1028,4115,119,17,0.023138246159828894,0.016536964980544747,0.010350166394823883,0.02632354786351155,0.015973381468687667,0.50525,0.25715,0.20575,1,1,0.02
05_loss_retention,84,61976756892525142655958179023868897922,20000,0.0,0.04,depolarizing,0.5,0.5,0.2,,0.11,0.95,9979,4948,989,3959,94,16,0.018997574777687955,0.016177957532861477,0.009982307315518496,0.026117573992084156,0.01613526667656566,0.49895,0.2474,0.19795,1,1,0.02
05_loss_retention,85,281372495120984497422818561890412309107,20000,0.0,0.04,depolarizing,0.5,0.5,0.2,,0.11,0.95,10149,5031,1006,4025,101,21,0.02007553170343868,0.020874751491053677,0.01369334043297565,0.031701368231717486,0.018008027798741836,0.50745,0.25155,0.20125,1,1,0.02
05_loss_retention,86,166216626436289977182618870728522386026,20000,0.0,0.04,depolarizing,0.5,0.5,0.2,,0.11,0.95,10132,5133,1026,4107,84,10,0.01636469900642899,0.009746588693957114,0.005302662181498991,0.017847948639700392,0.012545286458201401,0.5066,0.25665,0.20535,1,1,0.02
05_loss_retention,87,250904544909788355105982347543096286450,20000,0.0,0.04,depolarizing,0.5,0.5,0.2,,0.11,0.95,9987,4895,979,3916,94,19,0.01920326864147089,0.01940755873340143,0.012459236190463767,0.03011269486228145,0.01765345867181768,0.49935,0.24475,0.1958,1,1,0.02
05_loss_retention,88,237547044944014977588624153584058251821,20000,0.0,0.04,depolarizing,0.5,0.5,0.2,,0.11,0.95,9950,4883,976,3907,76,13,0.01556420233463035,0.01331967213114754,0.007800406254978751,0.022654988903142395,0.014854582648163644,0.4975,0.24415,0.19535,1,1,0.02
05_loss_retention,89,151480494446181081899828131339931976330,20000,0.0,0.04,depolarizing,0.5,0.5,0.2,,0.11,0.95,10139,5113,1022,4091,118,24,0.02307842753764913,0.023483365949119372,0.015830773266273947,0.03470477330862368,0.018874000042349737,0.50695,0.25565,0.20455,1,1,0.02
05_loss_retention,90,118055560076123247820636871484867765904,20000,0.0,0.04,depolarizing,0.5,0.5,0.2,,0.11,0.95,10075,5104,1020,4084,127,26,0.024882445141065832,0.025490196078431372,0.017453676852813634,0.03708744212571922,0.019633765272905584,0.50375,0.2552,0.2042,1,1,0.02
05_loss_retention,91,119868953386429121614510292985472371635,20000,0.0,0.04,depolarizing,0.5,0.5,0.2,,0.11,0.95,9932,5003,1000,4003,101,18,0.020187887267639416,0.018,0.01141574000956779,0.02827325517050734,0.01685751516093955,0.4966,0.25015,0.20015,1,1,0.02
05_loss_retention,92,83136459930535451834450116175023395634,20000,0.0,0.04,depolarizing,0.5,0.5,0.2,,0.11,0.95,9994,4883,976,3907,93,18,0.019045668646323982,0.018442622950819672,0.011697200399846829,0.02896392744082041,0.01726672704097358,0.4997,0.24415,0.19535,1,1,0.02
05_loss_retention,93,21882318105442081792235020084757464927,20000,0.0,0.04,depolarizing,0.5,0.5,0.2,,0.11,0.95,10119,5108,1021,4087,124,21,0.02427564604541895,0.02056807051909892,0.013491591709673234,0.031238701377264144,0.01774710966759091,0.50595,0.2554,0.20435,1,1,0.02
05_loss_retention,94,195583463626344650341523668624727850723,20000,0.0,0.04,depolarizing,0.5,0.5,0.2,,0.11,0.95,9981,5087,1017,4070,107,23,0.02103400825633969,0.02261553588987217,0.015116496704286832,0.03370740086573588,0.018590904161449047,0.49905,0.25435,0.2035,1,1,0.02
05_loss_retention,95,304181287407324633485338387220295770330,20000,0.0,0.04,depolarizing,0.5,0.5,0.2,,0.11,0.95,9930,4948,989,3959,111,24,0.022433306386418755,0.024266936299292215,0.01636071424487464,0.03585452954870331,0.019493815303828668,0.4965,0.2474,0.19795,1,1,0.02
05_loss_retention,96,272131581705343536664052791588382848274,20000,0.0,0.04,depolarizing,0.5,0.5,0.2,,0.11,0.95,10024,4983,996,3987,110,26,0.02207505518763797,0.02610441767068273,0.017875684281999326,0.037974629113245076,0.02009894483124575,0.5012,0.24915,0.19935,1,1,0.02
05_loss_retention,97,30986087203478549670658901392384669637,20000,0.0,0.04,depolarizing,0.5,0.5,0.2,,0.11,0.95,9992,5069,1013,4056,103,22,0.020319589662655357,0.02171767028627838,0.014385137696859517,0.03266394591955733,0.018278808222697816,0.4996,0.25345,0.2028,1,1,0.02
05_loss_retention,98,251054412167642275420587096719273937933,20000,0.0,0.04,depolarizing,0.5,0.5,0.2,,0.11,0.95,10011,4970,994,3976,89,13,0.01790744466800805,0.013078470824949699,0.007658865902215286,0.022247146277277096,0.01458828037506181,0.50055,0.2485,0.1988,1,1,0.02
05_loss_retention,99,28429753755739921923346401764851429595,20000,0.0,0.04,depolarizing,0.5,0.5,0.2,,0.11,0.95,10054,5085,1017,4068,115,24,0.02261553588987217,0.02359882005899705,0.015908849681177777,0.0348742159680004,0.018965366286822626,0.5027,0.25425,0.2034,1,1,0.02
05_loss_retention,100,106617546887497324739515242989628854919,20000,0.0,0.04,depolarizing,0.5,0.5,0.2,,0.11,0.95,10009,5043,1008,4035,93,16,0.018441403926234383,0.015873015873015872,0.00979370689034243,0.025628303651178082,0.01583459676083565,0.50045,0.25215,0.20175,1,1,0.02
05_loss_retention,101,132204829210691222052275456561306859817,20000,0.0,0.04,depolarizing,0.5,0.5,0.2,,0.11,0.95,10121,5044,1008,4036,104,25,0.020618556701030927,0.0248015873015873,0.016854846511152537,0.03635651219661042,0.019501665685457886,0.50605,0.2522,0.2018,1,1,0.02
05_loss_retention,102,55996636558591751131256677655352635067,20000,0.0,0.04,depolarizing,0.5,0.5,0.2,,0.11,0.95,10049,4949,989,3960,109,20,0.02202465144473631,0.020222446916076844,0.013128501693356982,0.03102906085723331,0.017900559163876326,0.50245,0.24745,0.198,1,1,0.02
05_loss_retention,103,238229244820324770287170859275210131763,20000,0.0,0.04,depolarizing,0.5,0.5,0.2,,0.11,0.95,9908,4937,987,3950,123,26,0.024913915333198297,0.02634245187436677,0.018039246555819517,0.038318365778203106,0.02027911922238359,0.4954,0.24685,0.1975,1,1,0.02
05_loss_retention,104,8145365417044855178509763071597099597,20000,0.0,0.04,depolarizing,0.5,0.5,0.2,,0.11,0.95,9951,4926,985,3941,80,21,0.016240357287860333,0.02131979695431472,0.013986142280458344,0.032372612615766655,0.01838647033530831,0.49755,0.2463,0.19705,1,1,0.02
05_loss_retention,105,149302267874580935414358442387123504464,20000,0.0,0.04,depolarizing,0.5,0.5,0.2,,0.11,0.95,10017,5116,1023,4093,102,25,0.0199374511336982,0.024437927663734114,0.016606909081101094,0.03582714328227924,0.019220234201178146,0.50085,0.2558,0.20465,1,1,0.02
05_loss_retention,106,245887286120480635681008591338864300661,20000,0.0,0.04,depolarizing,0.5,0.5,0.2,,0.11,0.95,10008,5073,1014,4059,99,19,0.019515079834417505,0.01873767258382643,0.012028038598000949,0.02907999297026811,0.017051954372267163,0.5004,0.25365,0.20295,1,1,0.02
05_loss_retention,107,321139319204526163719678521797605443483,20000,0.0,0.04,depolarizing,0.5,0.5,0.2,,0.11,0.95,9966,5070,1014,4056,104,23,0.020512820512820513,0.022682445759368838,0.015161357318797067,0.033806444482518974,0.01864508716372191,0.4983,0.2535,0.2028,1,1,0.02
05_loss_retention,108,43545600051480477638847028681166706589,20000,0.0,0.04,depolarizing,0.5,0.5,0.2,,0.11,0.95,9968,4985,997,3988,125,26,0.025075225677031094,0.026078234704112337,0.01785769360501051,0.037936816433065776,0.020079122828055265,0.4984,0.24925,0.1994,1,1,0.02
05_loss_retention,109,202902524487369646243821770044962149905,20000,0.0,0.04,depolarizing,0.5,0.5,0.2,,0.11,0.95,10041,5019,1003,4016,105,14,0.02092050209205021,0.013958125623130608,0.008332524275105946,0.023292572746613623,0.014960048471507677,0.50205,0.25095,0.2008,1,1,0.02
05_loss_retention,110,276020629544677849659790820966811040007,20000,0.0,0.04,depolarizing,0.5,0.5,0.2,,0.11,0.95,10009,5033,1006,4027,104,17,0.020663620107291874,0.016898608349900597,0.010577070017088188,0.026895603034863817,0.01631853301777563,0.50045,0.25165,0.20135,1,1,0.02
05_loss_retention,111,125243294968321132453407403301561408565,20000,0.0,0.04,depolarizing,0.5,0.5,0.2,,0.11,0.95,9954,4875,975,3900,101,15,0.020717948717948718,0.015384615384615385,0.009345133038352806,0.025227839444306677,0.01588270640595387,0.4977,0.24375,0.195,1,1,0.02
05_loss_retention,112,156532357360978524544169233106062764650,20000,0.0,0.04,depolarizing,0.5,0.5,0.2,,0.11,0.95,10103,4972,994,3978,110,21,0.022123893805309734,0.02112676056338028,0.01385913638836111,0.03208148716006528,0.01822235077170417,0.50515,0.2486,0.1989,1,1,0.02
05_loss_retention,113,100478434954993784528647760872840054142,20000,0.0,0.04,depolarizing,0.5,0.5,0.2,,0.11,0.95,10015,4999,999,4000,109,23,0.021804360872174435,0.023023023023023025,0.015389714548810999,0.034310523093244505,0.018920808544433506,0.50075,0.24995,0.2,1,1,0.02
05_loss_retention,114,286223989190247887256542932474318470728,20000,0.0,0.04,depolarizing,0.5,0.5,0.2,,0.11,0.95,9891,4946,989,3957,94,15,0.01900525677315002,0.015166835187057633,0.009212544902744667,0.024872916094111068,0.0156603711913664,0.49455,0.2473,0.19785,1,1,0.02
05_loss_retention,115,899662446945879221867891540774258122,20000,0.0,0.04,depolarizing,0.5,0.5,0.2,,0.11,0.95,10079,5078,1015,4063,115,17,0.02264671130366286,0.016748768472906402,0.010483054009784552,0.026658601831837263,0.01617554782205271,0.50395,0.2539,0.20315,1,1,0.02
05_loss_retention,116,326666829889822314606764422554679934708,20000,0.0,0.04,depolarizing,0.5,0.5,0.2,,0.11,0.95,9898,4938,987,3951,108,16,0.02187120291616039,0.016210739614994935,0.01000258340622091,0.02617016502050808,0.01616758161428717,0.4949,0.2469,0.19755,1,1,0.02
05_loss_retention,117,15710645928174306915645827635363488937,20000,0.0,0.04,depolarizing,0.5,0.5,0.2,,0.11,0.95,9975,4947,989,3958,96,17,0.019405700424499697,0.017189079878665317,0.010759336150890473,0.027354965467459087,0.016595629316568612,0.49875,0.24735,0.1979,1,1,0.02
05_loss_retention,118,180807554167794133490512873534415428980,20000,0.0,0.04,depolarizing,0.5,0.5,0.2,,0.11,0.95,10007,4961,992,3969,82,13,0.01652892561983471,0.01310483870967742,0.007674338436209552,0.02229173553708464,0.014617397100875089,0.50035,0.24805,0.19845,1,1,0.02
05_loss_retention,119,259905909807147612335755013314199971136,20000,0.0,0.04,depolarizing,0.5,0.5,0.2,,0.11,0.95,10055,4959,991,3968,106,22,0.02137527727364388,0.022199798183652877,0.014705455556822304,0.03338407508799661,0.018678619531174306,0.50275,0.24795,0.1984,1,1,0.02
05_loss_retention,120,34017022685090980963891470734986083328,20000,0.0,0.04,depolarizing,0.5,0.5,0.2,,0.11,0.95,10023,4960,992,3968,89,16,0.017943548387096775,0.016129032258064516,0.009952046843770183,0.02603908257068368,0.016087035726913494,0.50115,0.248,0.1984,1,1,0.02
05_loss_retention,121,236039023384459625542484419042909563389,20000,0.0,0.04,depolarizing,0.5,0.5,0.2,,0.11,0.95,10082,5066,1013,4053,111,16,0.021910777733912357,0.01579466929911155,0.009745253831744648,0.02550258004617581,0.015757326214431162,0.5041,0.2533,0.20265,1,1,0.02
05_loss_retention,122,91978759234895593228622233188441082924,20000,0.0,0.04,depolarizing,0.5,0.5,0.2,,0.11,0.95,9990,5013,1002,4011,103,18,0.02054657889487333,0.017964071856287425,0.011392895171672942,0.02821718300844754,0.0168242878367746,0.4995,0.25065,0.20055,1,1,0.02
05_loss_retention,123,87842613963564700259316214046589247566,20000,0.0,0.04,depolarizing,0.5,0.5,0.2,,0.11,0.95,10070,5022,1004,4018,88,18,0.01752289924332935,0.017928286852589643,0.011370141584999523,0.02816133280712741,0.01679119122212789,0.5035,0.2511,0.2009,1,1,0.02
05_loss_retention,124,25926573444544970825105240025309566619,20000,0.0,0.04,depolarizing,0.5,0.5,0.2,,0.11,0.95,9913,5011,1002,4009,90,21,0.017960486928756736,0.020958083832335328,0.013748163223323222,0.03182706975070955,0.018078906527386328,0.49565,0.25055,0.20045,1,1,0.02
05_loss_retention,125,254291323456488325463653764459431790362,20000,0.0,0.04,depolarizing,0.5,0.5,0.2,,0.11,0.95,10017,5033,1006,4027,115,20,0.022849195310947746,0.019880715705765408,0.012906029453619041,0.03050817030788881,0.01760214085426977,0.50085,0.25165,0.20135,1,1,0.02
05_loss_retention,126,274649543516896339690503055721241523999,20000,0.0,0.04,depolarizing,0.5,0.5,0.2,,0.11,0.95,9882,4883,976,3907,97,22,0.019864837190251894,0.022540983606557378,0.014932159245851296,0.033893554740852816,0.018961395495001518,0.4941,0.24415,0.19535,1,1,0.02
05_loss_retention,127,329335105780063781180494392291321283307,20000,0.0,0.04,depolarizing,0.5,0.5,0.2,,0.11,0.95,10041,5051,1010,4041,100,10,0.019798059790140567,0.009900990099009901,0.0053867993008110465,0.01812916427837286,0.012742364977561812,0.50205,0.25255,0.20205,1,1,0.02
05_loss_retention,128,51478374125855891701167450897564253184,20000,0.0,0.04,depolarizing,0.5,0.5,0.2,,0.11,0.95,10036,5084,1016,4068,96,22,0.01888276947285602,0.021653543307086614,0.014342535987865886,0.03256814645881183,0.01822561047094594,0.5018,0.2542,0.2034,1,1,0.02
05_loss_retention,129,238407218458110865236080477721590743126,20000,0.0,0.04,depolarizing,0.5,0.5,0.2,,0.11,0.95,10003,4989,997,3992,101,21,0.02024453798356384,0.02106318956870612,0.013817312138363357,0.03198560541334336,0.018168293274980003,0.50015,0.24945,0.1996,1,1,0.02
05_loss_retention,130,283464998492264640823238343512153902198,20000,0.0,0.04,depolarizing,0.5,0.5,0.2,,0.11,0.95,10147,5054,1010,4044,95,25,0.018796992481203006,0.024752475247524754,0.016821361282212344,0.0362850276430569,0.019463666360844553,0.50735,0.2527,0.2022,1,1,0.02
05_loss_retention,131,149366036079975513618860378680708110328,20000,0.0,0.04,depolarizing,0.5,0.5,0.2,,0.11,0.95,9917,5033,1006,4027,84,18,0.016689847009735744,0.017892644135188866,0.011347478703891613,0.028105703251245673,0.01675822454735406,0.49585,0.25165,0.20135,1,1,0.02
05_loss_retention,132,134476821786013476942213766680842293324,20000,0.0,0.04,depolarizing,0.5,0.5,0.2,,0.11,0.95,9946,5038,1007,4031,94,21,0.018658197697499008,0.020854021847070508,0.013679702985163893,0.03167009783738588,0.017990394852221984,0.4973,0.2519,0.20155,1,1,0.02
05_loss_retention,133,318081091034960977559792526189738242852,20000,0.0,0.04,depolarizing,0.5,0.5,0.2,,0.11,0.95,9983,5057,1011,4046,89,17,0.017599367213763102,0.016815034619188922,0.010524631741597694,0.02676341802399637,0.01623878628239868,0.49915,0.25285,0.2023,1,1,0.02
05_loss_retention,134,171381056245484658689965041275760061068,20000,0.0,0.04,depolarizing,0.5,0.5,0.2,,0.11,0.95,9926,4989,997,3992,94,19,0.018841451192623773,0.01905717151454363,0.012233685898674854,0.029572594658484042,0.017338908759809188,0.4963,0.24945,0.1996,1,1,0.02
05_loss_retention,135,147441039700673424217358007281580992440,20000,0.0,0.04,depolarizing,0.5,0.5,0.2,,0.11,0.95,9914,4947,989,3958,109,24,0.022033555690317366,0.024266936299292215,0.01636071424487464,0.03585452954870331,0.019493815303828668,0.4957,0.24735,0.1979,1,1,0.02
05_loss_retention,136,113460637693454158520189082155225611756,20000,0.0,0.04,depolarizing,0.5,0.5,0.2,,0.11,0.95,10108,5142,1028,4114,99,12,0.019253208868144692,0.011673151750972763,0.0066899758480301035,0.020292327084936466,0.013602351236906363,0.5054,0.2571,0.2057,1,1,0.02
05_loss_retention,137,160420652194464180954610821701006292509,20000,0.0,0.04,depolarizing,0.5,0.5,0.2,,0.11,0.95,10004,5096,1019,4077,106,20,0.020800627943485087,0.019627085377821395,0.0127409260923078,0.030121492557833765,0.017380566465525965,0.5002,0.2548,0.20385,1,1,0.02
05_loss_retention,138,324409495196146710088389028592099506216,20000,0.0,0.04,depolarizing,0.5,0.5,0.2,,0.11,0.95,10032,5024,1004,4020,99,29,0.019705414012738853,0.02888446215139442,0.02018540935960238,0.0411748951599762,0.02098948580037382,0.5016,0.2512,0.201,1,1,0.02
05_loss_retention,139,54747757052018627482428614228487299712,20000,0.0,0.04,depolarizing,0.5,0.5,0.2,,0.11,0.95,10013,4963,992,3971,86,17,0.017328228893814225,0.017137096774193547,0.010726716463170175,0.027272764765003572,0.0165460483018334,0.50065,0.24815,0.19855,1,1,0.02
05_loss_retention,140,27424162452074904953879533902213247368,20000,0.0,0.04,depolarizing,0.5,0.5,0.2,,0.11,0.95,9922,4934,986,3948,104,21,0.02107823267126064,0.02129817444219067,0.0139719156778449,0.03234000469302948,0.01836808901518458,0.4961,0.2467,0.1974,1,1,0.02
05_loss_retention,141,163992559641832386380240226565838477615,20000,0.0,0.04,depolarizing,0.5,0.5,0.2,,0.11,0.95,10043,5083,1016,4067,111,23,0.02183749754082235,0.022637795275590553,0.015131420715700965,0.03374035086174491,0.018608930146043944,0.50215,0.25415,0.20335,1,1,0.02
05_loss_retention,142,31639890281215262833457798301689658944,20000,0.0,0.04,depolarizing,0.5,0.5,0.2,,0.11,0.95,9910,4968,993,3975,93,19,0.018719806763285024,0.019133937562940583,0.012283099596618762,0.029690935943791394,0.017407836347172634,0.4955,0.2484,0.19875,1,1,0.02
05_loss_retention,143,97418939838144306854091703589010888006,20000,0.0,0.04,depolarizing,0.5,0.5,0.2,,0.11,0.95,10041,5026,1005,4021,107,18,0.021289295662554716,0.01791044776119403,0.011358798840183265,0.028133490530306733,0.016774691690123467,0.50205,0.2513,0.20105,1,1,0.02
05_loss_retention,144,313449432942460503598252326595394014487,20000,0.0,0.04,depolarizing,0.5,0.5,0.2,,0.11,0.95,9921,4966,993,3973,91,18,0.01832460732984293,0.01812688821752266,0.011496423526883548,0.02847127491518192,0.016974851388298372,0.49605,0.2483,0.19865,1,1,0.02
05_loss_retention,145,220574311764832965143567066976083293237,20000,0.0,0.04,depolarizing,0.5,0.5,0.2,,0.11,0.95,9860,4949,989,3960,98,19,0.019801980198019802,0.019211324570273004,0.012332914097233296,0.02981022814261009,0.017477314045376793,0.493,0.24745,0.198,1,1,0.02
05_loss_retention,146,121973360869168655259861075055905682327,20000,0.0,0.04,depolarizing,0.5,0.5,0.2,,0.11,0.95,9961,4967,993,3974,101,18,0.020334205758002818,0.01812688821752266,0.011496423526883548,0.02847127491518192,0.016974851388298372,0.49805,0.24835,0.1987,1,1,0.02
05_loss_retention,147,77383848943936735623635282528705892564,20000,0.0,0.04,depolarizing,0.5,0.5,0.2,,0.11,0.95,9882,4962,992,3970,93,19,0.018742442563482467,0.019153225806451613,0.012295515456610355,0.029720669399003176,0.017425153942392822,0.4941,0.2481,0.1985,1,1,0.02
05_loss_retention,148,149908565065141450784443861905983611685,20000,0.0,0.04,depolarizing,0.5,0.5,0.2,,0.11,0.95,9970,4990,998,3992,97,14,0.019438877755511022,0.014028056112224449,0.008374359550122093,0.023408572310350047,0.015034212760227953,0.4985,0.2495,0.1996,1,1,0.02
05_loss_retention,149,132418484096687793770792135408617401817,20000,0.0,0.04,depolarizing,0.5,0.5,0.2,,0.11,0.95,9904,4945,989,3956,100,16,0.020222446916076844,0.016177957532861477,0.009982307315518496,0.026117573992084156,0.01613526667656566,0.4952,0.24725,0.1978,1,1,0.02
05_loss_retention,0,21521862859898219320420148426607057990,20000,0.0,0.04,depolarizing,0.6000000000000001,0.5,0.2,,0.11,0.95,8085,4094,818,3276,69,12,0.016853932584269662,0.014669926650366748,0.008411408012192688,0.025465513773482835,0.01705410576129015,0.40425,0.2047,0.1638,1,1,0.02
05_loss_retention,1,45446643084627085947693349373108311384,20000,0.0,0.04,depolarizing,0.6000000000000001,0.5,0.2,,0.11,0.95,8007,3960,792,3168,84,22,0.021212121212121213,0.027777777777777776,0.018414471954891584,0.04169983635418705,0.023285364399295468,0.40035,0.198,0.1584,1,1,0.02
05_loss_retention,2,260246709391107061072655683893395423173,20000,0.0,0.04,depolarizing,0.6000000000000001,0.5,0.2,,0.11,0.95,7873,3949,789,3160,81,19,0.020511521904279566,0.024081115335868188,0.01546984720221858,0.03730420788179642,0.02183436067957784,0.39365,0.19745,0.158,1,1,0.02
05_loss_retention,3,247942919120636417776463630988431474771,20000,0.0,0.04,depolarizing,0.6000000000000001,0.5,0.2,,0.11,0.95,8007,4014,802,3212,83,21,0.020677628300946688,0.026184538653366583,0.017189098153721126,0.03969735056260658,0.022508252408885453,0.40035,0.2007,0.1606,1,1,0.02
05_loss_retention,4,298117474096697667522238778105182894580,20000,0.0,0.04,depolarizing,0.6000000000000001,0.5,0.2,,0.11,0.95,8013,4002,800,3202,71,13,0.01774112943528236,0.01625,0.009520810762762571,0.027602751966228987,0.018081941203466415,0.40065,0.2001,0.1601,1,1,0.02
05_loss_retention,5,234933089768528693178065574129947567105,20000,0.0,0.04,depolarizing,0.6000000000000001,0.5,0.2,,0.11,0.95,8018,3999,799,3200,81,11,0.020255063765941484,0.01376720901126408,0.007704492791941037,0.02448300641699747,0.016778513625056432,0.4009,0.19995,0.16,1,1,0.02
05_loss_retention,6,33403803762628226515651929773561027430,20000,0.0,0.04,depolarizing,0.6000000000000001,0.5,0.2,,0.11,0.95,8082,4019,803,3216,70,16,0.017417267977108734,0.019925280199252802,0.012301349668838195,0.03212058530842632,0.019819235639588123,0.4041,0.20095,0.1608,1,1,0.02
05_loss_retention,7,508181415776054518401316752884547235,20000,0.0,0.04,depolarizing,0.6000000000000001,0.5,0.2,,0.11,0.95,7894,3924,784,3140,90,21,0.022935779816513763,0.026785714285714284,0.01758521584498103,0.0406009310091251,0.023015715164144072,0.3947,0.1962,0.157,1,1,0.02
05_loss_retention,8,337137584192891463272940231417650410585,20000,0.0,0.04,depolarizing,0.6000000000000001,0.5,0.2,,0.11,0.95,7982,4008,801,3207,81,24,0.020209580838323353,0.0299625468164794,0.020216111735223745,0.04419590165267453,0.023979789917450783,0.3991,0.2004,0.16035,1,1,0.02
05_loss_retention,9,250809102662890818708515576284330264011,20000,0.0,0.04,depolarizing,0.6000000000000001,0.5,0.2,,0.11,0.95,7935,4051,810,3241,75,15,0.0185139471735374,0.018518518518518517,0.011254068837391246,0.030328303815056884,0.01907423497766564,0.39675,0.20255,0.16205,1,1,0.02
05_loss_retention,10,159630734005423126295751096948416703286,20000,0.0,0.04,depolarizing,0.6000000000000001,0.5,0.2,,0.11,0.95,7985,4031,806,3225,85,11,0.021086579012651947,0.013647642679900745,0.007637434591375723,0.024271846588578838,0.016634411997203113,0.39925,0.20155,0.16125,1,1,0.02
05_loss_retention,11,229583723508191816872638671514355044538,20000,0.0,0.04,depolarizing,0.6000000000000001,0.5,0.2,,0.11,0.95,8088,4083,816,3267,87,10,0.0213078618662748,0.012254901960784314,0.006670025878151494,0.022410546425411945,0.015740520547260453,0.4044,0.20415,0.16335,1,1,0.02
05_loss_retention,12,272298625402322887352206738581784173673,20000,0.0,0.04,depolarizing,0.6000000000000001,0.5,0.2,,0.11,0.95,8081,3959,791,3168,81,19,0.020459712048497097,0.02402022756005057,0.015430598612044445,0.03721066507187848,0.021780066459834033,0.40405,0.19795,0.1584,1,1,0.02
05_loss_retention,13,217641016993087380901382288696231296876,20000,0.0,0.04,depolarizing,0.6000000000000001,0.5,0.2,,0.11,0.95,8061,4009,801,3208,90,21,0.022449488650536295,0.026217228464419477,0.017210635923411773,0.039746493109011585,0.022535857185599813,0.40305,0.20045,0.1604,1,1,0.02
05_loss_retention,14,287489717299011547275712548002172924783,20000,0.0,0.04,depolarizing,0.6000000000000001,0.5,0.2,,0.11,0.95,7901,3927,785,3142,75,19,0.019098548510313215,0.024203821656050957,0.015548946443316954,0.03749271148785526,0.021943765044538308,0.39505,0.19635,0.1571,1,1,0.02
05_loss_retention,15,327449599051620627506352745046187183817,20000,0.0,0.04,depolarizing,0.6000000000000001,0.5,0.2,,0.11,0.95,8138,3990,798,3192,75,21,0.018796992481203006,0.02631578947368421,0.017275574301343306,0.039894653449308676,0.02261907914796537,0.4069,0.1995,0.1596,1,1,0.02
05_loss_retention,16,31933687838212790269104564690331570639,20000,0.0,0.04,depolarizing,0.6000000000000001,0.5,0.2,,0.11,0.95,7982,3974,794,3180,85,18,0.021389028686462003,0.022670025188916875,0.014387190310352542,0.035549370870091246,0.021162180559738702,0.3991,0.1987,0.159,1,1,0.02
05_loss_retention,17,6460933401338473887730394519975635184,20000,0.0,0.04,depolarizing,0.6000000000000001,0.5,0.2,,0.11,0.95,7955,4009,801,3208,75,13,0.018707907208780246,0.016229712858926344,0.009508894735980426,0.02756854268184316,0.018059647945862733,0.39775,0.20045,0.1604,1,1,0.02
05_loss_retention,18,109769021321967958217511144628722841658,20000,0.0,0.04,depolarizing,0.6000000000000001,0.5,0.2,,0.11,0.95,7973,4029,805,3224,82,14,0.020352444775378505,0.017391304347826087,0.010387448606765387,0.028979300554583927,0.01859185194781854,0.39865,0.20145,0.1612,1,1,0.02
05_loss_retention,19,189774312168609961909334985997116538449,20000,0.0,0.04,depolarizing,0.6000000000000001,0.5,0.2,,0.11,0.95,7820,3913,782,3131,96,17,0.024533605928954767,0.021739130434782608,0.013616447032291496,0.03453761559184454,0.020921168559553043,0.391,0.19565,0.15655,1,1,0.02
05_loss_retention,20,331406134564285319175847674155225435857,20000,0.0,0.04,depolarizing,0.6000000000000001,0.5,0.2,,0.11,0.95,7955,3919,783,3136,73,10,0.01862720081653483,0.01277139208173691,0.006951719876174746,0.02334848679624353,0.016396766920068785,0.39775,0.19595,0.1568,1,1,0.02
05_loss_retention,21,337789379508124951035829191686316322750,20000,0.0,0.04,depolarizing,0.6000000000000001,0.5,0.2,,0.11,0.95,8014,4082,816,3266,61,10,0.014943655071043607,0.012254901960784314,0.006670025878151494,0.022410546425411945,0.015740520547260453,0.4007,0.2041,0.1633,1,1,0.02
05_loss_retention,22,45935837195241577695203633153809539588,20000,0.0,0.04,depolarizing,0.6000000000000001,0.5,0.2,,0.11,0.95,7958,4011,802,3209,97,18,0.02418349538768387,0.022443890274314215,0.01424321214513798,0.03519760327158179,0.020954391126443813,0.3979,0.20055,0.16045,1,1,0.02
05_loss_retention,23,108024816427098134650601603577860578424,20000,0.0,0.04,depolarizing,0.6000000000000001,0.5,0.2,,0.11,0.95,7927,3960,792,3168,86,17,0.021717171717171718,0.021464646464646464,0.013443982172032376,0.034105009403210415,0.02066102723117804,0.39635,0.198,0.1584,1,1,0.02
05_loss_retention,24,59690572572504837646724363533516335629,20000,0.0,0.04,depolarizing,0.6000000000000001,0.5,0.2,,0.11,0.95,7913,3951,790,3161,90,17,0.022779043280182234,0.021518987341772152,0.013478124742523842,0.034190661512240685,0.020712536769716842,0.39565,0.19755,0.15805,1,1,0.02
05_loss_retention,25,283545170562388001972670237048587609104,20000,0.0,0.04,depolarizing,0.6000000000000001,0.5,0.2,,0.11,0.95,8088,4062,812,3250,84,23,0.0206794682422452,0.02832512315270936,0.018947510731449235,0.0421445780338611,0.023197067302411868,0.4044,0.2031,0.1625,1,1,0.02
05_loss_retention,26,202759540510872225142335602418445424305,20000,0.0,0.04,depolarizing,0.6000000000000001,0.5,0.2,,0.11,0.95,8003,4038,807,3231,79,12,0.0195641406636949,0.01486988847583643,0.008526329600393488,0.02581017171909671,0.01728384211870322,0.40015,0.2019,0.16155,1,1,0.02
05_loss_retention,27,288878733196713187393622086199103676257,20000,0.0,0.04,depolarizing,0.6000000000000001,0.5,0.2,,0.11,0.95,7883,3918,783,3135,78,16,0.019908116385911178,0.020434227330779056,0.012616512821587104,0.03293454250080624,0.020318029679219137,0.39415,0.1959,0.15675,1,1,0.02
05_loss_retention,28,88841111063510256845629773393017035271,20000,0.0,0.04,depolarizing,0.6000000000000001,0.5,0.2,,0.11,0.95,8041,4055,811,3244,93,14,0.022934648581997535,0.01726263871763255,0.010310397018085503,0.028766479196310493,0.01845608217822499,0.40205,0.20275,0.1622,1,1,0.02
05_loss_retention,29,295670378843944948603412633276399285368,20000,0.0,0.04,depolarizing,0.6000000000000001,0.5,0.2,,0.11,0.95,7885,3969,793,3176,78,14,0.019652305366591082,0.017654476670870115,0.010545059174247546,0.029414531868892594,0.018869472694645048,0.39425,0.19845,0.1588,1,1,0.02
05_loss_retention,30,195184178255936905065918590612652591848,20000,0.0,0.04,depolarizing,0.6000000000000001,0.5,0.2,,0.11,0.95,8037,3951,790,3161,82,23,0.020754239433054922,0.02911392405063291,0.019477249423504366,0.04330790530340676,0.023830655879902393,0.40185,0.19755,0.15805,1,1,0.02
05_loss_retention,31,257518690944124934550679213856558594667,20000,0.0,0.04,depolarizing,0.6000000000000001,0.5,0.2,,0.11,0.95,7970,4022,804,3218,95,24,0.02362008950770761,0.029850746268656716,0.02014037609844207,0.04403243683984596,0.02389206074140389,0.3985,0.2011,0.1609,1,1,0.02
05_loss_retention,32,41966410363833204591486125096909210127,20000,0.0,0.04,depolarizing,0.6000000000000001,0.5,0.2,,0.11,0.95,7948,4021,804,3217,78,14,0.019398159661775678,0.017412935323383085,0.010400402644342752,0.029015077302894706,0.018614674658551954,0.3974,0.20105,0.16085,1,1,0.02
05_loss_retention,33,192014039874892841054681673413147350934,20000,0.0,0.04,depolarizing,0.6000000000000001,0.5,0.2,,0.11,0.95,8091,4087,817,3270,94,20,0.022999755321751896,0.02447980416156671,0.015901906575437903,0.03750847901069136,0.02160657243525346,0.40455,0.20435,0.1635,1,1,0.02
05_loss_retention,34,301517803036769120258334768358341314400,20000,0.0,0.04,depolarizing,0.6000000000000001,0.5,0.2,,0.11,0.95,8027,4055,811,3244,88,16,0.021701602959309493,0.01972872996300863,0.012179649642317289,0.031806156961788054,0.019626507319470764,0.40135,0.20275,0.1622,1,1,0.02
05_loss_retention,35,32145394958840506896333831260964825517,20000,0.0,0.04,depolarizing,0.6000000000000001,0.5,0.2,,0.11,0.95,7971,3874,774,3100,76,17,0.01961796592669076,0.021963824289405683,0.013757637937277727,0.03489168306711635,0.02113404512983862,0.39855,0.1937,0.155,1,1,0.02
05_loss_retention,36,304135477134880916123114799917146569697,20000,0.0,0.04,depolarizing,0.6000000000000001,0.5,0.2,,0.11,0.95,7906,3944,788,3156,86,12,0.0218052738336714,0.015228426395939087,0.008732405819818862,0.026427989623681897,0.017695583803863033,0.3953,0.1972,0.1578,1,1,0.02
05_loss_retention,37,53088699145859296172672320485242842708,20000,0.0,0.04,depolarizing,0.6000000000000001,0.5,0.2,,0.11,0.95,7922,3943,788,3155,78,12,0.019781891960436216,0.015228426395939087,0.008732405819818862,0.026427989623681897,0.017695583803863033,0.3961,0.19715,0.15775,1,1,0.02
05_loss_retention,38,123958191243606612503606404777833976858,20000,0.0,0.04,depolarizing,0.6000000000000001,0.5,0.2,,0.11,0.95,7989,4015,803,3212,74,19,0.01843088418430884,0.023661270236612703,0.015199226703604568,0.03665911344893416,0.021459886745329594,0.39945,0.20075,0.1606,1,1,0.02
05_loss_retention,39,283510419385730155194327086881096898659,20000,0.0,0.04,depolarizing,0.6000000000000001,0.5,0.2,,0.11,0.95,7925,3969,793,3176,82,16,0.020660115898211137,0.0201765447667087,0.012456938111846455,0.03252247206309425,0.020065533951247792,0.39625,0.19845,0.1588,1,1,0.02
05_loss_retention,40,299693201204996467806160803142586358639,20000,0.0,0.04,depolarizing,0.6000000000000001,0.5,0.2,,0.11,0.95,8141,4092,818,3274,80,10,0.019550342130987292,0.012224938875305624,0.006653685445812626,0.022356117557926755,0.01570243211211413,0.40705,0.2046,0.1637,1,1,0.02
05_loss_retention,41,216347721182299644440822548058721604164,20000,0.0,0.04,depolarizing,0.6000000000000001,0.5,0.2,,0.11,0.95,8074,4063,812,3251,59,12,0.014521289687423087,0.014778325123152709,0.008473705626935356,0.02565235957810974,0.017178653951174384,0.4037,0.20315,0.16255,1,1,0.02
05_loss_retention,42,316025063863591582282818312229734623918,20000,0.0,0.04,depolarizing,0.6000000000000001,0.5,0.2,,0.11,0.95,7989,3907,781,3126,75,14,0.01919631430765293,0.01792573623559539,0.010707526393246597,0.029863035295147417,0.01915550890190082,0.39945,0.19535,0.1563,1,1,0.02
05_loss_retention,43,84597675427473079155959891952511296880,20000,0.0,0.04,depolarizing,0.6000000000000001,0.5,0.2,,0.11,0.95,8015,4030,806,3224,74,16,0.01836228287841191,0.019851116625310174,0.012255428210361834,0.032001948872909636,0.0197465206625478,0.40075,0.2015,0.1612,1,1,0.02
05_loss_retention,44,137464662257726257469813292181133173916,20000,0.0,0.04,depolarizing,0.6000000000000001,0.5,0.2,,0.11,0.95,7978,3984,796,3188,86,13,0.021586345381526106,0.016331658291457288,0.009568775027617316,0.02774044230739443,0.018171667279777114,0.3989,0.1992,0.1594,1,1,0.02
05_loss_retention,45,58279241563751749903308263308948005802,20000,0.0,0.04,depolarizing,0.6000000000000001,0.5,0.2,,0.11,0.95,8014,3947,789,3158,74,14,0.018748416518875096,0.017743979721166033,0.010598664313060967,0.02956252865489565,0.018963864341834683,0.4007,0.19735,0.1579,1,1,0.02
05_loss_retention,46,338678884779619571643017155494061621641,20000,0.0,0.04,depolarizing,0.6000000000000001,0.5,0.2,,0.11,0.95,7891,3944,788,3156,80,23,0.02028397565922921,0.02918781725888325,0.019526880085904003,0.04341685475582055,0.023889974669916547,0.39455,0.1972,0.1578,1,1,0.02
05_loss_retention,47,279671742365633438489246516013942661513,20000,0.0,0.04,depolarizing,0.6000000000000001,0.5,0.2,,0.11,0.95,7998,3996,799,3197,68,9,0.01701701701701702,0.011264080100125156,0.005937203986233392,0.021267991486328984,0.015330787500095592,0.3999,0.1998,0.15985,1,1,0.02
05_loss_retention,48,177011359820184242959632585901966501593,20000,0.0,0.04,depolarizing,0.6000000000000001,0.5,0.2,,0.11,0.95,7978,3990,798,3192,87,20,0.02180451127819549,0.02506265664160401,0.01628185881520779,0.03839411027869988,0.022112251463492088,0.3989,0.1995,0.1596,1,1,0.02
05_loss_retention,49,253737372817305542201859856964170304217,20000,0.0,0.04,depolarizing,0.6000000000000001,0.5,0.2,,0.11,0.95,8010,4063,812,3251,61,12,0.015013536795471327,0.014778325123152709,0.008473705626935356,0.02565235957810974,0.017178653951174384,0.4005,0.20315,0.16255,1,1,0.02
05_loss_retention,50,291175186542131360911572911049077834254,20000,0.0,0.04,depolarizing,0.6000000000000001,0.5,0.2,,0.11,0.95,7970,4007,801,3206,87,18,0.02171200399301223,0.02247191011235955,0.014261051623206645,0.03524119305374179,0.02098014143053515,0.3985,0.20035,0.1603,1,1,0.02
05_loss_retention,51,104627047690273794016635812180120912628,20000,0.0,0.04,depolarizing,0.6000000000000001,0.5,0.2,,0.11,0.95,7982,4016,803,3213,75,14,0.018675298804780877,0.017434620174346202,0.01041338903220563,0.029050942494876088,0.01863755346267046,0.3991,0.2008,0.16065,1,1,0.02
05_loss_retention,52,153304657862954361293375613932524169603,20000,0.0,0.04,depolarizing,0.6000000000000001,0.5,0.2,,0.11,0.95,8124,4024,804,3220,72,17,0.017892644135188866,0.021144278606965175,0.013242704975690503,0.03359997486886213,0.02035726989317163,0.4062,0.2012,0.161,1,1,0.02
05_loss_retention,53,322532612535360326965148789576144190382,20000,0.0,0.04,depolarizing,0.6000000000000001,0.5,0.2,,0.11,0.95,8034,4100,820,3280,77,14,0.018780487804878048,0.01707317073170732,0.010196939384807084,0.028453044152406834,0.01825610476759975,0.4017,0.205,0.164,1,1,0.02
05_loss_retention,54,164852660576564483673325091542955687766,20000,0.0,0.04,depolarizing,0.6000000000000001,0.5,0.2,,0.11,0.95,8117,4095,819,3276,76,16,0.01855921855921856,0.019536019536019536,0.012060334070028962,0.03149782459648077,0.019437490526451807,0.40585,0.20475,0.1638,1,1,0.02
05_loss_retention,55,22531101502622032030422031127388897087,20000,0.0,0.04,depolarizing,0.6000000000000001,0.5,0.2,,0.11,0.95,7935,3992,798,3194,82,17,0.020541082164328657,0.021303258145363407,0.013342584522069758,0.03385060860160499,0.020508024079535232,0.39675,0.1996,0.1597,1,1,0.02
05_loss_retention,56,47928855890206657001855937644865137436,20000,0.0,0.04,depolarizing,0.6000000000000001,0.5,0.2,,0.11,0.95,8085,3957,791,3166,92,20,0.023249936820823856,0.025284450063211124,0.01642645888465468,0.03873102986252475,0.022304570977870072,0.40425,0.19785,0.1583,1,1,0.02
05_loss_retention,57,214475819626683268916524680001558337385,20000,0.0,0.04,depolarizing,0.6000000000000001,0.5,0.2,,0.11,0.95,8051,4036,807,3229,79,17,0.019573835480673936,0.021065675340768277,0.013193323876820949,0.033476044603339875,0.020282720726518925,0.40255,0.2018,0.16145,1,1,0.02
05_loss_retention,58,267992749635177734783231925752611889887,20000,0.0,0.04,depolarizing,0.6000000000000001,0.5,0.2,,0.11,0.95,8098,3983,796,3187,69,16,0.01732362540798393,0.020100502512562814,0.012409849877261894,0.032400854075918584,0.019991004198656688,0.4049,0.19915,0.15935,1,1,0.02
05_loss_retention,59,229650566988856212143388559319285312298,20000,0.0,0.04,depolarizing,0.6000000000000001,0.5,0.2,,0.11,0.95,7950,4043,808,3235,84,19,0.020776651001731386,0.023514851485148515,0.015104856900612921,0.036434096137674024,0.021329239237061103,0.3975,0.20215,0.16175,1,1,0.02
05_loss_retention,60,118353833151060277617185167172607189885,20000,0.0,0.04,depolarizing,0.6000000000000001,0.5,0.2,,0.11,0.95,7985,4010,802,3208,78,12,0.01945137157107232,0.014962593516209476,0.00857961128160494,0.02596993753589895,0.017390326254294007,0.39925,0.2005,0.1604,1,1,0.02
05_loss_retention,61,256265686575789730973438772018953004251,20000,0.0,0.04,depolarizing,0.6000000000000001,0.5,0.2,,0.11,0.95,8083,4034,806,3228,85,22,0.02107089737233515,0.02729528535980149,0.018093418082174004,0.04098167408507775,0.02288825600290375,0.40415,0.2017,0.1614,1,1,0.02
05_loss_retention,62,241183407771218072850697999314866731508,20000,0.0,0.04,depolarizing,0.6000000000000001,0.5,0.2,,0.11,0.95,7987,3933,786,3147,71,16,0.018052377320111872,0.020356234096692113,0.01256821277027452,0.032809829139818066,0.020241616369543546,0.39935,0.19665,0.15735,1,1,0.02
05_loss_retention,63,61496466098973226892137895789301111651,20000,0.0,0.04,depolarizing,0.6000000000000001,0.5,0.2,,0.11,0.95,7941,4055,811,3244,94,11,0.023181257706535143,0.013563501849568433,0.007590246151181137,0.02412323447865084,0.016532988327469703,0.39705,0.20275,0.1622,1,1,0.02
05_loss_retention,64,311181732205570833422562359089452979511,20000,0.0,0.04,depolarizing,0.6000000000000001,0.5,0.2,,0.11,0.95,8083,4045,809,3236,98,25,0.0242274412855377,0.030902348578491966,0.021017836720907554,0.04522073691042476,0.024202900189517207,0.40415,0.20225,0.1618,1,1,0.02
05_loss_retention,65,248740772927479885331545555045035571951,20000,0.0,0.04,depolarizing,0.6000000000000001,0.5,0.2,,0.11,0.95,7999,3998,799,3199,89,17,0.02226113056528264,0.02127659574468085,0.01332583343366467,0.03380857698440219,0.020482743550737523,0.39995,0.1999,0.15995,1,1,0.02
05_loss_retention,66,181559108009744700121636296269263584554,20000,0.0,0.04,depolarizing,0.6000000000000001,0.5,0.2,,0.11,0.95,7874,3843,768,3075,83,18,0.021597710122300287,0.0234375,0.014875905462587507,0.03674280245389106,0.021866896991303557,0.3937,0.19215,0.15375,1,1,0.02
05_loss_retention,67,237164133517311328028981175456203669399,20000,0.0,0.04,depolarizing,0.6000000000000001,0.5,0.2,,0.11,0.95,7921,3993,798,3195,76,19,0.019033308289506636,0.023809523809523808,0.015294783121481784,0.036886927315681585,0.021592144194199803,0.39605,0.19965,0.15975,1,1,0.02
05_loss_retention,68,292551011228283599664434339583075884861,20000,0.0,0.04,depolarizing,0.6000000000000001,0.5,0.2,,0.11,0.95,7972,3977,795,3182,84,16,0.02112144832788534,0.02012578616352201,0.012425506350020675,0.03244129221800283,0.020015785867982153,0.3986,0.19885,0.1591,1,1,0.02
05_loss_retention,69,137403469134531513032811105603911783915,20000,0.0,0.04,depolarizing,0.6000000000000001,0.5,0.2,,0.11,0.95,7996,4098,819,3279,74,18,0.01805758906783797,0.02197802197802198,0.013946627577494616,0.034472734856910874,0.020526107279416256,0.3998,0.2049,0.16395,1,1,0.02
05_loss_retention,70,74149117218333232757080758639711441627,20000,0.0,0.04,depolarizing,0.6000000000000001,0.5,0.2,,0.11,0.95,8017,3967,793,3174,80,15,0.0201663725737333,0.018915510718789406,0.011496015234297849,0.030973485374742572,0.019477470140444722,0.40085,0.19835,0.1587,1,1,0.02
05_loss_retention,71,111360572044283031313045052987587119281,20000,0.0,0.04,depolarizing,0.6000000000000001,0.5,0.2,,0.11,0.95,8034,3990,798,3192,88,12,0.02205513784461153,0.015037593984962405,0.008622718503817824,0.026099181336135403,0.01747646283231758,0.4017,0.1995,0.1596,1,1,0.02
05_loss_retention,72,228665526951759942161088303830437333059,20000,0.0,0.04,depolarizing,0.6000000000000001,0.5,0.2,,0.11,0.95,8010,3996,799,3197,77,21,0.01926926926926927,0.026282853566958697,0.017253873793047603,0.0398451440977715,0.022591270304723896,0.4005,0.1998,0.15985,1,1,0.02
05_loss_retention,73,28613380970348967402013749302901788065,20000,0.0,0.04,depolarizing,0.6000000000000001,0.5,0.2,,0.11,0.95,8040,4120,824,3296,86,16,0.02087378640776699,0.019417475728155338,0.01198694174413882,0.0313081341895457,0.01932119244540688,0.402,0.206,0.1648,1,1,0.02
05_loss_retention,74,90444613838348893037981601093827372176,20000,0.0,0.04,depolarizing,0.6000000000000001,0.5,0.2,,0.11,0.95,7914,3993,798,3195,80,15,0.020035061357375407,0.018796992481203006,0.011423781404599773,0.030780894405586373,0.019357113000986602,0.3957,0.19965,0.15975,1,1,0.02
05_loss_retention,75,136752464138904091553534929115174597251,20000,0.0,0.04,depolarizing,0.6000000000000001,0.5,0.2,,0.11,0.95,7916,4028,805,3223,80,15,0.019860973187686197,0.018633540372670808,0.011324165775544001,0.030515255846136465,0.019191090070592463,0.3958,0.2014,0.16115,1,1,0.02
05_loss_retention,76,209539770834970473341161671907325824759,20000,0.0,0.04,depolarizing,0.6000000000000001,0.5,0.2,,0.11,0.95,7975,3877,775,3102,70,17,0.018055197317513542,0.02193548387096774,0.013739829150572288,0.034847028151545265,0.02110719900097298,0.39875,0.19385,0.1551,1,1,0.02
05_loss_retention,77,61855105510438412416519576082160139319,20000,0.0,0.04,depolarizing,0.6000000000000001,0.5,0.2,,0.11,0.95,8074,4134,826,3308,85,17,0.020561199806482824,0.020581113801452784,0.012888931941796073,0.032711897491902564,0.019822965550106493,0.4037,0.2067,0.1654,1,1,0.02
05_loss_retention,78,111932712822722999095247855245034348034,20000,0.0,0.04,depolarizing,0.6000000000000001,0.5,0.2,,0.11,0.95,8003,4049,809,3240,79,11,0.019510990367992097,0.013597033374536464,0.0076090513796925885,0.024182460409317333,0.016573409029624744,0.40015,0.20245,0.162,1,1,0.02
05_loss_retention,79,169686724053094680480528140293010015647,20000,0.0,0.04,depolarizing,0.6000000000000001,0.5,0.2,,0.11,0.95,7891,3989,797,3192,80,14,0.02005515166708448,0.01756587202007528,0.010491993552939368,0.029268009466364008,0.01877601591342464,0.39455,0.19945,0.1596,1,1,0.02
05_loss_retention,80,94077959336490447234583795118073375002,20000,0.0,0.04,depolarizing,0.6000000000000001,0.5,0.2,,0.11,0.95,7994,4043,808,3235,69,12,0.01706653475142221,0.01485148514851485,0.008515752580717455,0.025778454149174707,0.017262701568457252,0.3997,0.20215,0.16175,1,1,0.02
05_loss_retention,81,123840444448765063404185257109778659184,20000,0.0,0.04,depolarizing,0.6000000000000001,0.5,0.2,,0.11,0.95,7882,3909,781,3128,77,11,0.019698132514709643,0.014084507042253521,0.007882460310991251,0.02504324529523858,0.017160784984247328,0.3941,0.19545,0.1564,1,1,0.02
05_loss_retention,82,58613437660182933638897341668876635176,20000,0.0,0.04,depolarizing,0.6000000000000001,0.5,0.2,,0.11,0.95,7890,3900,780,3120,92,19,0.02358974358974359,0.02435897435897436,0.01564896533440894,0.03773103689671248,0.02208207156230354,0.3945,0.195,0.156,1,1,0.02
05_loss_retention,83,35206083362559948533268591251394265985,20000,0.0,0.04,depolarizing,0.6000000000000001,0.5,0.2,,0.11,0.95,7980,3974,794,3180,67,12,0.016859587317564168,0.015113350125944584,0.008666261091183038,0.026229717944360135,0.017563456853177097,0.399,0.1987,0.159,1,1,0.02
05_loss_retention,84,30197910574065031356419579822394892460,20000,0.0,0.04,depolarizing,0.6000000000000001,0.5,0.2,,0.11,0.95,7874,4003,800,3203,60,7,0.014988758431176618,0.00875,0.00424484119867202,0.017950404673404686,0.013705563474732667,0.3937,0.20015,0.16015,1,1,0.02
05_loss_retention,85,101845291606874274266706273366159340278,20000,0.0,0.04,depolarizing,0.6000000000000001,0.5,0.2,,0.11,0.95,8014,4034,806,3228,90,20,0.022310361923648984,0.02481389578163772,0.01611968790616606,0.03801616589975893,0.021896477993592872,0.4007,0.2017,0.1614,1,1,0.02
05_loss_retention,86,314122657389467349807878402489754425689,20000,0.0,0.04,depolarizing,0.6000000000000001,0.5,0.2,,0.11,0.95,8032,3944,788,3156,88,19,0.02231237322515213,0.024111675126903553,0.015489546467389335,0.037351155865890204,0.02186160939850087,0.4016,0.1972,0.1578,1,1,0.02
05_loss_retention,87,239096221347788832314407385471748239081,20000,0.0,0.04,depolarizing,0.6000000000000001,0.5,0.2,,0.11,0.95,7892,3908,781,3127,89,22,0.022773797338792222,0.028169014084507043,0.018674834835922353,0.04228200973824284,0.023607174902320484,0.3946,0.1954,0.15635,1,1,0.02
05_loss_retention,88,2001677717254799083102446534343307851,20000,0.0,0.04,depolarizing,0.6000000000000001,0.5,0.2,,0.11,0.95,8098,4017,803,3214,74,15,0.018421707742096092,0.0186799501867995,0.011352449663239235,0.03059068358893388,0.019238233925694646,0.4049,0.20085,0.1607,1,1,0.02
05_loss_retention,89,193167824937231116020705958363711318175,20000,0.0,0.04,depolarizing,0.6000000000000001,0.5,0.2,,0.11,0.95,8039,3974,794,3180,73,13,0.01836940110719678,0.0163727959697733,0.009592938846472979,0.027809803879886963,0.018216865033413986,0.40195,0.1987,0.159,1,1,0.02
05_loss_retention,90,143406785350495678103164388614521391912,20000,0.0,0.04,depolarizing,0.6000000000000001,0.5,0.2,,0.11,0.95,7964,4039,807,3232,78,15,0.01931171081950978,0.01858736059479554,0.01129602247425029,0.03044019914164229,0.019144176667392,0.3982,0.20195,0.1616,1,1,0.02
05_loss_retention,91,285944347304737733030802142525399948941,20000,0.0,0.04,depolarizing,0.6000000000000001,0.5,0.2,,0.11,0.95,8050,3927,785,3142,60,12,0.015278838808250574,0.015286624203821656,0.00876585827220337,0.02652825375674181,0.017762395484538437,0.4025,0.19635,0.1571,1,1,0.02
05_loss_retention,92,126104488213645431161029678401908748171,20000,0.0,0.04,depolarizing,0.6000000000000001,0.5,0.2,,0.11,0.95,7888,3962,792,3170,76,19,0.019182231196365473,0.023989898989898988,0.015411048907094249,0.03716406936168288,0.02175302045458863,0.3944,0.1981,0.1585,1,1,0.02
05_loss_retention,93,97986644795704634086139311224114309915,20000,0.0,0.04,depolarizing,0.6000000000000001,0.5,0.2,,0.11,0.95,7963,3993,798,3195,78,13,0.019534184823441023,0.016290726817042606,0.009544732637388519,0.027671425859309012,0.018126693221920495,0.39815,0.19965,0.15975,1,1,0.02
05_loss_retention,94,302364400308238088171209514156832492847,20000,0.0,0.04,depolarizing,0.6000000000000001,0.5,0.2,,0.11,0.95,8000,3939,787,3152,59,15,0.014978420919014978,0.01905972045743329,0.011583910865095299,0.03120779971512471,0.019623888850029414,0.4,0.19695,0.1576,1,1,0.02
05_loss_retention,95,275567094948545254586439332527443707808,20000,0.0,0.04,depolarizing,0.6000000000000001,0.5,0.2,,0.11,0.95,7917,3973,794,3179,79,17,0.019884218474704254,0.021410579345088162,0.01341001214606823,0.03401978534355879,0.02060977319749056,0.39585,0.19865,0.15895,1,1,0.02
05_loss_retention,96,141853239843709668046566707581308852893,20000,0.0,0.04,depolarizing,0.6000000000000001,0.5,0.2,,0.11,0.95,8055,4070,814,3256,84,16,0.020638820638820637,0.019656019656019656,0.012134630661646563,0.03168982753148119,0.019555196869834625,0.40275,0.2035,0.1628,1,1,0.02
05_loss_retention,97,327789070850371124490075595250313851795,20000,0.0,0.04,depolarizing,0.6000000000000001,0.5,0.2,,0.11,0.95,8113,3963,792,3171,77,13,0.019429724955841533,0.016414141414141416,0.00961722501622573,0.027879513171948388,0.01826228815572266,0.40565,0.19815,0.15855,1,1,0.02
05_loss_retention,98,206046900822536965605808129218094217722,20000,0.0,0.04,depolarizing,0.6000000000000001,0.5,0.2,,0.11,0.95,7826,3964,792,3172,81,16,0.020433905146316853,0.020202020202020204,0.012472713701862464,0.03256321452661316,0.0200905008247507,0.3913,0.1982,0.1586,1,1,0.02
05_loss_retention,99,336399921375984257403504951666834158800,20000,0.0,0.04,depolarizing,0.6000000000000001,0.5,0.2,,0.11,0.95,8088,4018,803,3215,97,22,0.02414136386261822,0.0273972602739726,0.018161269341037012,0.041133475986775914,0.022972206645738902,0.4044,0.2009,0.16075,1,1,0.02
05_loss_retention,100,34335065039046487196390020508319299423,20000,0.0,0.04,depolarizing,0.6000000000000001,0.5,0.2,,0.11,0.95,7959,4058,811,3247,92,20,0.022671266633809757,0.02466091245376079,0.016019961469203883,0.03778370591432015,0.021763744445116265,0.39795,0.2029,0.16235,1,1,0.02
05_loss_retention,101,232492732719310730221287099917514700476,20000,0.0,0.04,depolarizing,0.6000000000000001,0.5,0.2,,0.11,0.95,7924,3970,794,3176,77,23,0.019395465994962217,0.028967254408060455,0.019378741156996504,0.04309163847753115,0.023712897320534644,0.3962,0.1985,0.1588,1,1,0.02
05_loss_retention,102,142863411994952966003075207531945775021,20000,0.0,0.04,depolarizing,0.6000000000000001,0.5,0.2,,0.11,0.95,8016,3971,794,3177,83,15,0.0209015361369932,0.018891687657430732,0.011481495480931173,0.030934774627062317,0.019453279146131146,0.4008,0.19855,0.15885,1,1,0.02
05_loss_retention,103,72825626665359198138138858456932155638,20000,0.0,0.04,depolarizing,0.6000000000000001,0.5,0.2,,0.11,0.95,7966,3968,793,3175,84,14,0.021169354838709676,0.017654476670870115,0.010545059174247546,0.029414531868892594,0.018869472694645048,0.3983,0.1984,0.15875,1,1,0.02
05_loss_retention,104,96132791380194061538051080815821406455,20000,0.0,0.04,depolarizing,0.6000000000000001,0.5,0.2,,0.11,0.95,7984,3929,785,3144,84,13,0.021379485874268262,0.016560509554140127,0.009703203660030944,0.02812627206923238,0.018423068409201437,0.3992,0.19645,0.1572,1,1,0.02
05_loss_retention,105,103052809393189689024908457195403451326,20000,0.0,0.04,depolarizing,0.6000000000000001,0.5,0.2,,0.11,0.95,7992,4024,804,3220,69,14,0.017147117296222664,0.017412935323383085,0.010400402644342752,0.029015077302894706,0.018614674658551954,0.3996,0.2012,0.161,1,1,0.02
05_loss_retention,106,203741753773391714913069159479948090719,20000,0.0,0.04,depolarizing,0.6000000000000001,0.5,0.2,,0.11,0.95,7900,4004,800,3204,83,18,0.020729270729270728,0.0225,0.014278935845633122,0.03528489093078749,0.021005955085154366,0.395,0.2002,0.1602,1,1,0.02
05_loss_retention,107,257893974837581446574290342107698320817,20000,0.0,0.04,depolarizing,0.6000000000000001,0.5,0.2,,0.11,0.95,8046,4063,812,3251,80,17,0.01968988432192961,0.020935960591133004,0.013111835396782403,0.0332715132447469,0.020159677847964498,0.4023,0.20315,0.16255,1,1,0.02
05_loss_retention,108,229473027865071012635862518021740480847,20000,0.0,0.04,depolarizing,0.6000000000000001,0.5,0.2,,0.11,0.95,8036,4019,803,3216,75,14,0.018661358546902214,0.017434620174346202,0.01041338903220563,0.029050942494876088,0.01863755346267046,0.4018,0.20095,0.1608,1,1,0.02
05_loss_retention,109,52493535750997369624114283177148366441,20000,0.0,0.04,depolarizing,0.6000000000000001,0.5,0.2,,0.11,0.95,7952,4005,801,3204,83,15,0.02072409488139825,0.018726591760299626,0.011380875193410151,0.030666485128063376,0.019285609934653225,0.3976,0.20025,0.1602,1,1,0.02
05_loss_retention,110,95961817764217643203407674074057550242,20000,0.0,0.04,depolarizing,0.6000000000000001,0.5,0.2,,0.11,0.95,7954,3970,794,3176,88,16,0.02216624685138539,0.020151133501259445,0.012441202378184085,0.03248183142062617,0.020040629042442082,0.3977,0.1985,0.1588,1,1,0.02
05_loss_retention,111,88332363496688781806254819532319134427,20000,0.0,0.04,depolarizing,0.6000000000000001,0.5,0.2,,0.11,0.95,8015,4066,813,3253,93,20,0.022872602065912444,0.024600246002460024,0.015980415551794757,0.037691515943932385,0.02171110039213763,0.40075,0.2033,0.16265,1,1,0.02
05_loss_retention,112,193552764608582386863498537050890867889,20000,0.0,0.04,depolarizing,0.6000000000000001,0.5,0.2,,0.11,0.95,8050,3997,799,3198,70,11,0.017513134851138354,0.01376720901126408,0.007704492791941037,0.02448300641699747,0.016778513625056432,0.4025,0.19985,0.1599,1,1,0.02
05_loss_retention,113,84869362847243845237437493595994122185,20000,0.0,0.04,depolarizing,0.6000000000000001,0.5,0.2,,0.11,0.95,7958,3904,780,3124,66,10,0.016905737704918034,0.01282051282051282,0.006978512817142079,0.023437661974842126,0.016459149157700047,0.3979,0.1952,0.1562,1,1,0.02
05_loss_retention,114,308133861345668605014496265841330595783,20000,0.0,0.04,depolarizing,0.6000000000000001,0.5,0.2,,0.11,0.95,7948,4019,803,3216,79,19,0.019656631002737,0.023661270236612703,0.015199226703604568,0.03665911344893416,0.021459886745329594,0.3974,0.20095,0.1608,1,1,0.02
05_loss_retention,115,155289507606685714428767572205272351745,20000,0.0,0.04,depolarizing,0.6000000000000001,0.5,0.2,,0.11,0.95,8012,3914,782,3132,86,14,0.021972406745017884,0.017902813299232736,0.010693796490394291,0.029825138293828393,0.0191313418034341,0.4006,0.1957,0.1566,1,1,0.02
05_loss_retention,116,270806642272933219968238486821524436627,20000,0.0,0.04,depolarizing,0.6000000000000001,0.5,0.2,,0.11,0.95,7949,3971,794,3177,78,22,0.019642407454041805,0.027707808564231738,0.018367911287662166,0.04159570465604871,0.023227793368386547,0.39745,0.19855,0.15885,1,1,0.02
05_loss_retention,117,303702214031400496924820521034683084102,20000,0.0,0.04,depolarizing,0.6000000000000001,0.5,0.2,,0.11,0.95,8019,4061,812,3249,78,20,0.019207091849298204,0.024630541871921183,0.01600016407466267,0.03773755462875715,0.02173739055409448,0.40095,0.20305,0.16245,1,1,0.02
05_loss_retention,118,149749228700885910159104452978874725443,20000,0.0,0.04,depolarizing,0.6000000000000001,0.5,0.2,,0.11,0.95,8051,4042,808,3234,89,19,0.02201880257298367,0.023514851485148515,0.015104856900612921,0.036434096137674024,0.021329239237061103,0.40255,0.2021,0.1617,1,1,0.02
05_loss_retention,119,6115411365855427576342481438196501238,20000,0.0,0.04,depolarizing,0.6000000000000001,0.5,0.2,,0.11,0.95,8009,4014,802,3212,78,19,0.01943198804185351,0.02369077306733167,0.015218242345370206,0.03670445083788554,0.021486208492515334,0.40045,0.2007,0.1606,1,1,0.02
05_loss_retention,120,261314364446547617194278100605096380621,20000,0.0,0.04,depolarizing,0.6000000000000001,0.5,0.2,,0.11,0.95,8008,4050,810,3240,79,16,0.01950617283950617,0.019753086419753086,0.012194730292620037,0.031845123455591054,0.019650393162971017,0.4004,0.2025,0.162,1,1,0.02
05_loss_retention,121,125349423398571079194014092375328967944,20000,0.0,0.04,depolarizing,0.6000000000000001,0.5,0.2,,0.11,0.95,7954,3952,790,3162,101,21,0.025556680161943318,0.026582278481012658,0.017451163493237533,0.04029520174295806,0.022844038249720526,0.3977,0.1976,0.1581,1,1,0.02
05_loss_retention,122,39806397351267966236268225726674348398,20000,0.0,0.04,depolarizing,0.6000000000000001,0.5,0.2,,0.11,0.95,7969,3916,783,3133,97,22,0.02477017364657814,0.0280970625798212,0.018626949891550587,0.04217495408081783,0.023548004189267245,0.39845,0.1958,0.15665,1,1,0.02
05_loss_retention,123,236139914688540773849934904879141025923,20000,0.0,0.04,depolarizing,0.6000000000000001,0.5,0.2,,0.11,0.95,7873,4024,804,3220,77,14,0.019135188866799206,0.017412935323383085,0.010400402644342752,0.029015077302894706,0.018614674658551954,0.39365,0.2012,0.161,1,1,0.02
05_loss_retention,124,106444509739502870326226344837812233479,20000,0.0,0.04,depolarizing,0.6000000000000001,0.5,0.2,,0.11,0.95,8011,4047,809,3238,77,13,0.019026439337781073,0.016069221260815822,0.009414629682118739,0.027297890941508675,0.017883261259389938,0.40055,0.20235,0.1619,1,1,0.02
05_loss_retention,125,71710226344099242340713302510436463904,20000,0.0,0.04,depolarizing,0.6000000000000001,0.5,0.2,,0.11,0.95,8120,3992,798,3194,75,16,0.018787575150300603,0.020050125313283207,0.012378655001354067,0.03232027946557638,0.01994162446422232,0.406,0.1996,0.1597,1,1,0.02
05_loss_retention,126,123974695606113042598467505674782411604,20000,0.0,0.04,depolarizing,0.6000000000000001,0.5,0.2,,0.11,0.95,7974,3970,794,3176,64,12,0.016120906801007556,0.015113350125944584,0.008666261091183038,0.026229717944360135,0.017563456853177097,0.3987,0.1985,0.1588,1,1,0.02
05_loss_retention,127,182504121027275385119417051716896090882,20000,0.0,0.04,depolarizing,0.6000000000000001,0.5,0.2,,0.11,0.95,7866,3959,791,3168,96,21,0.024248547613033595,0.02654867256637168,0.017429019886693396,0.04024469392374255,0.022815674037049156,0.3933,0.19795,0.1584,1,1,0.02
05_loss_retention,128,206761656647872257026230798789169334454,20000,0.0,0.04,depolarizing,0.6000000000000001,0.5,0.2,,0.11,0.95,7946,4016,803,3213,84,16,0.02091633466135458,0.019925280199252802,0.012301349668838195,0.03212058530842632,0.019819235639588123,0.3973,0.2008,0.16065,1,1,0.02
05_loss_retention,129,187413472738154999360779349693773241590,20000,0.0,0.04,depolarizing,0.6000000000000001,0.5,0.2,,0.11,0.95,7955,3970,794,3176,104,18,0.02619647355163728,0.022670025188916875,0.014387190310352542,0.035549370870091246,0.021162180559738702,0.39775,0.1985,0.1588,1,1,0.02
05_loss_retention,130,62339400008831282502789532874603317959,20000,0.0,0.04,depolarizing,0.6000000000000001,0.5,0.2,,0.11,0.95,7897,3904,780,3124,68,16,0.017418032786885244,0.020512820512820513,0.012665185547984556,0.033060207536757785,0.02039502198877323,0.39485,0.1952,0.1562,1,1,0.02
05_loss_retention,131,164163928101319538718171651943800772483,20000,0.0,0.04,depolarizing,0.6000000000000001,0.5,0.2,,0.11,0.95,8070,4001,800,3201,83,17,0.02074481379655086,0.02125,0.013309124353847453,0.033766649613087354,0.0204575252592399,0.4035,0.20005,0.16005,1,1,0.02
05_loss_retention,132,124451872648051549825799549555542807901,20000,0.0,0.04,depolarizing,0.6000000000000001,0.5,0.2,,0.11,0.95,8051,4097,819,3278,97,21,0.023675860385648034,0.02564102564102564,0.016831032012564254,0.03888013607368486,0.022049104061120605,0.40255,0.20485,0.1639,1,1,0.02
05_loss_retention,133,107300901606824324541959578198339631714,20000,0.0,0.04,depolarizing,0.6000000000000001,0.5,0.2,,0.11,0.95,7942,3992,798,3194,94,18,0.023547094188376753,0.022556390977443608,0.014314839198622122,0.03537261258179694,0.02105777338317482,0.3971,0.1996,0.1597,1,1,0.02
05_loss_retention,134,81009986520361210267258558027964049800,20000,0.0,0.04,depolarizing,0.6000000000000001,0.5,0.2,,0.11,0.95,7952,4013,802,3211,71,16,0.01769249937702467,0.0199501246882793,0.012316733393531312,0.03216032649011649,0.01984359309658518,0.3976,0.20065,0.16055,1,1,0.02
05_loss_retention,135,232641038447749247636612797805471540713,20000,0.0,0.04,depolarizing,0.6000000000000001,0.5,0.2,,0.11,0.95,7905,4009,801,3208,82,22,0.020453978548266402,0.02746566791510612,0.0182067869468591,0.041235303537389224,0.023028516590530124,0.39525,0.20045,0.1604,1,1,0.02
05_loss_retention,136,311563079007683142275270681601796915104,20000,0.0,0.04,depolarizing,0.6000000000000001,0.5,0.2,,0.11,0.95,7914,3911,782,3129,88,13,0.02250063922270519,0.016624040920716114,0.009740524070072573,0.028233368100845674,0.0184928440307731,0.3957,0.19555,0.15645,1,1,0.02
05_loss_retention,137,310978884221824258881021349670991052953,20000,0.0,0.04,depolarizing,0.6000000000000001,0.5,0.2,,0.11,0.95,8037,3955,791,3164,80,18,0.020227560050568902,0.022756005056890013,0.014441935437156673,0.035683103183509736,0.02124116774635306,0.40185,0.19775,0.1582,1,1,0.02
05_loss_retention,138,47469622315881219896883279352750765481,20000,0.0,0.04,depolarizing,0.6000000000000001,0.5,0.2,,0.11,0.95,8067,4037,807,3230,65,14,0.016101065147386674,0.01734820322180917,0.010361637100138254,0.0289080110836202,0.018546373983481947,0.40335,0.20185,0.1615,1,1,0.02
05_loss_retention,139,56335746347163291406829152569169615247,20000,0.0,0.04,depolarizing,0.6000000000000001,0.5,0.2,,0.11,0.95,8121,4115,823,3292,81,17,0.01968408262454435,0.020656136087484813,0.012936056614848453,0.03283022471635931,0.01989416810151086,0.40605,0.20575,0.1646,1,1,0.02
05_loss_retention,140,269821139214932247206889975063178080967,20000,0.0,0.04,depolarizing,0.6000000000000001,0.5,0.2,,0.11,0.95,7923,4018,803,3215,86,20,0.02140368342458935,0.024906600249066,0.016180121993583575,0.03815701988404655,0.021976897890462976,0.39615,0.2009,0.16075,1,1,0.02
05_loss_retention,141,336330774793278850250966916337359754851,20000,0.0,0.04,depolarizing,0.6000000000000001,0.5,0.2,,0.11,0.95,7906,3920,784,3136,71,15,0.018112244897959182,0.01913265306122449,0.011628364642179874,0.03132629132546976,0.019697926683289887,0.3953,0.196,0.1568,1,1,0.02
05_loss_retention,142,302822149235303441477719640192091697380,20000,0.0,0.04,depolarizing,0.6000000000000001,0.5,0.2,,0.11,0.95,8021,4083,816,3267,76,16,0.01861376438892971,0.0196078431372549,0.01210480244614813,0.03161274615434651,0.01950794370819838,0.40105,0.20415,0.16335,1,1,0.02
05_loss_retention,143,282615461940108758194399596674678598907,20000,0.0,0.04,depolarizing,0.6000000000000001,0.5,0.2,,0.11,0.95,7884,3971,794,3177,91,19,0.022916142029715435,0.02392947103274559,0.015372097734803337,0.037071227136457226,0.021699129401653888,0.3942,0.19855,0.15885,1,1,0.02
05_loss_retention,144,101206687987108386391212693982723559895,20000,0.0,0.04,depolarizing,0.6000000000000001,0.5,0.2,,0.11,0.95,8080,4000,800,3200,74,11,0.0185,0.01375,0.0076948410427695475,0.024452616067250396,0.01675777502448085,0.404,0.2,0.16,1,1,0.02
05_loss_retention,145,196548467849936436000828749903833682022,20000,0.0,0.04,depolarizing,0.6000000000000001,0.5,0.2,,0.11,0.95,7976,4028,805,3223,78,16,0.019364448857994043,0.01987577639751553,0.012270697220358562,0.032041396861653054,0.019770699641294492,0.3988,0.2014,0.16115,1,1,0.02
05_loss_retention,146,114660686713622193767158214850700450704,20000,0.0,0.04,depolarizing,0.6000000000000001,0.5,0.2,,0.11,0.95,7967,3914,782,3132,69,17,0.01762902401635156,0.021739130434782608,0.013616447032291496,0.03453761559184454,0.020921168559553043,0.39835,0.1957,0.1566,1,1,0.02
05_loss_retention,147,35708099148594948009617621646058403911,20000,0.0,0.04,depolarizing,0.6000000000000001,0.5,0.2,,0.11,0.95,8013,4028,805,3223,94,17,0.02333664349553128,0.02111801242236025,0.013226203587095451,0.03355856295524731,0.02033235936815186,0.40065,0.2014,0.16115,1,1,0.02
05_loss_retention,148,287454220800441744906070907723734395842,20000,0.0,0.04,depolarizing,0.6000000000000001,0.5,0.2,,0.11,0.95,7952,4066,813,3253,78,11,0.019183472700442697,0.013530135301353014,0.00757153364570641,0.024064297936596528,0.016492764290890118,0.3976,0.2033,0.16265,1,1,0.02
05_loss_retention,149,142980597409071235629307321840746381100,20000,0.0,0.04,depolarizing,0.6000000000000001,0.5,0.2,,0.11,0.95,7936,3921,784,3137,59,10,0.015047181841366998,0.012755102040816327,0.00694283455655181,0.023318912339050736,0.016376077782498926,0.3968,0.19605,0.15685,1,1,0.02
05_loss_retention,0,288484272574987813271050794545751094342,20000,0.0,0.04,depolarizing,0.7000000000000001,0.5,0.2,,0.11,0.95,5857,2914,582,2332,62,11,0.02127659574468085,0.018900343642611683,0.010585812502671136,0.033524173964850794,0.02293836146217966,0.29285,0.1457,0.1166,1,1,0.02
05_loss_retention,1,216927604722346135470203678195715891639,20000,0.0,0.04,depolarizing,0.7000000000000001,0.5,0.2,,0.11,0.95,5966,2932,586,2346,50,9,0.017053206002728513,0.015358361774744027,0.008100727489067936,0.028928644546534786,0.020827917057466852,0.2983,0.1466,0.1173,1,1,0.02
05_loss_retention,2,134958528702250733844270637006827995993,20000,0.0,0.04,depolarizing,0.7000000000000001,0.5,0.2,,0.11,0.95,5926,3005,601,2404,70,11,0.02329450915141431,0.018302828618968387,0.010250172418229925,0.032474178639118556,0.02222400622088863,0.2963,0.15025,0.1202,1,1,0.02
05_loss_retention,3,117564679155206870341767971065535371459,20000,0.0,0.04,depolarizing,0.7000000000000001,0.5,0.2,,0.11,0.95,6005,3037,607,2430,66,8,0.021731972341126112,0.013179571663920923,0.00669309391715282,0.025789080523004767,0.019095986605851947,0.30025,0.15185,0.1215,1,1,0.02
05_loss_retention,4,337824362444873238622495542511030880802,20000,0.0,0.04,depolarizing,0.7000000000000001,0.5,0.2,,0.11,0.95,6029,3032,606,2426,56,12,0.018469656992084433,0.019801980198019802,0.011363188412741082,0.03429041289297153,0.02292722448023045,0.30145,0.1516,0.1213,1,1,0.02
05_loss_retention,5,131541099160528051477240517993046651182,20000,0.0,0.04,depolarizing,0.7000000000000001,0.5,0.2,,0.11,0.95,5956,3009,601,2408,58,16,0.01927550681289465,0.026622296173044926,0.01645228044006837,0.042805328802818135,0.026353048362749765,0.2978,0.15045,0.1204,1,1,0.02
05_loss_retention,6,242036100699485706022794337687415668488,20000,0.0,0.04,depolarizing,0.7000000000000001,0.5,0.2,,0.11,0.95,6011,2997,599,2398,66,16,0.022022022022022022,0.02671118530884808,0.016507431474527823,0.04294677210796768,0.026439340633439855,0.30055,0.14985,0.1199,1,1,0.02
05_loss_retention,7,152146301977571254671371693705043033524,20000,0.0,0.04,depolarizing,0.7000000000000001,0.5,0.2,,0.11,0.95,6012,2969,593,2376,67,15,0.02256652071404513,0.025295109612141653,0.015388044565593595,0.04131287377805138,0.025924829212457784,0.3006,0.14845,0.1188,1,1,0.02
05_loss_retention,8,107064403069394371408559176433205620439,20000,0.0,0.04,depolarizing,0.7000000000000001,0.5,0.2,,0.11,0.95,6045,3005,601,2404,62,15,0.020632279534109815,0.024958402662229616,0.015182440009036586,0.04076851759674231,0.025586077587705727,0.30225,0.15025,0.1202,1,1,0.02
05_loss_retention,9,121574267928876977758732636163192981688,20000,0.0,0.04,depolarizing,0.7000000000000001,0.5,0.2,,0.11,0.95,5943,2995,599,2396,55,9,0.018363939899833055,0.015025041736227046,0.007924483106643945,0.028306367477888485,0.020381884371244538,0.29715,0.14975,0.1198,1,1,0.02
05_loss_retention,10,35303869781605259428539981834387429833,20000,0.0,0.04,depolarizing,0.7000000000000001,0.5,0.2,,0.11,0.95,6027,3022,604,2418,60,11,0.01985440105890139,0.018211920529801324,0.01019911257709098,0.03231437255245337,0.022115259975362386,0.30135,0.1511,0.1209,1,1,0.02
05_loss_retention,11,234170857781636631616692546919629310210,20000,0.0,0.04,depolarizing,0.7000000000000001,0.5,0.2,,0.11,0.95,6014,3008,601,2407,78,17,0.025930851063829786,0.028286189683860232,0.017734259989377422,0.04483000089061669,0.02709574090123927,0.3007,0.1504,0.12035,1,1,0.02
05_loss_retention,12,91545100676814331547285864940087690231,20000,0.0,0.04,depolarizing,0.7000000000000001,0.5,0.2,,0.11,0.95,5862,2930,586,2344,60,13,0.020477815699658702,0.02218430034129693,0.0130096653427322,0.03758267328391837,0.02457300794118617,0.2931,0.1465,0.1172,1,1,0.02
05_loss_retention,13,108897641778512526303129029312935079880,20000,0.0,0.04,depolarizing,0.7000000000000001,0.5,0.2,,0.11,0.95,6062,2988,597,2391,59,10,0.019745649263721552,0.01675041876046901,0.009123471343642277,0.030556644718070763,0.021433173374428488,0.3031,0.1494,0.11955,1,1,0.02
05_loss_retention,14,219090681399200435879454179887428276312,20000,0.0,0.04,depolarizing,0.7000000000000001,0.5,0.2,,0.11,0.95,5972,3007,601,2406,56,8,0.018623212504156966,0.013311148086522463,0.006760062252665719,0.02604433389335995,0.019284271640694232,0.2986,0.15035,0.1203,1,1,0.02
05_loss_retention,15,147374873216503341773498009805221585761,20000,0.0,0.04,depolarizing,0.7000000000000001,0.5,0.2,,0.11,0.95,5956,2884,576,2308,40,5,0.013869625520110958,0.008680555555555556,0.0037133512706376375,0.020157757995756427,0.01644440672511879,0.2978,0.1442,0.1154,1,1,0.02
05_loss_retention,16,234358237468347317743173836466345992258,20000,0.0,0.04,depolarizing,0.7000000000000001,0.5,0.2,,0.11,0.95,5925,2942,588,2354,53,7,0.018014955812372536,0.011904761904761904,0.005778379884175714,0.024367292668479,0.018588912784303288,0.29625,0.1471,0.1177,1,1,0.02
05_loss_retention,17,318018592737509512309736399300064695461,20000,0.0,0.04,depolarizing,0.7000000000000001,0.5,0.2,,0.11,0.95,5945,3034,606,2428,54,14,0.017798286090969017,0.0231023102310231,0.013810558871720958,0.03840212421195926,0.0245915653402383,0.29725,0.1517,0.1214,1,1,0.02
05_loss_retention,18,339555162133822139531100455571191344362,20000,0.0,0.04,depolarizing,0.7000000000000001,0.5,0.2,,0.11,0.95,6013,3031,606,2425,59,13,0.019465522929726163,0.02145214521452145,0.01257887227700347,0.036354269917692944,0.023775397640689474,0.30065,0.15155,0.12125,1,1,0.02
05_loss_retention,19,137253463831328536282510816848561836101,20000,0.0,0.04,depolarizing,0.7000000000000001,0.5,0.2,,0.11,0.95,6049,3003,600,2403,51,9,0.016983016983016984,0.015,0.007911242967693504,0.02825960701559618,0.020348364047902676,0.30245,0.15015,0.12015,1,1,0.02
05_loss_retention,20,186728189344466691908944086799014825673,20000,0.0,0.04,depolarizing,0.7000000000000001,0.5,0.2,,0.11,0.95,5994,3009,601,2408,64,13,0.021269524759056163,0.021630615640599003,0.012683873485954456,0.03665378084560924,0.023969907359654784,0.2997,0.15045,0.1204,1,1,0.02
05_loss_retention,21,282020188085955567420687282456879231448,20000,0.0,0.04,depolarizing,0.7000000000000001,0.5,0.2,,0.11,0.95,6071,3055,611,2444,59,11,0.019312602291325694,0.01800327332242226,0.010081928501446234,0.0319475385261347,0.021865610024688467,0.30355,0.15275,0.1222,1,1,0.02
05_loss_retention,22,297037216956086754235629334860038696835,20000,0.0,0.04,depolarizing,0.7000000000000001,0.5,0.2,,0.11,0.95,6019,2984,596,2388,53,15,0.017761394101876677,0.025167785234899327,0.015310293557208827,0.0411070452629978,0.025796751705788972,0.30095,0.1492,0.1194,1,1,0.02
05_loss_retention,23,147913876073736331311384089300419980566,20000,0.0,0.04,depolarizing,0.7000000000000001,0.5,0.2,,0.11,0.95,6116,3008,601,2407,56,13,0.018617021276595744,0.021630615640599003,0.012683873485954456,0.03665378084560924,0.023969907359654784,0.3058,0.1504,0.12035,1,1,0.02
05_loss_retention,24,214980312668301901872436146645326933448,20000,0.0,0.04,depolarizing,0.7000000000000001,0.5,0.2,,0.11,0.95,6019,3005,601,2404,63,12,0.020965058236272878,0.019966722129783693,0.01145802170175496,0.034572980992701126,0.023114959290946167,0.30095,0.15025,0.1202,1,1,0.02
05_loss_retention,25,252976457059699663533879180060578609273,20000,0.0,0.04,depolarizing,0.7000000000000001,0.5,0.2,,0.11,0.95,5963,2984,596,2388,67,15,0.022453083109919572,0.025167785234899327,0.015310293557208827,0.0411070452629978,0.025796751705788972,0.29815,0.1492,0.1194,1,1,0.02
05_loss_retention,26,281631220386733258473825057034636029102,20000,0.0,0.04,depolarizing,0.7000000000000001,0.5,0.2,,0.11,0.95,5994,2985,597,2388,60,12,0.020100502512562814,0.020100502512562814,0.011535035692942208,0.03480241058671389,0.023267374893771682,0.2997,0.14925,0.1194,1,1,0.02
05_loss_retention,27,143102612402061517716986257018003689306,20000,0.0,0.04,depolarizing,0.7000000000000001,0.5,0.2,,0.11,0.95,5968,2974,594,2380,59,12,0.01983860121049092,0.020202020202020204,0.01159347904420812,0.034976490987001105,0.023383011942792985,0.2984,0.1487,0.119,1,1,0.02
05_loss_retention,28,31212560015423498690084614751040839944,20000,0.0,0.04,depolarizing,0.7000000000000001,0.5,0.2,,0.11,0.95,5945,2970,594,2376,52,12,0.017508417508417508,0.020202020202020204,0.01159347904420812,0.034976490987001105,0.023383011942792985,0.29725,0.1485,0.1188,1,1,0.02
05_loss_retention,29,232007634651691374859433823051329063007,20000,0.0,0.04,depolarizing,0.7000000000000001,0.5,0.2,,0.11,0.95,5920,2970,594,2376,48,12,0.01616161616161616,0.020202020202020204,0.01159347904420812,0.034976490987001105,0.023383011942792985,0.296,0.1485,0.1188,1,1,0.02
05_loss_retention,30,254790097445083613421092892766274796733,20000,0.0,0.04,depolarizing,0.7000000000000001,0.5,0.2,,0.11,0.95,5845,2932,586,2346,51,9,0.017394270122783082,0.015358361774744027,0.008100727489067936,0.028928644546534786,0.020827917057466852,0.29225,0.1466,0.1173,1,1,0.02
05_loss_retention,31,202249136017862500105561010128988451263,20000,0.0,0.04,depolarizing,0.7000000000000001,0.5,0.2,,0.11,0.95,6080,3035,607,2428,70,9,0.023064250411861616,0.014827018121911038,0.00781978648697208,0.027936559951695968,0.02011677346472389,0.304,0.15175,0.1214,1,1,0.02
05_loss_retention,32,148388990309409458487811402259813442135,20000,0.0,0.04,depolarizing,0.7000000000000001,0.5,0.2,,0.11,0.95,5953,2928,585,2343,57,15,0.0194672131147541,0.02564102564102564,0.015599294405030965,0.041871962609497715,0.026272668204466748,0.29765,0.1464,0.11715,1,1,0.02
05_loss_retention,33,263550422348902228355313090511674408789,20000,0.0,0.04,depolarizing,0.7000000000000001,0.5,0.2,,0.11,0.95,6055,3039,607,2432,69,12,0.022704837117472853,0.019769357495881382,0.01134440982133236,0.034234452612867075,0.022890042791534716,0.30275,0.15195,0.1216,1,1,0.02
05_loss_retention,34,126084680728048570591861694594662244240,20000,0.0,0.04,depolarizing,0.7000000000000001,0.5,0.2,,0.11,0.95,6004,2916,583,2333,49,9,0.016803840877914953,0.015437392795883362,0.00814251832806803,0.029076152051128283,0.02093363372306025,0.3002,0.1458,0.11665,1,1,0.02
05_loss_retention,35,151337970392189158818367329235309468440,20000,0.0,0.04,depolarizing,0.7000000000000001,0.5,0.2,,0.11,0.95,5992,3069,613,2456,38,7,0.012381883349625285,0.011419249592169658,0.005542264021543919,0.023381632979160683,0.017839368957616765,0.2996,0.15345,0.1228,1,1,0.02
05_loss_retention,36,65773749912978189876077745161291678584,20000,0.0,0.04,depolarizing,0.7000000000000001,0.5,0.2,,0.11,0.95,5921,2949,589,2360,47,6,0.01593760596812479,0.010186757215619695,0.0046768105603578886,0.02204442930064414,0.01736761874028625,0.29605,0.14745,0.118,1,1,0.02
05_loss_retention,37,41601353982124052836783815006646733855,20000,0.0,0.04,depolarizing,0.7000000000000001,0.5,0.2,,0.11,0.95,5883,3015,603,2412,69,13,0.022885572139303482,0.02155887230514096,0.012641663341277518,0.03653338623210949,0.023891722890831975,0.29415,0.15075,0.1206,1,1,0.02
05_loss_retention,38,779886251812724969125192605375780499,20000,0.0,0.04,depolarizing,0.7000000000000001,0.5,0.2,,0.11,0.95,6071,3010,602,2408,56,7,0.018604651162790697,0.011627906976744186,0.0056437341588925945,0.02380532146602876,0.018161587307136167,0.30355,0.1505,0.1204,1,1,0.02
05_loss_retention,39,51684353268485269044832868324350423257,20000,0.0,0.04,depolarizing,0.7000000000000001,0.5,0.2,,0.11,0.95,5965,2945,589,2356,78,14,0.026485568760611207,0.023769100169779286,0.014210617010237096,0.039499288643180815,0.025288671632943717,0.29825,0.14725,0.1178,1,1,0.02
05_loss_retention,40,61414019313764008552758260842593767250,20000,0.0,0.04,depolarizing,0.7000000000000001,0.5,0.2,,0.11,0.95,6042,3074,614,2460,54,9,0.01756668835393624,0.014657980456026058,0.007730420389733572,0.027620814961782078,0.019890394572048505,0.3021,0.1537,0.123,1,1,0.02
05_loss_retention,41,296560226451631997055602475227704278270,20000,0.0,0.04,depolarizing,0.7000000000000001,0.5,0.2,,0.11,0.95,6028,3032,606,2426,50,9,0.016490765171503958,0.01485148514851485,0.007832722022136243,0.02798225661662495,0.020149534594488705,0.3014,0.1516,0.1213,1,1,0.02
05_loss_retention,42,68829356946826401055725227984610180065,20000,0.0,0.04,depolarizing,0.7000000000000001,0.5,0.2,,0.11,0.95,5886,2861,572,2289,53,6,0.018524991261796575,0.01048951048951049,0.00481605644834919,0.022694048248066645,0.017877991799717455,0.2943,0.14305,0.11445,1,1,0.02
05_loss_retention,43,337418055448295638295193849234855563948,20000,0.0,0.04,depolarizing,0.7000000000000001,0.5,0.2,,0.11,0.95,6065,3032,606,2426,46,7,0.015171503957783642,0.01155115511551155,0.0056064088735779585,0.02364948798721562,0.01804307911363766,0.30325,0.1516,0.1213,1,1,0.02
05_loss_retention,44,247160944772931875761692724908405926478,20000,0.0,0.04,depolarizing,0.7000000000000001,0.5,0.2,,0.11,0.95,5958,3031,606,2425,75,15,0.024744308808973936,0.024752475247524754,0.015056704187918027,0.04043551978474601,0.025378815596827982,0.2979,0.15155,0.12125,1,1,0.02
05_loss_retention,45,92605450441392060175059539728459909006,20000,0.0,0.04,depolarizing,0.7000000000000001,0.5,0.2,,0.11,0.95,5962,3048,609,2439,54,9,0.017716535433070866,0.014778325123152709,0.007794043171910485,0.0278456129028012,0.020051569730890714,0.2981,0.1524,0.12195,1,1,0.02
05_loss_retention,46,172627571488150780723649359612128693424,20000,0.0,0.04,depolarizing,0.7000000000000001,0.5,0.2,,0.11,0.95,5987,2963,592,2371,61,10,0.020587242659466758,0.016891891891891893,0.009200739182049599,0.030812352333740183,0.021611613151690585,0.29935,0.14815,0.11855,1,1,0.02
05_loss_retention,47,63343687328954705721223614333364717158,20000,0.0,0.04,depolarizing,0.7000000000000001,0.5,0.2,,0.11,0.95,5929,2973,594,2379,56,14,0.018836192398250923,0.02356902356902357,0.014090567169098591,0.0391701399145232,0.02507957274542461,0.29645,0.14865,0.11895,1,1,0.02
05_loss_retention,48,226564508909616389204965344552466370476,20000,0.0,0.04,depolarizing,0.7000000000000001,0.5,0.2,,0.11,0.95,5975,2987,597,2390,72,13,0.024104452628054905,0.021775544388609715,0.01276914510578892,0.036896966282838714,0.024127821177049792,0.29875,0.14935,0.1195,1,1,0.02
05_loss_retention,49,177235929073074535331408021911097408990,20000,0.0,0.04,depolarizing,0.7000000000000001,0.5,0.2,,0.11,0.95,5937,3009,601,2408,54,10,0.01794616151545364,0.016638935108153077,0.009062585256303471,0.030355114163937408,0.02129252890763394,0.29685,0.15045,0.1204,1,1,0.02
05_loss_retention,50,81688138360474562535810548518432158036,20000,0.0,0.04,depolarizing,0.7000000000000001,0.5,0.2,,0.11,0.95,5937,2921,584,2337,69,9,0.023622047244094488,0.015410958904109588,0.008128540220278537,0.02902681602919671,0.020898275808918176,0.29685,0.14605,0.11685,1,1,0.02
05_loss_retention,51,18323248006987165618401874880045500471,20000,0.0,0.04,depolarizing,0.7000000000000001,0.5,0.2,,0.11,0.95,6105,3045,609,2436,72,19,0.023645320197044337,0.031198686371100164,0.020062607502990784,0.04821191638645149,0.028149308883460705,0.30525,0.15225,0.1218,1,1,0.02
05_loss_retention,52,184190443622183777641699090315166694754,20000,0.0,0.04,depolarizing,0.7000000000000001,0.5,0.2,,0.11,0.95,6040,3062,612,2450,68,20,0.022207707380796866,0.032679738562091505,0.02125309516308521,0.049936426413861465,0.028683331250776253,0.302,0.1531,0.1225,1,1,0.02
05_loss_retention,53,195494015876629048093773265047539874176,20000,0.0,0.04,depolarizing,0.7000000000000001,0.5,0.2,,0.11,0.95,6014,2969,593,2376,52,7,0.017514314584035028,0.011804384485666104,0.005729560830240612,0.024163568336669577,0.018434007506428964,0.3007,0.14845,0.1188,1,1,0.02
05_loss_retention,54,90647283109335306862559346153715620493,20000,0.0,0.04,depolarizing,0.7000000000000001,0.5,0.2,,0.11,0.95,5934,2981,596,2385,69,17,0.02314659510231466,0.028523489932885907,0.017883661032767263,0.045202106488356646,0.027318445455589382,0.2967,0.14905,0.11925,1,1,0.02
05_loss_retention,55,322920326346357069871399356739013647867,20000,0.0,0.04,depolarizing,0.7000000000000001,0.5,0.2,,0.11,0.95,5992,3037,607,2430,64,17,0.02107342772472835,0.02800658978583196,0.017558241118944273,0.04439148130780749,0.026833240188863218,0.2996,0.15185,0.1215,1,1,0.02
05_loss_retention,56,300160155914241725242494867910694425178,20000,0.0,0.04,depolarizing,0.7000000000000001,0.5,0.2,,0.11,0.95,6009,3021,604,2417,54,7,0.01787487586891758,0.011589403973509934,0.0056250095977363485,0.023727148866922017,0.01810213926918567,0.30045,0.15105,0.12085,1,1,0.02
05_loss_retention,57,329894775618560294906085680912028512829,20000,0.0,0.04,depolarizing,0.7000000000000001,0.5,0.2,,0.11,0.95,6136,3082,616,2466,64,9,0.020765736534717714,0.01461038961038961,0.0077052611702218485,0.027531908770378,0.01982664760015615,0.3068,0.1541,0.1233,1,1,0.02
05_loss_retention,58,199592679861539352054410165917054001744,20000,0.0,0.04,depolarizing,0.7000000000000001,0.5,0.2,,0.11,0.95,5996,3050,610,2440,64,8,0.02098360655737705,0.013114754098360656,0.006660104864910426,0.025663320891983428,0.019003216027073,0.2998,0.1525,0.122,1,1,0.02
05_loss_retention,59,136537739559123828311172708232748769346,20000,0.0,0.04,depolarizing,0.7000000000000001,0.5,0.2,,0.11,0.95,6008,3009,601,2408,53,15,0.017613825191093387,0.024958402662229616,0.015182440009036586,0.04076851759674231,0.025586077587705727,0.3004,0.15045,0.1204,1,1,0.02
05_loss_retention,60,108383015022150587662139685409058135319,20000,0.0,0.04,depolarizing,0.7000000000000001,0.5,0.2,,0.11,0.95,6033,3032,606,2426,67,15,0.022097625329815303,0.024752475247524754,0.015056704187918027,0.04043551978474601,0.025378815596827982,0.30165,0.1516,0.1213,1,1,0.02
05_loss_retention,61,192637396227342879583750031373344788773,20000,0.0,0.04,depolarizing,0.7000000000000001,0.5,0.2,,0.11,0.95,6002,2975,595,2380,61,14,0.020504201680672268,0.023529411764705882,0.014066800195725539,0.03910496730914946,0.025038167113423923,0.3001,0.14875,0.119,1,1,0.02
05_loss_retention,62,336268487623057182782694794475918485571,20000,0.0,0.04,depolarizing,0.7000000000000001,0.5,0.2,,0.11,0.95,6003,2979,595,2384,63,12,0.021148036253776436,0.020168067226890758,0.01157393223512476,0.03491827101934371,0.023344338784218946,0.30015,0.14895,0.1192,1,1,0.02
05_loss_retention,63,188395478706777291091461207448300771019,20000,0.0,0.04,depolarizing,0.7000000000000001,0.5,0.2,,0.11,0.95,5906,2989,597,2392,72,13,0.024088323854131816,0.021775544388609715,0.01276914510578892,0.036896966282838714,0.024127821177049792,0.2953,0.14945,0.1196,1,1,0.02
05_loss_retention,64,286692789855544441947080185629518323739,20000,0.0,0.04,depolarizing,0.7000000000000001,0.5,0.2,,0.11,0.95,5947,3025,605,2420,71,12,0.02347107438016529,0.019834710743801654,0.01138202927716816,0.03434655641182568,0.02296452713465752,0.29735,0.15125,0.121,1,1,0.02
05_loss_retention,65,297359577229139213613951452411009906324,20000,0.0,0.04,depolarizing,0.7000000000000001,0.5,0.2,,0.11,0.95,6067,3050,610,2440,57,10,0.018688524590163933,0.01639344262295082,0.008928518902592773,0.029911247421594726,0.02098272851900195,0.30335,0.1525,0.122,1,1,0.02
05_loss_retention,66,39499243513536779309426907200620635726,20000,0.0,0.04,depolarizing,0.7000000000000001,0.5,0.2,,0.11,0.95,6019,3023,604,2419,69,16,0.022825008269930534,0.026490066225165563,0.016370241429952977,0.042594902030698864,0.026224660600745887,0.30095,0.15115,0.12095,1,1,0.02
05_loss_retention,67,120273853848958794148401218136909571301,20000,0.0,0.04,depolarizing,0.7000000000000001,0.5,0.2,,0.11,0.95,6057,2989,597,2392,66,16,0.022080963532954166,0.02680067001675042,0.016562953514745092,0.04308915320079714,0.02652619968605205,0.30285,0.14945,0.1196,1,1,0.02
05_loss_retention,68,144852132873943245999283364931033979558,20000,0.0,0.04,depolarizing,0.7000000000000001,0.5,0.2,,0.11,0.95,6077,3114,622,2492,54,10,0.017341040462427744,0.01607717041800643,0.008755814725251714,0.029339230728623836,0.020583416003372122,0.30385,0.1557,0.1246,1,1,0.02
05_loss_retention,69,230818283219779647788431233958857292414,20000,0.0,0.04,depolarizing,0.7000000000000001,0.5,0.2,,0.11,0.95,6069,3016,603,2413,54,9,0.01790450928381963,0.014925373134328358,0.007871786686854537,0.028120247975938185,0.020248461289083648,0.30345,0.1508,0.12065,1,1,0.02
05_loss_retention,70,276554773711671190782341915473479659310,20000,0.0,0.04,depolarizing,0.7000000000000001,0.5,0.2,,0.11,0.95,5990,3010,602,2408,75,17,0.024916943521594685,0.02823920265780731,0.017704678834501296,0.04475631367392613,0.027051634839424833,0.2995,0.1505,0.1204,1,1,0.02
05_loss_retention,71,212194588812491755297403223210978092824,20000,0.0,0.04,depolarizing,0.7000000000000001,0.5,0.2,,0.11,0.95,6087,3046,609,2437,61,13,0.020026263952724884,0.021346469622331693,0.012516701905832164,0.03617690129477176,0.023660199388939596,0.30435,0.1523,0.12185,1,1,0.02
05_loss_retention,72,309475668172840588467233314712314901864,20000,0.0,0.04,depolarizing,0.7000000000000001,0.5,0.2,,0.11,0.95,6013,2958,591,2367,70,15,0.023664638269100743,0.025380710659898477,0.015440318790355397,0.041451241673144706,0.02601092288278931,0.30065,0.1479,0.11835,1,1,0.02
05_loss_retention,73,274922313601738298679082677681405685241,20000,0.0,0.04,depolarizing,0.7000000000000001,0.5,0.2,,0.11,0.95,5894,2938,587,2351,63,13,0.021443158611300205,0.022146507666098807,0.012987426082538979,0.03751928493983407,0.024531858857295093,0.2947,0.1469,0.11755,1,1,0.02
05_loss_retention,74,181321430436862703327974128049909683623,20000,0.0,0.04,depolarizing,0.7000000000000001,0.5,0.2,,0.11,0.95,5973,3017,603,2414,69,13,0.02287040106065628,0.02155887230514096,0.012641663341277518,0.03653338623210949,0.023891722890831975,0.29865,0.15085,0.1207,1,1,0.02
05_loss_retention,75,330752371249847249684012153483633608654,20000,0.0,0.04,depolarizing,0.7000000000000001,0.5,0.2,,0.11,0.95,5932,2948,589,2359,72,17,0.024423337856173677,0.028862478777589132,0.018097102051309606,0.04573355327426427,0.02763645122295466,0.2966,0.1474,0.11795,1,1,0.02
05_loss_retention,76,21379306653227631979349654905190283565,20000,0.0,0.04,depolarizing,0.7000000000000001,0.5,0.2,,0.11,0.95,5926,3010,602,2408,52,14,0.01727574750830565,0.023255813953488372,0.013902650181973836,0.03865476126140177,0.024752111079427937,0.2963,0.1505,0.1204,1,1,0.02
05_loss_retention,77,181343693515406235895318915806174582770,20000,0.0,0.04,depolarizing,0.7000000000000001,0.5,0.2,,0.11,0.95,6087,2971,594,2377,54,9,0.018175698418041064,0.015151515151515152,0.007991354171748196,0.02854251028084217,0.02055115610909397,0.30435,0.14855,0.11885,1,1,0.02
05_loss_retention,78,33195094103910439543376201059256300069,20000,0.0,0.04,depolarizing,0.7000000000000001,0.5,0.2,,0.11,0.95,5973,2994,598,2396,58,7,0.019372077488309953,0.011705685618729096,0.005681559772154739,0.023963222186958528,0.01828166241480379,0.29865,0.1497,0.1198,1,1,0.02
05_loss_retention,79,131534413384084923882848045389966343399,20000,0.0,0.04,depolarizing,0.7000000000000001,0.5,0.2,,0.11,0.95,6101,3001,600,2401,63,13,0.020993002332555816,0.021666666666666667,0.012705084440711785,0.036714276195728555,0.02400919175501677,0.30505,0.15005,0.12005,1,1,0.02
05_loss_retention,80,241855199245852670738391004815497264233,20000,0.0,0.04,depolarizing,0.7000000000000001,0.5,0.2,,0.11,0.95,5954,3006,601,2405,67,7,0.022288755821689953,0.011647254575707155,0.005653143265458061,0.023844601243460006,0.018191457978001944,0.2977,0.1503,0.12025,1,1,0.02
05_loss_retention,81,19131219316330196946945059216431101287,20000,0.0,0.04,depolarizing,0.7000000000000001,0.5,0.2,,0.11,0.95,5969,3006,601,2405,57,8,0.018962075848303395,0.013311148086522463,0.006760062252665719,0.02604433389335995,0.019284271640694232,0.29845,0.1503,0.12025,1,1,0.02
05_loss_retention,82,312180037681031294552038793957459536439,20000,0.0,0.04,depolarizing,0.7000000000000001,0.5,0.2,,0.11,0.95,5929,3058,611,2447,64,6,0.020928711576193592,0.009819967266775777,0.004508131551492418,0.02125698007757546,0.016748848526083042,0.29645,0.1529,0.12235,1,1,0.02
05_loss_retention,83,154285003170202773839539937704627047665,20000,0.0,0.04,depolarizing,0.7000000000000001,0.5,0.2,,0.11,0.95,5973,2977,595,2382,58,9,0.01948270070540813,0.015126050420168067,0.007977889823012063,0.028494967055846622,0.02051707723283456,0.29865,0.14885,0.1191,1,1,0.02
05_loss_retention,84,327603130200375307339521892114295966202,20000,0.0,0.04,depolarizing,0.7000000000000001,0.5,0.2,,0.11,0.95,6060,3076,615,2461,60,12,0.01950585175552666,0.01951219512195122,0.011196386353052964,0.03379326071059186,0.022596874357538897,0.303,0.1538,0.12305,1,1,0.02
05_loss_retention,85,321342773126951145956854812464264261622,20000,0.0,0.04,depolarizing,0.7000000000000001,0.5,0.2,,0.11,0.95,5942,2953,590,2363,46,10,0.015577378936674569,0.01694915254237288,0.00923201402606296,0.03091583767166242,0.02168382364559946,0.2971,0.14765,0.11815,1,1,0.02
05_loss_retention,86,334853306581852430095966132324623092444,20000,0.0,0.04,depolarizing,0.7000000000000001,0.5,0.2,,0.11,0.95,6079,2999,599,2400,54,10,0.01800600200066689,0.01669449081803005,0.009092926376989146,0.030455546064395145,0.021362619687406,0.30395,0.14995,0.12,1,1,0.02
05_loss_retention,87,157329887448636404256992418968193580608,20000,0.0,0.04,depolarizing,0.7000000000000001,0.5,0.2,,0.11,0.95,6021,3046,609,2437,69,15,0.022652659225213395,0.024630541871921183,0.014982257423692929,0.04023831933985711,0.025256061916164183,0.30105,0.1523,0.12185,1,1,0.02
05_loss_retention,88,181192590445507031187454359376706145699,20000,0.0,0.04,depolarizing,0.7000000000000001,0.5,0.2,,0.11,0.95,5973,2994,598,2396,77,16,0.02571810287241149,0.026755852842809364,0.01653514588532344,0.043017844849022636,0.026482698963699196,0.29865,0.1497,0.1198,1,1,0.02
05_loss_retention,89,340081110206137438679232125258548710271,20000,0.0,0.04,depolarizing,0.7000000000000001,0.5,0.2,,0.11,0.95,6047,2974,594,2380,77,11,0.02589105581708137,0.018518518518518517,0.010371323735552933,0.03285327776945,0.022481954033897064,0.30235,0.1487,0.119,1,1,0.02
05_loss_retention,90,285409586088254731067486405124382921358,20000,0.0,0.04,depolarizing,0.7000000000000001,0.5,0.2,,0.11,0.95,6082,3014,602,2412,53,10,0.017584605175846053,0.016611295681063124,0.009047490501569453,0.030305146188403728,0.021257655686834277,0.3041,0.1507,0.1206,1,1,0.02
05_loss_retention,91,51323062201529313860659265181192786122,20000,0.0,0.04,depolarizing,0.7000000000000001,0.5,0.2,,0.11,0.95,5991,3052,610,2442,56,13,0.01834862385321101,0.021311475409836064,0.012496114792458159,0.03611816238266981,0.02362204759021165,0.29955,0.1526,0.1221,1,1,0.02
05_loss_retention,92,219065147573122257688116446235531693188,20000,0.0,0.04,depolarizing,0.7000000000000001,0.5,0.2,,0.11,0.95,6024,3016,603,2413,54,11,0.01790450928381963,0.01824212271973466,0.01021607590772607,0.03236746621036379,0.022151390302637724,0.3012,0.1508,0.12065,1,1,0.02
05_loss_retention,93,168270918913613743427394896456504892712,20000,0.0,0.04,depolarizing,0.7000000000000001,0.5,0.2,,0.11,0.95,5946,2941,588,2353,50,11,0.017001020061203673,0.01870748299319728,0.01047747049703937,0.03318533553920204,0.02270786504216267,0.2973,0.14705,0.11765,1,1,0.02
05_loss_retention,94,319035843872768857214275006929610713506,20000,0.0,0.04,depolarizing,0.7000000000000001,0.5,0.2,,0.11,0.95,5966,3021,604,2417,57,11,0.018867924528301886,0.018211920529801324,0.01019911257709098,0.03231437255245337,0.022115259975362386,0.2983,0.15105,0.12085,1,1,0.02
05_loss_retention,95,256006446314832900680360530425734199212,20000,0.0,0.04,depolarizing,0.7000000000000001,0.5,0.2,,0.11,0.95,6022,2989,597,2392,49,9,0.01639344262295082,0.01507537688442211,0.00795109678318978,0.02840035416955173,0.020449257386361948,0.3011,0.14945,0.1196,1,1,0.02
05_loss_retention,96,62439392242733220036588997146190357836,20000,0.0,0.04,depolarizing,0.7000000000000001,0.5,0.2,,0.11,0.95,6021,3006,601,2405,62,9,0.020625415834996674,0.014975041597337771,0.007898046998274075,0.0282130007848592,0.020314953786585127,0.30105,0.1503,0.12025,1,1,0.02
05_loss_retention,97,95282239670019575919683074944102037025,20000,0.0,0.04,depolarizing,0.7000000000000001,0.5,0.2,,0.11,0.95,6008,3012,602,2410,45,10,0.014940239043824702,0.016611295681063124,0.009047490501569453,0.030305146188403728,0.021257655686834277,0.3004,0.1506,0.1205,1,1,0.02
05_loss_retention,98,243907839863652798747064732464582848823,20000,0.0,0.04,depolarizing,0.7000000000000001,0.5,0.2,,0.11,0.95,6044,3022,604,2418,61,18,0.02018530774321641,0.029801324503311258,0.018932490770395695,0.04661331602269914,0.027680825252303448,0.3022,0.1511,0.1209,1,1,0.02
05_loss_retention,99,325271919284754352725166004112209001713,20000,0.0,0.04,depolarizing,0.7000000000000001,0.5,0.2,,0.11,0.95,5987,3021,604,2417,51,6,0.016881827209533268,0.009933774834437087,0.0045604669936656055,0.02150135980477126,0.016940892811105654,0.29935,0.15105,0.12085,1,1,0.02
05_loss_retention,100,32406707071342255018085597450424642741,20000,0.0,0.04,depolarizing,0.7000000000000001,0.5,0.2,,0.11,0.95,6061,2994,598,2396,77,16,0.02571810287241149,0.026755852842809364,0.01653514588532344,0.043017844849022636,0.026482698963699196,0.30305,0.1497,0.1198,1,1,0.02
05_loss_retention,101,203494767928309124331289348076433348478,20000,0.0,0.04,depolarizing,0.7000000000000001,0.5,0.2,,0.11,0.95,5979,2947,589,2358,66,13,0.022395656599932135,0.022071307300509338,0.012943174889293554,0.03739314754007238,0.024449972650778824,0.29895,0.14735,0.1179,1,1,0.02
05_loss_retention,102,170616889880448280913057306125705237728,20000,0.0,0.04,depolarizing,0.7000000000000001,0.5,0.2,,0.11,0.95,6132,3062,612,2450,65,9,0.021227955584585238,0.014705882352941176,0.00775574444858518,0.027710297189013286,0.019954552740428108,0.3066,0.1531,0.1225,1,1,0.02
05_loss_retention,103,39855660641195093052215999959046859520,20000,0.0,0.04,depolarizing,0.7000000000000001,0.5,0.2,,0.11,0.95,5971,2959,591,2368,59,10,0.019939168638053395,0.01692047377326565,0.009216350071765064,0.03086400826095964,0.021647658189194577,0.29855,0.14795,0.1184,1,1,0.02
05_loss_retention,104,293709869472152849181573309833688969649,20000,0.0,0.04,depolarizing,0.7000000000000001,0.5,0.2,,0.11,0.95,5945,3004,600,2404,62,17,0.020639147802929428,0.028333333333333332,0.017763940161484776,0.04490393112810623,0.027139990966621452,0.29725,0.1502,0.1202,1,1,0.02
05_loss_retention,105,180823353401333024371791999970994266610,20000,0.0,0.04,depolarizing,0.7000000000000001,0.5,0.2,,0.11,0.95,6047,3051,610,2441,57,13,0.018682399213372666,0.021311475409836064,0.012496114792458159,0.03611816238266981,0.02362204759021165,0.30235,0.15255,0.12205,1,1,0.02
05_loss_retention,106,47642895363816903767889406582420743253,20000,0.0,0.04,depolarizing,0.7000000000000001,0.5,0.2,,0.11,0.95,6051,2973,594,2379,72,20,0.024217961654894045,0.03367003367003367,0.021900196381680285,0.0514327218591792,0.029532525477498916,0.30255,0.14865,0.11895,1,1,0.02
05_loss_retention,107,301037887048775642020491147311007827501,20000,0.0,0.04,depolarizing,0.7000000000000001,0.5,0.2,,0.11,0.95,5962,2965,593,2372,63,10,0.021247892074198988,0.016863406408094434,0.009185181087720333,0.030760869020465403,0.021575687932745072,0.2981,0.14825,0.1186,1,1,0.02
05_loss_retention,108,139308889091322805095280889463611089509,20000,0.0,0.04,depolarizing,0.7000000000000001,0.5,0.2,,0.11,0.95,6026,3012,602,2410,83,18,0.02755644090305445,0.029900332225913623,0.01899566220370753,0.046766523993070505,0.027770861789362975,0.3013,0.1506,0.1205,1,1,0.02
05_loss_retention,109,276436968421275753194824428447689213604,20000,0.0,0.04,depolarizing,0.7000000000000001,0.5,0.2,,0.11,0.95,6010,2986,597,2389,52,11,0.017414601473543203,0.018425460636515914,0.010319052825993486,0.03268972834469109,0.022370675518697605,0.3005,0.1493,0.11945,1,1,0.02
05_loss_retention,110,325939105517755748656711776050274099724,20000,0.0,0.04,depolarizing,0.7000000000000001,0.5,0.2,,0.11,0.95,5874,2909,581,2328,78,10,0.026813337916809902,0.01721170395869191,0.009375422858328928,0.03139025553384478,0.02201483267551585,0.2937,0.14545,0.1164,1,1,0.02
05_loss_retention,111,110727772247766052647427977768043661641,20000,0.0,0.04,depolarizing,0.7000000000000001,0.5,0.2,,0.11,0.95,5956,2893,578,2315,56,16,0.01935706878672658,0.02768166089965398,0.017109656200137047,0.044490386693573934,0.027380730493436888,0.2978,0.14465,0.11575,1,1,0.02
05_loss_retention,112,242054891971648401888131905166690995321,20000,0.0,0.04,depolarizing,0.7000000000000001,0.5,0.2,,0.11,0.95,6074,3075,615,2460,61,11,0.01983739837398374,0.01788617886178862,0.010016167315003698,0.03174163422262978,0.021725466907626084,0.3037,0.15375,0.123,1,1,0.02
05_loss_retention,113,101075143725001554481892234442591528834,20000,0.0,0.04,depolarizing,0.7000000000000001,0.5,0.2,,0.11,0.95,5960,2974,594,2380,62,7,0.020847343644922665,0.011784511784511785,0.005719895841289277,0.024123231558888524,0.018403335717599247,0.298,0.1487,0.119,1,1,0.02
05_loss_retention,114,136721456140426711048770646376773864756,20000,0.0,0.04,depolarizing,0.7000000000000001,0.5,0.2,,0.11,0.95,5990,3001,600,2401,60,10,0.019993335554815063,0.016666666666666666,0.009077730463651758,0.030405247182925598,0.02132751671927384,0.2995,0.15005,0.12005,1,1,0.02
05_loss_retention,115,201255785254682557800498001974007733975,20000,0.0,0.04,depolarizing,0.7000000000000001,0.5,0.2,,0.11,0.95,5968,3012,602,2410,71,14,0.02357237715803453,0.023255813953488372,0.013902650181973836,0.03865476126140177,0.024752111079427937,0.2984,0.1506,0.1205,1,1,0.02
05_loss_retention,116,71143709568016322328110103513750406454,20000,0.0,0.04,depolarizing,0.7000000000000001,0.5,0.2,,0.11,0.95,5941,2921,584,2337,53,13,0.01814447107155084,0.02226027397260274,0.013054373143358498,0.037710094678562324,0.024655721535203824,0.29705,0.14605,0.11685,1,1,0.02
05_loss_retention,117,313840341227519201856473002330149223867,20000,0.0,0.04,depolarizing,0.7000000000000001,0.5,0.2,,0.11,0.95,5991,2987,597,2390,63,12,0.02109139604954804,0.020100502512562814,0.011535035692942208,0.03480241058671389,0.023267374893771682,0.29955,0.14935,0.1195,1,1,0.02
05_loss_retention,118,338513999535694773704165064717328263314,20000,0.0,0.04,depolarizing,0.7000000000000001,0.5,0.2,,0.11,0.95,6053,3001,600,2401,63,9,0.020993002332555816,0.015,0.007911242967693504,0.02825960701559618,0.020348364047902676,0.30265,0.15005,0.12005,1,1,0.02
05_loss_retention,119,283134412952404802444948134868285488273,20000,0.0,0.04,depolarizing,0.7000000000000001,0.5,0.2,,0.11,0.95,6090,3068,613,2455,69,10,0.022490221642764017,0.01631321370309951,0.008884707266263517,0.029766162385519164,0.020881455119255647,0.3045,0.1534,0.12275,1,1,0.02
05_loss_retention,120,145436656272032445193363940877674066915,20000,0.0,0.04,depolarizing,0.7000000000000001,0.5,0.2,,0.11,0.95,6100,3029,605,2424,63,17,0.02079894354572466,0.02809917355371901,0.017616524542762368,0.04453669822559474,0.02692017368283237,0.305,0.15145,0.1212,1,1,0.02
05_loss_retention,121,212819028351674601782453684969155767356,20000,0.0,0.04,depolarizing,0.7000000000000001,0.5,0.2,,0.11,0.95,5988,2970,594,2376,66,12,0.022222222222222223,0.020202020202020204,0.01159347904420812,0.034976490987001105,0.023383011942792985,0.2994,0.1485,0.1188,1,1,0.02
05_loss_retention,122,38707430656518807423391099353061230804,20000,0.0,0.04,depolarizing,0.7000000000000001,0.5,0.2,,0.11,0.95,6071,3053,610,2443,59,19,0.019325253848673438,0.03114754098360656,0.020029571291295907,0.048133727585713,0.028104156294417093,0.30355,0.15265,0.12215,1,1,0.02
05_loss_retention,123,158632737838439554947795321541266369455,20000,0.0,0.04,depolarizing,0.7000000000000001,0.5,0.2,,0.11,0.95,5986,3034,606,2428,56,12,0.01845748187211602,0.019801980198019802,0.011363188412741082,0.03429041289297153,0.02292722448023045,0.2993,0.1517,0.1214,1,1,0.02
05_loss_retention,124,299003508396040295305266511469238516320,20000,0.0,0.04,depolarizing,0.7000000000000001,0.5,0.2,,0.11,0.95,5888,2918,583,2335,62,12,0.021247429746401644,0.02058319039451115,0.011812934072606114,0.03562996281583768,0.02381702874323157,0.2944,0.1459,0.11675,1,1,0.02
05_loss_retention,125,101186475892755995500216842230985067458,20000,0.0,0.04,depolarizing,0.7000000000000001,0.5,0.2,,0.11,0.95,5966,2966,593,2373,62,15,0.020903573836817263,0.025295109612141653,0.015388044565593595,0.04131287377805138,0.025924829212457784,0.2983,0.1483,0.11865,1,1,0.02
05_loss_retention,126,193087368504916079793254242202349271895,20000,0.0,0.04,depolarizing,0.7000000000000001,0.5,0.2,,0.11,0.95,5918,3012,602,2410,59,16,0.019588313413014608,0.026578073089700997,0.016424842889823293,0.04273495593025353,0.02631011304043024,0.2959,0.1506,0.1205,1,1,0.02
05_loss_retention,127,274605624268342288030158593546689071350,20000,0.0,0.04,depolarizing,0.7000000000000001,0.5,0.2,,0.11,0.95,5970,2973,594,2379,59,9,0.01984527413387151,0.015151515151515152,0.007991354171748196,0.02854251028084217,0.02055115610909397,0.2985,0.14865,0.11895,1,1,0.02
05_loss_retention,128,191479512071776550577272486576535526630,20000,0.0,0.04,depolarizing,0.7000000000000001,0.5,0.2,,0.11,0.95,5949,2998,599,2399,64,19,0.02134756504336224,0.03171953255425709,0.02039906414108505,0.049008005011966047,0.028608940870880995,0.29745,0.1499,0.11995,1,1,0.02
05_loss_retention,129,278360186647039713922991740996080292804,20000,0.0,0.04,depolarizing,0.7000000000000001,0.5,0.2,,0.11,0.95,6038,3046,609,2437,59,8,0.019369665134602757,0.013136288998357963,0.006671065023275706,0.025705104269962926,0.019034039246687222,0.3019,0.1523,0.12185,1,1,0.02
05_loss_retention,130,100268023364396711334226645133694599858,20000,0.0,0.04,depolarizing,0.7000000000000001,0.5,0.2,,0.11,0.95,6071,2984,596,2388,58,14,0.01943699731903485,0.02348993288590604,0.014043113265853766,0.039040011203894234,0.02499689793804047,0.30355,0.1492,0.1194,1,1,0.02
05_loss_retention,131,286507231238829382261323021190194358367,20000,0.0,0.04,depolarizing,0.7000000000000001,0.5,0.2,,0.11,0.95,6027,2991,598,2393,56,9,0.018722835172183216,0.015050167224080268,0.007937767637265343,0.02835328293856633,0.020415515301300986,0.30135,0.14955,0.11965,1,1,0.02
05_loss_retention,132,81770839380850630750597598038886270515,20000,0.0,0.04,depolarizing,0.7000000000000001,0.5,0.2,,0.11,0.95,5998,3009,601,2408,54,12,0.01794616151545364,0.019966722129783693,0.01145802170175496,0.034572980992701126,0.023114959290946167,0.2999,0.15045,0.1204,1,1,0.02
05_loss_retention,133,125571274787419236304975595794266744648,20000,0.0,0.04,depolarizing,0.7000000000000001,0.5,0.2,,0.11,0.95,5945,2862,572,2290,51,14,0.01781970649895178,0.024475524475524476,0.01463454450412098,0.04066098577239726,0.02602644126827628,0.29725,0.1431,0.1145,1,1,0.02
05_loss_retention,134,89238499427676225142027076992144068281,20000,0.0,0.04,depolarizing,0.7000000000000001,0.5,0.2,,0.11,0.95,6011,3056,611,2445,52,9,0.017015706806282723,0.014729950900163666,0.007768468799849132,0.02775525606832658,0.019986787268477448,0.30055,0.1528,0.12225,1,1,0.02
05_loss_retention,135,16377174183022731445278299962644720052,20000,0.0,0.04,depolarizing,0.7000000000000001,0.5,0.2,,0.11,0.95,5942,2945,589,2356,61,16,0.02071307300509338,0.027164685908319185,0.01678882762994399,0.0436682444715779,0.026879416841633908,0.2971,0.14725,0.1178,1,1,0.02
05_loss_retention,136,150717827809147770107075698282991706298,20000,0.0,0.04,depolarizing,0.7000000000000001,0.5,0.2,,0.11,0.95,5976,2944,588,2356,57,7,0.01936141304347826,0.011904761904761904,0.005778379884175714,0.024367292668479,0.018588912784303288,0.2988,0.1472,0.1178,1,1,0.02
05_loss_retention,137,157903616967690349518096046673414653941,20000,0.0,0.04,depolarizing,0.7000000000000001,0.5,0.2,,0.11,0.95,5882,2979,595,2384,53,12,0.01779120510238335,0.020168067226890758,0.01157393223512476,0.03491827101934371,0.023344338784218946,0.2941,0.14895,0.1192,1,1,0.02
05_loss_retention,138,339949343588901229852194399733699114313,20000,0.0,0.04,depolarizing,0.7000000000000001,0.5,0.2,,0.11,0.95,5982,2926,585,2341,56,10,0.019138755980861243,0.017094017094017096,0.009311139317365788,0.0311776178235508,0.021866478506185012,0.2991,0.1463,0.11705,1,1,0.02
05_loss_retention,139,312043654518207419478297780948107677814,20000,0.0,0.04,depolarizing,0.7000000000000001,0.5,0.2,,0.11,0.95,6032,3026,605,2421,49,6,0.016192994051553205,0.009917355371900827,0.004552916228696283,0.021466104965061628,0.016913188736365346,0.3016,0.1513,0.12105,1,1,0.02
05_loss_retention,140,134282823794850084300371182316863348414,20000,0.0,0.04,depolarizing,0.7000000000000001,0.5,0.2,,0.11,0.95,6026,2964,592,2372,59,9,0.0199055330634278,0.015202702702702704,0.008018419675519998,0.028638074258157155,0.020619654582637155,0.3013,0.1482,0.1186,1,1,0.02
05_loss_retention,141,125185393183838569553677916691590936427,20000,0.0,0.04,depolarizing,0.7000000000000001,0.5,0.2,,0.11,0.95,5993,2987,597,2390,52,8,0.017408771342484097,0.01340033500837521,0.006805457322611697,0.02621732852115828,0.019411871198546586,0.29965,0.14935,0.1195,1,1,0.02
05_loss_retention,142,9860420369938407698516293608631493578,20000,0.0,0.04,depolarizing,0.7000000000000001,0.5,0.2,,0.11,0.95,6034,2966,593,2373,61,18,0.020566419420094403,0.03035413153456998,0.019285230207019353,0.04746860907790116,0.028183378870881806,0.3017,0.1483,0.11865,1,1,0.02
05_loss_retention,143,138967200828577495581936425902171351428,20000,0.0,0.04,depolarizing,0.7000000000000001,0.5,0.2,,0.11,0.95,5977,3009,601,2408,53,7,0.017613825191093387,0.011647254575707155,0.005653143265458061,0.023844601243460006,0.018191457978001944,0.29885,0.15045,0.1204,1,1,0.02
05_loss_retention,144,17245852753667665789854907473214466583,20000,0.0,0.04,depolarizing,0.7000000000000001,0.5,0.2,,0.11,0.95,6007,3065,613,2452,72,12,0.023491027732463296,0.01957585644371941,0.011233028886438129,0.033902489199396604,0.022669460312958474,0.30035,0.15325,0.1226,1,1,0.02
05_loss_retention,145,333607130947598983653681043542403644678,20000,0.0,0.04,depolarizing,0.7000000000000001,0.5,0.2,,0.11,0.95,5990,3004,600,2404,62,12,0.020639147802929428,0.02,0.01147717862704353,0.03463005434610916,0.023152875719065633,0.2995,0.1502,0.1202,1,1,0.02
05_loss_retention,146,64472099062690445608804185898729948623,20000,0.0,0.04,depolarizing,0.7000000000000001,0.5,0.2,,0.11,0.95,6086,3073,614,2459,60,10,0.019524894240156198,0.016286644951140065,0.008870198779397482,0.029718112963556045,0.020847914184158566,0.3043,0.15365,0.12295,1,1,0.02
05_loss_retention,147,323612878725738676713050197892230146829,20000,0.0,0.04,depolarizing,0.7000000000000001,0.5,0.2,,0.11,0.95,5984,2991,598,2393,69,12,0.023069207622868605,0.020066889632107024,0.011515685298620524,0.03474476820228875,0.02322908290366823,0.2992,0.14955,0.11965,1,1,0.02
05_loss_retention,148,331657369265397650721194570063926558807,20000,0.0,0.04,depolarizing,0.7000000000000001,0.5,0.2,,0.11,0.95,5978,2951,590,2361,54,12,0.018298881735005084,0.020338983050847456,0.011672331019691694,0.035211325227523335,0.02353899420783164,0.2989,0.14755,0.11805,1,1,0.02
05_loss_retention,149,197640707362787547417188824447693924627,20000,0.0,0.04,depolarizing,0.7000000000000001,0.5,0.2,,0.11,0.95,6047,2950,590,2360,59,7,0.02,0.011864406779661017,0.0057587527694332175,0.0242853921040577,0.018526639334624482,0.30235,0.1475,0.118,1,1,0.02
05_loss_retention,0,261305952506040643248406736262463717706,20000,0.0,0.04,depolarizing,0.8,0.5,0.2,,0.11,0.95,4008,2006,401,1605,43,11,0.02143569292123629,0.02743142144638404,0.0153850034863584,0.048446054962967576,0.03306105147660918,0.2004,0.1003,0.08025,1,1,0.02
05_loss_retention,1,291642704660937166855812583279652813229,20000,0.0,0.04,depolarizing,0.8,0.5,0.2,,0.11,0.95,3931,1902,380,1522,29,6,0.015247108307045216,0.015789473684210527,0.007256028390885547,0.034014810015588495,0.026758781624702948,0.19655,0.0951,0.0761,1,1,0.02
05_loss_retention,2,84596424743398861217415864979649484102,20000,0.0,0.04,depolarizing,0.8,0.5,0.2,,0.11,0.95,3903,2001,400,1601,41,10,0.02048975512243878,0.025,0.013635091745936023,0.04540158787164566,0.031766496125709635,0.19515,0.10005,0.08005,1,1,0.02
05_loss_retention,3,54323667154689137902265825553887718513,20000,0.0,0.04,depolarizing,0.8,0.5,0.2,,0.11,0.95,3926,1953,390,1563,31,3,0.015873015873015872,0.007692307692307693,0.0026194582470714205,0.02236891867536601,0.01974946042829459,0.1963,0.09765,0.07815,1,1,0.02
05_loss_retention,4,175455406055391013719467658695011572640,20000,0.0,0.04,depolarizing,0.8,0.5,0.2,,0.11,0.95,3972,1985,397,1588,44,11,0.02216624685138539,0.027707808564231738,0.015540707565857678,0.048927321506588184,0.0333866139407305,0.1986,0.09925,0.0794,1,1,0.02
05_loss_retention,5,315631470495711377935158036983679821772,20000,0.0,0.04,depolarizing,0.8,0.5,0.2,,0.11,0.95,3980,1915,383,1532,34,6,0.017754569190600523,0.015665796344647518,0.0071990396344130785,0.03375173867406403,0.02655269903965095,0.199,0.09575,0.0766,1,1,0.02
05_loss_retention,6,213390186964680081274783051611542426164,20000,0.0,0.04,depolarizing,0.8,0.5,0.2,,0.11,0.95,4008,2009,401,1608,45,7,0.022399203583872575,0.017456359102244388,0.008481025441984771,0.0355892110221027,0.027108185580117926,0.2004,0.10045,0.0804,1,1,0.02
05_loss_retention,7,245225621889892966187073109918006235428,20000,0.0,0.04,depolarizing,0.8,0.5,0.2,,0.11,0.95,4036,2035,407,1628,39,11,0.019164619164619166,0.02702702702702703,0.015157210970543213,0.047741647618049866,0.032584436647506654,0.2018,0.10175,0.0814,1,1,0.02
05_loss_retention,8,132817097871784799206311077378770414324,20000,0.0,0.04,depolarizing,0.8,0.5,0.2,,0.11,0.95,3910,1955,391,1564,40,10,0.020460358056265986,0.02557544757033248,0.013950254196738829,0.04643210507197474,0.03248185087523591,0.1955,0.09775,0.0782,1,1,0.02
05_loss_retention,9,138949687500428373766499518777965819181,20000,0.0,0.04,depolarizing,0.8,0.5,0.2,,0.11,0.95,3983,2028,405,1623,36,6,0.01775147928994083,0.014814814814814815,0.006806985352767546,0.031940207425550274,0.025133222072782728,0.19915,0.1014,0.08115,1,1,0.02
05_loss_retention,10,151404501139452762050433762965750228708,20000,0.0,0.04,depolarizing,0.8,0.5,0.2,,0.11,0.95,4087,2011,402,1609,43,9,0.02138239681750373,0.022388059701492536,0.011822251940591414,0.04199546023736513,0.030173208296773717,0.20435,0.10055,0.08045,1,1,0.02
05_loss_retention,11,119339587721369350671229456025997804754,20000,0.0,0.04,depolarizing,0.8,0.5,0.2,,0.11,0.95,4007,1980,396,1584,35,6,0.017676767676767676,0.015151515151515152,0.00696209225169247,0.0326572580463418,0.02569516579464933,0.20035,0.099,0.0792,1,1,0.02
05_loss_retention,12,282569041978248697224557475992218790436,20000,0.0,0.04,depolarizing,0.8,0.5,0.2,,0.11,0.95,3938,1952,390,1562,44,10,0.022540983606557378,0.02564102564102564,0.013986173928952714,0.04654950175152085,0.03256332782256814,0.1969,0.0976,0.0781,1,1,0.02
05_loss_retention,13,63537319276643250312868641276580665127,20000,0.0,0.04,depolarizing,0.8,0.5,0.2,,0.11,0.95,3983,2007,401,1606,46,6,0.0229197807673144,0.014962593516209476,0.0068750599795800536,0.032254970988197795,0.025379911008617743,0.19915,0.10035,0.0803,1,1,0.02
05_loss_retention,14,300437654033412710303855282366941384507,20000,0.0,0.04,depolarizing,0.8,0.5,0.2,,0.11,0.95,4121,2058,411,1647,33,5,0.016034985422740525,0.012165450121654502,0.005207242444338416,0.02815841695730973,0.022951174512971316,0.20605,0.1029,0.08235,1,1,0.02
05_loss_retention,15,331724918553063879567076452817282444717,20000,0.0,0.04,depolarizing,0.8,0.5,0.2,,0.11,0.95,3936,1926,385,1541,43,12,0.02232606438213915,0.03116883116883117,0.0179181511567358,0.05368290420689151,0.03576475305015571,0.1968,0.0963,0.07705,1,1,0.02
05_loss_retention,16,61857502164366339991486948609254420161,20000,0.0,0.04,depolarizing,0.8,0.5,0.2,,0.11,0.95,3996,2038,407,1631,39,6,0.019136408243375858,0.014742014742014743,0.006773451092675428,0.03178511810860837,0.025011667015932944,0.1998,0.1019,0.08155,1,1,0.02
05_loss_retention,17,87112712292584738104494693212123657126,20000,0.0,0.04,depolarizing,0.8,0.5,0.2,,0.11,0.95,4048,2104,420,1684,44,10,0.02091254752851711,0.023809523809523808,0.01298327807474163,0.043267610847335804,0.030284332772594173,0.2024,0.1052,0.0842,1,1,0.02
05_loss_retention,18,80029916755395730768242121547454349483,20000,0.0,0.04,depolarizing,0.8,0.5,0.2,,0.11,0.95,4014,1946,389,1557,45,9,0.023124357656731757,0.02313624678663239,0.012218854720514366,0.04337980557939887,0.031160950858884505,0.2007,0.0973,0.07785,1,1,0.02
05_loss_retention,19,257952501599302326651494509878459216420,20000,0.0,0.04,depolarizing,0.8,0.5,0.2,,0.11,0.95,3957,1972,394,1578,39,14,0.01977687626774848,0.03553299492385787,0.021282252074487185,0.05875329503787391,0.03747104296338673,0.19785,0.0986,0.0789,1,1,0.02
05_loss_retention,20,82463917199153468786343898803732698244,20000,0.0,0.04,depolarizing,0.8,0.5,0.2,,0.11,0.95,3959,1972,394,1578,34,8,0.017241379310344827,0.02030456852791878,0.01032376345406187,0.039549014711163503,0.029225251257101632,0.19795,0.0986,0.0789,1,1,0.02
05_loss_retention,21,194953798424290422304289214563798017485,20000,0.0,0.04,depolarizing,0.8,0.5,0.2,,0.11,0.95,4013,1969,393,1576,52,12,0.026409344845099034,0.030534351145038167,0.017551636960274734,0.0526059995513726,0.03505436259109787,0.20065,0.09845,0.0788,1,1,0.02
05_loss_retention,22,187760805688750174875905411080328927346,20000,0.0,0.04,depolarizing,0.8,0.5,0.2,,0.11,0.95,3984,1980,396,1584,42,6,0.021212121212121213,0.015151515151515152,0.00696209225169247,0.0326572580463418,0.02569516579464933,0.1992,0.099,0.0792,1,1,0.02
05_loss_retention,23,320952702886526897900487260095560068905,20000,0.0,0.04,depolarizing,0.8,0.5,0.2,,0.11,0.95,4094,2010,402,1608,40,3,0.01990049751243781,0.007462686567164179,0.0025411673338796275,0.02170834834963807,0.01916718101575844,0.2047,0.1005,0.0804,1,1,0.02
05_loss_retention,24,259253461858834832654464641550732705017,20000,0.0,0.04,depolarizing,0.8,0.5,0.2,,0.11,0.95,4071,1977,395,1582,40,7,0.020232675771370764,0.017721518987341773,0.00861023943311932,0.03612297078391344,0.027512731350794118,0.20355,0.09885,0.0791,1,1,0.02
05_loss_retention,25,201498755759485023898578653802636588896,20000,0.0,0.04,depolarizing,0.8,0.5,0.2,,0.11,0.95,3961,1949,389,1560,41,8,0.02103642893791688,0.02056555269922879,0.010456918117580339,0.0400506298389362,0.029593711721355866,0.19805,0.09745,0.078,1,1,0.02
05_loss_retention,26,186645245651453399165606033667194131902,20000,0.0,0.04,depolarizing,0.8,0.5,0.2,,0.11,0.95,3907,1960,392,1568,40,4,0.02040816326530612,0.01020408163265306,0.003975123086119135,0.025939527228612036,0.0219644041424929,0.19535,0.098,0.0784,1,1,0.02
05_loss_retention,27,76867852933078643384452053517795511973,20000,0.0,0.04,depolarizing,0.8,0.5,0.2,,0.11,0.95,4007,2005,401,1604,53,9,0.026433915211970076,0.022443890274314215,0.011851843479526822,0.042098803977179904,0.030246960497653082,0.20035,0.10025,0.0802,1,1,0.02
05_loss_retention,28,29838102781968234732692179108873431737,20000,0.0,0.04,depolarizing,0.8,0.5,0.2,,0.11,0.95,3965,2008,401,1607,37,2,0.018426294820717132,0.004987531172069825,0.0013688282050143864,0.018000380777524964,0.016631552572510578,0.19825,0.1004,0.08035,1,1,0.02
05_loss_retention,29,132672791581983071149141374682563668798,20000,0.0,0.04,depolarizing,0.8,0.5,0.2,,0.11,0.95,3920,2003,400,1603,46,11,0.022965551672491265,0.0275,0.015423636260295418,0.048565481885614784,0.03314184562531937,0.196,0.10015,0.08015,1,1,0.02
05_loss_retention,30,271148756324474126312018143649816896307,20000,0.0,0.04,depolarizing,0.8,0.5,0.2,,0.11,0.95,4012,1992,398,1594,51,12,0.025602409638554216,0.03015075376884422,0.017330083886665088,0.051954600930083195,0.03462451704341811,0.2006,0.0996,0.0797,1,1,0.02
05_loss_retention,31,303183754440159820823081757523275706724,20000,0.0,0.04,depolarizing,0.8,0.5,0.2,,0.11,0.95,4002,1993,398,1595,38,9,0.019066733567486203,0.022613065326633167,0.011941513663228294,0.042411909412612206,0.030470395749383913,0.2001,0.09965,0.07975,1,1,0.02
05_loss_retention,32,61239542545379862821187723580803886482,20000,0.0,0.04,depolarizing,0.8,0.5,0.2,,0.11,0.95,4053,2056,411,1645,56,11,0.027237354085603113,0.0267639902676399,0.015009060239870642,0.047283312596142144,0.0322742523562715,0.20265,0.1028,0.08225,1,1,0.02
05_loss_retention,33,258229686486040659155022673212110982404,20000,0.0,0.04,depolarizing,0.8,0.5,0.2,,0.11,0.95,4005,2013,402,1611,48,8,0.02384500745156483,0.01990049751243781,0.010117628722480362,0.03877205070640304,0.02865442198392268,0.20025,0.10065,0.08055,1,1,0.02
05_loss_retention,34,46044620290389963308787881561427586551,20000,0.0,0.04,depolarizing,0.8,0.5,0.2,,0.11,0.95,4049,2075,415,1660,31,5,0.014939759036144579,0.012048192771084338,0.005156947729212323,0.02789006452135776,0.022733116792145437,0.20245,0.10375,0.083,1,1,0.02
05_loss_retention,35,297510951662220736982561028468244805032,20000,0.0,0.04,depolarizing,0.8,0.5,0.2,,0.11,0.95,3984,1972,394,1578,44,8,0.02231237322515213,0.02030456852791878,0.01032376345406187,0.039549014711163503,0.029225251257101632,0.1992,0.0986,0.0789,1,1,0.02
05_loss_retention,36,70819059451342196652897425844059690308,20000,0.0,0.04,depolarizing,0.8,0.5,0.2,,0.11,0.95,3998,2029,405,1624,45,13,0.022178413011335635,0.03209876543209877,0.018852982002325144,0.05413731332332995,0.03528433132100481,0.1999,0.10145,0.0812,1,1,0.02
05_loss_retention,37,177762194444241108182652654299195071906,20000,0.0,0.04,depolarizing,0.8,0.5,0.2,,0.11,0.95,3991,1984,396,1588,33,7,0.01663306451612903,0.017676767676767676,0.00858843103225665,0.036032901816308686,0.027444470784052037,0.19955,0.0992,0.0794,1,1,0.02
05_loss_retention,38,225531946275031065538530893327360235127,20000,0.0,0.04,depolarizing,0.8,0.5,0.2,,0.11,0.95,4058,2031,406,1625,45,12,0.022156573116691284,0.029556650246305417,0.016987003082889203,0.050945262483427685,0.03395825940053848,0.2029,0.10155,0.08125,1,1,0.02
05_loss_retention,39,197244233322140990203535621680916756134,20000,0.0,0.04,depolarizing,0.8,0.5,0.2,,0.11,0.95,4111,2063,412,1651,41,7,0.019873969946679594,0.01699029126213592,0.008253936156989966,0.034650537272118385,0.02639660111512842,0.20555,0.10315,0.08255,1,1,0.02
05_loss_retention,40,56124040175484765869309268514153773804,20000,0.0,0.04,depolarizing,0.8,0.5,0.2,,0.11,0.95,3955,1926,385,1541,44,14,0.02284527518172378,0.03636363636363636,0.021782552361543788,0.060105471917721975,0.038322919556178184,0.19775,0.0963,0.07705,1,1,0.02
05_loss_retention,41,9584920107171243289156370254641267465,20000,0.0,0.04,depolarizing,0.8,0.5,0.2,,0.11,0.95,3942,1960,392,1568,39,5,0.01989795918367347,0.012755102040816327,0.005460190389321634,0.029506987788353645,0.02404679739903201,0.1971,0.098,0.0784,1,1,0.02
05_loss_retention,42,1647547672907109122196897698414743398,20000,0.0,0.04,depolarizing,0.8,0.5,0.2,,0.11,0.95,3966,2002,400,1602,45,10,0.022477522477522476,0.025,0.013635091745936023,0.04540158787164566,0.031766496125709635,0.1983,0.1001,0.0801,1,1,0.02
05_loss_retention,43,33557505966033116109595081315323980415,20000,0.0,0.04,depolarizing,0.8,0.5,0.2,,0.11,0.95,4076,2029,405,1624,46,10,0.022671266633809757,0.024691358024691357,0.013466078547085172,0.044848601401139665,0.03138252285405449,0.2038,0.10145,0.0812,1,1,0.02
05_loss_retention,44,157055982136746818854092964603801235550,20000,0.0,0.04,depolarizing,0.8,0.5,0.2,,0.11,0.95,3885,1891,378,1513,38,7,0.02009518773135907,0.018518518518518517,0.00899869251178861,0.03772608922301027,0.028727396711221657,0.19425,0.09455,0.07565,1,1,0.02
05_loss_retention,45,240555434295048366080836485980066348363,20000,0.0,0.04,depolarizing,0.8,0.5,0.2,,0.11,0.95,4008,2002,400,1602,37,5,0.01848151848151848,0.0125,0.005350750779971615,0.028923736195967477,0.02357298541599586,0.2004,0.1001,0.0801,1,1,0.02
05_loss_retention,46,48365010069099187540667087538071129454,20000,0.0,0.04,depolarizing,0.8,0.5,0.2,,0.11,0.95,4076,2020,404,1616,33,7,0.016336633663366337,0.017326732673267328,0.008417861968631514,0.03532820267198672,0.026910340703355205,0.2038,0.101,0.0808,1,1,0.02
05_loss_retention,47,16225753047449935741995760120303505203,20000,0.0,0.04,depolarizing,0.8,0.5,0.2,,0.11,0.95,3991,1917,383,1534,40,10,0.020865936358894107,0.02610966057441253,0.014242886567602232,0.04738819840807753,0.0331453118404753,0.19955,0.09585,0.0767,1,1,0.02
05_loss_retention,48,111267625347856170975347192491272202499,20000,0.0,0.04,depolarizing,0.8,0.5,0.2,,0.11,0.95,3996,1978,395,1583,42,9,0.021233569261880688,0.02278481012658228,0.012032551094282765,0.042729706784513426,0.03069715569023066,0.1998,0.0989,0.07915,1,1,0.02
05_loss_retention,49,34016129920174052513081931780687110134,20000,0.0,0.04,depolarizing,0.8,0.5,0.2,,0.11,0.95,4056,2054,410,1644,46,5,0.022395326192794548,0.012195121951219513,0.005219969784433533,0.028226313872446864,0.02300634408801333,0.2028,0.1027,0.0822,1,1,0.02
05_loss_retention,50,192638796272816193336652580146678491872,20000,0.0,0.04,depolarizing,0.8,0.5,0.2,,0.11,0.95,4002,1977,395,1582,28,5,0.014162873039959535,0.012658227848101266,0.005418629904999275,0.02928553265027004,0.023866902745270764,0.2001,0.09885,0.0791,1,1,0.02
05_loss_retention,51,11614743828068275010340632539497279611,20000,0.0,0.04,depolarizing,0.8,0.5,0.2,,0.11,0.95,4022,1988,397,1591,34,9,0.01710261569416499,0.022670025188916875,0.011971706020754643,0.042517315361797314,0.03054560934104267,0.2011,0.0994,0.07955,1,1,0.02
05_loss_retention,52,133856293053251185040169351960849522747,20000,0.0,0.04,depolarizing,0.8,0.5,0.2,,0.11,0.95,4056,2023,404,1619,37,5,0.01828966880869995,0.012376237623762377,0.005297659799866442,0.02864067217039916,0.02334301237053272,0.2028,0.10115,0.08095,1,1,0.02
05_loss_retention,53,254806244832327692818843021638169560155,20000,0.0,0.04,depolarizing,0.8,0.5,0.2,,0.11,0.95,3920,1928,385,1543,37,7,0.019190871369294607,0.01818181818181818,0.008834573762230404,0.037049059312300694,0.028214485550070292,0.196,0.0964,0.07715,1,1,0.02
05_loss_retention,54,2730802589807659466361531168355522991,20000,0.0,0.04,depolarizing,0.8,0.5,0.2,,0.11,0.95,4057,2035,407,1628,35,8,0.0171990171990172,0.019656019656019656,0.009992923258273228,0.03830176169793428,0.028308838439661053,0.20285,0.10175,0.0814,1,1,0.02
05_loss_retention,55,213931503686750127227675120572246995214,20000,0.0,0.04,depolarizing,0.8,0.5,0.2,,0.11,0.95,3975,1960,392,1568,38,4,0.019387755102040816,0.01020408163265306,0.003975123086119135,0.025939527228612036,0.0219644041424929,0.19875,0.098,0.0784,1,1,0.02
05_loss_retention,56,162183575368887195870905465042818413128,20000,0.0,0.04,depolarizing,0.8,0.5,0.2,,0.11,0.95,4043,2049,409,1640,36,11,0.017569546120058566,0.02689486552567237,0.015082771800944209,0.04751137485891832,0.03242860305797411,0.20215,0.10245,0.082,1,1,0.02
05_loss_retention,57,334963745895019864830119029051631683623,20000,0.0,0.04,depolarizing,0.8,0.5,0.2,,0.11,0.95,3997,2031,406,1625,38,8,0.018709995076317085,0.019704433497536946,0.010017617809345259,0.038394904627470416,0.02837728681812516,0.19985,0.10155,0.08125,1,1,0.02
05_loss_retention,58,76699788802306252703514929133405804918,20000,0.0,0.04,depolarizing,0.8,0.5,0.2,,0.11,0.95,4010,1996,399,1597,40,10,0.02004008016032064,0.02506265664160401,0.013669404788679021,0.04551382548381889,0.03184442069513987,0.2005,0.0998,0.07985,1,1,0.02
05_loss_retention,59,258322678338202509830908994535055606730,20000,0.0,0.04,depolarizing,0.8,0.5,0.2,,0.11,0.95,3891,1971,394,1577,32,5,0.016235413495687467,0.012690355329949238,0.005432412922882945,0.029358980768774575,0.02392656784589163,0.19455,0.09855,0.07885,1,1,0.02
05_loss_retention,60,116281949344305717311150551866133151505,20000,0.0,0.04,depolarizing,0.8,0.5,0.2,,0.11,0.95,4023,1986,397,1589,37,3,0.01863041289023162,0.007556675062972292,0.002573212630584765,0.021978785682285465,0.0194055730517007,0.20115,0.0993,0.07945,1,1,0.02
05_loss_retention,61,232381334905200930098532831740745516503,20000,0.0,0.04,depolarizing,0.8,0.5,0.2,,0.11,0.95,4067,2066,413,1653,41,8,0.01984511132623427,0.01937046004842615,0.00984727546604248,0.037752257643808296,0.027904982177765818,0.20335,0.1033,0.08265,1,1,0.02
05_loss_retention,62,53037029085704226391047887044150063774,20000,0.0,0.04,depolarizing,0.8,0.5,0.2,,0.11,0.95,3971,2001,400,1601,32,9,0.015992003998001,0.0225,0.011881583530495034,0.04220265755875813,0.030321074028263093,0.19855,0.10005,0.08005,1,1,0.02
05_loss_retention,63,43219725191440170566959559596286616627,20000,0.0,0.04,depolarizing,0.8,0.5,0.2,,0.11,0.95,3987,2017,403,1614,33,8,0.01636093207734259,0.019851116625310174,0.010092439246397803,0.038677071309896754,0.02858463206349895,0.19935,0.10085,0.0807,1,1,0.02
05_loss_retention,64,296640400743110373504583151854804317918,20000,0.0,0.04,depolarizing,0.8,0.5,0.2,,0.11,0.95,4024,2005,401,1604,42,12,0.020947630922693267,0.029925187032418952,0.017199816733610436,0.05157144721202516,0.034371630478414725,0.2012,0.10025,0.0802,1,1,0.02
05_loss_retention,65,227971896074092962925608092743060153336,20000,0.0,0.04,depolarizing,0.8,0.5,0.2,,0.11,0.95,4047,2020,404,1616,38,6,0.01881188118811881,0.01485148514851485,0.006823877309858157,0.03201832099558375,0.02519444368572559,0.20235,0.101,0.0808,1,1,0.02
05_loss_retention,66,162803011640301398925257567888105839300,20000,0.0,0.04,depolarizing,0.8,0.5,0.2,,0.11,0.95,4074,2052,410,1642,32,7,0.015594541910331383,0.01707317073170732,0.008294316133748153,0.034817504686563444,0.02652318855281529,0.2037,0.1026,0.0821,1,1,0.02
05_loss_retention,67,314065021730750199081671622113272407786,20000,0.0,0.04,depolarizing,0.8,0.5,0.2,,0.11,0.95,3990,2004,400,1604,34,2,0.016966067864271458,0.005,0.0013722529547103846,0.018044918436243153,0.016672665481532768,0.1995,0.1002,0.0802,1,1,0.02
05_loss_retention,68,180312594498961813687680844520947053037,20000,0.0,0.04,depolarizing,0.8,0.5,0.2,,0.11,0.95,4075,2059,411,1648,40,10,0.01942690626517727,0.024330900243309004,0.01326871255735249,0.044202541372932856,0.030933828815580364,0.20375,0.10295,0.0824,1,1,0.02
05_loss_retention,69,5141944286746543652735635322427571958,20000,0.0,0.04,depolarizing,0.8,0.5,0.2,,0.11,0.95,4010,1983,396,1587,38,12,0.019162884518406455,0.030303030303030304,0.017418030491024864,0.05221321511019583,0.03479518461917097,0.2005,0.09915,0.07935,1,1,0.02
05_loss_retention,70,338337492439915572683935940589335747692,20000,0.0,0.04,depolarizing,0.8,0.5,0.2,,0.11,0.95,3964,1931,386,1545,35,5,0.018125323666494046,0.012953367875647668,0.00554525376058927,0.029960099781247446,0.024414846020658174,0.1982,0.09655,0.07725,1,1,0.02
05_loss_retention,71,19584340683764594541331840783650823483,20000,0.0,0.04,depolarizing,0.8,0.5,0.2,,0.11,0.95,4000,1987,397,1590,45,8,0.02264720684448918,0.020151133501259445,0.010245486061230337,0.039254031476374664,0.029008545415144325,0.2,0.09935,0.0795,1,1,0.02
05_loss_retention,72,227249489438854567769568708233353605147,20000,0.0,0.04,depolarizing,0.8,0.5,0.2,,0.11,0.95,3986,1991,398,1593,40,6,0.020090406830738324,0.01507537688442211,0.006927016252139415,0.032495145082793296,0.02556812883065388,0.1993,0.09955,0.07965,1,1,0.02
05_loss_retention,73,136702665587252828083548674367468326972,20000,0.0,0.04,depolarizing,0.8,0.5,0.2,,0.11,0.95,3948,1975,395,1580,33,8,0.016708860759493672,0.020253164556962026,0.01029753842451605,0.039450195623398424,0.029152657198882374,0.1974,0.09875,0.079,1,1,0.02
05_loss_retention,74,93357146369924586481909474535091576336,20000,0.0,0.04,depolarizing,0.8,0.5,0.2,,0.11,0.95,3989,1959,391,1568,38,5,0.019397651863195507,0.01278772378516624,0.005474185921765544,0.029581552302978036,0.02410736638121249,0.19945,0.09795,0.0784,1,1,0.02
05_loss_retention,75,138083287084287285370057746936768122778,20000,0.0,0.04,depolarizing,0.8,0.5,0.2,,0.11,0.95,4093,1995,399,1596,35,7,0.017543859649122806,0.017543859649122806,0.008523663686182622,0.0357653697040857,0.027241706017903076,0.20465,0.09975,0.0798,1,1,0.02
05_loss_retention,76,317680428817198584747703439565457117949,20000,0.0,0.04,depolarizing,0.8,0.5,0.2,,0.11,0.95,3931,1966,393,1573,31,6,0.015768056968463885,0.015267175572519083,0.007015377401983177,0.032903483061262444,0.025888105659279265,0.19655,0.0983,0.07865,1,1,0.02
05_loss_retention,77,200863992438955204089606845687869321627,20000,0.0,0.04,depolarizing,0.8,0.5,0.2,,0.11,0.95,3956,2012,402,1610,46,14,0.02286282306163022,0.03482587064676617,0.020856448849836444,0.05760142707348582,0.036744978223649374,0.1978,0.1006,0.0805,1,1,0.02
05_loss_retention,78,207159513091177666811646036566791484726,20000,0.0,0.04,depolarizing,0.8,0.5,0.2,,0.11,0.95,4059,1996,399,1597,41,13,0.020541082164328657,0.03258145363408521,0.01913793047514053,0.054939496679586954,0.035801566204446425,0.20295,0.0998,0.07985,1,1,0.02
05_loss_retention,79,279214405384389581944766986532014536850,20000,0.0,0.04,depolarizing,0.8,0.5,0.2,,0.11,0.95,4078,2061,412,1649,46,11,0.022319262493934983,0.02669902912621359,0.014972473986800086,0.04717010047890909,0.032197626492109006,0.2039,0.10305,0.08245,1,1,0.02
05_loss_retention,80,222310904644584287711898000033909359076,20000,0.0,0.04,depolarizing,0.8,0.5,0.2,,0.11,0.95,4052,2060,412,1648,43,6,0.02087378640776699,0.014563106796116505,0.006691043408805794,0.031403904761152346,0.02471286135234655,0.2026,0.103,0.0824,1,1,0.02
05_loss_retention,81,245943347785042968021365884247263004511,20000,0.0,0.04,depolarizing,0.8,0.5,0.2,,0.11,0.95,4035,2004,400,1604,41,6,0.020459081836327345,0.015,0.006892291919440893,0.032334633584826716,0.025442341665385823,0.20175,0.1002,0.0802,1,1,0.02
05_loss_retention,82,131765598264784183155332256059844270939,20000,0.0,0.04,depolarizing,0.8,0.5,0.2,,0.11,0.95,4023,2062,412,1650,39,8,0.018913676042677012,0.019417475728155338,0.009871254538371238,0.037842744149887315,0.027971489611516076,0.20115,0.1031,0.0825,1,1,0.02
05_loss_retention,83,64013662378052971220457939019001914064,20000,0.0,0.04,depolarizing,0.8,0.5,0.2,,0.11,0.95,4003,1983,396,1587,44,5,0.022188603126575897,0.012626262626262626,0.005404916650557173,0.02921245109694602,0.023807534446388848,0.20015,0.09915,0.07935,1,1,0.02
05_loss_retention,84,269482290812355843533909427788554430402,20000,0.0,0.04,depolarizing,0.8,0.5,0.2,,0.11,0.95,4013,2039,407,1632,36,8,0.01765571358509073,0.019656019656019656,0.009992923258273228,0.03830176169793428,0.028308838439661053,0.20065,0.10195,0.0816,1,1,0.02
05_loss_retention,85,302368823400724158846226322282674283531,20000,0.0,0.04,depolarizing,0.8,0.5,0.2,,0.11,0.95,3982,1988,397,1591,42,7,0.02112676056338028,0.017632241813602016,0.008566732828172254,0.035943280864485797,0.027376548036313543,0.1991,0.0994,0.07955,1,1,0.02
05_loss_retention,86,78405926293681605623236702287316293386,20000,0.0,0.04,depolarizing,0.8,0.5,0.2,,0.11,0.95,4081,2012,402,1610,40,8,0.019880715705765408,0.01990049751243781,0.010117628722480362,0.03877205070640304,0.02865442198392268,0.20405,0.1006,0.0805,1,1,0.02
05_loss_retention,87,210839399073430121023390689675917754010,20000,0.0,0.04,depolarizing,0.8,0.5,0.2,,0.11,0.95,4044,2015,403,1612,37,7,0.01836228287841191,0.017369727047146403,0.00843881166112845,0.035414779053079784,0.026975967391951336,0.2022,0.10075,0.0806,1,1,0.02
05_loss_retention,88,331782653376683743125781121964535725316,20000,0.0,0.04,depolarizing,0.8,0.5,0.2,,0.11,0.95,4000,1967,393,1574,34,6,0.01728520589730554,0.015267175572519083,0.007015377401983177,0.032903483061262444,0.025888105659279265,0.2,0.09835,0.0787,1,1,0.02
05_loss_retention,89,300729184984440202673132875170859981780,20000,0.0,0.04,depolarizing,0.8,0.5,0.2,,0.11,0.95,4001,2021,404,1617,34,5,0.01682335477486393,0.012376237623762377,0.005297659799866442,0.02864067217039916,0.02334301237053272,0.20005,0.10105,0.08085,1,1,0.02
05_loss_retention,90,117307639628046106526021831897594697366,20000,0.0,0.04,depolarizing,0.8,0.5,0.2,,0.11,0.95,3953,1991,398,1593,39,8,0.019588146659969864,0.020100502512562814,0.010219656722209636,0.039156679106661596,0.02893702238445196,0.19765,0.09955,0.07965,1,1,0.02
05_loss_retention,91,103621646850431796992803862826325544463,20000,0.0,0.04,depolarizing,0.8,0.5,0.2,,0.11,0.95,3976,2014,402,1612,32,8,0.015888778550148957,0.01990049751243781,0.010117628722480362,0.03877205070640304,0.02865442198392268,0.1988,0.1007,0.0806,1,1,0.02
05_loss_retention,92,222198653292640058976337865970643796802,20000,0.0,0.04,depolarizing,0.8,0.5,0.2,,0.11,0.95,4043,2006,401,1605,36,4,0.01794616151545364,0.00997506234413965,0.0038857526948883093,0.025363867280270288,0.02147811458538198,0.20215,0.1003,0.08025,1,1,0.02
05_loss_retention,93,85727969429070035626930370277140417312,20000,0.0,0.04,depolarizing,0.8,0.5,0.2,,0.11,0.95,3977,1949,389,1560,41,6,0.02103642893791688,0.015424164524421594,0.007087706146932516,0.033237617122790636,0.026149910975858122,0.19885,0.09745,0.078,1,1,0.02
05_loss_retention,94,119100918901269731374395814534336981251,20000,0.0,0.04,depolarizing,0.8,0.5,0.2,,0.11,0.95,3938,1992,398,1594,33,3,0.016566265060240965,0.007537688442211055,0.002566739076822599,0.021924160517202335,0.019357421440379736,0.1969,0.0996,0.0797,1,1,0.02
05_loss_retention,95,177785923306236769598342822057006303418,20000,0.0,0.04,depolarizing,0.8,0.5,0.2,,0.11,0.95,4078,2086,417,1669,38,7,0.01821668264621285,0.016786570743405275,0.00815468567269309,0.034240041478691835,0.026085355805998744,0.2039,0.1043,0.08345,1,1,0.02
05_loss_retention,96,119916297114503552680455837630042215228,20000,0.0,0.04,depolarizing,0.8,0.5,0.2,,0.11,0.95,4035,2013,402,1611,41,8,0.02036761053154496,0.01990049751243781,0.010117628722480362,0.03877205070640304,0.02865442198392268,0.20175,0.10065,0.08055,1,1,0.02
05_loss_retention,97,101228988065129585207403875407883021098,20000,0.0,0.04,depolarizing,0.8,0.5,0.2,,0.11,0.95,3962,1971,394,1577,34,7,0.017250126839167934,0.017766497461928935,0.008632158872377602,0.036213491134991824,0.027581332262614222,0.1981,0.09855,0.07885,1,1,0.02
05_loss_retention,98,24384496798423119136501628733884036617,20000,0.0,0.04,depolarizing,0.8,0.5,0.2,,0.11,0.95,3987,1995,399,1596,41,9,0.02055137844611529,0.022556390977443608,0.011911473214343746,0.04230702476407763,0.030395551549733887,0.19935,0.09975,0.0798,1,1,0.02
05_loss_retention,99,16179458865434200788006259235165286075,20000,0.0,0.04,depolarizing,0.8,0.5,0.2,,0.11,0.95,3976,2008,401,1607,36,6,0.017928286852589643,0.014962593516209476,0.0068750599795800536,0.032254970988197795,0.025379911008617743,0.1988,0.1004,0.08035,1,1,0.02
05_loss_retention,100,53088305623756612274907738033759110350,20000,0.0,0.04,depolarizing,0.8,0.5,0.2,,0.11,0.95,4057,2079,415,1664,39,9,0.01875901875901876,0.021686746987951807,0.011450586277537133,0.04069673190388589,0.02924614562634876,0.20285,0.10395,0.0832,1,1,0.02
05_loss_retention,101,178113131074606440804732840724033205226,20000,0.0,0.04,depolarizing,0.8,0.5,0.2,,0.11,0.95,4062,2001,400,1601,38,6,0.01899050474762619,0.015,0.006892291919440893,0.032334633584826716,0.025442341665385823,0.2031,0.10005,0.08005,1,1,0.02
05_loss_retention,102,106661544909356369606975547501294089002,20000,0.0,0.04,depolarizing,0.8,0.5,0.2,,0.11,0.95,4019,2023,404,1619,36,7,0.017795353435491844,0.017326732673267328,0.008417861968631514,0.03532820267198672,0.026910340703355205,0.20095,0.10115,0.08095,1,1,0.02
05_loss_retention,103,283749893934338797682040215727583312035,20000,0.0,0.04,depolarizing,0.8,0.5,0.2,,0.11,0.95,4042,2060,412,1648,46,11,0.02233009708737864,0.02669902912621359,0.014972473986800086,0.04717010047890909,0.032197626492109006,0.2021,0.103,0.0824,1,1,0.02
05_loss_retention,104,287840784100893191391053924309306324905,20000,0.0,0.04,depolarizing,0.8,0.5,0.2,,0.11,0.95,4019,2023,404,1619,38,7,0.018783984181908058,0.017326732673267328,0.008417861968631514,0.03532820267198672,0.026910340703355205,0.20095,0.10115,0.08095,1,1,0.02
05_loss_retention,105,52478261625307512892908317484260916424,20000,0.0,0.04,depolarizing,0.8,0.5,0.2,,0.11,0.95,4131,2125,425,1700,44,7,0.020705882352941178,0.01647058823529412,0.008000755983108834,0.03360310123199764,0.025602345248888804,0.20655,0.10625,0.085,1,1,0.02
05_loss_retention,106,166807064658981023512954405810380546003,20000,0.0,0.04,depolarizing,0.8,0.5,0.2,,0.11,0.95,4079,2014,402,1612,42,9,0.020854021847070508,0.022388059701492536,0.011822251940591414,0.04199546023736513,0.030173208296773717,0.20395,0.1007,0.0806,1,1,0.02
05_loss_retention,107,256819630598901341638877446376325842799,20000,0.0,0.04,depolarizing,0.8,0.5,0.2,,0.11,0.95,4024,1985,397,1588,44,8,0.02216624685138539,0.020151133501259445,0.010245486061230337,0.039254031476374664,0.029008545415144325,0.2012,0.09925,0.0794,1,1,0.02
05_loss_retention,108,121999618985273393831416809932551640543,20000,0.0,0.04,depolarizing,0.8,0.5,0.2,,0.11,0.95,3979,1967,393,1574,36,4,0.018301982714794104,0.010178117048346057,0.003964990549528211,0.025874277897583516,0.021909287348055306,0.19895,0.09835,0.0787,1,1,0.02
05_loss_retention,109,191857868546658947132711186238042274389,20000,0.0,0.04,depolarizing,0.8,0.5,0.2,,0.11,0.95,3920,1997,399,1598,34,7,0.01702553830746119,0.017543859649122806,0.008523663686182622,0.0357653697040857,0.027241706017903076,0.196,0.09985,0.0799,1,1,0.02
05_loss_retention,110,87937557789816953598548234781237535935,20000,0.0,0.04,depolarizing,0.8,0.5,0.2,,0.11,0.95,4009,1954,390,1564,41,9,0.02098259979529171,0.023076923076923078,0.012187404501028967,0.04327008564258229,0.031082681141553326,0.20045,0.0977,0.0782,1,1,0.02
05_loss_retention,111,229782328952066387752062903380344011870,20000,0.0,0.04,depolarizing,0.8,0.5,0.2,,0.11,0.95,4052,2037,407,1630,38,9,0.018654884634266077,0.022113022113022112,0.011676483470705027,0.041486259362964344,0.02980977589225932,0.2026,0.10185,0.0815,1,1,0.02
05_loss_retention,112,49934709153304971469947728001150508632,20000,0.0,0.04,depolarizing,0.8,0.5,0.2,,0.11,0.95,4033,1941,388,1553,41,6,0.0211231324059763,0.015463917525773196,0.007106021972288922,0.033322213642113345,0.026216191669824425,0.20165,0.09705,0.07765,1,1,0.02
05_loss_retention,113,169683963829053261262114790252267517476,20000,0.0,0.04,depolarizing,0.8,0.5,0.2,,0.11,0.95,3956,1982,396,1586,52,10,0.026236125126135216,0.025252525252525252,0.013773388019791114,0.045853892480367434,0.03208050446057632,0.1978,0.0991,0.0793,1,1,0.02
05_loss_retention,114,192057244535079594245901686837235847681,20000,0.0,0.04,depolarizing,0.8,0.5,0.2,,0.11,0.95,4075,2071,414,1657,39,6,0.01883148237566393,0.014492753623188406,0.006658639073598035,0.03125396745760804,0.024595328384010007,0.20375,0.10355,0.08285,1,1,0.02
05_loss_retention,115,220001775349205023341033968228687878325,20000,0.0,0.04,depolarizing,0.8,0.5,0.2,,0.11,0.95,4059,2038,407,1631,41,10,0.020117762512266928,0.02457002457002457,0.013399640703660749,0.04463116000747047,0.031231519303809723,0.20295,0.1019,0.08155,1,1,0.02
05_loss_retention,116,56414985671398908864274650073117558405,20000,0.0,0.04,depolarizing,0.8,0.5,0.2,,0.11,0.95,4006,1979,395,1584,28,4,0.01414855987872663,0.010126582278481013,0.003944879657107861,0.025744759067279736,0.021799879410171877,0.2003,0.09895,0.0792,1,1,0.02
05_loss_retention,117,23012203380559902362322023878854986181,20000,0.0,0.04,depolarizing,0.8,0.5,0.2,,0.11,0.95,3980,1971,394,1577,39,10,0.0197869101978691,0.025380710659898477,0.013843593565214786,0.046083440915722494,0.03223984735050771,0.199,0.09855,0.07885,1,1,0.02
05_loss_retention,118,4983215692634877766450957260525818855,20000,0.0,0.04,depolarizing,0.8,0.5,0.2,,0.11,0.95,3984,2063,412,1651,41,5,0.019873969946679594,0.012135922330097087,0.0051945770172687825,0.02809084589353915,0.022896268876270366,0.1992,0.10315,0.08255,1,1,0.02
05_loss_retention,119,133864337444659955320946318161588997998,20000,0.0,0.04,depolarizing,0.8,0.5,0.2,,0.11,0.95,3970,2006,401,1605,30,6,0.014955134596211365,0.014962593516209476,0.0068750599795800536,0.032254970988197795,0.025379911008617743,0.1985,0.1003,0.08025,1,1,0.02
05_loss_retention,120,90684424502423356694283961928452380412,20000,0.0,0.04,depolarizing,0.8,0.5,0.2,,0.11,0.95,3935,1966,393,1573,29,8,0.014750762970498474,0.020356234096692113,0.010350122402797484,0.03964833007658205,0.029298207673784563,0.19675,0.0983,0.07865,1,1,0.02
05_loss_retention,121,260959487064599348329271069246458036268,20000,0.0,0.04,depolarizing,0.8,0.5,0.2,,0.11,0.95,4048,2020,404,1616,44,11,0.02178217821782178,0.027227722772277228,0.015270257734093538,0.048091272247229956,0.03282101451313642,0.2024,0.101,0.0808,1,1,0.02
05_loss_retention,122,201537667826502823206218122913220513670,20000,0.0,0.04,depolarizing,0.8,0.5,0.2,,0.11,0.95,3955,1990,398,1592,46,6,0.023115577889447236,0.01507537688442211,0.006927016252139415,0.032495145082793296,0.02556812883065388,0.19775,0.0995,0.0796,1,1,0.02
05_loss_retention,123,248353528004086055006377274550526297533,20000,0.0,0.04,depolarizing,0.8,0.5,0.2,,0.11,0.95,4015,1970,394,1576,24,7,0.012182741116751269,0.017766497461928935,0.008632158872377602,0.036213491134991824,0.027581332262614222,0.20075,0.0985,0.0788,1,1,0.02
05_loss_retention,124,28381568753951613223335182312333434977,20000,0.0,0.04,depolarizing,0.8,0.5,0.2,,0.11,0.95,3969,2005,401,1604,43,9,0.02144638403990025,0.022443890274314215,0.011851843479526822,0.042098803977179904,0.030246960497653082,0.19845,0.10025,0.0802,1,1,0.02
05_loss_retention,125,338951776150496787794173570623994335956,20000,0.0,0.04,depolarizing,0.8,0.5,0.2,,0.11,0.95,3935,1989,397,1592,34,8,0.017094017094017096,0.020151133501259445,0.010245486061230337,0.039254031476374664,0.029008545415144325,0.19675,0.09945,0.0796,1,1,0.02
05_loss_retention,126,180011260369022285375587305200189689340,20000,0.0,0.04,depolarizing,0.8,0.5,0.2,,0.11,0.95,4036,2017,403,1614,44,10,0.02181457610312345,0.02481389578163772,0.013533178510454328,0.0450681717300129,0.03153499321955858,0.2018,0.10085,0.0807,1,1,0.02
05_loss_retention,127,168411358592748485163776297962506935806,20000,0.0,0.04,depolarizing,0.8,0.5,0.2,,0.11,0.95,3994,1994,398,1596,47,9,0.02357071213640923,0.022613065326633167,0.011941513663228294,0.042411909412612206,0.030470395749383913,0.1997,0.0997,0.0798,1,1,0.02
05_loss_retention,128,69061611237055376455977964935452813420,20000,0.0,0.04,depolarizing,0.8,0.5,0.2,,0.11,0.95,3976,1955,391,1564,48,5,0.024552429667519183,0.01278772378516624,0.005474185921765544,0.029581552302978036,0.02410736638121249,0.1988,0.09775,0.0782,1,1,0.02
05_loss_retention,129,275067902961435551959378873224903177077,20000,0.0,0.04,depolarizing,0.8,0.5,0.2,,0.11,0.95,4022,1975,395,1580,35,7,0.017721518987341773,0.017721518987341773,0.00861023943311932,0.03612297078391344,0.027512731350794118,0.2011,0.09875,0.079,1,1,0.02
05_loss_retention,130,20639775176080474594227435913444272462,20000,0.0,0.04,depolarizing,0.8,0.5,0.2,,0.11,0.95,4014,2030,406,1624,47,6,0.02315270935960591,0.014778325123152709,0.00679017681920082,0.03186247405286424,0.025072297233663422,0.2007,0.1015,0.0812,1,1,0.02
05_loss_retention,131,138311692284502633308110673991596302075,20000,0.0,0.04,depolarizing,0.8,0.5,0.2,,0.11,0.95,3953,1979,395,1584,29,4,0.014653865588681153,0.010126582278481013,0.003944879657107861,0.025744759067279736,0.021799879410171877,0.19765,0.09895,0.0792,1,1,0.02
05_loss_retention,132,327635950167782967706198956368236763792,20000,0.0,0.04,depolarizing,0.8,0.5,0.2,,0.11,0.95,4001,2012,402,1610,41,12,0.020377733598409543,0.029850746268656716,0.017156828473793722,0.05144498195138225,0.034288153477588526,0.20005,0.1006,0.0805,1,1,0.02
05_loss_retention,133,117773070860722717000376533451635338631,20000,0.0,0.04,depolarizing,0.8,0.5,0.2,,0.11,0.95,4010,1996,399,1597,42,6,0.021042084168336674,0.015037593984962405,0.00690961045880677,0.03241469063738503,0.02550508017857826,0.2005,0.0998,0.07985,1,1,0.02
05_loss_retention,134,302213281981960095605173939106630461372,20000,0.0,0.04,depolarizing,0.8,0.5,0.2,,0.11,0.95,3922,1984,396,1588,38,7,0.019153225806451613,0.017676767676767676,0.00858843103225665,0.036032901816308686,0.027444470784052037,0.1961,0.0992,0.0794,1,1,0.02
05_loss_retention,135,156722874220640580286497085908618469054,20000,0.0,0.04,depolarizing,0.8,0.5,0.2,,0.11,0.95,4023,2017,403,1614,37,5,0.01834407535944472,0.01240694789081886,0.005310833528045579,0.028710917501989987,0.023400083973944406,0.20115,0.10085,0.0807,1,1,0.02
05_loss_retention,136,165472822914634655915054916539335990040,20000,0.0,0.04,depolarizing,0.8,0.5,0.2,,0.11,0.95,3862,1964,392,1572,42,8,0.021384928716904276,0.02040816326530612,0.010376616299160837,0.03974814546734677,0.029371529168185934,0.1931,0.0982,0.0786,1,1,0.02
05_loss_retention,137,255967873611897787285324489162612334112,20000,0.0,0.04,depolarizing,0.8,0.5,0.2,,0.11,0.95,4059,2043,408,1635,41,8,0.020068526676456193,0.0196078431372549,0.009968350159256513,0.038209069563153265,0.028240719403896754,0.20295,0.10215,0.08175,1,1,0.02
05_loss_retention,138,128340507361758299972668278485267013416,20000,0.0,0.04,depolarizing,0.8,0.5,0.2,,0.11,0.95,4077,1991,398,1593,41,6,0.02059266700150678,0.01507537688442211,0.006927016252139415,0.032495145082793296,0.02556812883065388,0.20385,0.09955,0.07965,1,1,0.02
05_loss_retention,139,325510733878536259991948615735669838551,20000,0.0,0.04,depolarizing,0.8,0.5,0.2,,0.11,0.95,4054,2028,405,1623,43,7,0.021203155818540435,0.01728395061728395,0.008397016036641588,0.035242048534152984,0.026845032497511398,0.2027,0.1014,0.08115,1,1,0.02
05_loss_retention,140,249817746391722572269230270381611366396,20000,0.0,0.04,depolarizing,0.8,0.5,0.2,,0.11,0.95,3955,1989,397,1592,31,12,0.01558572146807441,0.030226700251889168,0.01737394588971569,0.052083587027677125,0.03470964113796143,0.19775,0.09945,0.0796,1,1,0.02
05_loss_retention,141,338593987482089253097313580916253887452,20000,0.0,0.04,depolarizing,0.8,0.5,0.2,,0.11,0.95,3947,2029,405,1624,36,10,0.017742730409068506,0.024691358024691357,0.013466078547085172,0.044848601401139665,0.03138252285405449,0.19735,0.10145,0.0812,1,1,0.02
05_loss_retention,142,237283425283423662397746836851884095865,20000,0.0,0.04,depolarizing,0.8,0.5,0.2,,0.11,0.95,3928,2001,400,1601,36,5,0.017991004497751123,0.0125,0.005350750779971615,0.028923736195967477,0.02357298541599586,0.1964,0.10005,0.08005,1,1,0.02
05_loss_retention,143,54356300798288335655283765656643994732,20000,0.0,0.04,depolarizing,0.8,0.5,0.2,,0.11,0.95,3971,2010,402,1608,41,12,0.020398009950248756,0.029850746268656716,0.017156828473793722,0.05144498195138225,0.034288153477588526,0.19855,0.1005,0.0804,1,1,0.02
05_loss_retention,144,20811020675114813854705785550644916636,20000,0.0,0.04,depolarizing,0.8,0.5,0.2,,0.11,0.95,3994,2037,407,1630,36,10,0.017673048600883652,0.02457002457002457,0.013399640703660749,0.04463116000747047,0.031231519303809723,0.1997,0.10185,0.0815,1,1,0.02
05_loss_retention,145,319090238947081526920603332942969214199,20000,0.0,0.04,depolarizing,0.8,0.5,0.2,,0.11,0.95,3989,1976,395,1581,37,7,0.018724696356275303,0.017721518987341773,0.00861023943311932,0.03612297078391344,0.027512731350794118,0.19945,0.0988,0.07905,1,1,0.02
05_loss_retention,146,338751191021203573270743672298761841001,20000,0.0,0.04,depolarizing,0.8,0.5,0.2,,0.11,0.95,4046,2013,402,1611,50,9,0.024838549428713365,0.022388059701492536,0.011822251940591414,0.04199546023736513,0.030173208296773717,0.2023,0.10065,0.08055,1,1,0.02
05_loss_retention,147,259845658695287293195724633063284980807,20000,0.0,0.04,depolarizing,0.8,0.5,0.2,,0.11,0.95,4017,2090,418,1672,43,13,0.02057416267942584,0.03110047846889952,0.018263794265973764,0.05247713979043531,0.03421334552446155,0.20085,0.1045,0.0836,1,1,0.02
05_loss_retention,148,45459284302003529741568431003791026590,20000,0.0,0.04,depolarizing,0.8,0.5,0.2,,0.11,0.95,4015,2006,401,1605,44,12,0.02193419740777667,0.029925187032418952,0.017199816733610436,0.05157144721202516,0.034371630478414725,0.20075,0.1003,0.08025,1,1,0.02
05_loss_retention,149,69346510765733914169668600671490110988,20000,0.0,0.04,depolarizing,0.8,0.5,0.2,,0.11,0.95,4047,2094,418,1676,51,8,0.024355300859598854,0.019138755980861243,0.00972910664406797,0.03730623899541276,0.027577132351344787,0.20235,0.1047,0.0838,1,1,0.02
05_loss_retention,0,85237673444451380748463994244820134032,20000,0.0,0.04,depolarizing,0.9,0.5,0.2,,0.11,0.95,2003,1004,200,804,17,4,0.01693227091633466,0.02,0.007804426416349472,0.05028708690582643,0.04248266048947696,0.10015,0.0502,0.0402,1,1,0.02
05_loss_retention,1,233150103803493461323820269816860286908,20000,0.0,0.04,depolarizing,0.9,0.5,0.2,,0.11,0.95,1953,1015,203,812,16,4,0.015763546798029555,0.019704433497536946,0.007688696710442183,0.049560265312008064,0.04187156860156588,0.09765,0.05075,0.0406,1,1,0.02
05_loss_retention,2,224009238649623656153254716266879621560,20000,0.0,0.04,depolarizing,0.9,0.5,0.2,,0.11,0.95,2008,988,197,791,14,2,0.01417004048582996,0.01015228426395939,0.0027885520750464583,0.036254476524416004,0.03346592444936955,0.1004,0.0494,0.03955,1,1,0.02
05_loss_retention,3,8124239099653695701556355872175659730,20000,0.0,0.04,depolarizing,0.9,0.5,0.2,,0.11,0.95,2034,991,198,793,18,3,0.018163471241170535,0.015151515151515152,0.0051660289352058394,0.043592332593665115,0.038426303658459275,0.1017,0.04955,0.03965,1,1,0.02
05_loss_retention,4,308016320191103207888167105466701749240,20000,0.0,0.04,depolarizing,0.9,0.5,0.2,,0.11,0.95,2038,1060,212,848,24,4,0.022641509433962263,0.018867924528301886,0.007361224223275686,0.047500612262601535,0.040139388039325846,0.1019,0.053,0.0424,1,1,0.02
05_loss_retention,5,207363468346117987654541586248821191826,20000,0.0,0.04,depolarizing,0.9,0.5,0.2,,0.11,0.95,1986,997,199,798,24,2,0.024072216649949848,0.010050251256281407,0.0027604822106993103,0.035897585357360054,0.03313710314666074,0.0993,0.04985,0.0399,1,1,0.02
05_loss_retention,6,89917186258272663726251733011728551472,20000,0.0,0.04,depolarizing,0.9,0.5,0.2,,0.11,0.95,2057,1017,203,814,17,4,0.01671583087512291,0.019704433497536946,0.007688696710442183,0.049560265312008064,0.04187156860156588,0.10285,0.05085,0.0407,1,1,0.02
05_loss_retention,7,199353030177995547130195268396100739453,20000,0.0,0.04,depolarizing,0.9,0.5,0.2,,0.11,0.95,1994,1026,205,821,15,1,0.014619883040935672,0.004878048780487805,0.0008616150084189353,0.0271091665293094,0.026247551520890464,0.0997,0.0513,0.04105,1,1,0.02
05_loss_retention,8,191565207839083136315016847432323194279,20000,0.0,0.04,depolarizing,0.9,0.5,0.2,,0.11,0.95,1909,924,184,740,22,1,0.023809523809523808,0.005434782608695652,0.0009600176669975497,0.03013779672056075,0.029177779053563203,0.09545,0.0462,0.037,1,1,0.02
05_loss_retention,9,154510873484907423915431768747532627695,20000,0.0,0.04,depolarizing,0.9,0.5,0.2,,0.11,0.95,1970,977,195,782,27,4,0.027635619242579325,0.020512820512820513,0.008005250618458155,0.05154701222916154,0.04354176161070339,0.0985,0.04885,0.0391,1,1,0.02
05_loss_retention,10,90438880018383771846311932619153912080,20000,0.0,0.04,depolarizing,0.9,0.5,0.2,,0.11,0.95,2001,1049,209,840,23,4,0.0219256434699714,0.019138755980861243,0.007467237593175743,0.04816787638464108,0.040700638791465335,0.10005,0.05245,0.042,1,1,0.02
05_loss_retention,11,133708497151996000381446100787581231359,20000,0.0,0.04,depolarizing,0.9,0.5,0.2,,0.11,0.95,1920,975,195,780,19,4,0.019487179487179488,0.020512820512820513,0.008005250618458155,0.05154701222916154,0.04354176161070339,0.096,0.04875,0.039,1,1,0.02
05_loss_retention,12,273607012004444237345990675354442575832,20000,0.0,0.04,depolarizing,0.9,0.5,0.2,,0.11,0.95,2046,1023,204,819,16,1,0.015640273704789834,0.004901960784313725,0.0008658411741931313,0.027239517852051864,0.026373676677858733,0.1023,0.05115,0.04095,1,1,0.02
05_loss_retention,13,213461404908983349390621287152335919508,20000,0.0,0.04,depolarizing,0.9,0.5,0.2,,0.11,0.95,2000,997,199,798,16,3,0.0160481444332999,0.01507537688442211,0.005140002903511808,0.04337798192025977,0.038237979016747956,0.1,0.04985,0.0399,1,1,0.02
05_loss_retention,14,263276614378264088637033940792549766811,20000,0.0,0.04,depolarizing,0.9,0.5,0.2,,0.11,0.95,1972,999,199,800,22,2,0.022022022022022022,0.010050251256281407,0.0027604822106993103,0.035897585357360054,0.03313710314666074,0.0986,0.04995,0.04,1,1,0.02
05_loss_retention,15,210486599008419702808970374121229768041,20000,0.0,0.04,depolarizing,0.9,0.5,0.2,,0.11,0.95,2003,1001,200,801,14,2,0.013986013986013986,0.01,0.0027466581335444384,0.035721761716176796,0.03297510358263236,0.10015,0.05005,0.04005,1,1,0.02
05_loss_retention,16,94746241820735431078438115499559334800,20000,0.0,0.04,depolarizing,0.9,0.5,0.2,,0.11,0.95,1982,1025,205,820,16,5,0.015609756097560976,0.024390243902439025,0.010462031066169993,0.055815320657263634,0.04535328959109364,0.0991,0.05125,0.041,1,1,0.02
05_loss_retention,17,143212513334670080835808651522728990750,20000,0.0,0.04,depolarizing,0.9,0.5,0.2,,0.11,0.95,1913,1008,201,807,18,2,0.017857142857142856,0.009950248756218905,0.0027329718246046214,0.03554765196043718,0.03281468013583256,0.09565,0.0504,0.04035,1,1,0.02
05_loss_retention,18,167496633810371868320712591678203028828,20000,0.0,0.04,depolarizing,0.9,0.5,0.2,,0.11,0.95,1899,963,192,771,12,2,0.012461059190031152,0.010416666666666666,0.00286128937829698,0.03717854114539974,0.03431725176710276,0.09495,0.04815,0.03855,1,1,0.02
05_loss_retention,19,23203781193611363445659015728297027426,20000,0.0,0.04,depolarizing,0.9,0.5,0.2,,0.11,0.95,1973,980,196,784,20,2,0.02040816326530612,0.01020408163265306,0.0028028021723191313,0.03643559644110272,0.033632794268783586,0.09865,0.049,0.0392,1,1,0.02
05_loss_retention,20,260565998955809529175317446684590540038,20000,0.0,0.04,depolarizing,0.9,0.5,0.2,,0.11,0.95,2013,978,195,783,27,6,0.027607361963190184,0.03076923076923077,0.014176572368017198,0.06549221961655181,0.051315647248534615,0.10065,0.0489,0.03915,1,1,0.02
05_loss_retention,21,20677677745772626524045160779495520109,20000,0.0,0.04,depolarizing,0.9,0.5,0.2,,0.11,0.95,1894,973,194,779,12,1,0.012332990750256937,0.005154639175257732,0.0009105006415127802,0.028615458454797266,0.027704957813284484,0.0947,0.04865,0.03895,1,1,0.02
05_loss_retention,22,171671352176089444726874334508969880419,20000,0.0,0.04,depolarizing,0.9,0.5,0.2,,0.11,0.95,1964,997,199,798,16,3,0.0160481444332999,0.01507537688442211,0.005140002903511808,0.04337798192025977,0.038237979016747956,0.0982,0.04985,0.0399,1,1,0.02
05_loss_retention,23,216441641392047665415656741253363851987,20000,0.0,0.04,depolarizing,0.9,0.5,0.2,,0.11,0.95,1922,1001,200,801,20,2,0.01998001998001998,0.01,0.0027466581335444384,0.035721761716176796,0.03297510358263236,0.0961,0.05005,0.04005,1,1,0.02
05_loss_retention,24,213319482390750092993893656227434768890,20000,0.0,0.04,depolarizing,0.9,0.5,0.2,,0.11,0.95,2041,1033,206,827,21,3,0.02032913843175218,0.014563106796116505,0.004964913165471704,0.041934583607010606,0.0369696704415389,0.10205,0.05165,0.04135,1,1,0.02
05_loss_retention,25,146694338970629647678605116492145849854,20000,0.0,0.04,depolarizing,0.9,0.5,0.2,,0.11,0.95,1991,977,195,782,20,7,0.02047082906857728,0.035897435897435895,0.017495563557414016,0.07223149299562964,0.054735929438215626,0.09955,0.04885,0.0391,1,1,0.02
05_loss_retention,26,248029353438662123712189756997354171531,20000,0.0,0.04,depolarizing,0.9,0.5,0.2,,0.11,0.95,1981,979,195,784,13,1,0.013278855975485188,0.005128205128205128,0.0009058284432263662,0.02847164069896936,0.027565812255742995,0.09905,0.04895,0.0392,1,1,0.02
05_loss_retention,27,36050741320610840654640935958719974988,20000,0.0,0.04,depolarizing,0.9,0.5,0.2,,0.11,0.95,1990,982,196,786,22,6,0.02240325865580448,0.030612244897959183,0.014103858876277013,0.06516627312825227,0.051062414251975254,0.0995,0.0491,0.0393,1,1,0.02
05_loss_retention,28,13572628804288491226704127384924927329,20000,0.0,0.04,depolarizing,0.9,0.5,0.2,,0.11,0.95,2040,1064,212,852,22,4,0.020676691729323307,0.018867924528301886,0.007361224223275686,0.047500612262601535,0.040139388039325846,0.102,0.0532,0.0426,1,1,0.02
05_loss_retention,29,227566046449340692627517864736887132284,20000,0.0,0.04,depolarizing,0.9,0.5,0.2,,0.11,0.95,1995,1006,201,805,24,6,0.02385685884691849,0.029850746268656716,0.01375120072965692,0.06358401701335273,0.049832816283695805,0.09975,0.0503,0.04025,1,1,0.02
05_loss_retention,30,180866923044498051151642679702401725289,20000,0.0,0.04,depolarizing,0.9,0.5,0.2,,0.11,0.95,1970,957,191,766,18,4,0.018808777429467086,0.020942408376963352,0.008173507885212209,0.05260133383669982,0.044427825951487615,0.0985,0.04785,0.0383,1,1,0.02
05_loss_retention,31,106750124968368639036930970113989737737,20000,0.0,0.04,depolarizing,0.9,0.5,0.2,,0.11,0.95,2005,1027,205,822,21,5,0.02044790652385589,0.024390243902439025,0.010462031066169993,0.055815320657263634,0.04535328959109364,0.10025,0.05135,0.0411,1,1,0.02
05_loss_retention,32,4939893854029803015419542536231628349,20000,0.0,0.04,depolarizing,0.9,0.5,0.2,,0.11,0.95,2087,1040,208,832,16,6,0.015384615384615385,0.028846153846153848,0.013286106595828025,0.06149367876291321,0.04820757216708518,0.10435,0.052,0.0416,1,1,0.02
05_loss_retention,33,127345261309500658995686243978330480706,20000,0.0,0.04,depolarizing,0.9,0.5,0.2,,0.11,0.95,1986,993,198,795,18,5,0.01812688821752266,0.025252525252525252,0.01083352628618478,0.057742369377501365,0.046908843091316585,0.0993,0.04965,0.03975,1,1,0.02
05_loss_retention,34,201832272291921293527656752495255758542,20000,0.0,0.04,depolarizing,0.9,0.5,0.2,,0.11,0.95,1972,982,196,786,19,2,0.019348268839103868,0.01020408163265306,0.0028028021723191313,0.03643559644110272,0.033632794268783586,0.0986,0.0491,0.0393,1,1,0.02
05_loss_retention,35,210412004833021417194442644291094227471,20000,0.0,0.04,depolarizing,0.9,0.5,0.2,,0.11,0.95,2042,1043,208,835,17,3,0.016299137104506232,0.014423076923076924,0.0049170573823196576,0.04153966018128099,0.03662260279896133,0.1021,0.05215,0.04175,1,1,0.02
05_loss_retention,36,86596926391234807684040262757290918274,20000,0.0,0.04,depolarizing,0.9,0.5,0.2,,0.11,0.95,2044,1000,200,800,23,8,0.023,0.04,0.020405632066152313,0.07693206820093293,0.05652643613478062,0.1022,0.05,0.04,1,1,0.02
05_loss_retention,37,310826726420148843525390119082726687852,20000,0.0,0.04,depolarizing,0.9,0.5,0.2,,0.11,0.95,2054,1063,212,851,26,3,0.024459078080903106,0.014150943396226415,0.0048240611219525775,0.0407717149373156,0.03594765381536302,0.1027,0.05315,0.04255,1,1,0.02
05_loss_retention,38,86851943597573850612497081844397983558,20000,0.0,0.04,depolarizing,0.9,0.5,0.2,,0.11,0.95,2047,1009,201,808,13,5,0.01288404360753221,0.024875621890547265,0.010671131858358954,0.05690043739515874,0.046229305536799783,0.10235,0.05045,0.0404,1,1,0.02
05_loss_retention,39,36038252811238760733224538745681815908,20000,0.0,0.04,depolarizing,0.9,0.5,0.2,,0.11,0.95,2010,1033,206,827,13,3,0.012584704743465635,0.014563106796116505,0.004964913165471704,0.041934583607010606,0.0369696704415389,0.1005,0.05165,0.04135,1,1,0.02
05_loss_retention,40,8929787173173505055175351890621469268,20000,0.0,0.04,depolarizing,0.9,0.5,0.2,,0.11,0.95,1897,985,197,788,13,1,0.013197969543147208,0.005076142131979695,0.000896626436587597,0.02818829883229935,0.027291672395711754,0.09485,0.04925,0.0394,1,1,0.02
05_loss_retention,41,244461762379276400159166754621996988073,20000,0.0,0.04,depolarizing,0.9,0.5,0.2,,0.11,0.95,2052,1042,208,834,18,5,0.01727447216890595,0.02403846153846154,0.01031050544183303,0.05502825731852801,0.04471775187669498,0.1026,0.0521,0.0417,1,1,0.02
05_loss_retention,42,65545712635199606199293364167996537357,20000,0.0,0.04,depolarizing,0.9,0.5,0.2,,0.11,0.95,2044,1024,204,820,26,8,0.025390625,0.0392156862745098,0.020002853883823012,0.0754615396653555,0.055458685781532485,0.1022,0.0512,0.041,1,1,0.02
05_loss_retention,43,16194182606228797935178506287932547387,20000,0.0,0.04,depolarizing,0.9,0.5,0.2,,0.11,0.95,1927,967,193,774,18,7,0.01861427094105481,0.03626943005181347,0.017677996058378168,0.07296072876912973,0.05528273271075157,0.09635,0.04835,0.0387,1,1,0.02
05_loss_retention,44,21445014275532469960965852306107266502,20000,0.0,0.04,depolarizing,0.9,0.5,0.2,,0.11,0.95,1976,963,192,771,19,5,0.01973001038421599,0.026041666666666668,0.011173609016157406,0.05950324819295326,0.04832963917679585,0.0988,0.04815,0.03855,1,1,0.02
05_loss_retention,45,266155251977003305480868366623731470827,20000,0.0,0.04,depolarizing,0.9,0.5,0.2,,0.11,0.95,2050,1009,201,808,14,5,0.013875123885034688,0.024875621890547265,0.010671131858358954,0.05690043739515874,0.046229305536799783,0.1025,0.05045,0.0404,1,1,0.02
05_loss_retention,46,48403019213498094617259648435319162409,20000,0.0,0.04,depolarizing,0.9,0.5,0.2,,0.11,0.95,2009,1017,203,814,22,6,0.021632251720747297,0.029556650246305417,0.013615026810440353,0.0629724180423186,0.04935739123187824,0.10045,0.05085,0.0407,1,1,0.02
05_loss_retention,47,159514687083846899941905938625534703912,20000,0.0,0.04,depolarizing,0.9,0.5,0.2,,0.11,0.95,2080,1069,213,856,20,1,0.018709073900841908,0.004694835680751174,0.0008292350759758448,0.02610961163933065,0.025280376563354804,0.104,0.05345,0.0428,1,1,0.02
05_loss_retention,48,171084724700678343618157539517606450269,20000,0.0,0.04,depolarizing,0.9,0.5,0.2,,0.11,0.95,1991,1014,202,812,12,3,0.011834319526627219,0.01485148514851485,0.005063474797695096,0.04274739322217691,0.037683918424481815,0.09955,0.0507,0.0406,1,1,0.02
05_loss_retention,49,297758957342506066438724092923841371524,20000,0.0,0.04,depolarizing,0.9,0.5,0.2,,0.11,0.95,2066,1039,207,832,18,3,0.017324350336862367,0.014492753623188406,0.004940869396629962,0.0417361877426094,0.03679531834597943,0.1033,0.05195,0.0416,1,1,0.02
05_loss_retention,50,57967011765647821231858892197454352805,20000,0.0,0.04,depolarizing,0.9,0.5,0.2,,0.11,0.95,2011,997,199,798,23,6,0.023069207622868605,0.03015075376884422,0.013890126214792575,0.06420761037611562,0.05031748416132305,0.10055,0.04985,0.0399,1,1,0.02
05_loss_retention,51,190392297272510993523388586896557714469,20000,0.0,0.04,depolarizing,0.9,0.5,0.2,,0.11,0.95,2021,1004,200,804,31,6,0.030876494023904383,0.03,0.013820314340111346,0.06389429245451923,0.05007397811440789,0.10105,0.0502,0.0402,1,1,0.02
05_loss_retention,52,266100932059105596422414404168346175060,20000,0.0,0.04,depolarizing,0.9,0.5,0.2,,0.11,0.95,2031,1045,209,836,25,4,0.023923444976076555,0.019138755980861243,0.007467237593175743,0.04816787638464108,0.040700638791465335,0.10155,0.05225,0.0418,1,1,0.02
05_loss_retention,53,180999426359457445001181909482885842038,20000,0.0,0.04,depolarizing,0.9,0.5,0.2,,0.11,0.95,2040,1070,214,856,17,3,0.01588785046728972,0.014018691588785047,0.004778869770609942,0.040398291977992995,0.03561942220738305,0.102,0.0535,0.0428,1,1,0.02
05_loss_retention,54,256967384884277063098449927242636745269,20000,0.0,0.04,depolarizing,0.9,0.5,0.2,,0.11,0.95,1996,982,196,786,19,2,0.019348268839103868,0.01020408163265306,0.0028028021723191313,0.03643559644110272,0.033632794268783586,0.0998,0.0491,0.0393,1,1,0.02
05_loss_retention,55,136833403702166639992000340293493656780,20000,0.0,0.04,depolarizing,0.9,0.5,0.2,,0.11,0.95,2008,1000,200,800,19,4,0.019,0.02,0.007804426416349472,0.05028708690582643,0.04248266048947696,0.1004,0.05,0.04,1,1,0.02
05_loss_retention,56,63693033054201741632432857641773051418,20000,0.0,0.04,depolarizing,0.9,0.5,0.2,,0.11,0.95,2057,1023,204,819,24,8,0.02346041055718475,0.0392156862745098,0.020002853883823012,0.0754615396653555,0.055458685781532485,0.10285,0.05115,0.04095,1,1,0.02
05_loss_retention,57,193941479072589292899919854277069040558,20000,0.0,0.04,depolarizing,0.9,0.5,0.2,,0.11,0.95,1985,990,198,792,14,4,0.014141414141414142,0.020202020202020204,0.007883534706380913,0.050783593889897644,0.042900059183516734,0.09925,0.0495,0.0396,1,1,0.02
05_loss_retention,58,324877258287366769760991819979419177078,20000,0.0,0.04,depolarizing,0.9,0.5,0.2,,0.11,0.95,2006,1004,200,804,17,4,0.01693227091633466,0.02,0.007804426416349472,0.05028708690582643,0.04248266048947696,0.1003,0.0502,0.0402,1,1,0.02
05_loss_retention,59,172581551255568927073370172376147504747,20000,0.0,0.04,depolarizing,0.9,0.5,0.2,,0.11,0.95,2023,999,199,800,16,3,0.016016016016016016,0.01507537688442211,0.005140002903511808,0.04337798192025977,0.038237979016747956,0.10115,0.04995,0.04,1,1,0.02
05_loss_retention,60,316020134753858137853500123701354697387,20000,0.0,0.04,depolarizing,0.9,0.5,0.2,,0.11,0.95,1993,1018,203,815,13,3,0.012770137524557957,0.014778325123152709,0.005038469334549735,0.04254125127274615,0.03750278193819641,0.09965,0.0509,0.04075,1,1,0.02
05_loss_retention,61,144236703530296566103100145393690622151,20000,0.0,0.04,depolarizing,0.9,0.5,0.2,,0.11,0.95,2022,1002,200,802,22,5,0.021956087824351298,0.025,0.010724719651761267,0.05717834040664198,0.046453620754880715,0.1011,0.0501,0.0401,1,1,0.02
05_loss_retention,62,275365931834412905140436611933397522487,20000,0.0,0.04,depolarizing,0.9,0.5,0.2,,0.11,0.95,2003,1017,203,814,22,6,0.021632251720747297,0.029556650246305417,0.013615026810440353,0.0629724180423186,0.04935739123187824,0.10015,0.05085,0.0407,1,1,0.02
05_loss_retention,63,136428350707812857920091010172002909981,20000,0.0,0.04,depolarizing,0.9,0.5,0.2,,0.11,0.95,2035,1005,201,804,22,5,0.021890547263681594,0.024875621890547265,0.010671131858358954,0.05690043739515874,0.046229305536799783,0.10175,0.05025,0.0402,1,1,0.02
05_loss_retention,64,134030124243507013499550542471855155812,20000,0.0,0.04,depolarizing,0.9,0.5,0.2,,0.11,0.95,1944,989,197,792,15,2,0.015166835187057633,0.01015228426395939,0.0027885520750464583,0.036254476524416004,0.03346592444936955,0.0972,0.04945,0.0396,1,1,0.02
05_loss_retention,65,45838332587600904430628892086760942514,20000,0.0,0.04,depolarizing,0.9,0.5,0.2,,0.11,0.95,2010,990,198,792,21,4,0.021212121212121213,0.020202020202020204,0.007883534706380913,0.050783593889897644,0.042900059183516734,0.1005,0.0495,0.0396,1,1,0.02
05_loss_retention,66,224528737443787048024843990604830899672,20000,0.0,0.04,depolarizing,0.9,0.5,0.2,,0.11,0.95,1964,997,199,798,20,6,0.020060180541624874,0.03015075376884422,0.013890126214792575,0.06420761037611562,0.05031748416132305,0.0982,0.04985,0.0399,1,1,0.02
05_loss_retention,67,75609995317151200343357278732445244945,20000,0.0,0.04,depolarizing,0.9,0.5,0.2,,0.11,0.95,1973,964,192,772,18,5,0.01867219917012448,0.026041666666666668,0.011173609016157406,0.05950324819295326,0.04832963917679585,0.09865,0.0482,0.0386,1,1,0.02
05_loss_retention,68,202253748883307491719713491679993241253,20000,0.0,0.04,depolarizing,0.9,0.5,0.2,,0.11,0.95,1995,1010,202,808,15,2,0.01485148514851485,0.009900990099009901,0.002719421234626599,0.03537523115279512,0.03265580991816852,0.09975,0.0505,0.0404,1,1,0.02
05_loss_retention,69,270225420749302277097209358558030227218,20000,0.0,0.04,depolarizing,0.9,0.5,0.2,,0.11,0.95,1925,968,193,775,16,3,0.01652892561983471,0.015544041450777202,0.005300215242179041,0.04469666488488229,0.03939644964270325,0.09625,0.0484,0.03875,1,1,0.02
05_loss_retention,70,335407815704806308188201322505609614081,20000,0.0,0.04,depolarizing,0.9,0.5,0.2,,0.11,0.95,1920,980,196,784,14,3,0.014285714285714285,0.015306122448979591,0.005218879779228865,0.044027452181969844,0.03880857240274098,0.096,0.049,0.0392,1,1,0.02
05_loss_retention,71,139743920600039932863689160010592406717,20000,0.0,0.04,depolarizing,0.9,0.5,0.2,,0.11,0.95,1995,953,190,763,19,1,0.01993704092339979,0.005263157894736842,0.0009296815656636339,0.029205558110269418,0.028275876544605782,0.09975,0.04765,0.03815,1,1,0.02
05_loss_retention,72,162660210793696905638647404638997216787,20000,0.0,0.04,depolarizing,0.9,0.5,0.2,,0.11,0.95,1970,1001,200,801,22,4,0.02197802197802198,0.02,0.007804426416349472,0.05028708690582643,0.04248266048947696,0.0985,0.05005,0.04005,1,1,0.02
05_loss_retention,73,144835160514117703572802471515882622058,20000,0.0,0.04,depolarizing,0.9,0.5,0.2,,0.11,0.95,2016,1001,200,801,32,9,0.03196803196803197,0.045,0.023852543001492997,0.08329670400181957,0.059444161000326574,0.1008,0.05005,0.04005,1,1,0.02
05_loss_retention,74,158311393021411450704027207373128854895,20000,0.0,0.04,depolarizing,0.9,0.5,0.2,,0.11,0.95,1986,993,198,795,12,2,0.012084592145015106,0.010101010101010102,0.0027744461467875126,0.03607514831467585,0.03330070216788834,0.0993,0.04965,0.03975,1,1,0.02
05_loss_retention,75,310705859310827701762063405973464785372,20000,0.0,0.04,depolarizing,0.9,0.5,0.2,,0.11,0.95,2003,1004,200,804,19,3,0.018924302788844622,0.015,0.005114237793258314,0.043165728792690254,0.03805149099943194,0.10015,0.0502,0.0402,1,1,0.02
05_loss_retention,76,4313051611869713773799447180339397795,20000,0.0,0.04,depolarizing,0.9,0.5,0.2,,0.11,0.95,2003,1021,204,817,14,1,0.013712047012732615,0.004901960784313725,0.0008658411741931313,0.027239517852051864,0.026373676677858733,0.10015,0.05105,0.04085,1,1,0.02
05_loss_retention,77,251842552196274785796921164134207922429,20000,0.0,0.04,depolarizing,0.9,0.5,0.2,,0.11,0.95,1977,941,188,753,11,1,0.011689691817215728,0.005319148936170213,0.0009395783080078223,0.029509829534297434,0.02857025122628961,0.09885,0.04705,0.03765,1,1,0.02
05_loss_retention,78,140823609318345730206966164973834655884,20000,0.0,0.04,depolarizing,0.9,0.5,0.2,,0.11,0.95,1982,974,194,780,14,0,0.014373716632443531,0.0,0.0,0.01941685450356328,0.01941685450356328,0.0991,0.0487,0.039,0,1,0.02
05_loss_retention,79,300862347129830686723995020162464623982,20000,0.0,0.04,depolarizing,0.9,0.5,0.2,,0.11,0.95,2065,1032,206,826,26,2,0.025193798449612403,0.009708737864077669,0.002666536474096988,0.03470195526611014,0.03203541879201315,0.10325,0.0516,0.0413,1,1,0.02
05_loss_retention,80,65419655718670087736856260745275677660,20000,0.0,0.04,depolarizing,0.9,0.5,0.2,,0.11,0.95,2063,1081,216,865,15,3,0.013876040703052728,0.013888888888888888,0.004734517262976027,0.04003164683312817,0.035297129570152144,0.10315,0.05405,0.04325,1,1,0.02
05_loss_retention,81,44499554570349967717525169318932376290,20000,0.0,0.04,depolarizing,0.9,0.5,0.2,,0.11,0.95,1965,996,199,797,17,1,0.01706827309236948,0.005025125628140704,0.0008876095100409549,0.02791054080230619,0.027022931292265236,0.09825,0.0498,0.03985,1,1,0.02
05_loss_retention,82,5790006493646408466997217222773572882,20000,0.0,0.04,depolarizing,0.9,0.5,0.2,,0.11,0.95,1978,981,196,785,19,3,0.019367991845056064,0.015306122448979591,0.005218879779228865,0.044027452181969844,0.03880857240274098,0.0989,0.04905,0.03925,1,1,0.02
05_loss_retention,83,197992810737498277284784281162548081214,20000,0.0,0.04,depolarizing,0.9,0.5,0.2,,0.11,0.95,2020,975,195,780,24,9,0.024615384615384615,0.046153846153846156,0.024468892331212376,0.08537469335878059,0.060905801027568214,0.101,0.04875,0.039,1,1,0.02
05_loss_retention,84,131706925837746875444098161728250890801,20000,0.0,0.04,depolarizing,0.9,0.5,0.2,,0.11,0.95,2029,1060,212,848,22,4,0.020754716981132074,0.018867924528301886,0.007361224223275686,0.047500612262601535,0.040139388039325846,0.10145,0.053,0.0424,1,1,0.02
05_loss_retention,85,308196838600238263951375456749566751033,20000,0.0,0.04,depolarizing,0.9,0.5,0.2,,0.11,0.95,2007,1017,203,814,17,3,0.01671583087512291,0.014778325123152709,0.005038469334549735,0.04254125127274615,0.03750278193819641,0.10035,0.05085,0.0407,1,1,0.02
05_loss_retention,86,182086420735854857040091981742117883760,20000,0.0,0.04,depolarizing,0.9,0.5,0.2,,0.11,0.95,1993,1009,201,808,23,6,0.022794846382556987,0.029850746268656716,0.01375120072965692,0.06358401701335273,0.049832816283695805,0.09965,0.05045,0.0404,1,1,0.02
05_loss_retention,87,249083725474873074810169016523416224377,20000,0.0,0.04,depolarizing,0.9,0.5,0.2,,0.11,0.95,1989,969,193,776,19,3,0.0196078431372549,0.015544041450777202,0.005300215242179041,0.04469666488488229,0.03939644964270325,0.09945,0.04845,0.0388,1,1,0.02
05_loss_retention,88,224444132874877715726852654174139148188,20000,0.0,0.04,depolarizing,0.9,0.5,0.2,,0.11,0.95,1837,918,183,735,16,2,0.017429193899782137,0.01092896174863388,0.0030022500279488253,0.03896626632911583,0.03596401630116701,0.09185,0.0459,0.03675,1,1,0.02
05_loss_retention,89,37999795057168259762608485528661625805,20000,0.0,0.04,depolarizing,0.9,0.5,0.2,,0.11,0.95,2038,1021,204,817,18,5,0.01762977473065622,0.024509803921568627,0.010513534215853017,0.056082701680639696,0.045569167464786675,0.1019,0.05105,0.04085,1,1,0.02
05_loss_retention,90,211734376756661318055583551988556672376,20000,0.0,0.04,depolarizing,0.9,0.5,0.2,,0.11,0.95,1969,990,198,792,26,5,0.026262626262626262,0.025252525252525252,0.01083352628618478,0.057742369377501365,0.046908843091316585,0.09845,0.0495,0.0396,1,1,0.02
05_loss_retention,91,106151351340332364005020869327881222836,20000,0.0,0.04,depolarizing,0.9,0.5,0.2,,0.11,0.95,1985,963,192,771,18,6,0.018691588785046728,0.03125,0.01439928224147767,0.0664899171961043,0.052090634954626625,0.09925,0.04815,0.03855,1,1,0.02
05_loss_retention,92,148869843565425904952655856997729097457,20000,0.0,0.04,depolarizing,0.9,0.5,0.2,,0.11,0.95,1987,989,197,792,17,7,0.017189079878665317,0.03553299492385787,0.017316858093337734,0.07151668715900233,0.054199829065664604,0.09935,0.04945,0.0396,1,1,0.02
05_loss_retention,93,8387910510202159919331680588991618086,20000,0.0,0.04,depolarizing,0.9,0.5,0.2,,0.11,0.95,1956,962,192,770,17,3,0.017671517671517672,0.015625,0.005327893387868182,0.04492427936429985,0.03959638597643167,0.0978,0.0481,0.0385,1,1,0.02
05_loss_retention,94,22857164245310349344469310166799814616,20000,0.0,0.04,depolarizing,0.9,0.5,0.2,,0.11,0.95,1945,975,195,780,17,2,0.017435897435897435,0.010256410256410256,0.00281719866017395,0.03661853505049643,0.03380133639032248,0.09725,0.04875,0.039,1,1,0.02
05_loss_retention,95,328423976086443366256839427797576870028,20000,0.0,0.04,depolarizing,0.9,0.5,0.2,,0.11,0.95,2004,1011,202,809,23,5,0.02274975272007913,0.024752475247524754,0.010618076934635495,0.056625222350137075,0.04600714541550158,0.1002,0.05055,0.04045,1,1,0.02
05_loss_retention,96,323078856545212525124097970141670143121,20000,0.0,0.04,depolarizing,0.9,0.5,0.2,,0.11,0.95,2020,1010,202,808,20,3,0.019801980198019802,0.01485148514851485,0.005063474797695096,0.04274739322217691,0.037683918424481815,0.101,0.0505,0.0404,1,1,0.02
05_loss_retention,97,172774813523469450248866506110121380267,20000,0.0,0.04,depolarizing,0.9,0.5,0.2,,0.11,0.95,2003,1016,203,813,21,7,0.02066929133858268,0.034482758620689655,0.01680199569823165,0.06945469056968166,0.05265269487145001,0.10015,0.0508,0.04065,1,1,0.02
05_loss_retention,98,209576088351721912533683031297635702204,20000,0.0,0.04,depolarizing,0.9,0.5,0.2,,0.11,0.95,2069,999,199,800,18,4,0.018018018018018018,0.020100502512562814,0.007843781102347631,0.05053412097713615,0.04269033987478852,0.10345,0.04995,0.04,1,1,0.02
05_loss_retention,99,271741108960930181387568414828756311834,20000,0.0,0.04,depolarizing,0.9,0.5,0.2,,0.11,0.95,2017,978,195,783,23,7,0.023517382413087935,0.035897435897435895,0.017495563557414016,0.07223149299562964,0.054735929438215626,0.10085,0.0489,0.03915,1,1,0.02
05_loss_retention,100,248336347371519054740472214386947398404,20000,0.0,0.04,depolarizing,0.9,0.5,0.2,,0.11,0.95,2010,971,194,777,19,4,0.01956745623069001,0.020618556701030927,0.00804666212366038,0.05180661075088998,0.043759948627229595,0.1005,0.04855,0.03885,1,1,0.02
05_loss_retention,101,315750413574387188412761411134477706098,20000,0.0,0.04,depolarizing,0.9,0.5,0.2,,0.11,0.95,1961,965,193,772,19,5,0.019689119170984457,0.025906735751295335,0.011115453495622572,0.05920234898166206,0.04808689548603949,0.09805,0.04825,0.0386,1,1,0.02
05_loss_retention,102,63256927788650797751543762136670713475,20000,0.0,0.04,depolarizing,0.9,0.5,0.2,,0.11,0.95,2060,1044,208,836,24,5,0.022988505747126436,0.02403846153846154,0.01031050544183303,0.05502825731852801,0.04471775187669498,0.103,0.0522,0.0418,1,1,0.02
05_loss_retention,103,13810198539047736046491544627681646924,20000,0.0,0.04,depolarizing,0.9,0.5,0.2,,0.11,0.95,1944,968,193,775,17,2,0.01756198347107438,0.010362694300518135,0.0028464399244945773,0.036989979027455114,0.034143539102960536,0.0972,0.0484,0.03875,1,1,0.02
05_loss_retention,104,74284965986591593040166824508733664438,20000,0.0,0.04,depolarizing,0.9,0.5,0.2,,0.11,0.95,2008,1020,204,816,22,3,0.021568627450980392,0.014705882352941176,0.00501370963340237,0.04233708782796648,0.03732337819456411,0.1004,0.051,0.0408,1,1,0.02
05_loss_retention,105,90702057051448325663100406746982278987,20000,0.0,0.04,depolarizing,0.9,0.5,0.2,,0.11,0.95,2034,1017,203,814,19,4,0.018682399213372666,0.019704433497536946,0.007688696710442183,0.049560265312008064,0.04187156860156588,0.1017,0.05085,0.0407,1,1,0.02
05_loss_retention,106,186708183883111119642023771199795442058,20000,0.0,0.04,depolarizing,0.9,0.5,0.2,,0.11,0.95,2062,1027,205,822,26,2,0.02531645569620253,0.00975609756097561,0.0026795638866354173,0.03486786019751924,0.032188296310883824,0.1031,0.05135,0.0411,1,1,0.02
05_loss_retention,107,23905869052130942837989761881448312693,20000,0.0,0.04,depolarizing,0.9,0.5,0.2,,0.11,0.95,1948,1018,203,815,20,5,0.019646365422396856,0.024630541871921183,0.01056554697156013,0.05635265646604447,0.045787109494484335,0.0974,0.0509,0.04075,1,1,0.02
05_loss_retention,108,210402108569433830442986463609827594445,20000,0.0,0.04,depolarizing,0.9,0.5,0.2,,0.11,0.95,1987,1021,204,817,23,3,0.022526934378060724,0.014705882352941176,0.00501370963340237,0.04233708782796648,0.03732337819456411,0.09935,0.05105,0.04085,1,1,0.02
05_loss_retention,109,63180339860278642888349375621180361370,20000,0.0,0.04,depolarizing,0.9,0.5,0.2,,0.11,0.95,2027,1012,202,810,30,2,0.029644268774703556,0.009900990099009901,0.002719421234626599,0.03537523115279512,0.03265580991816852,0.10135,0.0506,0.0405,1,1,0.02
05_loss_retention,110,225892032671018654276278212202824590434,20000,0.0,0.04,depolarizing,0.9,0.5,0.2,,0.11,0.95,2017,1022,204,818,31,6,0.030332681017612523,0.029411764705882353,0.01354794626729585,0.06267100884675877,0.049123062579462924,0.10085,0.0511,0.0409,1,1,0.02
05_loss_retention,111,144305473294895852055022025609061534878,20000,0.0,0.04,depolarizing,0.9,0.5,0.2,,0.11,0.95,1945,956,191,765,20,6,0.02092050209205021,0.031413612565445025,0.014475082091587852,0.06682927128667582,0.05235418919508797,0.09725,0.0478,0.03825,1,1,0.02
05_loss_retention,112,66002249663182433187635144110155556244,20000,0.0,0.04,depolarizing,0.9,0.5,0.2,,0.11,0.95,2006,1000,200,800,27,2,0.027,0.01,0.0027466581335444384,0.035721761716176796,0.03297510358263236,0.1003,0.05,0.04,1,1,0.02
05_loss_retention,113,47315198983920806593409125818573719628,20000,0.0,0.04,depolarizing,0.9,0.5,0.2,,0.11,0.95,2009,1030,206,824,24,2,0.02330097087378641,0.009708737864077669,0.002666536474096988,0.03470195526611014,0.03203541879201315,0.10045,0.0515,0.0412,1,1,0.02
05_loss_retention,114,289299520132625839354875010164035021115,20000,0.0,0.04,depolarizing,0.9,0.5,0.2,,0.11,0.95,2005,992,198,794,22,5,0.02217741935483871,0.025252525252525252,0.01083352628618478,0.057742369377501365,0.046908843091316585,0.10025,0.0496,0.0397,1,1,0.02
05_loss_retention,115,202214376065793010638982631035193635782,20000,0.0,0.04,depolarizing,0.9,0.5,0.2,,0.11,0.95,2025,1032,206,826,20,3,0.01937984496124031,0.014563106796116505,0.004964913165471704,0.041934583607010606,0.0369696704415389,0.10125,0.0516,0.0413,1,1,0.02
05_loss_retention,116,202905704648821240620726501672108475060,20000,0.0,0.04,depolarizing,0.9,0.5,0.2,,0.11,0.95,2013,1022,204,818,27,8,0.026418786692759294,0.0392156862745098,0.020002853883823012,0.0754615396653555,0.055458685781532485,0.10065,0.0511,0.0409,1,1,0.02
05_loss_retention,117,157284410179792974782503493293176790408,20000,0.0,0.04,depolarizing,0.9,0.5,0.2,,0.11,0.95,2004,1018,203,815,29,3,0.02848722986247544,0.014778325123152709,0.005038469334549735,0.04254125127274615,0.03750278193819641,0.1002,0.0509,0.04075,1,1,0.02
05_loss_retention,118,61902962038732942209221145442811429644,20000,0.0,0.04,depolarizing,0.9,0.5,0.2,,0.11,0.95,1997,960,192,768,17,2,0.017708333333333333,0.010416666666666666,0.00286128937829698,0.03717854114539974,0.03431725176710276,0.09985,0.048,0.0384,1,1,0.02
05_loss_retention,119,211463415661771760303801140853733068388,20000,0.0,0.04,depolarizing,0.9,0.5,0.2,,0.11,0.95,2001,1004,200,804,18,3,0.017928286852589643,0.015,0.005114237793258314,0.043165728792690254,0.03805149099943194,0.10005,0.0502,0.0402,1,1,0.02
05_loss_retention,120,15723884198493454275919220789137107642,20000,0.0,0.04,depolarizing,0.9,0.5,0.2,,0.11,0.95,1962,1009,201,808,23,2,0.022794846382556987,0.009950248756218905,0.0027329718246046214,0.03554765196043718,0.03281468013583256,0.0981,0.05045,0.0404,1,1,0.02
05_loss_retention,121,311094907441010389689155393856106338010,20000,0.0,0.04,depolarizing,0.9,0.5,0.2,,0.11,0.95,1930,938,187,751,12,3,0.01279317697228145,0.016042780748663103,0.005470736530942953,0.04609803097643974,0.04062729444549679,0.0965,0.0469,0.03755,1,1,0.02
05_loss_retention,122,99639174360377755276405886595042456947,20000,0.0,0.04,depolarizing,0.9,0.5,0.2,,0.11,0.95,2028,1008,201,807,18,6,0.017857142857142856,0.029850746268656716,0.01375120072965692,0.06358401701335273,0.049832816283695805,0.1014,0.0504,0.04035,1,1,0.02
05_loss_retention,123,297479104752502034919997687870506675977,20000,0.0,0.04,depolarizing,0.9,0.5,0.2,,0.11,0.95,2050,1000,200,800,16,2,0.016,0.01,0.0027466581335444384,0.035721761716176796,0.03297510358263236,0.1025,0.05,0.04,1,1,0.02
05_loss_retention,124,241400655153058414124199535068053308787,20000,0.0,0.04,depolarizing,0.9,0.5,0.2,,0.11,0.95,1989,970,194,776,13,2,0.013402061855670102,0.010309278350515464,0.002831743806059401,0.03680331988299741,0.033971576076938015,0.09945,0.0485,0.0388,1,1,0.02
05_loss_retention,125,273009306661898368302731043276395334987,20000,0.0,0.04,depolarizing,0.9,0.5,0.2,,0.11,0.95,1973,982,196,786,15,2,0.015274949083503055,0.01020408163265306,0.0028028021723191313,0.03643559644110272,0.033632794268783586,0.09865,0.0491,0.0393,1,1,0.02
05_loss_retention,126,213226163607648565783650611858090023720,20000,0.0,0.04,depolarizing,0.9,0.5,0.2,,0.11,0.95,2043,1058,211,847,17,5,0.01606805293005671,0.023696682464454975,0.010163306452086473,0.05426307985469313,0.04409977340260665,0.10215,0.0529,0.04235,1,1,0.02
05_loss_retention,127,135543423815153993185400651547056455338,20000,0.0,0.04,depolarizing,0.9,0.5,0.2,,0.11,0.95,2010,1002,200,802,22,3,0.021956087824351298,0.015,0.005114237793258314,0.043165728792690254,0.03805149099943194,0.1005,0.0501,0.0401,1,1,0.02
05_loss_retention,128,43726080446984661276107531305535558047,20000,0.0,0.04,depolarizing,0.9,0.5,0.2,,0.11,0.95,1990,1003,200,803,19,3,0.018943170488534396,0.015,0.005114237793258314,0.043165728792690254,0.03805149099943194,0.0995,0.05015,0.04015,1,1,0.02
05_loss_retention,129,213974687316259897271578404742395935304,20000,0.0,0.04,depolarizing,0.9,0.5,0.2,,0.11,0.95,1932,966,193,773,19,6,0.019668737060041408,0.031088082901554404,0.014324272148081706,0.06615399150431456,0.05182971935623285,0.0966,0.0483,0.03865,1,1,0.02
05_loss_retention,130,118054558192946533805425354967596061744,20000,0.0,0.04,depolarizing,0.9,0.5,0.2,,0.11,0.95,1970,971,194,777,26,8,0.026776519052523172,0.041237113402061855,0.02104116247795532,0.07924852876758212,0.058207366289626805,0.0985,0.04855,0.03885,1,1,0.02
05_loss_retention,131,35111517340241760078665193183121875111,20000,0.0,0.04,depolarizing,0.9,0.5,0.2,,0.11,0.95,2009,976,195,781,18,4,0.018442622950819672,0.020512820512820513,0.008005250618458155,0.05154701222916154,0.04354176161070339,0.10045,0.0488,0.03905,1,1,0.02
05_loss_retention,132,13763759629091451854158724155264451629,20000,0.0,0.04,depolarizing,0.9,0.5,0.2,,0.11,0.95,2084,1041,208,833,21,6,0.020172910662824207,0.028846153846153848,0.013286106595828025,0.06149367876291321,0.04820757216708518,0.1042,0.05205,0.04165,1,1,0.02
05_loss_retention,133,189811765719682247271251231799534348780,20000,0.0,0.04,depolarizing,0.9,0.5,0.2,,0.11,0.95,2033,953,190,763,18,3,0.01888772298006296,0.015789473684210527,0.0053841260641864196,0.04538653404417359,0.040002407979987165,0.10165,0.04765,0.03815,1,1,0.02
05_loss_retention,134,90505425804034992360675853281797678857,20000,0.0,0.04,depolarizing,0.9,0.5,0.2,,0.11,0.95,1983,988,197,791,15,6,0.015182186234817813,0.030456852791878174,0.014031887518315151,0.0648435544034494,0.05081166688513425,0.09915,0.0494,0.03955,1,1,0.02
05_loss_retention,135,102564649033081496356813268536035334618,20000,0.0,0.04,depolarizing,0.9,0.5,0.2,,0.11,0.95,1996,1007,201,806,18,4,0.01787487586891758,0.01990049751243781,0.0077654646737070065,0.050042456090318724,0.04227699141661172,0.0998,0.05035,0.0403,1,1,0.02
05_loss_retention,136,307260132170640211858030782275402391074,20000,0.0,0.04,depolarizing,0.9,0.5,0.2,,0.11,0.95,1938,978,195,783,16,4,0.016359918200409,0.020512820512820513,0.008005250618458155,0.05154701222916154,0.04354176161070339,0.0969,0.0489,0.03915,1,1,0.02
05_loss_retention,137,238057929217687152223574525659286146615,20000,0.0,0.04,depolarizing,0.9,0.5,0.2,,0.11,0.95,1962,950,190,760,20,4,0.021052631578947368,0.021052631578947368,0.008216683210937818,0.052871687113635664,0.044655003902697846,0.0981,0.0475,0.038,1,1,0.02
05_loss_retention,138,164594101947727121914194482122385446939,20000,0.0,0.04,depolarizing,0.9,0.5,0.2,,0.11,0.95,1977,1008,201,807,24,5,0.023809523809523808,0.024875621890547265,0.010671131858358954,0.05690043739515874,0.046229305536799783,0.09885,0.0504,0.04035,1,1,0.02
05_loss_retention,139,164039840769797881930460074987500595562,20000,0.0,0.04,depolarizing,0.9,0.5,0.2,,0.11,0.95,1968,944,188,756,12,2,0.012711864406779662,0.010638297872340425,0.0029222695660286353,0.037952413460767956,0.035030143894739324,0.0984,0.0472,0.0378,1,1,0.02
05_loss_retention,140,258118043179398857397603123674079392054,20000,0.0,0.04,depolarizing,0.9,0.5,0.2,,0.11,0.95,2011,1013,202,811,18,1,0.017769002961500493,0.0049504950495049506,0.0008744191123899597,0.02750401764258147,0.02662959853019151,0.10055,0.05065,0.04055,1,1,0.02
05_loss_retention,141,51151248640553377886311723423883918784,20000,0.0,0.04,depolarizing,0.9,0.5,0.2,,0.11,0.95,1995,1009,201,808,16,3,0.015857284440039643,0.014925373134328358,0.005088729700224184,0.04295554257430958,0.037866812874085394,0.09975,0.05045,0.0404,1,1,0.02
05_loss_retention,142,42908658828419359629025586697870042976,20000,0.0,0.04,depolarizing,0.9,0.5,0.2,,0.11,0.95,2006,995,199,796,15,1,0.01507537688442211,0.005025125628140704,0.0008876095100409549,0.02791054080230619,0.027022931292265236,0.1003,0.04975,0.0398,1,1,0.02
05_loss_retention,143,265298393978046482046502030653730886730,20000,0.0,0.04,depolarizing,0.9,0.5,0.2,,0.11,0.95,1980,1016,203,813,19,3,0.018700787401574805,0.014778325123152709,0.005038469334549735,0.04254125127274615,0.03750278193819641,0.099,0.0508,0.04065,1,1,0.02
05_loss_retention,144,126266946639647726168203951805369814862,20000,0.0,0.04,depolarizing,0.9,0.5,0.2,,0.11,0.95,2013,1003,200,803,21,3,0.020937188434695914,0.015,0.005114237793258314,0.043165728792690254,0.03805149099943194,0.10065,0.05015,0.04015,1,1,0.02
05_loss_retention,145,13690112314699317483737405822671756396,20000,0.0,0.04,depolarizing,0.9,0.5,0.2,,0.11,0.95,2052,959,191,768,19,5,0.01981230448383733,0.02617801047120419,0.011232376286567314,0.05980722126352053,0.04857484497695322,0.1026,0.04795,0.0384,1,1,0.02
05_loss_retention,146,20118780050834905288294869021610369902,20000,0.0,0.04,depolarizing,0.9,0.5,0.2,,0.11,0.95,2055,1035,207,828,16,5,0.015458937198067632,0.024154589371980676,0.010360523917063744,0.055288134075126075,0.044927610158062334,0.10275,0.05175,0.0414,1,1,0.02
05_loss_retention,147,210595644356280929775448573523027941673,20000,0.0,0.04,depolarizing,0.9,0.5,0.2,,0.11,0.95,2045,1008,201,807,23,8,0.022817460317460316,0.03980099502487562,0.020303424352613623,0.07655909036937995,0.056255666016766334,0.10225,0.0504,0.04035,1,1,0.02
05_loss_retention,148,323973993813143131504398049292037316123,20000,0.0,0.04,depolarizing,0.9,0.5,0.2,,0.11,0.95,2005,1002,200,802,20,2,0.01996007984031936,0.01,0.0027466581335444384,0.035721761716176796,0.03297510358263236,0.10025,0.0501,0.0401,1,1,0.02
05_loss_retention,149,126125941697447224721947271627850089139,20000,0.0,0.04,depolarizing,0.9,0.5,0.2,,0.11,0.95,2040,1027,205,822,26,7,0.02531645569620253,0.03414634146341464,0.016637111911388624,0.06879352490489765,0.052156412993509024,0.102,0.05135,0.0411,1,1,0.02
05_loss_retention,0,161243593581593997627123479072117770275,20000,0.0,0.04,depolarizing,1.0,0.5,0.2,,0.11,0.95,0,0,0,0,0,0,,,,,,0.0,0.0,0.0,0,1,0.02
05_loss_retention,1,83180893497905465764251251843216943682,20000,0.0,0.04,depolarizing,1.0,0.5,0.2,,0.11,0.95,0,0,0,0,0,0,,,,,,0.0,0.0,0.0,0,1,0.02
05_loss_retention,2,58019140749826142884834166824720753068,20000,0.0,0.04,depolarizing,1.0,0.5,0.2,,0.11,0.95,0,0,0,0,0,0,,,,,,0.0,0.0,0.0,0,1,0.02
05_loss_retention,3,315987470979421414054700228026859843077,20000,0.0,0.04,depolarizing,1.0,0.5,0.2,,0.11,0.95,0,0,0,0,0,0,,,,,,0.0,0.0,0.0,0,1,0.02
05_loss_retention,4,18314589129390857643415099957050478075,20000,0.0,0.04,depolarizing,1.0,0.5,0.2,,0.11,0.95,0,0,0,0,0,0,,,,,,0.0,0.0,0.0,0,1,0.02
05_loss_retention,5,225683895874762408854641080965199866614,20000,0.0,0.04,depolarizing,1.0,0.5,0.2,,0.11,0.95,0,0,0,0,0,0,,,,,,0.0,0.0,0.0,0,1,0.02
05_loss_retention,6,7682740828082145734279919665281360481,20000,0.0,0.04,depolarizing,1.0,0.5,0.2,,0.11,0.95,0,0,0,0,0,0,,,,,,0.0,0.0,0.0,0,1,0.02
05_loss_retention,7,149589176186875424437377257570378232284,20000,0.0,0.04,depolarizing,1.0,0.5,0.2,,0.11,0.95,0,0,0,0,0,0,,,,,,0.0,0.0,0.0,0,1,0.02
05_loss_retention,8,315406329508572720913050914258521869993,20000,0.0,0.04,depolarizing,1.0,0.5,0.2,,0.11,0.95,0,0,0,0,0,0,,,,,,0.0,0.0,0.0,0,1,0.02
05_loss_retention,9,96432631842256474034947763151847539171,20000,0.0,0.04,depolarizing,1.0,0.5,0.2,,0.11,0.95,0,0,0,0,0,0,,,,,,0.0,0.0,0.0,0,1,0.02
05_loss_retention,10,123764895124476366795279613728163358403,20000,0.0,0.04,depolarizing,1.0,0.5,0.2,,0.11,0.95,0,0,0,0,0,0,,,,,,0.0,0.0,0.0,0,1,0.02
05_loss_retention,11,234964098215963534968382829923835452030,20000,0.0,0.04,depolarizing,1.0,0.5,0.2,,0.11,0.95,0,0,0,0,0,0,,,,,,0.0,0.0,0.0,0,1,0.02
05_loss_retention,12,172149860234492807679143091970541166021,20000,0.0,0.04,depolarizing,1.0,0.5,0.2,,0.11,0.95,0,0,0,0,0,0,,,,,,0.0,0.0,0.0,0,1,0.02
05_loss_retention,13,311131648732789948592809104824487576953,20000,0.0,0.04,depolarizing,1.0,0.5,0.2,,0.11,0.95,0,0,0,0,0,0,,,,,,0.0,0.0,0.0,0,1,0.02
05_loss_retention,14,68339444538894427820822664103515122483,20000,0.0,0.04,depolarizing,1.0,0.5,0.2,,0.11,0.95,0,0,0,0,0,0,,,,,,0.0,0.0,0.0,0,1,0.02
05_loss_retention,15,92350261075663738048719150508460586411,20000,0.0,0.04,depolarizing,1.0,0.5,0.2,,0.11,0.95,0,0,0,0,0,0,,,,,,0.0,0.0,0.0,0,1,0.02
05_loss_retention,16,115725736754884317981190741599304084287,20000,0.0,0.04,depolarizing,1.0,0.5,0.2,,0.11,0.95,0,0,0,0,0,0,,,,,,0.0,0.0,0.0,0,1,0.02
05_loss_retention,17,228220340173592788870117407056774335527,20000,0.0,0.04,depolarizing,1.0,0.5,0.2,,0.11,0.95,0,0,0,0,0,0,,,,,,0.0,0.0,0.0,0,1,0.02
05_loss_retention,18,255323800602854894584031902716421411402,20000,0.0,0.04,depolarizing,1.0,0.5,0.2,,0.11,0.95,0,0,0,0,0,0,,,,,,0.0,0.0,0.0,0,1,0.02
05_loss_retention,19,3645010843597130307378653320411449166,20000,0.0,0.04,depolarizing,1.0,0.5,0.2,,0.11,0.95,0,0,0,0,0,0,,,,,,0.0,0.0,0.0,0,1,0.02
05_loss_retention,20,148939661373042503196616770947523893098,20000,0.0,0.04,depolarizing,1.0,0.5,0.2,,0.11,0.95,0,0,0,0,0,0,,,,,,0.0,0.0,0.0,0,1,0.02
05_loss_retention,21,227930333275605592387212070374477402261,20000,0.0,0.04,depolarizing,1.0,0.5,0.2,,0.11,0.95,0,0,0,0,0,0,,,,,,0.0,0.0,0.0,0,1,0.02
05_loss_retention,22,317313323900659550194859469210392481079,20000,0.0,0.04,depolarizing,1.0,0.5,0.2,,0.11,0.95,0,0,0,0,0,0,,,,,,0.0,0.0,0.0,0,1,0.02
05_loss_retention,23,132219522276899931896871895477358788604,20000,0.0,0.04,depolarizing,1.0,0.5,0.2,,0.11,0.95,0,0,0,0,0,0,,,,,,0.0,0.0,0.0,0,1,0.02
05_loss_retention,24,267474351384448356742565315617002894986,20000,0.0,0.04,depolarizing,1.0,0.5,0.2,,0.11,0.95,0,0,0,0,0,0,,,,,,0.0,0.0,0.0,0,1,0.02
05_loss_retention,25,247601991583966287278158886646937997373,20000,0.0,0.04,depolarizing,1.0,0.5,0.2,,0.11,0.95,0,0,0,0,0,0,,,,,,0.0,0.0,0.0,0,1,0.02
05_loss_retention,26,335981701200356252778090490663633561930,20000,0.0,0.04,depolarizing,1.0,0.5,0.2,,0.11,0.95,0,0,0,0,0,0,,,,,,0.0,0.0,0.0,0,1,0.02
05_loss_retention,27,330338772968957066526010271230379725957,20000,0.0,0.04,depolarizing,1.0,0.5,0.2,,0.11,0.95,0,0,0,0,0,0,,,,,,0.0,0.0,0.0,0,1,0.02
05_loss_retention,28,75961952369725978694579631027858531478,20000,0.0,0.04,depolarizing,1.0,0.5,0.2,,0.11,0.95,0,0,0,0,0,0,,,,,,0.0,0.0,0.0,0,1,0.02
05_loss_retention,29,114807767838324957770131725593570622841,20000,0.0,0.04,depolarizing,1.0,0.5,0.2,,0.11,0.95,0,0,0,0,0,0,,,,,,0.0,0.0,0.0,0,1,0.02
05_loss_retention,30,271482121718978469736012453976293357713,20000,0.0,0.04,depolarizing,1.0,0.5,0.2,,0.11,0.95,0,0,0,0,0,0,,,,,,0.0,0.0,0.0,0,1,0.02
05_loss_retention,31,29036695697702874982658177365490918506,20000,0.0,0.04,depolarizing,1.0,0.5,0.2,,0.11,0.95,0,0,0,0,0,0,,,,,,0.0,0.0,0.0,0,1,0.02
05_loss_retention,32,3675498458615667026466586293196710072,20000,0.0,0.04,depolarizing,1.0,0.5,0.2,,0.11,0.95,0,0,0,0,0,0,,,,,,0.0,0.0,0.0,0,1,0.02
05_loss_retention,33,26480876360876154568991938231509458677,20000,0.0,0.04,depolarizing,1.0,0.5,0.2,,0.11,0.95,0,0,0,0,0,0,,,,,,0.0,0.0,0.0,0,1,0.02
05_loss_retention,34,208388953317343118241549299182500615505,20000,0.0,0.04,depolarizing,1.0,0.5,0.2,,0.11,0.95,0,0,0,0,0,0,,,,,,0.0,0.0,0.0,0,1,0.02
05_loss_retention,35,173485357390734771866855076432786654270,20000,0.0,0.04,depolarizing,1.0,0.5,0.2,,0.11,0.95,0,0,0,0,0,0,,,,,,0.0,0.0,0.0,0,1,0.02
05_loss_retention,36,53117755046491154994300664621821449289,20000,0.0,0.04,depolarizing,1.0,0.5,0.2,,0.11,0.95,0,0,0,0,0,0,,,,,,0.0,0.0,0.0,0,1,0.02
05_loss_retention,37,205447260598977614533481343203210707449,20000,0.0,0.04,depolarizing,1.0,0.5,0.2,,0.11,0.95,0,0,0,0,0,0,,,,,,0.0,0.0,0.0,0,1,0.02
05_loss_retention,38,233407090304671225084686798519575552609,20000,0.0,0.04,depolarizing,1.0,0.5,0.2,,0.11,0.95,0,0,0,0,0,0,,,,,,0.0,0.0,0.0,0,1,0.02
05_loss_retention,39,179186197219891349846836935708691822791,20000,0.0,0.04,depolarizing,1.0,0.5,0.2,,0.11,0.95,0,0,0,0,0,0,,,,,,0.0,0.0,0.0,0,1,0.02
05_loss_retention,40,133438603309112738122140310838043472577,20000,0.0,0.04,depolarizing,1.0,0.5,0.2,,0.11,0.95,0,0,0,0,0,0,,,,,,0.0,0.0,0.0,0,1,0.02
05_loss_retention,41,198035651252974716597401862367101484204,20000,0.0,0.04,depolarizing,1.0,0.5,0.2,,0.11,0.95,0,0,0,0,0,0,,,,,,0.0,0.0,0.0,0,1,0.02
05_loss_retention,42,118413466801952467756499605051834335712,20000,0.0,0.04,depolarizing,1.0,0.5,0.2,,0.11,0.95,0,0,0,0,0,0,,,,,,0.0,0.0,0.0,0,1,0.02
05_loss_retention,43,198120923180769587328962258206520709486,20000,0.0,0.04,depolarizing,1.0,0.5,0.2,,0.11,0.95,0,0,0,0,0,0,,,,,,0.0,0.0,0.0,0,1,0.02
05_loss_retention,44,209464876188387111576674144353556316235,20000,0.0,0.04,depolarizing,1.0,0.5,0.2,,0.11,0.95,0,0,0,0,0,0,,,,,,0.0,0.0,0.0,0,1,0.02
05_loss_retention,45,266830398713081108006229626806087468338,20000,0.0,0.04,depolarizing,1.0,0.5,0.2,,0.11,0.95,0,0,0,0,0,0,,,,,,0.0,0.0,0.0,0,1,0.02
05_loss_retention,46,113439452330377392699544901627545580267,20000,0.0,0.04,depolarizing,1.0,0.5,0.2,,0.11,0.95,0,0,0,0,0,0,,,,,,0.0,0.0,0.0,0,1,0.02
05_loss_retention,47,318635463267892525463153054624356783861,20000,0.0,0.04,depolarizing,1.0,0.5,0.2,,0.11,0.95,0,0,0,0,0,0,,,,,,0.0,0.0,0.0,0,1,0.02
05_loss_retention,48,660761366896957674217145300044954711,20000,0.0,0.04,depolarizing,1.0,0.5,0.2,,0.11,0.95,0,0,0,0,0,0,,,,,,0.0,0.0,0.0,0,1,0.02
05_loss_retention,49,144832063758272418658754129960526978856,20000,0.0,0.04,depolarizing,1.0,0.5,0.2,,0.11,0.95,0,0,0,0,0,0,,,,,,0.0,0.0,0.0,0,1,0.02
05_loss_retention,50,263695145916693213879123614108500984794,20000,0.0,0.04,depolarizing,1.0,0.5,0.2,,0.11,0.95,0,0,0,0,0,0,,,,,,0.0,0.0,0.0,0,1,0.02
05_loss_retention,51,191043622436725790566540185535731625683,20000,0.0,0.04,depolarizing,1.0,0.5,0.2,,0.11,0.95,0,0,0,0,0,0,,,,,,0.0,0.0,0.0,0,1,0.02
05_loss_retention,52,73564536815312636634676975155373732116,20000,0.0,0.04,depolarizing,1.0,0.5,0.2,,0.11,0.95,0,0,0,0,0,0,,,,,,0.0,0.0,0.0,0,1,0.02
05_loss_retention,53,44652764469737990518884652139632647938,20000,0.0,0.04,depolarizing,1.0,0.5,0.2,,0.11,0.95,0,0,0,0,0,0,,,,,,0.0,0.0,0.0,0,1,0.02
05_loss_retention,54,171855622613288594738773433975876729987,20000,0.0,0.04,depolarizing,1.0,0.5,0.2,,0.11,0.95,0,0,0,0,0,0,,,,,,0.0,0.0,0.0,0,1,0.02
05_loss_retention,55,2762405630234794967777885934133558168,20000,0.0,0.04,depolarizing,1.0,0.5,0.2,,0.11,0.95,0,0,0,0,0,0,,,,,,0.0,0.0,0.0,0,1,0.02
05_loss_retention,56,272820162536130956045609645721316496675,20000,0.0,0.04,depolarizing,1.0,0.5,0.2,,0.11,0.95,0,0,0,0,0,0,,,,,,0.0,0.0,0.0,0,1,0.02
05_loss_retention,57,285235690679148545400410789101921686757,20000,0.0,0.04,depolarizing,1.0,0.5,0.2,,0.11,0.95,0,0,0,0,0,0,,,,,,0.0,0.0,0.0,0,1,0.02
05_loss_retention,58,75237588876205893318769460939176684566,20000,0.0,0.04,depolarizing,1.0,0.5,0.2,,0.11,0.95,0,0,0,0,0,0,,,,,,0.0,0.0,0.0,0,1,0.02
05_loss_retention,59,206040029885986449591557596416794131440,20000,0.0,0.04,depolarizing,1.0,0.5,0.2,,0.11,0.95,0,0,0,0,0,0,,,,,,0.0,0.0,0.0,0,1,0.02
05_loss_retention,60,178582307393854791085900729337671444493,20000,0.0,0.04,depolarizing,1.0,0.5,0.2,,0.11,0.95,0,0,0,0,0,0,,,,,,0.0,0.0,0.0,0,1,0.02
05_loss_retention,61,231038096741347794726968313851798277292,20000,0.0,0.04,depolarizing,1.0,0.5,0.2,,0.11,0.95,0,0,0,0,0,0,,,,,,0.0,0.0,0.0,0,1,0.02
05_loss_retention,62,77019992606777722436948842228845753178,20000,0.0,0.04,depolarizing,1.0,0.5,0.2,,0.11,0.95,0,0,0,0,0,0,,,,,,0.0,0.0,0.0,0,1,0.02
05_loss_retention,63,313621218957166817303552181731876729244,20000,0.0,0.04,depolarizing,1.0,0.5,0.2,,0.11,0.95,0,0,0,0,0,0,,,,,,0.0,0.0,0.0,0,1,0.02
05_loss_retention,64,15084780189769661589647945598060291364,20000,0.0,0.04,depolarizing,1.0,0.5,0.2,,0.11,0.95,0,0,0,0,0,0,,,,,,0.0,0.0,0.0,0,1,0.02
05_loss_retention,65,40827948092509934106171399582203822384,20000,0.0,0.04,depolarizing,1.0,0.5,0.2,,0.11,0.95,0,0,0,0,0,0,,,,,,0.0,0.0,0.0,0,1,0.02
05_loss_retention,66,102723429696466603412227879533543953181,20000,0.0,0.04,depolarizing,1.0,0.5,0.2,,0.11,0.95,0,0,0,0,0,0,,,,,,0.0,0.0,0.0,0,1,0.02
05_loss_retention,67,314461844119464843340608703239904549328,20000,0.0,0.04,depolarizing,1.0,0.5,0.2,,0.11,0.95,0,0,0,0,0,0,,,,,,0.0,0.0,0.0,0,1,0.02
05_loss_retention,68,309862006074022427801779574066885863971,20000,0.0,0.04,depolarizing,1.0,0.5,0.2,,0.11,0.95,0,0,0,0,0,0,,,,,,0.0,0.0,0.0,0,1,0.02
05_loss_retention,69,282363235281125208246016463672770022137,20000,0.0,0.04,depolarizing,1.0,0.5,0.2,,0.11,0.95,0,0,0,0,0,0,,,,,,0.0,0.0,0.0,0,1,0.02
05_loss_retention,70,85416374541123448506538790630531166213,20000,0.0,0.04,depolarizing,1.0,0.5,0.2,,0.11,0.95,0,0,0,0,0,0,,,,,,0.0,0.0,0.0,0,1,0.02
05_loss_retention,71,84508810817710904825329940841561455893,20000,0.0,0.04,depolarizing,1.0,0.5,0.2,,0.11,0.95,0,0,0,0,0,0,,,,,,0.0,0.0,0.0,0,1,0.02
05_loss_retention,72,119050549519178824128930973608877348699,20000,0.0,0.04,depolarizing,1.0,0.5,0.2,,0.11,0.95,0,0,0,0,0,0,,,,,,0.0,0.0,0.0,0,1,0.02
05_loss_retention,73,90388456915659285107104159032843640191,20000,0.0,0.04,depolarizing,1.0,0.5,0.2,,0.11,0.95,0,0,0,0,0,0,,,,,,0.0,0.0,0.0,0,1,0.02
05_loss_retention,74,156440797098079205357413515947054384370,20000,0.0,0.04,depolarizing,1.0,0.5,0.2,,0.11,0.95,0,0,0,0,0,0,,,,,,0.0,0.0,0.0,0,1,0.02
05_loss_retention,75,259209912602107593619309318480153020831,20000,0.0,0.04,depolarizing,1.0,0.5,0.2,,0.11,0.95,0,0,0,0,0,0,,,,,,0.0,0.0,0.0,0,1,0.02
05_loss_retention,76,132427207813227426330965435265973301401,20000,0.0,0.04,depolarizing,1.0,0.5,0.2,,0.11,0.95,0,0,0,0,0,0,,,,,,0.0,0.0,0.0,0,1,0.02
05_loss_retention,77,291502697896785671330775988641740062106,20000,0.0,0.04,depolarizing,1.0,0.5,0.2,,0.11,0.95,0,0,0,0,0,0,,,,,,0.0,0.0,0.0,0,1,0.02
05_loss_retention,78,128518687545564699057471353178148937035,20000,0.0,0.04,depolarizing,1.0,0.5,0.2,,0.11,0.95,0,0,0,0,0,0,,,,,,0.0,0.0,0.0,0,1,0.02
05_loss_retention,79,93774639062084633576820632141267633161,20000,0.0,0.04,depolarizing,1.0,0.5,0.2,,0.11,0.95,0,0,0,0,0,0,,,,,,0.0,0.0,0.0,0,1,0.02
05_loss_retention,80,143687294632028837612770472645542228112,20000,0.0,0.04,depolarizing,1.0,0.5,0.2,,0.11,0.95,0,0,0,0,0,0,,,,,,0.0,0.0,0.0,0,1,0.02
05_loss_retention,81,149280122558875162327139220632147316640,20000,0.0,0.04,depolarizing,1.0,0.5,0.2,,0.11,0.95,0,0,0,0,0,0,,,,,,0.0,0.0,0.0,0,1,0.02
05_loss_retention,82,194500248370396695193882761603586279103,20000,0.0,0.04,depolarizing,1.0,0.5,0.2,,0.11,0.95,0,0,0,0,0,0,,,,,,0.0,0.0,0.0,0,1,0.02
05_loss_retention,83,55162725473514005222875447289535933119,20000,0.0,0.04,depolarizing,1.0,0.5,0.2,,0.11,0.95,0,0,0,0,0,0,,,,,,0.0,0.0,0.0,0,1,0.02
05_loss_retention,84,87788423877351236932239584108562910778,20000,0.0,0.04,depolarizing,1.0,0.5,0.2,,0.11,0.95,0,0,0,0,0,0,,,,,,0.0,0.0,0.0,0,1,0.02
05_loss_retention,85,280991675605547728249363410529340128424,20000,0.0,0.04,depolarizing,1.0,0.5,0.2,,0.11,0.95,0,0,0,0,0,0,,,,,,0.0,0.0,0.0,0,1,0.02
05_loss_retention,86,48865954222808577879340388426692945767,20000,0.0,0.04,depolarizing,1.0,0.5,0.2,,0.11,0.95,0,0,0,0,0,0,,,,,,0.0,0.0,0.0,0,1,0.02
05_loss_retention,87,305887346785412694299826504532203873474,20000,0.0,0.04,depolarizing,1.0,0.5,0.2,,0.11,0.95,0,0,0,0,0,0,,,,,,0.0,0.0,0.0,0,1,0.02
05_loss_retention,88,25440570055121191177562456566222849165,20000,0.0,0.04,depolarizing,1.0,0.5,0.2,,0.11,0.95,0,0,0,0,0,0,,,,,,0.0,0.0,0.0,0,1,0.02
05_loss_retention,89,132394425205378829022369961236244751610,20000,0.0,0.04,depolarizing,1.0,0.5,0.2,,0.11,0.95,0,0,0,0,0,0,,,,,,0.0,0.0,0.0,0,1,0.02
05_loss_retention,90,80607380589246269236059984421096911222,20000,0.0,0.04,depolarizing,1.0,0.5,0.2,,0.11,0.95,0,0,0,0,0,0,,,,,,0.0,0.0,0.0,0,1,0.02
05_loss_retention,91,108575898735847473436158438751555468390,20000,0.0,0.04,depolarizing,1.0,0.5,0.2,,0.11,0.95,0,0,0,0,0,0,,,,,,0.0,0.0,0.0,0,1,0.02
05_loss_retention,92,174679726370390825336556455980975631068,20000,0.0,0.04,depolarizing,1.0,0.5,0.2,,0.11,0.95,0,0,0,0,0,0,,,,,,0.0,0.0,0.0,0,1,0.02
05_loss_retention,93,306072390069186815759632701073781187151,20000,0.0,0.04,depolarizing,1.0,0.5,0.2,,0.11,0.95,0,0,0,0,0,0,,,,,,0.0,0.0,0.0,0,1,0.02
05_loss_retention,94,262575777715003860181404109193856236861,20000,0.0,0.04,depolarizing,1.0,0.5,0.2,,0.11,0.95,0,0,0,0,0,0,,,,,,0.0,0.0,0.0,0,1,0.02
05_loss_retention,95,273905186007407189338596053614289629520,20000,0.0,0.04,depolarizing,1.0,0.5,0.2,,0.11,0.95,0,0,0,0,0,0,,,,,,0.0,0.0,0.0,0,1,0.02
05_loss_retention,96,38042677233553266743349966482595740141,20000,0.0,0.04,depolarizing,1.0,0.5,0.2,,0.11,0.95,0,0,0,0,0,0,,,,,,0.0,0.0,0.0,0,1,0.02
05_loss_retention,97,330788433251797993812093514191794910415,20000,0.0,0.04,depolarizing,1.0,0.5,0.2,,0.11,0.95,0,0,0,0,0,0,,,,,,0.0,0.0,0.0,0,1,0.02
05_loss_retention,98,93052155762185505899184562284620593418,20000,0.0,0.04,depolarizing,1.0,0.5,0.2,,0.11,0.95,0,0,0,0,0,0,,,,,,0.0,0.0,0.0,0,1,0.02
05_loss_retention,99,111775431102141949882964793055155789703,20000,0.0,0.04,depolarizing,1.0,0.5,0.2,,0.11,0.95,0,0,0,0,0,0,,,,,,0.0,0.0,0.0,0,1,0.02
05_loss_retention,100,29782174659006205294811944093886524869,20000,0.0,0.04,depolarizing,1.0,0.5,0.2,,0.11,0.95,0,0,0,0,0,0,,,,,,0.0,0.0,0.0,0,1,0.02
05_loss_retention,101,114947341703345461345298336724191689772,20000,0.0,0.04,depolarizing,1.0,0.5,0.2,,0.11,0.95,0,0,0,0,0,0,,,,,,0.0,0.0,0.0,0,1,0.02
05_loss_retention,102,189421867043079755227047017565815484610,20000,0.0,0.04,depolarizing,1.0,0.5,0.2,,0.11,0.95,0,0,0,0,0,0,,,,,,0.0,0.0,0.0,0,1,0.02
05_loss_retention,103,208753017030372015292389190755378827557,20000,0.0,0.04,depolarizing,1.0,0.5,0.2,,0.11,0.95,0,0,0,0,0,0,,,,,,0.0,0.0,0.0,0,1,0.02
05_loss_retention,104,226633406513685825388964453462721106909,20000,0.0,0.04,depolarizing,1.0,0.5,0.2,,0.11,0.95,0,0,0,0,0,0,,,,,,0.0,0.0,0.0,0,1,0.02
05_loss_retention,105,122904326019474004507021520215003231080,20000,0.0,0.04,depolarizing,1.0,0.5,0.2,,0.11,0.95,0,0,0,0,0,0,,,,,,0.0,0.0,0.0,0,1,0.02
05_loss_retention,106,44258187949573982495332230787802915838,20000,0.0,0.04,depolarizing,1.0,0.5,0.2,,0.11,0.95,0,0,0,0,0,0,,,,,,0.0,0.0,0.0,0,1,0.02
05_loss_retention,107,18731758386160312708054381794286049638,20000,0.0,0.04,depolarizing,1.0,0.5,0.2,,0.11,0.95,0,0,0,0,0,0,,,,,,0.0,0.0,0.0,0,1,0.02
05_loss_retention,108,212056448518041723944929779737961711886,20000,0.0,0.04,depolarizing,1.0,0.5,0.2,,0.11,0.95,0,0,0,0,0,0,,,,,,0.0,0.0,0.0,0,1,0.02
05_loss_retention,109,115850327360782018410479003558850639318,20000,0.0,0.04,depolarizing,1.0,0.5,0.2,,0.11,0.95,0,0,0,0,0,0,,,,,,0.0,0.0,0.0,0,1,0.02
05_loss_retention,110,280534650317180488150688022860623933889,20000,0.0,0.04,depolarizing,1.0,0.5,0.2,,0.11,0.95,0,0,0,0,0,0,,,,,,0.0,0.0,0.0,0,1,0.02
05_loss_retention,111,165407269725519464336901779467036499004,20000,0.0,0.04,depolarizing,1.0,0.5,0.2,,0.11,0.95,0,0,0,0,0,0,,,,,,0.0,0.0,0.0,0,1,0.02
05_loss_retention,112,66563363856925342969764590283501159294,20000,0.0,0.04,depolarizing,1.0,0.5,0.2,,0.11,0.95,0,0,0,0,0,0,,,,,,0.0,0.0,0.0,0,1,0.02
05_loss_retention,113,60857938443077877238318738643994779840,20000,0.0,0.04,depolarizing,1.0,0.5,0.2,,0.11,0.95,0,0,0,0,0,0,,,,,,0.0,0.0,0.0,0,1,0.02
05_loss_retention,114,285819852878627126171108410794858669683,20000,0.0,0.04,depolarizing,1.0,0.5,0.2,,0.11,0.95,0,0,0,0,0,0,,,,,,0.0,0.0,0.0,0,1,0.02
05_loss_retention,115,105019455548458686907947778198914110954,20000,0.0,0.04,depolarizing,1.0,0.5,0.2,,0.11,0.95,0,0,0,0,0,0,,,,,,0.0,0.0,0.0,0,1,0.02
05_loss_retention,116,73618007104308455195462522030096365077,20000,0.0,0.04,depolarizing,1.0,0.5,0.2,,0.11,0.95,0,0,0,0,0,0,,,,,,0.0,0.0,0.0,0,1,0.02
05_loss_retention,117,96377837631392767443170163889895216362,20000,0.0,0.04,depolarizing,1.0,0.5,0.2,,0.11,0.95,0,0,0,0,0,0,,,,,,0.0,0.0,0.0,0,1,0.02
05_loss_retention,118,43348145652456956220916187062228612306,20000,0.0,0.04,depolarizing,1.0,0.5,0.2,,0.11,0.95,0,0,0,0,0,0,,,,,,0.0,0.0,0.0,0,1,0.02
05_loss_retention,119,155918801586815674728063584156467371314,20000,0.0,0.04,depolarizing,1.0,0.5,0.2,,0.11,0.95,0,0,0,0,0,0,,,,,,0.0,0.0,0.0,0,1,0.02
05_loss_retention,120,322726190742308111984693229815089098046,20000,0.0,0.04,depolarizing,1.0,0.5,0.2,,0.11,0.95,0,0,0,0,0,0,,,,,,0.0,0.0,0.0,0,1,0.02
05_loss_retention,121,260682364837363919777507737967719697299,20000,0.0,0.04,depolarizing,1.0,0.5,0.2,,0.11,0.95,0,0,0,0,0,0,,,,,,0.0,0.0,0.0,0,1,0.02
05_loss_retention,122,20904659498448183163031039330022464250,20000,0.0,0.04,depolarizing,1.0,0.5,0.2,,0.11,0.95,0,0,0,0,0,0,,,,,,0.0,0.0,0.0,0,1,0.02
05_loss_retention,123,280987190360237294175068792993873784041,20000,0.0,0.04,depolarizing,1.0,0.5,0.2,,0.11,0.95,0,0,0,0,0,0,,,,,,0.0,0.0,0.0,0,1,0.02
05_loss_retention,124,261654687986381749683968167990345246239,20000,0.0,0.04,depolarizing,1.0,0.5,0.2,,0.11,0.95,0,0,0,0,0,0,,,,,,0.0,0.0,0.0,0,1,0.02
05_loss_retention,125,147264818726074727390330315040826061955,20000,0.0,0.04,depolarizing,1.0,0.5,0.2,,0.11,0.95,0,0,0,0,0,0,,,,,,0.0,0.0,0.0,0,1,0.02
05_loss_retention,126,211686898168962859049239665595641902387,20000,0.0,0.04,depolarizing,1.0,0.5,0.2,,0.11,0.95,0,0,0,0,0,0,,,,,,0.0,0.0,0.0,0,1,0.02
05_loss_retention,127,273332548532454338654771284294585561752,20000,0.0,0.04,depolarizing,1.0,0.5,0.2,,0.11,0.95,0,0,0,0,0,0,,,,,,0.0,0.0,0.0,0,1,0.02
05_loss_retention,128,114304726405493288215728904808251509899,20000,0.0,0.04,depolarizing,1.0,0.5,0.2,,0.11,0.95,0,0,0,0,0,0,,,,,,0.0,0.0,0.0,0,1,0.02
05_loss_retention,129,135135654007589487226516530182197635928,20000,0.0,0.04,depolarizing,1.0,0.5,0.2,,0.11,0.95,0,0,0,0,0,0,,,,,,0.0,0.0,0.0,0,1,0.02
05_loss_retention,130,156950724608166834402100006219670737981,20000,0.0,0.04,depolarizing,1.0,0.5,0.2,,0.11,0.95,0,0,0,0,0,0,,,,,,0.0,0.0,0.0,0,1,0.02
05_loss_retention,131,167968230598122848912123992400757811960,20000,0.0,0.04,depolarizing,1.0,0.5,0.2,,0.11,0.95,0,0,0,0,0,0,,,,,,0.0,0.0,0.0,0,1,0.02
05_loss_retention,132,139952349873506297720719403314834471030,20000,0.0,0.04,depolarizing,1.0,0.5,0.2,,0.11,0.95,0,0,0,0,0,0,,,,,,0.0,0.0,0.0,0,1,0.02
05_loss_retention,133,299592199753674087148188771494220502750,20000,0.0,0.04,depolarizing,1.0,0.5,0.2,,0.11,0.95,0,0,0,0,0,0,,,,,,0.0,0.0,0.0,0,1,0.02
05_loss_retention,134,6795997493197359493674195946960736349,20000,0.0,0.04,depolarizing,1.0,0.5,0.2,,0.11,0.95,0,0,0,0,0,0,,,,,,0.0,0.0,0.0,0,1,0.02
05_loss_retention,135,91275585887063820366611952344043959571,20000,0.0,0.04,depolarizing,1.0,0.5,0.2,,0.11,0.95,0,0,0,0,0,0,,,,,,0.0,0.0,0.0,0,1,0.02
05_loss_retention,136,268496433570063982100216364547835016088,20000,0.0,0.04,depolarizing,1.0,0.5,0.2,,0.11,0.95,0,0,0,0,0,0,,,,,,0.0,0.0,0.0,0,1,0.02
05_loss_retention,137,137253216279338107466480608642689959348,20000,0.0,0.04,depolarizing,1.0,0.5,0.2,,0.11,0.95,0,0,0,0,0,0,,,,,,0.0,0.0,0.0,0,1,0.02
05_loss_retention,138,76954483553640442702697574910761708277,20000,0.0,0.04,depolarizing,1.0,0.5,0.2,,0.11,0.95,0,0,0,0,0,0,,,,,,0.0,0.0,0.0,0,1,0.02
05_loss_retention,139,133238408289584476838726483470166965329,20000,0.0,0.04,depolarizing,1.0,0.5,0.2,,0.11,0.95,0,0,0,0,0,0,,,,,,0.0,0.0,0.0,0,1,0.02
05_loss_retention,140,62878844594151832095708558731145608322,20000,0.0,0.04,depolarizing,1.0,0.5,0.2,,0.11,0.95,0,0,0,0,0,0,,,,,,0.0,0.0,0.0,0,1,0.02
05_loss_retention,141,305078595290671330081410908183435643813,20000,0.0,0.04,depolarizing,1.0,0.5,0.2,,0.11,0.95,0,0,0,0,0,0,,,,,,0.0,0.0,0.0,0,1,0.02
05_loss_retention,142,1202500969349769461818137733218105945,20000,0.0,0.04,depolarizing,1.0,0.5,0.2,,0.11,0.95,0,0,0,0,0,0,,,,,,0.0,0.0,0.0,0,1,0.02
05_loss_retention,143,33582791296284563329087094800233658426,20000,0.0,0.04,depolarizing,1.0,0.5,0.2,,0.11,0.95,0,0,0,0,0,0,,,,,,0.0,0.0,0.0,0,1,0.02
05_loss_retention,144,139650724924231583625489859804480924714,20000,0.0,0.04,depolarizing,1.0,0.5,0.2,,0.11,0.95,0,0,0,0,0,0,,,,,,0.0,0.0,0.0,0,1,0.02
05_loss_retention,145,312119723561159787082203832405202425149,20000,0.0,0.04,depolarizing,1.0,0.5,0.2,,0.11,0.95,0,0,0,0,0,0,,,,,,0.0,0.0,0.0,0,1,0.02
05_loss_retention,146,228751009879794196924823733070242932841,20000,0.0,0.04,depolarizing,1.0,0.5,0.2,,0.11,0.95,0,0,0,0,0,0,,,,,,0.0,0.0,0.0,0,1,0.02
05_loss_retention,147,334892203727240964379530969752459869651,20000,0.0,0.04,depolarizing,1.0,0.5,0.2,,0.11,0.95,0,0,0,0,0,0,,,,,,0.0,0.0,0.0,0,1,0.02
05_loss_retention,148,8781705244720485941389885062623248708,20000,0.0,0.04,depolarizing,1.0,0.5,0.2,,0.11,0.95,0,0,0,0,0,0,,,,,,0.0,0.0,0.0,0,1,0.02
05_loss_retention,149,295499608120544374998250744774366821328,20000,0.0,0.04,depolarizing,1.0,0.5,0.2,,0.11,0.95,0,0,0,0,0,0,,,,,,0.0,0.0,0.0,0,1,0.02
