experiment,repeat,seed,n_signals,eve_fraction,noise_probability,noise_model,loss_probability,basis_probability_z,sample_fraction,sample_size,abort_threshold,confidence,n_detected,n_sifted,n_test,n_remaining,actual_errors,test_errors,qber_actual,qber_estimate,qber_ci_low,qber_ci_high,qber_ci_width,detected_fraction,sifted_fraction,candidate_fraction,has_error,full_sample,expected_qber
01_eve_sweep,0,191599198387802838677603364794177556170,5000,0.0,0.0,depolarizing,0.0,0.5,0.2,,0.11,0.95,5000,2510,502,2008,0,0,0.0,0.0,0.0,0.007594195283340362,0.007594195283340362,1.0,0.502,0.4016,0,1,0.0
01_eve_sweep,1,334801034744100240069614875262985158085,5000,0.0,0.0,depolarizing,0.0,0.5,0.2,,0.11,0.95,5000,2531,506,2025,0,0,0.0,0.0,0.0,0.0075346144457921075,0.0075346144457921075,1.0,0.5062,0.405,0,1,0.0
01_eve_sweep,2,138236263268105285905035897063081419186,5000,0.0,0.0,depolarizing,0.0,0.5,0.2,,0.11,0.95,5000,2469,493,1976,0,0,0.0,0.0,4.336808689942018e-19,0.007731759804852504,0.007731759804852504,1.0,0.4938,0.3952,0,1,0.0
01_eve_sweep,3,303054495178818630174038565883796743006,5000,0.0,0.0,depolarizing,0.0,0.5,0.2,,0.11,0.95,5000,2542,508,2034,0,0,0.0,0.0,0.0,0.007505173241622549,0.007505173241622549,1.0,0.5084,0.4068,0,1,0.0
01_eve_sweep,4,183379905485792164511378503132867940039,5000,0.0,0.0,depolarizing,0.0,0.5,0.2,,0.11,0.95,5000,2536,507,2029,0,0,0.0,0.0,0.0,0.0075198650273263735,0.0075198650273263735,1.0,0.5072,0.4058,0,1,0.0
01_eve_sweep,5,320165348029565807357829869161365804518,5000,0.0,0.0,depolarizing,0.0,0.5,0.2,,0.11,0.95,5000,2501,500,2001,0,0,0.0,0.0,4.336808689942018e-19,0.007624340461552238,0.007624340461552238,1.0,0.5002,0.4002,0,1,0.0
01_eve_sweep,6,265971272135510267022377472365160577687,5000,0.0,0.0,depolarizing,0.0,0.5,0.2,,0.11,0.95,5000,2473,494,1979,0,0,0.0,0.0,0.0,0.007716229238508818,0.007716229238508818,1.0,0.4946,0.3958,0,1,0.0
01_eve_sweep,7,128686367065241296825774544046611431719,5000,0.0,0.0,depolarizing,0.0,0.5,0.2,,0.11,0.95,5000,2587,517,2070,0,0,0.0,0.0,4.336808689942018e-19,0.007375485871251643,0.007375485871251643,1.0,0.5174,0.414,0,1,0.0
01_eve_sweep,8,153552867948294138323573141281683483977,5000,0.0,0.0,depolarizing,0.0,0.5,0.2,,0.11,0.95,5000,2471,494,1977,0,0,0.0,0.0,0.0,0.007716229238508818,0.007716229238508818,1.0,0.4942,0.3954,0,1,0.0
01_eve_sweep,9,51202948034206675554363188817569544833,5000,0.0,0.0,depolarizing,0.0,0.5,0.2,,0.11,0.95,5000,2449,489,1960,0,0,0.0,0.0,0.0,0.007794512316163981,0.007794512316163981,1.0,0.4898,0.392,0,1,0.0
01_eve_sweep,10,161034552827270647904717830493349869982,5000,0.0,0.0,depolarizing,0.0,0.5,0.2,,0.11,0.95,5000,2494,498,1996,0,0,0.0,0.0,4.336808689942018e-19,0.00765472591627122,0.00765472591627122,1.0,0.4988,0.3992,0,1,0.0
01_eve_sweep,11,298403332119155972270524237589157527334,5000,0.0,0.0,depolarizing,0.0,0.5,0.2,,0.11,0.95,5000,2541,508,2033,0,0,0.0,0.0,0.0,0.007505173241622549,0.007505173241622549,1.0,0.5082,0.4066,0,1,0.0
01_eve_sweep,12,239989666069659887115077995964531961093,5000,0.0,0.0,depolarizing,0.0,0.5,0.2,,0.11,0.95,5000,2508,501,2007,0,0,0.0,0.0,4.336808689942018e-19,0.007609238016362091,0.007609238016362091,1.0,0.5016,0.4014,0,1,0.0
01_eve_sweep,13,101453423443534264365500243108503671716,5000,0.0,0.0,depolarizing,0.0,0.5,0.2,,0.11,0.95,5000,2526,505,2021,0,0,0.0,0.0,0.0,0.007549421836807875,0.007549421836807875,1.0,0.5052,0.4042,0,1,0.0
01_eve_sweep,14,54365376715234317638543448493178445612,5000,0.0,0.0,depolarizing,0.0,0.5,0.2,,0.11,0.95,5000,2512,502,2010,0,0,0.0,0.0,0.0,0.007594195283340362,0.007594195283340362,1.0,0.5024,0.402,0,1,0.0
01_eve_sweep,15,238205449559723983230643110692696706262,5000,0.0,0.0,depolarizing,0.0,0.5,0.2,,0.11,0.95,5000,2512,502,2010,0,0,0.0,0.0,0.0,0.007594195283340362,0.007594195283340362,1.0,0.5024,0.402,0,1,0.0
01_eve_sweep,16,167495251332603131861662387167034896823,5000,0.0,0.0,depolarizing,0.0,0.5,0.2,,0.11,0.95,5000,2524,504,2020,0,0,0.0,0.0,4.336808689942018e-19,0.007564287542838138,0.007564287542838138,1.0,0.5048,0.404,0,1,0.0
01_eve_sweep,17,255512720745015134489698388126580415780,5000,0.0,0.0,depolarizing,0.0,0.5,0.2,,0.11,0.95,5000,2445,489,1956,0,0,0.0,0.0,0.0,0.007794512316163981,0.007794512316163981,1.0,0.489,0.3912,0,1,0.0
01_eve_sweep,18,11355802226360361145984632774590560124,5000,0.0,0.0,depolarizing,0.0,0.5,0.2,,0.11,0.95,5000,2556,511,2045,0,0,0.0,0.0,4.336808689942018e-19,0.0074614403228004285,0.0074614403228004285,1.0,0.5112,0.409,0,1,0.0
01_eve_sweep,19,324172382405060521103426512372654773884,5000,0.0,0.0,depolarizing,0.0,0.5,0.2,,0.11,0.95,5000,2483,496,1987,0,0,0.0,0.0,0.0,0.007685354531729935,0.007685354531729935,1.0,0.4966,0.3974,0,1,0.0
01_eve_sweep,20,138975643699837434737904466115816362548,5000,0.0,0.0,depolarizing,0.0,0.5,0.2,,0.11,0.95,5000,2420,484,1936,0,0,0.0,0.0,0.0,0.00787440007657498,0.00787440007657498,1.0,0.484,0.3872,0,1,0.0
01_eve_sweep,21,126814903556038843155999158803826427774,5000,0.0,0.0,depolarizing,0.0,0.5,0.2,,0.11,0.95,5000,2478,495,1983,0,0,0.0,0.0,0.0,0.007700760938707212,0.007700760938707212,1.0,0.4956,0.3966,0,1,0.0
01_eve_sweep,22,123004775411944498696116591550456084570,5000,0.0,0.0,depolarizing,0.0,0.5,0.2,,0.11,0.95,5000,2512,502,2010,0,0,0.0,0.0,0.0,0.007594195283340362,0.007594195283340362,1.0,0.5024,0.402,0,1,0.0
01_eve_sweep,23,170840113055731472416091015635187984154,5000,0.0,0.0,depolarizing,0.0,0.5,0.2,,0.11,0.95,5000,2518,503,2015,0,0,0.0,0.0,0.0,0.007579211909050085,0.007579211909050085,1.0,0.5036,0.403,0,1,0.0
01_eve_sweep,24,112241478306490761222580455879251205266,5000,0.0,0.0,depolarizing,0.0,0.5,0.2,,0.11,0.95,5000,2527,505,2022,0,0,0.0,0.0,0.0,0.007549421836807875,0.007549421836807875,1.0,0.5054,0.4044,0,1,0.0
01_eve_sweep,25,167041395891881218645080951513156350972,5000,0.0,0.0,depolarizing,0.0,0.5,0.2,,0.11,0.95,5000,2473,494,1979,0,0,0.0,0.0,0.0,0.007716229238508818,0.007716229238508818,1.0,0.4946,0.3958,0,1,0.0
01_eve_sweep,26,4885229566018894086863939647873709113,5000,0.0,0.0,depolarizing,0.0,0.5,0.2,,0.11,0.95,5000,2534,506,2028,0,0,0.0,0.0,0.0,0.0075346144457921075,0.0075346144457921075,1.0,0.5068,0.4056,0,1,0.0
01_eve_sweep,27,311944218202859055159762367714741309191,5000,0.0,0.0,depolarizing,0.0,0.5,0.2,,0.11,0.95,5000,2586,517,2069,0,0,0.0,0.0,4.336808689942018e-19,0.007375485871251643,0.007375485871251643,1.0,0.5172,0.4138,0,1,0.0
01_eve_sweep,28,204181137624220167010551303171156551940,5000,0.0,0.0,depolarizing,0.0,0.5,0.2,,0.11,0.95,5000,2525,505,2020,0,0,0.0,0.0,0.0,0.007549421836807875,0.007549421836807875,1.0,0.505,0.404,0,1,0.0
01_eve_sweep,29,249631956800298153568923851323768105691,5000,0.0,0.0,depolarizing,0.0,0.5,0.2,,0.11,0.95,5000,2511,502,2009,0,0,0.0,0.0,0.0,0.007594195283340362,0.007594195283340362,1.0,0.5022,0.4018,0,1,0.0
01_eve_sweep,0,273255671650377513434088932852817053424,5000,0.1,0.0,depolarizing,0.0,0.5,0.2,,0.11,0.95,5000,2521,504,2017,66,20,0.026180087266957558,0.03968253968253968,0.025832959215736823,0.06049606741100305,0.03466310819526623,1.0,0.5042,0.4034,1,1,0.025
01_eve_sweep,1,186400011152442821077474596494883665325,5000,0.1,0.0,depolarizing,0.0,0.5,0.2,,0.11,0.95,5000,2521,504,2017,66,13,0.026180087266957558,0.025793650793650792,0.015134814959929408,0.043626552987444854,0.028491738027515444,1.0,0.5042,0.4034,1,1,0.025
01_eve_sweep,2,27339714279554799764463653362174405703,5000,0.1,0.0,depolarizing,0.0,0.5,0.2,,0.11,0.95,5000,2461,492,1969,58,12,0.023567655424624138,0.024390243902439025,0.01400626517915328,0.04214365598095313,0.028137390801799854,1.0,0.4922,0.3938,1,1,0.025
01_eve_sweep,3,163230397947482893736801958221318538485,5000,0.1,0.0,depolarizing,0.0,0.5,0.2,,0.11,0.95,5000,2465,493,1972,54,7,0.021906693711967545,0.014198782961460446,0.006894542719487449,0.02901521984952746,0.022120677130040012,1.0,0.493,0.3944,1,1,0.025
01_eve_sweep,4,26910974288077940777701137167771999361,5000,0.1,0.0,depolarizing,0.0,0.5,0.2,,0.11,0.95,5000,2544,508,2036,79,12,0.031053459119496855,0.023622047244094488,0.013563475792254039,0.04083121682378004,0.027267741031526002,1.0,0.5088,0.4072,1,1,0.025
01_eve_sweep,5,35550437735518007361299428095858472824,5000,0.1,0.0,depolarizing,0.0,0.5,0.2,,0.11,0.95,5000,2502,500,2002,73,15,0.029176658673061552,0.03,0.01826321319791339,0.048903666835945714,0.030640453638032323,1.0,0.5004,0.4004,1,1,0.025
01_eve_sweep,6,337095795612510052071409656321471904883,5000,0.1,0.0,depolarizing,0.0,0.5,0.2,,0.11,0.95,5000,2473,494,1979,62,9,0.02507076425394258,0.018218623481781375,0.009613903206533403,0.03425841484514716,0.02464451163861376,1.0,0.4946,0.3958,1,1,0.025
01_eve_sweep,7,277194200360460488510783629741613437355,5000,0.1,0.0,depolarizing,0.0,0.5,0.2,,0.11,0.95,5000,2436,487,1949,69,10,0.02832512315270936,0.02053388090349076,0.01119109973142903,0.0373815267088397,0.02619042697741067,1.0,0.4872,0.3898,1,1,0.025
01_eve_sweep,8,122908851131788004780677848201530435020,5000,0.1,0.0,depolarizing,0.0,0.5,0.2,,0.11,0.95,5000,2442,488,1954,65,13,0.02661752661752662,0.02663934426229508,0.015633098362521712,0.045039824355799056,0.029406725993277344,1.0,0.4884,0.3908,1,1,0.025
01_eve_sweep,9,267721483804860379962272433292872703729,5000,0.1,0.0,depolarizing,0.0,0.5,0.2,,0.11,0.95,5000,2505,501,2004,63,15,0.025149700598802394,0.029940119760479042,0.018226594350791457,0.048807240191536976,0.03058064584074552,1.0,0.501,0.4008,1,1,0.025
01_eve_sweep,10,149918034275621948148823142893338664720,5000,0.1,0.0,depolarizing,0.0,0.5,0.2,,0.11,0.95,5000,2497,499,1998,58,12,0.023227873448137766,0.02404809619238477,0.013809037510486176,0.04155922684462536,0.027750189334139183,1.0,0.4994,0.3996,1,1,0.025
01_eve_sweep,11,180383543933006551063566323454185430182,5000,0.1,0.0,depolarizing,0.0,0.5,0.2,,0.11,0.95,5000,2528,505,2023,40,4,0.015822784810126583,0.007920792079207921,0.0030844284786234414,0.0201869827152251,0.01710255423660166,1.0,0.5056,0.4046,1,1,0.025
01_eve_sweep,12,139963930806281777693506752138080303949,5000,0.1,0.0,depolarizing,0.0,0.5,0.2,,0.11,0.95,5000,2447,489,1958,67,12,0.027380465876583573,0.024539877300613498,0.014092526619339477,0.04239918754633793,0.028306660926998455,1.0,0.4894,0.3916,1,1,0.025
01_eve_sweep,13,154285445501088193799370144481672052597,5000,0.1,0.0,depolarizing,0.0,0.5,0.2,,0.11,0.95,5000,2492,498,1994,58,10,0.023274478330658106,0.020080321285140562,0.010943098520518734,0.036564851254536776,0.025621752734018042,1.0,0.4984,0.3988,1,1,0.025
01_eve_sweep,14,139697131576144794357798437382022012231,5000,0.1,0.0,depolarizing,0.0,0.5,0.2,,0.11,0.95,5000,2469,493,1976,63,18,0.02551640340218712,0.036511156186612576,0.0232178145652842,0.056971666633128776,0.03375385206784458,1.0,0.4938,0.3952,1,1,0.025
01_eve_sweep,15,334249134287916106088784940018714838164,5000,0.1,0.0,depolarizing,0.0,0.5,0.2,,0.11,0.95,5000,2524,504,2020,66,15,0.026148969889064975,0.02976190476190476,0.018117613645473665,0.04852022821029077,0.030402614564817104,1.0,0.5048,0.404,1,1,0.025
01_eve_sweep,16,291404286964248336695624328727891679198,5000,0.1,0.0,depolarizing,0.0,0.5,0.2,,0.11,0.95,5000,2458,491,1967,64,18,0.026037428803905614,0.03665987780040733,0.023312893200979633,0.057200689706249405,0.03388779650526977,1.0,0.4916,0.3934,1,1,0.025
01_eve_sweep,17,46670241836435471794823974116722118849,5000,0.1,0.0,depolarizing,0.0,0.5,0.2,,0.11,0.95,5000,2501,500,2001,70,13,0.027988804478208718,0.026,0.015256383923327248,0.043971490834224275,0.02871510691089703,1.0,0.5002,0.4002,1,1,0.025
01_eve_sweep,18,166602979879856543887081849102977904948,5000,0.1,0.0,depolarizing,0.0,0.5,0.2,,0.11,0.95,5000,2480,496,1984,62,15,0.025,0.03024193548387097,0.018411171966553418,0.049293213541079954,0.030882041574526536,1.0,0.496,0.3968,1,1,0.025
01_eve_sweep,19,163770533301450254819535040801873740502,5000,0.1,0.0,depolarizing,0.0,0.5,0.2,,0.11,0.95,5000,2474,494,1980,58,10,0.023443815683104285,0.020242914979757085,0.011031998660788323,0.036857662592355775,0.025825663931567454,1.0,0.4948,0.396,1,1,0.025
01_eve_sweep,20,157422104818866883594953729311206001558,5000,0.1,0.0,depolarizing,0.0,0.5,0.2,,0.11,0.95,5000,2471,494,1977,73,8,0.02954269526507487,0.016194331983805668,0.008228256805605464,0.031626718044611576,0.023398461239006112,1.0,0.4942,0.3954,1,1,0.025
01_eve_sweep,21,203896584598833497651121129721293013449,5000,0.1,0.0,depolarizing,0.0,0.5,0.2,,0.11,0.95,5000,2501,500,2001,55,15,0.021991203518592562,0.03,0.01826321319791339,0.048903666835945714,0.030640453638032323,1.0,0.5002,0.4002,1,1,0.025
01_eve_sweep,22,263166532969191812663616060259777347773,5000,0.1,0.0,depolarizing,0.0,0.5,0.2,,0.11,0.95,5000,2535,507,2028,58,9,0.022879684418145956,0.01775147928994083,0.009366670000446258,0.0333891761501703,0.02402250614972404,1.0,0.507,0.4056,1,1,0.025
01_eve_sweep,23,211954011793461497016724218765744097057,5000,0.1,0.0,depolarizing,0.0,0.5,0.2,,0.11,0.95,5000,2490,498,1992,69,9,0.027710843373493974,0.018072289156626505,0.009536452538550223,0.033986174850626855,0.024449722312076632,1.0,0.498,0.3984,1,1,0.025
01_eve_sweep,24,37233690929552249708606485615794287759,5000,0.1,0.0,depolarizing,0.0,0.5,0.2,,0.11,0.95,5000,2564,512,2052,72,16,0.028081123244929798,0.03125,0.019325484326306944,0.05015605541389562,0.030830571087588673,1.0,0.5128,0.4104,1,1,0.025
01_eve_sweep,25,259873200773733077032147220576534377620,5000,0.1,0.0,depolarizing,0.0,0.5,0.2,,0.11,0.95,5000,2509,501,2008,56,18,0.022319649262654444,0.03592814371257485,0.02284513120560038,0.05607362264192132,0.03322849143632094,1.0,0.5018,0.4016,1,1,0.025
01_eve_sweep,26,154064496101065574617102289010541303070,5000,0.1,0.0,depolarizing,0.0,0.5,0.2,,0.11,0.95,5000,2475,495,1980,61,13,0.024646464646464646,0.026262626262626262,0.01541111943422717,0.04441040961679037,0.028999290182563198,1.0,0.495,0.396,1,1,0.025
01_eve_sweep,27,128394365219997964033546588150544269321,5000,0.1,0.0,depolarizing,0.0,0.5,0.2,,0.11,0.95,5000,2532,506,2026,70,17,0.02764612954186414,0.03359683794466403,0.021080287937838022,0.05314172395626056,0.03206143601842254,1.0,0.5064,0.4052,1,1,0.025
01_eve_sweep,28,179362204282261638078844588299380927275,5000,0.1,0.0,depolarizing,0.0,0.5,0.2,,0.11,0.95,5000,2489,497,1992,60,11,0.024106066693451184,0.022132796780684104,0.012402687030421522,0.03919339864815168,0.02679071161773016,1.0,0.4978,0.3984,1,1,0.025
01_eve_sweep,29,127425180572258397558036264939244887682,5000,0.1,0.0,depolarizing,0.0,0.5,0.2,,0.11,0.95,5000,2480,496,1984,52,8,0.020967741935483872,0.016129032258064516,0.008194988687196904,0.03150051569834819,0.023305527011151288,1.0,0.496,0.3968,1,1,0.025
01_eve_sweep,0,290217792296533962531927398524094277263,5000,0.2,0.0,depolarizing,0.0,0.5,0.2,,0.11,0.95,5000,2512,502,2010,118,24,0.046974522292993634,0.04780876494023904,0.032335023544009335,0.07015056342538611,0.03781553988137678,1.0,0.5024,0.402,1,1,0.05
01_eve_sweep,1,293424264249342652609950383257915104393,5000,0.2,0.0,depolarizing,0.0,0.5,0.2,,0.11,0.95,5000,2470,494,1976,112,28,0.045344129554655874,0.05668016194331984,0.03950312266118747,0.08069871621830012,0.04119559355711265,1.0,0.494,0.3952,1,1,0.05
01_eve_sweep,2,210496134236287122000179178812197671133,5000,0.2,0.0,depolarizing,0.0,0.5,0.2,,0.11,0.95,5000,2466,493,1973,112,26,0.0454176804541768,0.05273833671399594,0.03624115260820375,0.07615176032068054,0.03991060771247679,1.0,0.4932,0.3946,1,1,0.05
01_eve_sweep,3,302077113516142449957233987909445156335,5000,0.2,0.0,depolarizing,0.0,0.5,0.2,,0.11,0.95,5000,2543,508,2035,103,21,0.040503342508847816,0.04133858267716536,0.02719463007574388,0.06236720207109886,0.03517257199535498,1.0,0.5086,0.407,1,1,0.05
01_eve_sweep,4,151592985646914609168772191482176395907,5000,0.2,0.0,depolarizing,0.0,0.5,0.2,,0.11,0.95,5000,2480,496,1984,122,31,0.049193548387096775,0.0625,0.04437701994529682,0.08734766526996689,0.04297064532467007,1.0,0.496,0.3968,1,1,0.05
01_eve_sweep,5,198622184830182982417238709268401884581,5000,0.2,0.0,depolarizing,0.0,0.5,0.2,,0.11,0.95,5000,2447,489,1958,140,25,0.05721291377196567,0.05112474437627812,0.034865953262215456,0.0743810629071015,0.03951510964488605,1.0,0.4894,0.3916,1,1,0.05
01_eve_sweep,6,265892505833595302807537813422236821744,5000,0.2,0.0,depolarizing,0.0,0.5,0.2,,0.11,0.95,5000,2500,500,2000,128,27,0.0512,0.054,0.037374350181057524,0.07742656151064709,0.04005221132958956,1.0,0.5,0.4,1,1,0.05
01_eve_sweep,7,211837828410912315737643176461851853569,5000,0.2,0.0,depolarizing,0.0,0.5,0.2,,0.11,0.95,5000,2489,497,1992,116,27,0.046605062274005626,0.05432595573440644,0.0376015648199125,0.07788699508663051,0.040285430266718006,1.0,0.4978,0.3984,1,1,0.05
01_eve_sweep,8,46132928450909869028711383996977881832,5000,0.2,0.0,depolarizing,0.0,0.5,0.2,,0.11,0.95,5000,2417,483,1934,136,23,0.05626810095159288,0.047619047619047616,0.03193785711541398,0.07043932937447153,0.038501472259057555,1.0,0.4834,0.3868,1,1,0.05
01_eve_sweep,9,97837356811177130207271029639952684049,5000,0.2,0.0,depolarizing,0.0,0.5,0.2,,0.11,0.95,5000,2521,504,2017,122,20,0.04839349464498215,0.03968253968253968,0.025832959215736823,0.06049606741100305,0.03466310819526623,1.0,0.5042,0.4034,1,1,0.05
01_eve_sweep,10,298348005109481113684918627210295833015,5000,0.2,0.0,depolarizing,0.0,0.5,0.2,,0.11,0.95,5000,2471,494,1977,126,27,0.05099150141643059,0.05465587044534413,0.03783155930148718,0.07835293637653688,0.0405213770750497,1.0,0.4942,0.3954,1,1,0.05
01_eve_sweep,11,266087004825745873225581157135940406422,5000,0.2,0.0,depolarizing,0.0,0.5,0.2,,0.11,0.95,5000,2439,487,1952,102,27,0.041820418204182044,0.055441478439425054,0.038379314335085804,0.07946211446285074,0.04108280012776494,1.0,0.4878,0.3904,1,1,0.05
01_eve_sweep,12,279941838218980672779233278943114374130,5000,0.2,0.0,depolarizing,0.0,0.5,0.2,,0.11,0.95,5000,2478,495,1983,131,24,0.05286521388216303,0.048484848484848485,0.032795298559394837,0.07112841889434683,0.038333120334951995,1.0,0.4956,0.3966,1,1,0.05
01_eve_sweep,13,173892803030928045060193415059155708232,5000,0.2,0.0,depolarizing,0.0,0.5,0.2,,0.11,0.95,5000,2484,496,1988,129,24,0.051932367149758456,0.04838709677419355,0.03272874428744948,0.07098705980572595,0.03825831551827647,1.0,0.4968,0.3976,1,1,0.05
01_eve_sweep,14,282774492436830902027799096583727311432,5000,0.2,0.0,depolarizing,0.0,0.5,0.2,,0.11,0.95,5000,2509,501,2008,140,30,0.05579912315663611,0.059880239520958084,0.04226318053340136,0.0841952505348934,0.041932070001492044,1.0,0.5018,0.4016,1,1,0.05
01_eve_sweep,15,54107169398000897973273306633369280219,5000,0.2,0.0,depolarizing,0.0,0.5,0.2,,0.11,0.95,5000,2483,496,1987,109,22,0.04389850986709625,0.04435483870967742,0.029471165393020908,0.06624210123670074,0.03677093584367983,1.0,0.4966,0.3974,1,1,0.05
01_eve_sweep,16,190310075332015254921409926854295919037,5000,0.2,0.0,depolarizing,0.0,0.5,0.2,,0.11,0.95,5000,2427,485,1942,109,21,0.04491141326740832,0.04329896907216495,0.028492116779183705,0.06528360128549185,0.03679148450630815,1.0,0.4854,0.3884,1,1,0.05
01_eve_sweep,17,263407717673927966806696431725244635261,5000,0.2,0.0,depolarizing,0.0,0.5,0.2,,0.11,0.95,5000,2493,498,1995,103,22,0.04131568391496189,0.04417670682730924,0.02935208123201322,0.06597973717358344,0.03662765594157022,1.0,0.4986,0.399,1,1,0.05
01_eve_sweep,18,85629139340831539304183035633101570393,5000,0.2,0.0,depolarizing,0.0,0.5,0.2,,0.11,0.95,5000,2511,502,2009,125,24,0.04978096375945838,0.04780876494023904,0.032335023544009335,0.07015056342538611,0.03781553988137678,1.0,0.5022,0.4018,1,1,0.05
01_eve_sweep,19,295869866166148871175677462241996913955,5000,0.2,0.0,depolarizing,0.0,0.5,0.2,,0.11,0.95,5000,2462,492,1970,120,20,0.048740861088545896,0.04065040650406504,0.026466671333249696,0.061951628590613754,0.03548495725736406,1.0,0.4924,0.394,1,1,0.05
01_eve_sweep,20,151606877857271907181773360811689306689,5000,0.2,0.0,depolarizing,0.0,0.5,0.2,,0.11,0.95,5000,2475,495,1980,135,22,0.05454545454545454,0.044444444444444446,0.02953107058643159,0.06637406715772387,0.03684299657129228,1.0,0.495,0.396,1,1,0.05
01_eve_sweep,21,39239465471024189176676510909941199484,5000,0.2,0.0,depolarizing,0.0,0.5,0.2,,0.11,0.95,5000,2490,498,1992,131,30,0.05261044176706827,0.060240963855421686,0.04251974263244521,0.08469465486017888,0.042174912227733674,1.0,0.498,0.3984,1,1,0.05
01_eve_sweep,22,295094983861954534567870057331302112105,5000,0.2,0.0,depolarizing,0.0,0.5,0.2,,0.11,0.95,5000,2487,497,1990,118,34,0.04744672295938882,0.06841046277665996,0.04936519139383021,0.0940763259874496,0.04471113459361939,1.0,0.4974,0.398,1,1,0.05
01_eve_sweep,23,285264983539201898769150375949702935252,5000,0.2,0.0,depolarizing,0.0,0.5,0.2,,0.11,0.95,5000,2525,505,2020,112,23,0.044356435643564354,0.04554455445544554,0.030537801708482408,0.0674130589313093,0.0368752572228269,1.0,0.505,0.404,1,1,0.05
01_eve_sweep,24,221715388186944546358990041822015209022,5000,0.2,0.0,depolarizing,0.0,0.5,0.2,,0.11,0.95,5000,2535,507,2028,132,18,0.05207100591715976,0.03550295857988166,0.022573377229958794,0.055418450043947964,0.03284507281398917,1.0,0.507,0.4056,1,1,0.05
01_eve_sweep,25,123989070047608437732578129148523135495,5000,0.2,0.0,depolarizing,0.0,0.5,0.2,,0.11,0.95,5000,2482,496,1986,137,28,0.055197421434327154,0.056451612903225805,0.03934266213474702,0.08037821688533599,0.04103555475058897,1.0,0.4964,0.3972,1,1,0.05
01_eve_sweep,26,243192550262137373784661820302351269494,5000,0.2,0.0,depolarizing,0.0,0.5,0.2,,0.11,0.95,5000,2503,500,2003,118,25,0.04714342788653616,0.05,0.03409374524384944,0.07276816117154758,0.03867441592769814,1.0,0.5006,0.4006,1,1,0.05
01_eve_sweep,27,61802201689256454287311224647431476435,5000,0.2,0.0,depolarizing,0.0,0.5,0.2,,0.11,0.95,5000,2534,506,2028,110,24,0.043409629044988164,0.04743083003952569,0.032077764228179984,0.06960376426228007,0.03752600003410009,1.0,0.5068,0.4056,1,1,0.05
01_eve_sweep,28,197844441663938322297345449928434039485,5000,0.2,0.0,depolarizing,0.0,0.5,0.2,,0.11,0.95,5000,2483,496,1987,122,31,0.049134111961337094,0.0625,0.04437701994529682,0.08734766526996689,0.04297064532467007,1.0,0.4966,0.3974,1,1,0.05
01_eve_sweep,29,142494244049402757934912359836858943327,5000,0.2,0.0,depolarizing,0.0,0.5,0.2,,0.11,0.95,5000,2527,505,2022,134,24,0.05302730510486743,0.047524752475247525,0.032141694493590306,0.06973966348546158,0.037597968991871275,1.0,0.5054,0.4044,1,1,0.05
01_eve_sweep,0,237411640880110442958926259080672400900,5000,0.30000000000000004,0.0,depolarizing,0.0,0.5,0.2,,0.11,0.95,5000,2499,499,2000,178,43,0.07122849139655862,0.08617234468937876,0.06460363630789964,0.11406392827875522,0.04946029197085558,1.0,0.4998,0.4,1,1,0.07500000000000001
01_eve_sweep,1,137242741663784811099637677267757926310,5000,0.30000000000000004,0.0,depolarizing,0.0,0.5,0.2,,0.11,0.95,5000,2506,501,2005,206,44,0.08220271348762968,0.08782435129740519,0.06607250199418704,0.11584888583167632,0.04977638383748928,1.0,0.5012,0.401,1,1,0.07500000000000001
01_eve_sweep,2,234140397101481265043192278110717130463,5000,0.30000000000000004,0.0,depolarizing,0.0,0.5,0.2,,0.11,0.95,5000,2453,490,1963,170,31,0.06930289441500204,0.06326530612244897,0.04492477896507008,0.08840031483714972,0.04347553587207964,1.0,0.4906,0.3926,1,1,0.07500000000000001
01_eve_sweep,3,1705863392993685334476606979642997675,5000,0.30000000000000004,0.0,depolarizing,0.0,0.5,0.2,,0.11,0.95,5000,2490,498,1992,198,35,0.07951807228915662,0.07028112449799197,0.05096535629261163,0.09617565312940458,0.04521029683679295,1.0,0.498,0.3984,1,1,0.07500000000000001
01_eve_sweep,4,294229798627432315755073310249035522769,5000,0.30000000000000004,0.0,depolarizing,0.0,0.5,0.2,,0.11,0.95,5000,2454,490,1964,191,40,0.0778321108394458,0.08163265306122448,0.06051998039364909,0.10925405806174837,0.048734077668099285,1.0,0.4908,0.3928,1,1,0.07500000000000001
01_eve_sweep,5,108355867419569114771655838060301193615,5000,0.30000000000000004,0.0,depolarizing,0.0,0.5,0.2,,0.11,0.95,5000,2505,501,2004,181,43,0.07225548902195608,0.08582834331337326,0.06434317472746431,0.1136165733300013,0.04927339860253699,1.0,0.501,0.4008,1,1,0.07500000000000001
01_eve_sweep,6,143053644429336517516919584097997644105,5000,0.30000000000000004,0.0,depolarizing,0.0,0.5,0.2,,0.11,0.95,5000,2505,501,2004,198,38,0.07904191616766468,0.07584830339321358,0.05575649753616449,0.10239505167931234,0.04663855414314785,1.0,0.501,0.4008,1,1,0.07500000000000001
01_eve_sweep,7,659056022148813619468009975385996362,5000,0.30000000000000004,0.0,depolarizing,0.0,0.5,0.2,,0.11,0.95,5000,2566,513,2053,230,49,0.08963367108339829,0.09551656920077972,0.07300506182848002,0.12404077705037356,0.05103571522189354,1.0,0.5132,0.4106,1,1,0.07500000000000001
01_eve_sweep,8,166418388841023320569748558845165665081,5000,0.30000000000000004,0.0,depolarizing,0.0,0.5,0.2,,0.11,0.95,5000,2563,512,2051,200,32,0.07803355442840422,0.0625,0.04461659649349125,0.08689950726403115,0.042282910770539896,1.0,0.5126,0.4102,1,1,0.07500000000000001
01_eve_sweep,9,255210945592774925473452598522342967677,5000,0.30000000000000004,0.0,depolarizing,0.0,0.5,0.2,,0.11,0.95,5000,2571,514,2057,180,39,0.07001166861143523,0.07587548638132295,0.055998871395258956,0.10204459427679384,0.046045722881534884,1.0,0.5142,0.4114,1,1,0.07500000000000001
01_eve_sweep,10,146243649702446040701727217417890461411,5000,0.30000000000000004,0.0,depolarizing,0.0,0.5,0.2,,0.11,0.95,5000,2443,488,1955,198,35,0.08104789193614409,0.07172131147540983,0.05201893013958685,0.09811371422460814,0.046094784085021295,1.0,0.4886,0.391,1,1,0.07500000000000001
01_eve_sweep,11,231629277052077898923170023771969767342,5000,0.30000000000000004,0.0,depolarizing,0.0,0.5,0.2,,0.11,0.95,5000,2475,495,1980,179,34,0.07232323232323232,0.06868686868686869,0.0495663427834307,0.09445027321824198,0.04488393043481128,1.0,0.495,0.396,1,1,0.07500000000000001
01_eve_sweep,12,150659820236968642171981395051050360116,5000,0.30000000000000004,0.0,depolarizing,0.0,0.5,0.2,,0.11,0.95,5000,2532,506,2026,210,40,0.08293838862559241,0.07905138339920949,0.0585884213641973,0.10585771648937474,0.04726929512517744,1.0,0.5064,0.4052,1,1,0.07500000000000001
01_eve_sweep,13,339609126410822716334780169524814698614,5000,0.30000000000000004,0.0,depolarizing,0.0,0.5,0.2,,0.11,0.95,5000,2593,518,2075,189,41,0.07288854608561511,0.07915057915057915,0.05887905729120491,0.1056181427102795,0.04673908541907459,1.0,0.5186,0.415,1,1,0.07500000000000001
01_eve_sweep,14,276884828538856344159642825084034052531,5000,0.30000000000000004,0.0,depolarizing,0.0,0.5,0.2,,0.11,0.95,5000,2488,497,1991,196,37,0.07877813504823152,0.0744466800804829,0.05449105540022178,0.10093030089880237,0.046439245498580584,1.0,0.4976,0.3982,1,1,0.07500000000000001
01_eve_sweep,15,187203123231186563173298432879986763221,5000,0.30000000000000004,0.0,depolarizing,0.0,0.5,0.2,,0.11,0.95,5000,2471,494,1977,177,43,0.07163091865641441,0.08704453441295547,0.06526411228161227,0.11519787461982825,0.049933762338215976,1.0,0.4942,0.3954,1,1,0.07500000000000001
01_eve_sweep,16,79572142644920795792224617539996711944,5000,0.30000000000000004,0.0,depolarizing,0.0,0.5,0.2,,0.11,0.95,5000,2484,496,1988,196,36,0.07890499194847021,0.07258064516129033,0.05288482052751539,0.09884620834638277,0.04596138781886738,1.0,0.4968,0.3976,1,1,0.07500000000000001
01_eve_sweep,17,102771678755643038674701508096144362080,5000,0.30000000000000004,0.0,depolarizing,0.0,0.5,0.2,,0.11,0.95,5000,2444,488,1956,183,30,0.0748772504091653,0.06147540983606557,0.04339791403253042,0.08640297541214771,0.04300506137961729,1.0,0.4888,0.3912,1,1,0.07500000000000001
01_eve_sweep,18,99779753975480901196982580860060844947,5000,0.30000000000000004,0.0,depolarizing,0.0,0.5,0.2,,0.11,0.95,5000,2510,502,2008,187,44,0.07450199203187251,0.08764940239043825,0.06593955680152275,0.11562218990625195,0.0496826331047292,1.0,0.502,0.4016,1,1,0.07500000000000001
01_eve_sweep,19,43349526726508916695738420682899808113,5000,0.30000000000000004,0.0,depolarizing,0.0,0.5,0.2,,0.11,0.95,5000,2486,497,1989,184,34,0.07401448109412712,0.06841046277665996,0.04936519139383021,0.0940763259874496,0.04471113459361939,1.0,0.4972,0.3978,1,1,0.07500000000000001
01_eve_sweep,20,222792348084169007906625325980205505594,5000,0.30000000000000004,0.0,depolarizing,0.0,0.5,0.2,,0.11,0.95,5000,2504,500,2004,188,33,0.07507987220447285,0.066,0.04737852635977388,0.0912394011608535,0.04386087480107961,1.0,0.5008,0.4008,1,1,0.07500000000000001
01_eve_sweep,21,54613883424028139506279690515257515581,5000,0.30000000000000004,0.0,depolarizing,0.0,0.5,0.2,,0.11,0.95,5000,2518,503,2015,193,34,0.07664813343923749,0.06759443339960239,0.04877141661202107,0.09297203702701827,0.0442006204149972,1.0,0.5036,0.403,1,1,0.07500000000000001
01_eve_sweep,22,155841302155327657404662928481629782482,5000,0.30000000000000004,0.0,depolarizing,0.0,0.5,0.2,,0.11,0.95,5000,2488,497,1991,180,29,0.07234726688102894,0.05835010060362173,0.04093115748988914,0.0825439616951501,0.041612804205260964,1.0,0.4976,0.3982,1,1,0.07500000000000001
01_eve_sweep,23,137640709937464066189399229619897983594,5000,0.30000000000000004,0.0,depolarizing,0.0,0.5,0.2,,0.11,0.95,5000,2521,504,2017,185,37,0.07338357794525982,0.07341269841269842,0.05372752117073139,0.09955153367732496,0.04582401250659357,1.0,0.5042,0.4034,1,1,0.07500000000000001
01_eve_sweep,24,175002572758614291669791994746740678911,5000,0.30000000000000004,0.0,depolarizing,0.0,0.5,0.2,,0.11,0.95,5000,2449,489,1960,181,42,0.07390771743568804,0.08588957055214724,0.06416970066521911,0.11406501812424187,0.04989531745902276,1.0,0.4898,0.392,1,1,0.07500000000000001
01_eve_sweep,25,79396926227077602878840267574068734160,5000,0.30000000000000004,0.0,depolarizing,0.0,0.5,0.2,,0.11,0.95,5000,2495,499,1996,174,30,0.06973947895791584,0.06012024048096192,0.04243387648425591,0.08452752994078401,0.0420936534565281,1.0,0.499,0.3992,1,1,0.07500000000000001
01_eve_sweep,26,169443971649612733929495158821675751222,5000,0.30000000000000004,0.0,depolarizing,0.0,0.5,0.2,,0.11,0.95,5000,2469,493,1976,184,29,0.0745240988254354,0.058823529411764705,0.04126578239546687,0.08320341743234415,0.04193763503687728,1.0,0.4938,0.3952,1,1,0.07500000000000001
01_eve_sweep,27,132079461513122415225324842132681587870,5000,0.30000000000000004,0.0,depolarizing,0.0,0.5,0.2,,0.11,0.95,5000,2503,500,2003,174,36,0.06951658010387535,0.072,0.0524580314181262,0.09806840401696253,0.045610372598836324,1.0,0.5006,0.4006,1,1,0.07500000000000001
01_eve_sweep,28,145396826876563976528307647309894305960,5000,0.30000000000000004,0.0,depolarizing,0.0,0.5,0.2,,0.11,0.95,5000,2478,495,1983,171,38,0.06900726392251816,0.07676767676767676,0.0564385585740973,0.10361521684674777,0.04717665827265047,1.0,0.4956,0.3966,1,1,0.07500000000000001
01_eve_sweep,29,179492922455440467847377066572670393200,5000,0.30000000000000004,0.0,depolarizing,0.0,0.5,0.2,,0.11,0.95,5000,2522,504,2018,217,43,0.08604282315622522,0.08531746031746032,0.06395639742116888,0.11295207915205799,0.04899568173088911,1.0,0.5044,0.4036,1,1,0.07500000000000001
01_eve_sweep,0,114806092844020502331749079026270292823,5000,0.4,0.0,depolarizing,0.0,0.5,0.2,,0.11,0.95,5000,2523,504,2019,277,56,0.10978993261989695,0.1111111111111111,0.08656198849206337,0.14154356848569963,0.05498157999363626,1.0,0.5046,0.4038,1,1,0.1
01_eve_sweep,1,52624960343022985825669713037581717202,5000,0.4,0.0,depolarizing,0.0,0.5,0.2,,0.11,0.95,5000,2531,506,2025,265,46,0.10470169893322798,0.09090909090909091,0.06884792024895486,0.11913494611578415,0.05028702586682929,1.0,0.5062,0.405,1,1,0.1
01_eve_sweep,2,269000840470673720208896573043267621066,5000,0.4,0.0,depolarizing,0.0,0.5,0.2,,0.11,0.95,5000,2488,497,1991,235,43,0.09445337620578778,0.08651911468812877,0.06486621563983538,0.11451481849467743,0.049648602854842044,1.0,0.4976,0.3982,1,1,0.1
01_eve_sweep,3,306585120915415422186404847133896846649,5000,0.4,0.0,depolarizing,0.0,0.5,0.2,,0.11,0.95,5000,2472,494,1978,257,50,0.10396440129449838,0.10121457489878542,0.07761932196009072,0.13096406735159447,0.053344745391503745,1.0,0.4944,0.3956,1,1,0.1
01_eve_sweep,4,192536514946170668373797587103232351429,5000,0.4,0.0,depolarizing,0.0,0.5,0.2,,0.11,0.95,5000,2538,507,2031,212,34,0.08353033884948778,0.0670611439842209,0.04838344035787803,0.09225013113521124,0.04386669077733321,1.0,0.5076,0.4062,1,1,0.1
01_eve_sweep,5,141316446612142984957882518502466927085,5000,0.4,0.0,depolarizing,0.0,0.5,0.2,,0.11,0.95,5000,2555,511,2044,306,58,0.11976516634050881,0.11350293542074363,0.08883523187960683,0.14393828852647178,0.05510305664686495,1.0,0.511,0.4088,1,1,0.1
01_eve_sweep,6,294262348589023732401331830783889710846,5000,0.4,0.0,depolarizing,0.0,0.5,0.2,,0.11,0.95,5000,2532,506,2026,264,51,0.10426540284360189,0.1007905138339921,0.0774939747791454,0.13010283201156614,0.052608857232420744,1.0,0.5064,0.4052,1,1,0.1
01_eve_sweep,7,170557269825767325381008009378694404899,5000,0.4,0.0,depolarizing,0.0,0.5,0.2,,0.11,0.95,5000,2467,493,1974,246,50,0.09971625456019456,0.10141987829614604,0.07777853621936037,0.13122467190093787,0.053446135681577495,1.0,0.4934,0.3948,1,1,0.1
01_eve_sweep,8,246203748607522788326659494296853967400,5000,0.4,0.0,depolarizing,0.0,0.5,0.2,,0.11,0.95,5000,2449,489,1960,244,42,0.09963250306247448,0.08588957055214724,0.06416970066521911,0.11406501812424187,0.04989531745902276,1.0,0.4898,0.392,1,1,0.1
01_eve_sweep,9,232013158075725117724974439749881461897,5000,0.4,0.0,depolarizing,0.0,0.5,0.2,,0.11,0.95,5000,2538,507,2031,247,56,0.09732072498029945,0.11045364891518737,0.08604372515560628,0.14072224463885902,0.05467851948325274,1.0,0.5076,0.4062,1,1,0.1
01_eve_sweep,10,84104152041332041166072571998678163821,5000,0.4,0.0,depolarizing,0.0,0.5,0.2,,0.11,0.95,5000,2516,503,2013,255,52,0.10135135135135136,0.10337972166998012,0.07971049416061243,0.13306108745312709,0.05335059329251465,1.0,0.5032,0.4026,1,1,0.1
01_eve_sweep,11,332103998192496386228264353862483494462,5000,0.4,0.0,depolarizing,0.0,0.5,0.2,,0.11,0.95,5000,2464,492,1972,254,58,0.10308441558441558,0.11788617886178862,0.09230879380374837,0.14938430524796106,0.05707551144421269,1.0,0.4928,0.3944,1,1,0.1
01_eve_sweep,12,219410769672220051518111178693592513647,5000,0.4,0.0,depolarizing,0.0,0.5,0.2,,0.11,0.95,5000,2480,496,1984,260,55,0.10483870967741936,0.11088709677419355,0.08618910689054105,0.14156602788616812,0.05537692099562708,1.0,0.496,0.3968,1,1,0.1
01_eve_sweep,13,108985659793973624140631383761216533231,5000,0.4,0.0,depolarizing,0.0,0.5,0.2,,0.11,0.95,5000,2458,491,1967,246,51,0.1000813669650122,0.10386965376782077,0.07988851777565407,0.13400111684173513,0.054112599066081055,1.0,0.4916,0.3934,1,1,0.1
01_eve_sweep,14,108987666926373151151046992657765402951,5000,0.4,0.0,depolarizing,0.0,0.5,0.2,,0.11,0.95,5000,2491,498,1993,227,48,0.09112806101967082,0.0963855421686747,0.07347055156889366,0.12547964886954213,0.05200909730064847,1.0,0.4982,0.3986,1,1,0.1
01_eve_sweep,15,243555235776763498464680096851207274269,5000,0.4,0.0,depolarizing,0.0,0.5,0.2,,0.11,0.95,5000,2546,509,2037,224,37,0.08798114689709348,0.07269155206286837,0.05319511236746728,0.09858953273453878,0.0453944203670715,1.0,0.5092,0.4074,1,1,0.1
01_eve_sweep,16,212396673212536290374569017391574426315,5000,0.4,0.0,depolarizing,0.0,0.5,0.2,,0.11,0.95,5000,2487,497,1990,214,46,0.08604744672295939,0.0925553319919517,0.0701077653586032,0.12125310769365395,0.05114534233505075,1.0,0.4974,0.398,1,1,0.1
01_eve_sweep,17,170376114957533072350322402430157549691,5000,0.4,0.0,depolarizing,0.0,0.5,0.2,,0.11,0.95,5000,2493,498,1995,274,50,0.10990774167669475,0.10040160642570281,0.0769889322057553,0.12993191300443738,0.05294298079868208,1.0,0.4986,0.399,1,1,0.1
01_eve_sweep,18,134429312793587195971662021087079262413,5000,0.4,0.0,depolarizing,0.0,0.5,0.2,,0.11,0.95,5000,2477,495,1982,229,58,0.09245054501413,0.11717171717171718,0.09174238116345054,0.1484971913532566,0.05675481018980605,1.0,0.4954,0.3964,1,1,0.1
01_eve_sweep,19,251128361852344956671688259302045746134,5000,0.4,0.0,depolarizing,0.0,0.5,0.2,,0.11,0.95,5000,2523,504,2019,244,55,0.09671026555687673,0.10912698412698413,0.08480493207321313,0.1393623879503548,0.05455745587714167,1.0,0.5046,0.4038,1,1,0.1
01_eve_sweep,20,67559825659786934711395798786788690613,5000,0.4,0.0,depolarizing,0.0,0.5,0.2,,0.11,0.95,5000,2580,516,2064,267,50,0.10348837209302325,0.09689922480620156,0.07427445811065768,0.12548155799522887,0.051207099884571186,1.0,0.516,0.4128,1,1,0.1
01_eve_sweep,21,217519029646013474602539651738107332364,5000,0.4,0.0,depolarizing,0.0,0.5,0.2,,0.11,0.95,5000,2451,490,1961,236,55,0.09628722970216239,0.11224489795918367,0.08725726889333658,0.1432650106506903,0.05600774175735372,1.0,0.4902,0.3922,1,1,0.1
01_eve_sweep,22,79740504065894920626339280206611366909,5000,0.4,0.0,depolarizing,0.0,0.5,0.2,,0.11,0.95,5000,2532,506,2026,255,51,0.10071090047393365,0.1007905138339921,0.0774939747791454,0.13010283201156614,0.052608857232420744,1.0,0.5064,0.4052,1,1,0.1
01_eve_sweep,23,23834581201437871141462229828286217160,5000,0.4,0.0,depolarizing,0.0,0.5,0.2,,0.11,0.95,5000,2502,500,2002,261,49,0.10431654676258993,0.098,0.07492391886460623,0.12720605086648182,0.05228213200187559,1.0,0.5004,0.4004,1,1,0.1
01_eve_sweep,24,195629366440730113201441447340245750503,5000,0.4,0.0,depolarizing,0.0,0.5,0.2,,0.11,0.95,5000,2501,500,2001,257,49,0.10275889644142343,0.098,0.07492391886460623,0.12720605086648182,0.05228213200187559,1.0,0.5002,0.4002,1,1,0.1
01_eve_sweep,25,40061580172691097673862616877695886998,5000,0.4,0.0,depolarizing,0.0,0.5,0.2,,0.11,0.95,5000,2515,503,2012,230,43,0.09145129224652088,0.08548707753479125,0.06408480537548751,0.1131727122509019,0.049087906875414394,1.0,0.503,0.4024,1,1,0.1
01_eve_sweep,26,226095834840416610776315313256610279875,5000,0.4,0.0,depolarizing,0.0,0.5,0.2,,0.11,0.95,5000,2584,516,2068,242,53,0.0936532507739938,0.10271317829457365,0.07938733638655228,0.1319106602562686,0.052523323869716323,1.0,0.5168,0.4136,1,1,0.1
01_eve_sweep,27,11382215077043149736823897912670502182,5000,0.4,0.0,depolarizing,0.0,0.5,0.2,,0.11,0.95,5000,2422,484,1938,244,49,0.10074318744838975,0.1012396694214876,0.07742873427409937,0.13133060132416083,0.05390186705006146,1.0,0.4844,0.3876,1,1,0.1
01_eve_sweep,28,61619908761057713322293727477131573106,5000,0.4,0.0,depolarizing,0.0,0.5,0.2,,0.11,0.95,5000,2501,500,2001,250,50,0.09996001599360256,0.1,0.07667756273730172,0.1294219096319401,0.05274434689463839,1.0,0.5002,0.4002,1,1,0.1
01_eve_sweep,29,43799333501713193708541367046463708249,5000,0.4,0.0,depolarizing,0.0,0.5,0.2,,0.11,0.95,5000,2549,509,2040,267,48,0.10474695959199685,0.09430255402750491,0.0718659944902055,0.12281689844572208,0.050950903955516574,1.0,0.5098,0.408,1,1,0.1
01_eve_sweep,0,182787786960919679574439632739223713007,5000,0.5,0.0,depolarizing,0.0,0.5,0.2,,0.11,0.95,5000,2488,497,1991,317,77,0.12741157556270097,0.15492957746478872,0.125776714897827,0.1893758269711217,0.06359911207329472,1.0,0.4976,0.3982,1,1,0.125
01_eve_sweep,1,121175796315990117305132106517960364653,5000,0.5,0.0,depolarizing,0.0,0.5,0.2,,0.11,0.95,5000,2548,509,2039,318,69,0.12480376766091052,0.13555992141453832,0.10853714193266158,0.16804240595893444,0.05950526402627286,1.0,0.5096,0.4078,1,1,0.125
01_eve_sweep,2,55809710813009801295518019978551368688,5000,0.5,0.0,depolarizing,0.0,0.5,0.2,,0.11,0.95,5000,2505,501,2004,356,76,0.14211576846307386,0.15169660678642716,0.12294283687977271,0.18575102353481887,0.06280818665504616,1.0,0.501,0.4008,1,1,0.125
01_eve_sweep,3,80231478830629616016734081667309764419,5000,0.5,0.0,depolarizing,0.0,0.5,0.2,,0.11,0.95,5000,2527,505,2022,331,62,0.13098535813217255,0.12277227722772277,0.0969639373101468,0.1542763195607914,0.05731238225064461,1.0,0.5054,0.4044,1,1,0.125
01_eve_sweep,4,143900070909191241553684780080657256827,5000,0.5,0.0,depolarizing,0.0,0.5,0.2,,0.11,0.95,5000,2511,502,2009,331,61,0.1318199920350458,0.12151394422310757,0.09577130461217052,0.1530051778732265,0.05723387326105599,1.0,0.5022,0.4018,1,1,0.125
01_eve_sweep,5,58039570138040040350122340692395197994,5000,0.5,0.0,depolarizing,0.0,0.5,0.2,,0.11,0.95,5000,2448,489,1959,282,56,0.11519607843137254,0.11451942740286299,0.08924989872876735,0.14579822221845928,0.05654832348969194,1.0,0.4896,0.3918,1,1,0.125
01_eve_sweep,6,315095949328353315858691811016251346249,5000,0.5,0.0,depolarizing,0.0,0.5,0.2,,0.11,0.95,5000,2534,506,2028,320,62,0.12628255722178375,0.1225296442687747,0.09676986646980226,0.15397760925804874,0.057207742788246474,1.0,0.5068,0.4056,1,1,0.125
01_eve_sweep,7,63719854566192180858192198002738699294,5000,0.5,0.0,depolarizing,0.0,0.5,0.2,,0.11,0.95,5000,2517,503,2014,312,51,0.12395709177592372,0.10139165009940358,0.0779613269571522,0.13086424754688172,0.05290292058972952,1.0,0.5034,0.4028,1,1,0.125
01_eve_sweep,8,167642750911539403836351612861543009955,5000,0.5,0.0,depolarizing,0.0,0.5,0.2,,0.11,0.95,5000,2490,498,1992,307,58,0.12329317269076305,0.11646586345381527,0.09118287991837465,0.14762054437884545,0.0564376644604708,1.0,0.498,0.3984,1,1,0.125
01_eve_sweep,9,111471025394993314151339933425055202314,5000,0.5,0.0,depolarizing,0.0,0.5,0.2,,0.11,0.95,5000,2509,501,2008,302,47,0.12036667995217218,0.09381237524950099,0.0712823317232871,0.12252397540776952,0.05124164368448242,1.0,0.5018,0.4016,1,1,0.125
01_eve_sweep,10,169963590524597113660209266319230119023,5000,0.5,0.0,depolarizing,0.0,0.5,0.2,,0.11,0.95,5000,2511,502,2009,303,53,0.12066905615292713,0.10557768924302789,0.08162677195686194,0.13551924663318343,0.053892474676321495,1.0,0.5022,0.4018,1,1,0.125
01_eve_sweep,11,103490626130712662469801951801530424389,5000,0.5,0.0,depolarizing,0.0,0.5,0.2,,0.11,0.95,5000,2538,507,2031,332,75,0.13081166272655634,0.14792899408284024,0.11967573810058893,0.18147730295415568,0.06180156485356675,1.0,0.5076,0.4062,1,1,0.125
01_eve_sweep,12,46929225154006370661923617371658646168,5000,0.5,0.0,depolarizing,0.0,0.5,0.2,,0.11,0.95,5000,2588,517,2071,331,84,0.12789799072642968,0.16247582205029013,0.13318733684608014,0.19674311686584794,0.0635557800197678,1.0,0.5176,0.4142,1,1,0.125
01_eve_sweep,13,225540555673632997274649365155092621272,5000,0.5,0.0,depolarizing,0.0,0.5,0.2,,0.11,0.95,5000,2528,505,2023,318,62,0.12579113924050633,0.12277227722772277,0.0969639373101468,0.1542763195607914,0.05731238225064461,1.0,0.5056,0.4046,1,1,0.125
01_eve_sweep,14,165209238741993939808139946718576720809,5000,0.5,0.0,depolarizing,0.0,0.5,0.2,,0.11,0.95,5000,2492,498,1994,323,77,0.1296147672552167,0.15461847389558234,0.12552032833523158,0.18900422129367866,0.06348389295844709,1.0,0.4984,0.3988,1,1,0.125
01_eve_sweep,15,239141132375748114789992786003284047325,5000,0.5,0.0,depolarizing,0.0,0.5,0.2,,0.11,0.95,5000,2486,497,1989,294,52,0.11826226870474658,0.10462776659959759,0.08068382780831519,0.13463672307943064,0.05395289527111545,1.0,0.4972,0.3978,1,1,0.125
01_eve_sweep,16,264358715124210686721544205821310655432,5000,0.5,0.0,depolarizing,0.0,0.5,0.2,,0.11,0.95,5000,2541,508,2033,320,55,0.12593467138921685,0.10826771653543307,0.08412938959139149,0.13828608078295057,0.05415669119155908,1.0,0.5082,0.4066,1,1,0.125
01_eve_sweep,17,173221040442822873403982269817569551056,5000,0.5,0.0,depolarizing,0.0,0.5,0.2,,0.11,0.95,5000,2425,485,1940,316,53,0.13030927835051545,0.10927835051546392,0.08452202831625978,0.14017548217248071,0.05565345385622093,1.0,0.485,0.388,1,1,0.125
01_eve_sweep,18,6727456627422731389697552180604702036,5000,0.5,0.0,depolarizing,0.0,0.5,0.2,,0.11,0.95,5000,2548,509,2039,304,68,0.11930926216640503,0.13359528487229863,0.10676715627819494,0.16591255090122636,0.05914539462303142,1.0,0.5096,0.4078,1,1,0.125
01_eve_sweep,19,254879507953877164526266774308018976273,5000,0.5,0.0,depolarizing,0.0,0.5,0.2,,0.11,0.95,5000,2516,503,2013,356,65,0.14149443561208266,0.12922465208747516,0.10269624774613162,0.16137342629378032,0.0586771785476487,1.0,0.5032,0.4026,1,1,0.125
01_eve_sweep,20,192581916014835812125148592479545261974,5000,0.5,0.0,depolarizing,0.0,0.5,0.2,,0.11,0.95,5000,2499,499,2000,321,60,0.12845138055222088,0.12024048096192384,0.09456641879441768,0.15171689108050287,0.05715047228608519,1.0,0.4998,0.4,1,1,0.125
01_eve_sweep,21,283213340217650293536868480321371328339,5000,0.5,0.0,depolarizing,0.0,0.5,0.2,,0.11,0.95,5000,2516,503,2013,322,63,0.12798092209856915,0.12524850894632206,0.099132727200502,0.15704493261999874,0.05791220541949675,1.0,0.5032,0.4026,1,1,0.125
01_eve_sweep,22,82973538427040256662082381980585777747,5000,0.5,0.0,depolarizing,0.0,0.5,0.2,,0.11,0.95,5000,2505,501,2004,299,56,0.11936127744510978,0.11177644710578842,0.08708653519300817,0.14237452985362825,0.05528799466062008,1.0,0.501,0.4008,1,1,0.125
01_eve_sweep,23,325232012362481537874840667706810010803,5000,0.5,0.0,depolarizing,0.0,0.5,0.2,,0.11,0.95,5000,2508,501,2007,259,47,0.1032695374800638,0.09381237524950099,0.0712823317232871,0.12252397540776952,0.05124164368448242,1.0,0.5016,0.4014,1,1,0.125
01_eve_sweep,24,270995339366061352458180688259228670286,5000,0.5,0.0,depolarizing,0.0,0.5,0.2,,0.11,0.95,5000,2518,503,2015,311,49,0.12351072279586973,0.09741550695825049,0.07447220422022258,0.12646135606440023,0.051989151844177656,1.0,0.5036,0.403,1,1,0.125
01_eve_sweep,25,10598468049849237315636328701143607386,5000,0.5,0.0,depolarizing,0.0,0.5,0.2,,0.11,0.95,5000,2525,505,2020,303,51,0.12,0.100990099009901,0.07764913482288507,0.13035565131619134,0.052706516493306266,1.0,0.505,0.404,1,1,0.125
01_eve_sweep,26,269831801681525042180780174523269361079,5000,0.5,0.0,depolarizing,0.0,0.5,0.2,,0.11,0.95,5000,2498,499,1999,316,76,0.1265012009607686,0.1523046092184369,0.12344296430349683,0.1864786940780268,0.06303572977452998,1.0,0.4996,0.3998,1,1,0.125
01_eve_sweep,27,309196615667412954780392576645742868816,5000,0.5,0.0,depolarizing,0.0,0.5,0.2,,0.11,0.95,5000,2548,509,2039,321,58,0.1259811616954474,0.11394891944990176,0.08918850582682204,0.14449279423085237,0.05530428840403033,1.0,0.5096,0.4078,1,1,0.125
01_eve_sweep,28,138753278809074945874838484371676694466,5000,0.5,0.0,depolarizing,0.0,0.5,0.2,,0.11,0.95,5000,2501,500,2001,314,72,0.1255497800879648,0.144,0.11593807411034975,0.17749045629827542,0.06155238218792568,1.0,0.5002,0.4002,1,1,0.125
01_eve_sweep,29,253487761220897203870293444218163204993,5000,0.5,0.0,depolarizing,0.0,0.5,0.2,,0.11,0.95,5000,2474,494,1980,279,51,0.1127728375101051,0.10323886639676114,0.07939783968167452,0.1332028928314742,0.05380505314979969,1.0,0.4948,0.396,1,1,0.125
01_eve_sweep,0,299956246620154851756980930631887989177,5000,0.6000000000000001,0.0,depolarizing,0.0,0.5,0.2,,0.11,0.95,5000,2592,518,2074,377,66,0.14544753086419754,0.1274131274131274,0.10141651449166528,0.15889522679405255,0.05747871230238727,1.0,0.5184,0.4148,1,1,0.15000000000000002
01_eve_sweep,1,146904782252162147890994306484034435746,5000,0.6000000000000001,0.0,depolarizing,0.0,0.5,0.2,,0.11,0.95,5000,2517,503,2014,391,75,0.15534366309098133,0.14910536779324055,0.1206414088642144,0.1828883362727531,0.06224692740853871,1.0,0.5034,0.4028,1,1,0.15000000000000002
01_eve_sweep,2,257178691601099933926394235298653146202,5000,0.6000000000000001,0.0,depolarizing,0.0,0.5,0.2,,0.11,0.95,5000,2510,502,2008,362,68,0.14422310756972112,0.13545816733067728,0.10827636753073838,0.1681767708630914,0.059900403332353025,1.0,0.502,0.4016,1,1,0.15000000000000002
01_eve_sweep,3,183588398815780728327485444445475477278,5000,0.6000000000000001,0.0,depolarizing,0.0,0.5,0.2,,0.11,0.95,5000,2523,504,2019,378,83,0.14982164090368608,0.16468253968253968,0.13486169753940014,0.19957625720163025,0.06471455966223011,1.0,0.5046,0.4038,1,1,0.15000000000000002
01_eve_sweep,4,322036883549860350394420649369214751932,5000,0.6000000000000001,0.0,depolarizing,0.0,0.5,0.2,,0.11,0.95,5000,2573,514,2059,385,72,0.14963078118927323,0.14007782101167315,0.11273618008752365,0.17275942151490645,0.0600232414273828,1.0,0.5146,0.4118,1,1,0.15000000000000002
01_eve_sweep,5,299567154386205479586542531595457447771,5000,0.6000000000000001,0.0,depolarizing,0.0,0.5,0.2,,0.11,0.95,5000,2546,509,2037,341,56,0.13393558523173604,0.1100196463654224,0.08570165147130092,0.14017996716202416,0.05447831569072324,1.0,0.5092,0.4074,1,1,0.15000000000000002
01_eve_sweep,6,268737778236106593595684278509474680226,5000,0.6000000000000001,0.0,depolarizing,0.0,0.5,0.2,,0.11,0.95,5000,2505,501,2004,377,76,0.150499001996008,0.15169660678642716,0.12294283687977271,0.18575102353481887,0.06280818665504616,1.0,0.501,0.4008,1,1,0.15000000000000002
01_eve_sweep,7,23527872747382975264098653547375332911,5000,0.6000000000000001,0.0,depolarizing,0.0,0.5,0.2,,0.11,0.95,5000,2508,501,2007,385,73,0.15350877192982457,0.14570858283433133,0.11751033787998695,0.17929860322941132,0.06178826534942437,1.0,0.5016,0.4014,1,1,0.15000000000000002
01_eve_sweep,8,305494357167555561737240463942032250869,5000,0.6000000000000001,0.0,depolarizing,0.0,0.5,0.2,,0.11,0.95,5000,2532,506,2026,422,90,0.16666666666666666,0.17786561264822134,0.147011041496975,0.2135745006163219,0.06656345911934691,1.0,0.5064,0.4052,1,1,0.15000000000000002
01_eve_sweep,9,95395209870845301391653859750247317871,5000,0.6000000000000001,0.0,depolarizing,0.0,0.5,0.2,,0.11,0.95,5000,2488,497,1991,384,66,0.15434083601286175,0.13279678068410464,0.10575984973779542,0.16546661609942406,0.05970676636162864,1.0,0.4976,0.3982,1,1,0.15000000000000002
01_eve_sweep,10,119651883485337100958860463641610594801,5000,0.6000000000000001,0.0,depolarizing,0.0,0.5,0.2,,0.11,0.95,5000,2548,509,2039,389,83,0.15266875981161696,0.16306483300589392,0.13351626152079668,0.1976610563412449,0.06414479482044821,1.0,0.5096,0.4078,1,1,0.15000000000000002
01_eve_sweep,11,194477082224126343409464740253559145339,5000,0.6000000000000001,0.0,depolarizing,0.0,0.5,0.2,,0.11,0.95,5000,2487,497,1990,402,79,0.16164053075995174,0.158953722334004,0.12944126887486498,0.1936978322725799,0.0642565633977149,1.0,0.4974,0.398,1,1,0.15000000000000002
01_eve_sweep,12,285854030004013126559406140198921752651,5000,0.6000000000000001,0.0,depolarizing,0.0,0.5,0.2,,0.11,0.95,5000,2495,499,1996,355,80,0.14228456913827656,0.16032064128256512,0.1307419062995473,0.19508933920862703,0.06434743290907974,1.0,0.499,0.3992,1,1,0.15000000000000002
01_eve_sweep,13,124672888934477272440143214612286991053,5000,0.6000000000000001,0.0,depolarizing,0.0,0.5,0.2,,0.11,0.95,5000,2533,506,2027,378,71,0.14923016186340307,0.14031620553359683,0.11275704667786635,0.17329552181673508,0.06053847513886873,1.0,0.5066,0.4054,1,1,0.15000000000000002
01_eve_sweep,14,133565006594608771266989588099886302771,5000,0.6000000000000001,0.0,depolarizing,0.0,0.5,0.2,,0.11,0.95,5000,2521,504,2017,369,75,0.14637048790162635,0.1488095238095238,0.12039853221058923,0.18253352689688046,0.06213499468629123,1.0,0.5042,0.4034,1,1,0.15000000000000002
01_eve_sweep,15,79480693932471783600675063177886109401,5000,0.6000000000000001,0.0,depolarizing,0.0,0.5,0.2,,0.11,0.95,5000,2531,506,2025,411,82,0.1623864085341762,0.16205533596837945,0.13251370043425179,0.19668953699748912,0.06417583656323733,1.0,0.5062,0.405,1,1,0.15000000000000002
01_eve_sweep,16,308309960469680087842027687707907878799,5000,0.6000000000000001,0.0,depolarizing,0.0,0.5,0.2,,0.11,0.95,5000,2564,512,2052,389,75,0.1517160686427457,0.146484375,0.11849018678166365,0.1797438077724058,0.061253620990742164,1.0,0.5128,0.4104,1,1,0.15000000000000002
01_eve_sweep,17,84301463695805568858084941380163685477,5000,0.6000000000000001,0.0,depolarizing,0.0,0.5,0.2,,0.11,0.95,5000,2572,514,2058,395,78,0.1535769828926905,0.1517509727626459,0.12332523410822688,0.18534348311790816,0.06201824900968128,1.0,0.5144,0.4116,1,1,0.15000000000000002
01_eve_sweep,18,65110010733422169205119364352923091105,5000,0.6000000000000001,0.0,depolarizing,0.0,0.5,0.2,,0.11,0.95,5000,2536,507,2029,380,75,0.1498422712933754,0.14792899408284024,0.11967573810058893,0.18147730295415568,0.06180156485356675,1.0,0.5072,0.4058,1,1,0.15000000000000002
01_eve_sweep,19,238205416679592897969191384106253461735,5000,0.6000000000000001,0.0,depolarizing,0.0,0.5,0.2,,0.11,0.95,5000,2505,501,2004,348,61,0.13892215568862276,0.1217564870259481,0.09596489916754916,0.15330436472107606,0.0573394655535269,1.0,0.501,0.4008,1,1,0.15000000000000002
01_eve_sweep,20,183927213206283975184903912488035656518,5000,0.6000000000000001,0.0,depolarizing,0.0,0.5,0.2,,0.11,0.95,5000,2535,507,2028,375,73,0.14792899408284024,0.14398422090729784,0.11609980967630239,0.1772230133510444,0.06112320367474201,1.0,0.507,0.4056,1,1,0.15000000000000002
01_eve_sweep,21,22787958841873757157067936503286737037,5000,0.6000000000000001,0.0,depolarizing,0.0,0.5,0.2,,0.11,0.95,5000,2475,495,1980,347,73,0.1402020202020202,0.14747474747474748,0.11895558238396285,0.18142333795464083,0.06246775557067798,1.0,0.495,0.396,1,1,0.15000000000000002
01_eve_sweep,22,50743338635322741043967206260885019345,5000,0.6000000000000001,0.0,depolarizing,0.0,0.5,0.2,,0.11,0.95,5000,2439,487,1952,344,72,0.14104141041410415,0.14784394250513347,0.11907862991868602,0.18212139335543004,0.06304276343674402,1.0,0.4878,0.3904,1,1,0.15000000000000002
01_eve_sweep,23,81457780469215679268043866265844339316,5000,0.6000000000000001,0.0,depolarizing,0.0,0.5,0.2,,0.11,0.95,5000,2588,517,2071,389,77,0.15030911901081917,0.14893617021276595,0.12084029324363374,0.18221057981490466,0.061370286571270916,1.0,0.5176,0.4142,1,1,0.15000000000000002
01_eve_sweep,24,122421350272043444763414978658028512515,5000,0.6000000000000001,0.0,depolarizing,0.0,0.5,0.2,,0.11,0.95,5000,2454,490,1964,380,79,0.15484922575387122,0.16122448979591836,0.13131943476031047,0.19640003052552354,0.06508059576521308,1.0,0.4908,0.3928,1,1,0.15000000000000002
01_eve_sweep,25,40229958130123456962999994006697893592,5000,0.6000000000000001,0.0,depolarizing,0.0,0.5,0.2,,0.11,0.95,5000,2457,491,1966,369,72,0.15018315018315018,0.14663951120162932,0.11809432217944606,0.18067098170804513,0.06257665952859907,1.0,0.4914,0.3932,1,1,0.15000000000000002
01_eve_sweep,26,19827346969763446174862399786529084008,5000,0.6000000000000001,0.0,depolarizing,0.0,0.5,0.2,,0.11,0.95,5000,2537,507,2030,401,71,0.158060701616082,0.14003944773175542,0.1125315315710106,0.17296107342893832,0.06042954185792772,1.0,0.5074,0.406,1,1,0.15000000000000002
01_eve_sweep,27,315024353601611697148896627203542547133,5000,0.6000000000000001,0.0,depolarizing,0.0,0.5,0.2,,0.11,0.95,5000,2520,504,2016,370,70,0.14682539682539683,0.1388888888888889,0.1114187682160301,0.17182210612046417,0.06040333790443407,1.0,0.504,0.4032,1,1,0.15000000000000002
01_eve_sweep,28,142212766075231510118310976343297856779,5000,0.6000000000000001,0.0,depolarizing,0.0,0.5,0.2,,0.11,0.95,5000,2584,516,2068,368,60,0.14241486068111456,0.11627906976744186,0.09141282998153624,0.1468164545807981,0.05540362459926185,1.0,0.5168,0.4136,1,1,0.15000000000000002
01_eve_sweep,29,228380997967996284279227054903684375527,5000,0.6000000000000001,0.0,depolarizing,0.0,0.5,0.2,,0.11,0.95,5000,2458,491,1967,372,77,0.15134255492270138,0.15682281059063136,0.12733731745469168,0.19163647911615705,0.06429916166146538,1.0,0.4916,0.3934,1,1,0.15000000000000002
01_eve_sweep,0,100882294508573752602783198139690269804,5000,0.7000000000000001,0.0,depolarizing,0.0,0.5,0.2,,0.11,0.95,5000,2473,494,1979,459,95,0.18560452891225232,0.19230769230769232,0.1599808551452805,0.22938297823226345,0.06940212308698296,1.0,0.4946,0.3958,1,1,0.17500000000000002
01_eve_sweep,1,82267836954293609822416291245571929049,5000,0.7000000000000001,0.0,depolarizing,0.0,0.5,0.2,,0.11,0.95,5000,2510,502,2008,436,88,0.17370517928286852,0.1752988047808765,0.14453865589454848,0.2109906422376606,0.06645198634311211,1.0,0.502,0.4016,1,1,0.17500000000000002
01_eve_sweep,2,250532930656919742261093107889666111595,5000,0.7000000000000001,0.0,depolarizing,0.0,0.5,0.2,,0.11,0.95,5000,2489,497,1992,435,92,0.1747689835275211,0.1851106639839034,0.15342581599682373,0.22162592046084664,0.06820010446402291,1.0,0.4978,0.3984,1,1,0.17500000000000002
01_eve_sweep,3,166002066120726043288173946041799766309,5000,0.7000000000000001,0.0,depolarizing,0.0,0.5,0.2,,0.11,0.95,5000,2497,499,1998,439,89,0.17581097316780137,0.17835671342685372,0.14726434307781736,0.21436347346532122,0.06709913038750387,1.0,0.4994,0.3996,1,1,0.17500000000000002
01_eve_sweep,4,329451462556166285836950045321636145490,5000,0.7000000000000001,0.0,depolarizing,0.0,0.5,0.2,,0.11,0.95,5000,2558,511,2047,430,86,0.16810007818608289,0.16829745596868884,0.13836057180211758,0.20318429760968154,0.06482372580756396,1.0,0.5116,0.4094,1,1,0.17500000000000002
01_eve_sweep,5,45231714024177183857320419526120365055,5000,0.7000000000000001,0.0,depolarizing,0.0,0.5,0.2,,0.11,0.95,5000,2472,494,1978,420,87,0.16990291262135923,0.17611336032388664,0.14505883971749772,0.212166248048338,0.06710740833084028,1.0,0.4944,0.3956,1,1,0.17500000000000002
01_eve_sweep,6,195941476090879650084585472312139688162,5000,0.7000000000000001,0.0,depolarizing,0.0,0.5,0.2,,0.11,0.95,5000,2456,491,1965,410,94,0.16693811074918566,0.19144602851323828,0.159093555799986,0.22858911589427858,0.06949556009429259,1.0,0.4912,0.393,1,1,0.17500000000000002
01_eve_sweep,7,242037932396623873825796426870757733472,5000,0.7000000000000001,0.0,depolarizing,0.0,0.5,0.2,,0.11,0.95,5000,2453,490,1963,414,78,0.16877293110476968,0.15918367346938775,0.1294593929605029,0.19421018958608915,0.06475079662558625,1.0,0.4906,0.3926,1,1,0.17500000000000002
01_eve_sweep,8,268723944782253048653148779447126910197,5000,0.7000000000000001,0.0,depolarizing,0.0,0.5,0.2,,0.11,0.95,5000,2498,499,1999,411,67,0.16453162530024018,0.1342685370741483,0.10713218958681758,0.1669928977597418,0.059860708172924215,1.0,0.4996,0.3998,1,1,0.17500000000000002
01_eve_sweep,9,261747193241102499787007094985084787840,5000,0.7000000000000001,0.0,depolarizing,0.0,0.5,0.2,,0.11,0.95,5000,2498,499,1999,431,98,0.17253803042433946,0.1963927855711423,0.1639118154849532,0.23351257209314957,0.06960075660819637,1.0,0.4996,0.3998,1,1,0.17500000000000002
01_eve_sweep,10,26290521395549249073919465782590721652,5000,0.7000000000000001,0.0,depolarizing,0.0,0.5,0.2,,0.11,0.95,5000,2482,496,1986,423,88,0.17042707493956485,0.1774193548387097,0.14631636210519045,0.21348064081850626,0.06716427871331582,1.0,0.4964,0.3972,1,1,0.17500000000000002
01_eve_sweep,11,118898219666197309069215037332782719879,5000,0.7000000000000001,0.0,depolarizing,0.0,0.5,0.2,,0.11,0.95,5000,2499,499,2000,428,69,0.17126850740296118,0.13827655310621242,0.11074257990086682,0.17133730100901795,0.06059472110815113,1.0,0.4998,0.4,1,1,0.17500000000000002
01_eve_sweep,12,275304497968518093939056735781959330291,5000,0.7000000000000001,0.0,depolarizing,0.0,0.5,0.2,,0.11,0.95,5000,2468,493,1975,426,70,0.17260940032414912,0.14198782961460446,0.11394028905896585,0.17557149838751068,0.061631209328544836,1.0,0.4936,0.395,1,1,0.17500000000000002
01_eve_sweep,13,313052492080503609657146546099487364999,5000,0.7000000000000001,0.0,depolarizing,0.0,0.5,0.2,,0.11,0.95,5000,2559,511,2048,467,94,0.18249316139116842,0.18395303326810175,0.15276078981281388,0.21986160788633397,0.06710081807352009,1.0,0.5118,0.4096,1,1,0.17500000000000002
01_eve_sweep,14,67127147964144903132661485177915248183,5000,0.7000000000000001,0.0,depolarizing,0.0,0.5,0.2,,0.11,0.95,5000,2558,511,2047,441,97,0.1724003127443315,0.1898238747553816,0.15818448851636427,0.22609198229053937,0.0679074937741751,1.0,0.5116,0.4094,1,1,0.17500000000000002
01_eve_sweep,15,115114595492129629378637587646158919815,5000,0.7000000000000001,0.0,depolarizing,0.0,0.5,0.2,,0.11,0.95,5000,2520,504,2016,487,100,0.19325396825396826,0.1984126984126984,0.16593385392214444,0.2354541290402024,0.06952027511805797,1.0,0.504,0.4032,1,1,0.17500000000000002
01_eve_sweep,16,105207697460907170925303593244159408418,5000,0.7000000000000001,0.0,depolarizing,0.0,0.5,0.2,,0.11,0.95,5000,2494,498,1996,475,86,0.1904570970328789,0.17269076305220885,0.14203151836465888,0.20836093273715722,0.06632941437249834,1.0,0.4988,0.3992,1,1,0.17500000000000002
01_eve_sweep,17,45308972315385493219602604475583909428,5000,0.7000000000000001,0.0,depolarizing,0.0,0.5,0.2,,0.11,0.95,5000,2496,499,1997,425,85,0.1702724358974359,0.17034068136272545,0.1399047033254163,0.20581352609107154,0.06590882276565524,1.0,0.4992,0.3994,1,1,0.17500000000000002
01_eve_sweep,18,94955645905496144965175428227937161664,5000,0.7000000000000001,0.0,depolarizing,0.0,0.5,0.2,,0.11,0.95,5000,2521,504,2017,438,82,0.17374057913526378,0.1626984126984127,0.13304776405619034,0.19745195373064495,0.0644041896744546,1.0,0.5042,0.4034,1,1,0.17500000000000002
01_eve_sweep,19,251473868355549508259610571695183967819,5000,0.7000000000000001,0.0,depolarizing,0.0,0.5,0.2,,0.11,0.95,5000,2582,516,2066,411,71,0.15917893106119288,0.1375968992248062,0.1105417917373806,0.17000808812704626,0.05946629638966566,1.0,0.5164,0.4132,1,1,0.17500000000000002
01_eve_sweep,20,84134692829527550731280622952677087311,5000,0.7000000000000001,0.0,depolarizing,0.0,0.5,0.2,,0.11,0.95,5000,2506,501,2005,458,94,0.1827613727055068,0.18762475049900199,0.155862812141782,0.22414056410396915,0.06827775196218716,1.0,0.5012,0.401,1,1,0.17500000000000002
01_eve_sweep,21,166739467913142740837547793727762169128,5000,0.7000000000000001,0.0,depolarizing,0.0,0.5,0.2,,0.11,0.95,5000,2497,499,1998,444,100,0.17781337605126152,0.20040080160320642,0.1676268616586215,0.23775231948280662,0.07012545782418511,1.0,0.4994,0.3996,1,1,0.17500000000000002
01_eve_sweep,22,304407609913221020294651826954116803626,5000,0.7000000000000001,0.0,depolarizing,0.0,0.5,0.2,,0.11,0.95,5000,2479,495,1984,416,91,0.16780960064542155,0.18383838383838383,0.15219427818857395,0.22035185953630554,0.06815758134773159,1.0,0.4958,0.3968,1,1,0.17500000000000002
01_eve_sweep,23,98879272978871905023721123577320785625,5000,0.7000000000000001,0.0,depolarizing,0.0,0.5,0.2,,0.11,0.95,5000,2520,504,2016,448,90,0.17777777777777778,0.17857142857142858,0.1476041677616433,0.2144014456587527,0.06679727789710938,1.0,0.504,0.4032,1,1,0.17500000000000002
01_eve_sweep,24,224623725596925645938211478005213016908,5000,0.7000000000000001,0.0,depolarizing,0.0,0.5,0.2,,0.11,0.95,5000,2530,506,2024,433,87,0.17114624505928855,0.17193675889328064,0.14156278276982354,0.2072543950878899,0.06569161231806636,1.0,0.506,0.4048,1,1,0.17500000000000002
01_eve_sweep,25,57066187587521494152758850949735236818,5000,0.7000000000000001,0.0,depolarizing,0.0,0.5,0.2,,0.11,0.95,5000,2537,507,2030,428,98,0.1687031927473394,0.1932938856015779,0.16127969428825994,0.22992085408155954,0.0686411597932996,1.0,0.5074,0.406,1,1,0.17500000000000002
01_eve_sweep,26,193303239138569150267560235467267148332,5000,0.7000000000000001,0.0,depolarizing,0.0,0.5,0.2,,0.11,0.95,5000,2524,504,2020,415,86,0.1644215530903328,0.17063492063492064,0.14031330407514297,0.20593936152847264,0.06562605745332967,1.0,0.5048,0.404,1,1,0.17500000000000002
01_eve_sweep,27,107634654932409304086742271359667785103,5000,0.7000000000000001,0.0,depolarizing,0.0,0.5,0.2,,0.11,0.95,5000,2577,515,2062,438,80,0.16996507566938301,0.1553398058252427,0.12661905032593837,0.18916423189884604,0.06254518157290767,1.0,0.5154,0.4124,1,1,0.17500000000000002
01_eve_sweep,28,7174810862811316425849951887387377463,5000,0.7000000000000001,0.0,depolarizing,0.0,0.5,0.2,,0.11,0.95,5000,2404,480,1924,448,90,0.18635607321131448,0.1875,0.15511436306373955,0.22484782386580915,0.0697334608020696,1.0,0.4808,0.3848,1,1,0.17500000000000002
01_eve_sweep,29,266358432115988918179850758630418499897,5000,0.7000000000000001,0.0,depolarizing,0.0,0.5,0.2,,0.11,0.95,5000,2527,505,2022,436,78,0.17253660466956866,0.15445544554455445,0.12555614367128068,0.18857207062782025,0.06301592695653957,1.0,0.5054,0.4044,1,1,0.17500000000000002
01_eve_sweep,0,244670951374988169151305630296164115037,5000,0.8,0.0,depolarizing,0.0,0.5,0.2,,0.11,0.95,5000,2460,492,1968,502,77,0.2040650406504065,0.1565040650406504,0.12707453137611055,0.19125596723952185,0.0641814358634113,1.0,0.492,0.3936,1,1,0.2
01_eve_sweep,1,270721955072318309846886380464483856999,5000,0.8,0.0,depolarizing,0.0,0.5,0.2,,0.11,0.95,5000,2545,509,2036,525,115,0.206286836935167,0.22593320235756384,0.19173400409323438,0.264238216558397,0.07250421246516264,1.0,0.509,0.4072,1,1,0.2
01_eve_sweep,2,62952695307691593990358512797221908524,5000,0.8,0.0,depolarizing,0.0,0.5,0.2,,0.11,0.95,5000,2455,491,1964,499,108,0.20325865580448066,0.219959266802444,0.1855725719995371,0.2586938792081288,0.0731213072085917,1.0,0.491,0.3928,1,1,0.2
01_eve_sweep,3,200482100101078756851220693945943946387,5000,0.8,0.0,depolarizing,0.0,0.5,0.2,,0.11,0.95,5000,2520,504,2016,514,97,0.20396825396825397,0.19246031746031747,0.16042025184424727,0.22915302025551434,0.06873276841126708,1.0,0.504,0.4032,1,1,0.2
01_eve_sweep,4,66605359497293104705678098237269974533,5000,0.8,0.0,depolarizing,0.0,0.5,0.2,,0.11,0.95,5000,2521,504,2017,471,97,0.18683062276874257,0.19246031746031747,0.16042025184424727,0.22915302025551434,0.06873276841126708,1.0,0.5042,0.4034,1,1,0.2
01_eve_sweep,5,59192665721315221739493863460722253871,5000,0.8,0.0,depolarizing,0.0,0.5,0.2,,0.11,0.95,5000,2468,493,1975,465,89,0.18841166936790923,0.18052738336713997,0.14908704890776445,0.2169078888985815,0.06782083999081706,1.0,0.4936,0.395,1,1,0.2
01_eve_sweep,6,122027026383268962175404760903544316676,5000,0.8,0.0,depolarizing,0.0,0.5,0.2,,0.11,0.95,5000,2551,510,2041,513,88,0.20109760878087024,0.17254901960784313,0.1422345592900312,0.20775950158906603,0.06552494229903483,1.0,0.5102,0.4082,1,1,0.2
01_eve_sweep,7,218358944826651032875295808292810774053,5000,0.8,0.0,depolarizing,0.0,0.5,0.2,,0.11,0.95,5000,2517,503,2014,546,97,0.2169249106078665,0.19284294234592445,0.1607448214376979,0.2295970801127921,0.0688522586750942,1.0,0.5034,0.4028,1,1,0.2
01_eve_sweep,8,51959698766400176888429332449662708009,5000,0.8,0.0,depolarizing,0.0,0.5,0.2,,0.11,0.95,5000,2531,506,2025,502,102,0.19834057684709602,0.2015810276679842,0.16893361780982996,0.2387253813258009,0.06979176351597094,1.0,0.5062,0.405,1,1,0.2
01_eve_sweep,9,258172403680155366439393571954588801309,5000,0.8,0.0,depolarizing,0.0,0.5,0.2,,0.11,0.95,5000,2591,518,2073,498,95,0.19220378232342725,0.1833976833976834,0.15244332597752772,0.2190132831979009,0.06656995722037318,1.0,0.5182,0.4146,1,1,0.2
01_eve_sweep,10,63852845639464436590382938140255870946,5000,0.8,0.0,depolarizing,0.0,0.5,0.2,,0.11,0.95,5000,2496,499,1997,483,91,0.1935096153846154,0.18236472945891782,0.1509534857157453,0.21862912439071863,0.06767563867497334,1.0,0.4992,0.3994,1,1,0.2
01_eve_sweep,11,188226107016817755511498762642940196496,5000,0.8,0.0,depolarizing,0.0,0.5,0.2,,0.11,0.95,5000,2460,492,1968,492,89,0.2,0.18089430894308944,0.14939523285067396,0.21733783391059408,0.06794260105992012,1.0,0.492,0.3936,1,1,0.2
01_eve_sweep,12,140943466616747209301316109017893861780,5000,0.8,0.0,depolarizing,0.0,0.5,0.2,,0.11,0.95,5000,2455,491,1964,534,101,0.21751527494908351,0.20570264765784113,0.1722996022193239,0.24367495923164134,0.07137535701231745,1.0,0.491,0.3928,1,1,0.2
01_eve_sweep,13,126974863347043658981928486692274313271,5000,0.8,0.0,depolarizing,0.0,0.5,0.2,,0.11,0.95,5000,2518,503,2015,522,99,0.2073073868149325,0.19681908548707752,0.16442672669808361,0.23380718907181752,0.06938046237373391,1.0,0.5036,0.403,1,1,0.2
01_eve_sweep,14,148601252071190589932236850316422671646,5000,0.8,0.0,depolarizing,0.0,0.5,0.2,,0.11,0.95,5000,2468,493,1975,484,105,0.19611021069692058,0.2129817444219067,0.17913254524062686,0.25126925602666167,0.07213671078603481,1.0,0.4936,0.395,1,1,0.2
01_eve_sweep,15,333269277640129622138596444543465726927,5000,0.8,0.0,depolarizing,0.0,0.5,0.2,,0.11,0.95,5000,2518,503,2015,516,118,0.20492454328832407,0.2345924453280318,0.19965864849548537,0.2735494023588215,0.07389075386333616,1.0,0.5036,0.403,1,1,0.2
01_eve_sweep,16,35944904063505355186791921790786687378,5000,0.8,0.0,depolarizing,0.0,0.5,0.2,,0.11,0.95,5000,2517,503,2014,491,105,0.1950735001986492,0.20874751491053678,0.1755043598716024,0.24640559855653216,0.07090123868492976,1.0,0.5034,0.4028,1,1,0.2
01_eve_sweep,17,217519494106167024964819517071375278731,5000,0.8,0.0,depolarizing,0.0,0.5,0.2,,0.11,0.95,5000,2547,509,2038,489,92,0.19199057714958775,0.1807465618860511,0.14974786844897173,0.216528015822642,0.06678014737367027,1.0,0.5094,0.4076,1,1,0.2
01_eve_sweep,18,80875955224612064613237116238617920349,5000,0.8,0.0,depolarizing,0.0,0.5,0.2,,0.11,0.95,5000,2437,487,1950,510,98,0.20927369716865,0.20123203285420946,0.16802530979939181,0.23911523472762794,0.07108992492823613,1.0,0.4874,0.39,1,1,0.2
01_eve_sweep,19,79007327163929846613038814516102733884,5000,0.8,0.0,depolarizing,0.0,0.5,0.2,,0.11,0.95,5000,2540,508,2032,539,95,0.21220472440944882,0.18700787401574803,0.15549583448541715,0.22321803380362998,0.06772219931821283,1.0,0.508,0.4064,1,1,0.2
01_eve_sweep,20,2887788800944298458159612458548050879,5000,0.8,0.0,depolarizing,0.0,0.5,0.2,,0.11,0.95,5000,2512,502,2010,522,97,0.20780254777070065,0.19322709163346613,0.16107070839397336,0.2300428616205063,0.06897215322653294,1.0,0.5024,0.402,1,1,0.2
01_eve_sweep,21,202929522205527049104573693588398099030,5000,0.8,0.0,depolarizing,0.0,0.5,0.2,,0.11,0.95,5000,2519,503,2016,524,88,0.20801905518062724,0.1749502982107356,0.14424656628385094,0.21058127127928902,0.06633470499543809,1.0,0.5038,0.4032,1,1,0.2
01_eve_sweep,22,224105960386851395630572392829773666046,5000,0.8,0.0,depolarizing,0.0,0.5,0.2,,0.11,0.95,5000,2462,492,1970,475,105,0.19293257514216083,0.21341463414634146,0.17950364167629834,0.25176618261248374,0.0722625409361854,1.0,0.4924,0.394,1,1,0.2
01_eve_sweep,23,20306997319125148424012229000053566407,5000,0.8,0.0,depolarizing,0.0,0.5,0.2,,0.11,0.95,5000,2516,503,2013,526,104,0.20906200317965024,0.20675944333996024,0.17365484709376772,0.24430910422466123,0.07065425713089352,1.0,0.5032,0.4026,1,1,0.2
01_eve_sweep,24,52185379928167929787914697784866079269,5000,0.8,0.0,depolarizing,0.0,0.5,0.2,,0.11,0.95,5000,2501,500,2001,504,96,0.20151939224310275,0.192,0.15987621859588308,0.22882037512843312,0.06894415653255004,1.0,0.5002,0.4002,1,1,0.2
01_eve_sweep,25,83408132559214880115817600588052581715,5000,0.8,0.0,depolarizing,0.0,0.5,0.2,,0.11,0.95,5000,2542,508,2034,493,96,0.1939417781274587,0.1889763779527559,0.1573147222406719,0.22530660599624286,0.06799188375557097,1.0,0.5084,0.4068,1,1,0.2
01_eve_sweep,26,267184114287148732833566113492706964895,5000,0.8,0.0,depolarizing,0.0,0.5,0.2,,0.11,0.95,5000,2464,492,1972,510,106,0.2069805194805195,0.21544715447154472,0.1813971337632172,0.25390623787103456,0.07250910410781736,1.0,0.4928,0.3944,1,1,0.2
01_eve_sweep,27,64085033387822091570978328536769858403,5000,0.8,0.0,depolarizing,0.0,0.5,0.2,,0.11,0.95,5000,2513,502,2011,513,98,0.20413847990449663,0.1952191235059761,0.16291475293848223,0.2321526250629164,0.06923787212443416,1.0,0.5026,0.4022,1,1,0.2
01_eve_sweep,28,101118086329114862439604186538330638548,5000,0.8,0.0,depolarizing,0.0,0.5,0.2,,0.11,0.95,5000,2535,507,2028,515,108,0.20315581854043394,0.21301775147928995,0.17960481461375663,0.25074682389305203,0.0711420092792954,1.0,0.507,0.4056,1,1,0.2
01_eve_sweep,29,90933473158433323188969350953716882162,5000,0.8,0.0,depolarizing,0.0,0.5,0.2,,0.11,0.95,5000,2503,500,2003,531,113,0.2121454254894127,0.226,0.191509780865554,0.2646683577073766,0.07315857684182261,1.0,0.5006,0.4006,1,1,0.2
01_eve_sweep,0,177351103654663035952965834568021165264,5000,0.9,0.0,depolarizing,0.0,0.5,0.2,,0.11,0.95,5000,2454,490,1964,557,107,0.2269763651181744,0.21836734693877552,0.1840547141489995,0.2570614678356095,0.07300675368661003,1.0,0.4908,0.3928,1,1,0.225
01_eve_sweep,1,219420370697682627926835910078929378444,5000,0.9,0.0,depolarizing,0.0,0.5,0.2,,0.11,0.95,5000,2526,505,2021,558,121,0.2209026128266033,0.2396039603960396,0.20443055989170084,0.2787090399955872,0.07427848010388638,1.0,0.5052,0.4042,1,1,0.225
01_eve_sweep,2,194949155969872178446893143276894704113,5000,0.9,0.0,depolarizing,0.0,0.5,0.2,,0.11,0.95,5000,2459,491,1968,550,102,0.2236681577877186,0.20773930753564154,0.17419176160691052,0.24582449838072623,0.07163273677381571,1.0,0.4918,0.3936,1,1,0.225
01_eve_sweep,3,293057688557611007115775305339782296902,5000,0.9,0.0,depolarizing,0.0,0.5,0.2,,0.11,0.95,5000,2520,504,2016,573,111,0.22738095238095238,0.22023809523809523,0.18625002648440775,0.25845856297408504,0.07220853648967729,1.0,0.504,0.4032,1,1,0.225
01_eve_sweep,4,104306158876645067439124266581506449367,5000,0.9,0.0,depolarizing,0.0,0.5,0.2,,0.11,0.95,5000,2526,505,2021,598,131,0.2367379255740301,0.2594059405940594,0.2230954915517807,0.2993490817281091,0.07625359017632838,1.0,0.5052,0.4042,1,1,0.225
01_eve_sweep,5,284001075052765835840697211684035142755,5000,0.9,0.0,depolarizing,0.0,0.5,0.2,,0.11,0.95,5000,2517,503,2014,556,123,0.2208978943186333,0.24453280318091453,0.20900030700345196,0.2839377793993828,0.07493747239593085,1.0,0.5034,0.4028,1,1,0.225
01_eve_sweep,6,29586624942717604720483340892632178648,5000,0.9,0.0,depolarizing,0.0,0.5,0.2,,0.11,0.95,5000,2479,495,1984,577,105,0.23275514320290439,0.21212121212121213,0.1783949421459383,0.2502812535460447,0.0718863114001064,1.0,0.4958,0.3968,1,1,0.225
01_eve_sweep,7,2437111800493984832461899981346345042,5000,0.9,0.0,depolarizing,0.0,0.5,0.2,,0.11,0.95,5000,2558,511,2047,581,112,0.227130570758405,0.2191780821917808,0.18547768874991025,0.25706914759577226,0.07159145884586202,1.0,0.5116,0.4094,1,1,0.225
01_eve_sweep,8,61128377765075490899638213896158677088,5000,0.9,0.0,depolarizing,0.0,0.5,0.2,,0.11,0.95,5000,2517,503,2014,565,116,0.2244735796583234,0.23061630218687873,0.195929738465501,0.2693862981693948,0.07345655970389381,1.0,0.5034,0.4028,1,1,0.225
01_eve_sweep,9,116709064192536173137640004682357626329,5000,0.9,0.0,depolarizing,0.0,0.5,0.2,,0.11,0.95,5000,2504,500,2004,562,129,0.2244408945686901,0.258,0.2215962002228131,0.29809398056057823,0.07649778033776514,1.0,0.5008,0.4008,1,1,0.225
01_eve_sweep,10,92261073791517990400439926082349366522,5000,0.9,0.0,depolarizing,0.0,0.5,0.2,,0.11,0.95,5000,2527,505,2022,549,96,0.21725366046695688,0.1900990099009901,0.1582655970915152,0.2266115693142687,0.06834597222275351,1.0,0.5054,0.4044,1,1,0.225
01_eve_sweep,11,185492225539097550101336013592402200723,5000,0.9,0.0,depolarizing,0.0,0.5,0.2,,0.11,0.95,5000,2516,503,2013,544,101,0.21621621621621623,0.20079522862823063,0.16811402989725532,0.23801190009205697,0.06989787019480165,1.0,0.5032,0.4026,1,1,0.225
01_eve_sweep,12,22908530921339638851687242682837731029,5000,0.9,0.0,depolarizing,0.0,0.5,0.2,,0.11,0.95,5000,2552,510,2042,602,127,0.2358934169278997,0.24901960784313726,0.213458093287126,0.28833376175793063,0.07487566847080462,1.0,0.5104,0.4084,1,1,0.225
01_eve_sweep,13,6404017614381031391258038638155949292,5000,0.9,0.0,depolarizing,0.0,0.5,0.2,,0.11,0.95,5000,2497,499,1998,567,111,0.22707248698438126,0.22244488977955912,0.18815306879070773,0.26097747694901,0.0728244081583023,1.0,0.4994,0.3996,1,1,0.225
01_eve_sweep,14,170683887442192041863095341772786608523,5000,0.9,0.0,depolarizing,0.0,0.5,0.2,,0.11,0.95,5000,2582,516,2066,590,118,0.22850503485670023,0.22868217054263565,0.19452831097727694,0.2668459306324544,0.07231761965517744,1.0,0.5164,0.4132,1,1,0.225
01_eve_sweep,15,107361185490774554357674003490547933530,5000,0.9,0.0,depolarizing,0.0,0.5,0.2,,0.11,0.95,5000,2517,503,2014,575,118,0.2284465633690902,0.2345924453280318,0.19965864849548537,0.2735494023588215,0.07389075386333616,1.0,0.5034,0.4028,1,1,0.225
01_eve_sweep,16,289020528617818753677014199856626228302,5000,0.9,0.0,depolarizing,0.0,0.5,0.2,,0.11,0.95,5000,2483,496,1987,577,126,0.23238018525976642,0.2540322580645161,0.21771335319000318,0.2941318615393155,0.0764185083493123,1.0,0.4966,0.3974,1,1,0.225
01_eve_sweep,17,86885771951813038844248765126255690165,5000,0.9,0.0,depolarizing,0.0,0.5,0.2,,0.11,0.95,5000,2474,494,1980,525,112,0.2122069523039612,0.22672064777327935,0.19198854824560393,0.26567011955682,0.07368157131121608,1.0,0.4948,0.396,1,1,0.225
01_eve_sweep,18,178567425133212216507721706103613833547,5000,0.9,0.0,depolarizing,0.0,0.5,0.2,,0.11,0.95,5000,2519,503,2016,570,103,0.22628026994839223,0.2047713717693837,0.17180661202584296,0.24221133218288043,0.07040472015703747,1.0,0.5038,0.4032,1,1,0.225
01_eve_sweep,19,12323083661707511426094854734285040445,5000,0.9,0.0,depolarizing,0.0,0.5,0.2,,0.11,0.95,5000,2477,495,1982,550,105,0.22204279370205895,0.21212121212121213,0.1783949421459383,0.2502812535460447,0.0718863114001064,1.0,0.4954,0.3964,1,1,0.225
01_eve_sweep,20,112941415772956614492817343377438373682,5000,0.9,0.0,depolarizing,0.0,0.5,0.2,,0.11,0.95,5000,2469,493,1976,556,103,0.22519238558120697,0.20892494929006086,0.1753574051771588,0.2469935381575119,0.0716361329803531,1.0,0.4938,0.3952,1,1,0.225
01_eve_sweep,21,329717639630648262933702063429572528479,5000,0.9,0.0,depolarizing,0.0,0.5,0.2,,0.11,0.95,5000,2525,505,2020,576,127,0.22811881188118813,0.2514851485148515,0.21561707567012836,0.29110550825272086,0.0754884325825925,1.0,0.505,0.404,1,1,0.225
01_eve_sweep,22,188873052663235189555032949188708772420,5000,0.9,0.0,depolarizing,0.0,0.5,0.2,,0.11,0.95,5000,2493,498,1995,563,126,0.22583233052547133,0.25301204819277107,0.21681994323029796,0.29298540330665523,0.07616546007635727,1.0,0.4986,0.399,1,1,0.225
01_eve_sweep,23,323627116799226059488303065696892835072,5000,0.9,0.0,depolarizing,0.0,0.5,0.2,,0.11,0.95,5000,2462,492,1970,555,94,0.22542648253452477,0.1910569105691057,0.1587644608542172,0.22813634263439897,0.06937188178018178,1.0,0.4924,0.394,1,1,0.225
01_eve_sweep,24,168304997335246503120162367159352475879,5000,0.9,0.0,depolarizing,0.0,0.5,0.2,,0.11,0.95,5000,2545,509,2036,613,115,0.24086444007858546,0.22593320235756384,0.19173400409323438,0.264238216558397,0.07250421246516264,1.0,0.509,0.4072,1,1,0.225
01_eve_sweep,25,69926871373068456201983046029755871161,5000,0.9,0.0,depolarizing,0.0,0.5,0.2,,0.11,0.95,5000,2550,510,2040,564,100,0.2211764705882353,0.19607843137254902,0.1639468921789408,0.2327541822896824,0.0688072901107416,1.0,0.51,0.408,1,1,0.225
01_eve_sweep,26,328791424278847987896183993265889321641,5000,0.9,0.0,depolarizing,0.0,0.5,0.2,,0.11,0.95,5000,2540,508,2032,554,104,0.21811023622047243,0.2047244094488189,0.17191414548737663,0.24196686233247913,0.0700527168451025,1.0,0.508,0.4064,1,1,0.225
01_eve_sweep,27,98515598737722799274185699961943340528,5000,0.9,0.0,depolarizing,0.0,0.5,0.2,,0.11,0.95,5000,2490,498,1992,550,103,0.22088353413654618,0.20682730923694778,0.1735638287544558,0.2445791029072935,0.0710152741528377,1.0,0.498,0.3984,1,1,0.225
01_eve_sweep,28,270791556302907632177449013944073679332,5000,0.9,0.0,depolarizing,0.0,0.5,0.2,,0.11,0.95,5000,2490,498,1992,567,102,0.22771084337349398,0.20481927710843373,0.171697764882543,0.2424598443933279,0.07076207951078489,1.0,0.498,0.3984,1,1,0.225
01_eve_sweep,29,196712777065706873140787031038318770143,5000,0.9,0.0,depolarizing,0.0,0.5,0.2,,0.11,0.95,5000,2467,493,1974,566,126,0.2294284556141062,0.25557809330628806,0.21906738375542853,0.29586842580434725,0.07680104204891872,1.0,0.4934,0.3948,1,1,0.225
01_eve_sweep,0,13375069018686356280356785066213752035,5000,1.0,0.0,depolarizing,0.0,0.5,0.2,,0.11,0.95,5000,2471,494,1977,631,145,0.25536220153783895,0.2935222672064777,0.2550826443282539,0.3351483491224664,0.08006570479421249,1.0,0.4942,0.3954,1,1,0.25
01_eve_sweep,1,338798520940805831201681866917229077528,5000,1.0,0.0,depolarizing,0.0,0.5,0.2,,0.11,0.95,5000,2484,496,1988,600,119,0.24154589371980675,0.2399193548387097,0.20442841384610982,0.27940791976112067,0.07497950591501085,1.0,0.4968,0.3976,1,1,0.25
01_eve_sweep,2,264115798258927748267562294964939576745,5000,1.0,0.0,depolarizing,0.0,0.5,0.2,,0.11,0.95,5000,2507,501,2006,617,112,0.24611088950937376,0.22355289421157684,0.18925296241446188,0.2620599296624489,0.07280696724798702,1.0,0.5014,0.4012,1,1,0.25
01_eve_sweep,3,273549256987972265891236450842328790693,5000,1.0,0.0,depolarizing,0.0,0.5,0.2,,0.11,0.95,5000,2570,514,2056,627,114,0.24396887159533073,0.22178988326848248,0.18801187695817584,0.259695534010189,0.07168365705201318,1.0,0.514,0.4112,1,1,0.25
01_eve_sweep,4,110481268440609828682156507177699054885,5000,1.0,0.0,depolarizing,0.0,0.5,0.2,,0.11,0.95,5000,2476,495,1981,593,113,0.23949919224555735,0.22828282828282828,0.1934832580156836,0.2672672565146441,0.0737839984989605,1.0,0.4952,0.3962,1,1,0.25
01_eve_sweep,5,140684834715128677126991696621480012075,5000,1.0,0.0,depolarizing,0.0,0.5,0.2,,0.11,0.95,5000,2534,506,2028,634,137,0.250197316495659,0.2707509881422925,0.23386929340217055,0.3110872887152678,0.07721799531309725,1.0,0.5068,0.4056,1,1,0.25
01_eve_sweep,6,187309180043988808564112484550471490463,5000,1.0,0.0,depolarizing,0.0,0.5,0.2,,0.11,0.95,5000,2536,507,2029,633,123,0.2496056782334385,0.24260355029585798,0.20731683650473393,0.2817614372075583,0.07444460070282438,1.0,0.5072,0.4058,1,1,0.25
01_eve_sweep,7,229780533040399881643154666708225055922,5000,1.0,0.0,depolarizing,0.0,0.5,0.2,,0.11,0.95,5000,2574,514,2060,634,137,0.2463092463092463,0.26653696498054474,0.23014767829305188,0.3063900092328487,0.07624233093979682,1.0,0.5148,0.412,1,1,0.25
01_eve_sweep,8,172985955816010060771980525808948307943,5000,1.0,0.0,depolarizing,0.0,0.5,0.2,,0.11,0.95,5000,2472,494,1978,624,127,0.2524271844660194,0.25708502024291496,0.22052434844789914,0.2973944673764777,0.07687011892857853,1.0,0.4944,0.3956,1,1,0.25
01_eve_sweep,9,315446456291993655080699005796411837457,5000,1.0,0.0,depolarizing,0.0,0.5,0.2,,0.11,0.95,5000,2507,501,2006,638,125,0.2544874351814918,0.249500998003992,0.213612065665938,0.28920214340014355,0.07559007773420556,1.0,0.5014,0.4012,1,1,0.25
01_eve_sweep,10,89500284089003041594795491460710307858,5000,1.0,0.0,depolarizing,0.0,0.5,0.2,,0.11,0.95,5000,2444,488,1956,632,132,0.25859247135842883,0.27049180327868855,0.23298548751363873,0.3115832022891835,0.07859771477554478,1.0,0.4888,0.3912,1,1,0.25
01_eve_sweep,11,26098722214469551841707499955604194588,5000,1.0,0.0,depolarizing,0.0,0.5,0.2,,0.11,0.95,5000,2577,515,2062,599,125,0.23244082266201008,0.24271844660194175,0.20768400398019632,0.28156267148337516,0.07387866750317884,1.0,0.5154,0.4124,1,1,0.25
01_eve_sweep,12,67102529448102361776780748467529362564,5000,1.0,0.0,depolarizing,0.0,0.5,0.2,,0.11,0.95,5000,2513,502,2011,640,135,0.2546756864305611,0.2689243027888446,0.23199931281878716,0.309358960698613,0.07735964787982585,1.0,0.5026,0.4022,1,1,0.25
01_eve_sweep,13,12320887286907114793936669954702675337,5000,1.0,0.0,depolarizing,0.0,0.5,0.2,,0.11,0.95,5000,2567,513,2054,666,135,0.25944682508765093,0.2631578947368421,0.22691407124596177,0.30292240790478875,0.07600833665882697,1.0,0.5134,0.4108,1,1,0.25
01_eve_sweep,14,267603768764824827969197606157568300427,5000,1.0,0.0,depolarizing,0.0,0.5,0.2,,0.11,0.95,5000,2505,501,2004,637,119,0.25429141716566867,0.2375249500998004,0.20234592852614847,0.2766984419295466,0.07435251340339816,1.0,0.501,0.4008,1,1,0.25
01_eve_sweep,15,222649202288171135120556889639432563046,5000,1.0,0.0,depolarizing,0.0,0.5,0.2,,0.11,0.95,5000,2544,508,2036,596,103,0.23427672955974843,0.20275590551181102,0.17008465910518386,0.23988888876680428,0.06980422966162042,1.0,0.5088,0.4072,1,1,0.25
01_eve_sweep,16,35042537125251310720698200315706180058,5000,1.0,0.0,depolarizing,0.0,0.5,0.2,,0.11,0.95,5000,2454,490,1964,607,141,0.24735126324368378,0.28775510204081634,0.2494437073374164,0.32936848778141936,0.07992478044400297,1.0,0.4908,0.3928,1,1,0.25
01_eve_sweep,17,51409808938356755975189821150720325316,5000,1.0,0.0,depolarizing,0.0,0.5,0.2,,0.11,0.95,5000,2434,486,1948,592,115,0.24322103533278555,0.2366255144032922,0.2009969049836588,0.2763850205554196,0.07538811557176078,1.0,0.4868,0.3896,1,1,0.25
01_eve_sweep,18,83819139349306117911332868300785562851,5000,1.0,0.0,depolarizing,0.0,0.5,0.2,,0.11,0.95,5000,2469,493,1976,588,117,0.23815309842041313,0.23732251521298176,0.2018891248797492,0.27681782398324634,0.07492869910349714,1.0,0.4938,0.3952,1,1,0.25
01_eve_sweep,19,182180760656391930601081639811552755516,5000,1.0,0.0,depolarizing,0.0,0.5,0.2,,0.11,0.95,5000,2518,503,2015,636,121,0.25258141382049243,0.24055666003976142,0.20526036789008706,0.2797857042933365,0.07452533640324943,1.0,0.5036,0.403,1,1,0.25
01_eve_sweep,20,159596345482540635300952641440835905075,5000,1.0,0.0,depolarizing,0.0,0.5,0.2,,0.11,0.95,5000,2467,493,1974,600,124,0.2432103769760843,0.2515212981744422,0.21524222517323305,0.2916427264539249,0.07640050128069187,1.0,0.4934,0.3948,1,1,0.25
01_eve_sweep,21,112518951723301061126900561464002388874,5000,1.0,0.0,depolarizing,0.0,0.5,0.2,,0.11,0.95,5000,2550,510,2040,624,131,0.2447058823529412,0.2568627450980392,0.22086049565724458,0.29650036391765394,0.07563986826040936,1.0,0.51,0.408,1,1,0.25
01_eve_sweep,22,321413475987138119587704174033809682011,5000,1.0,0.0,depolarizing,0.0,0.5,0.2,,0.11,0.95,5000,2499,499,2000,644,146,0.25770308123249297,0.2925851703406814,0.2543736344729601,0.33396579862495174,0.07959216415199166,1.0,0.4998,0.4,1,1,0.25
01_eve_sweep,23,170275561004124920164741927128152076023,5000,1.0,0.0,depolarizing,0.0,0.5,0.2,,0.11,0.95,5000,2463,492,1971,634,129,0.2574096630125863,0.2621951219512195,0.22528040689968779,0.3027945536803654,0.07751414678067761,1.0,0.4926,0.3942,1,1,0.25
01_eve_sweep,24,125402618999229858907109706059141716929,5000,1.0,0.0,depolarizing,0.0,0.5,0.2,,0.11,0.95,5000,2425,485,1940,614,134,0.2531958762886598,0.27628865979381445,0.23836817351467188,0.317725124047483,0.07935695053281111,1.0,0.485,0.388,1,1,0.25
01_eve_sweep,25,137626269703600935019319500516403746333,5000,1.0,0.0,depolarizing,0.0,0.5,0.2,,0.11,0.95,5000,2456,491,1965,593,123,0.24144951140065146,0.2505091649694501,0.2142191449809997,0.2906727842767389,0.07645363929573923,1.0,0.4912,0.393,1,1,0.25
01_eve_sweep,26,211029005167393411794751077266118608736,5000,1.0,0.0,depolarizing,0.0,0.5,0.2,,0.11,0.95,5000,2528,505,2023,645,125,0.25514240506329117,0.24752475247524752,0.2118840238817618,0.286977565362567,0.07509354148080521,1.0,0.5056,0.4046,1,1,0.25
01_eve_sweep,27,159610119478091857648961994674880061965,5000,1.0,0.0,depolarizing,0.0,0.5,0.2,,0.11,0.95,5000,2550,510,2040,636,112,0.24941176470588236,0.2196078431372549,0.18584841581609618,0.25755967224205295,0.07171125642595677,1.0,0.51,0.408,1,1,0.25
01_eve_sweep,28,21383276228673283035002783363978907866,5000,1.0,0.0,depolarizing,0.0,0.5,0.2,,0.11,0.95,5000,2521,504,2017,640,136,0.2538675128917096,0.2698412698412698,0.23293772785710004,0.31022678545626986,0.07728905759916982,1.0,0.5042,0.4034,1,1,0.25
01_eve_sweep,29,274313457348141873164274537035573028567,5000,1.0,0.0,depolarizing,0.0,0.5,0.2,,0.11,0.95,5000,2514,502,2012,644,140,0.2561654733492442,0.2788844621513944,0.24144751550860966,0.3196797979433854,0.07823228243477576,1.0,0.5028,0.4024,1,1,0.25
01_eve_sweep,0,160447909986654918534282221680486461089,5000,0.0,0.02,depolarizing,0.0,0.5,0.2,,0.11,0.95,5000,2532,506,2026,31,6,0.012243285939968405,0.011857707509881422,0.005445514538431966,0.025625828418527126,0.020180313880095162,1.0,0.5064,0.4052,1,1,0.01
01_eve_sweep,1,36673087863613080782300746593473134520,5000,0.0,0.02,depolarizing,0.0,0.5,0.2,,0.11,0.95,5000,2515,503,2012,19,4,0.0075546719681908545,0.007952286282306162,0.003096709372342233,0.020266530975530113,0.01716982160318788,1.0,0.503,0.4024,1,1,0.01
01_eve_sweep,2,49783201159135663947843747209591255623,5000,0.0,0.02,depolarizing,0.0,0.5,0.2,,0.11,0.95,5000,2527,505,2022,34,7,0.013454689354966362,0.013861386138613862,0.006730326630607625,0.028332576581021424,0.0216022499504138,1.0,0.5054,0.4044,1,1,0.01
01_eve_sweep,3,107147415480170606010598538075530474441,5000,0.0,0.02,depolarizing,0.0,0.5,0.2,,0.11,0.95,5000,2451,490,1961,32,5,0.013055895552835577,0.01020408163265306,0.0043662290988735405,0.02366191348305523,0.01929568438418169,1.0,0.4902,0.3922,1,1,0.01
01_eve_sweep,4,69704581522455694767931335944393117688,5000,0.0,0.02,depolarizing,0.0,0.5,0.2,,0.11,0.95,5000,2534,506,2028,28,7,0.011049723756906077,0.01383399209486166,0.00671699436697671,0.02827713667517688,0.02156014230820017,1.0,0.5068,0.4056,1,1,0.01
01_eve_sweep,5,24963510014150970260463135864726013316,5000,0.0,0.02,depolarizing,0.0,0.5,0.2,,0.11,0.95,5000,2463,492,1971,29,3,0.011774259033698742,0.006097560975609756,0.002075843248514517,0.017772151802365216,0.0156963085538507,1.0,0.4926,0.3942,1,1,0.01
01_eve_sweep,6,86823230202116115023058303842284810781,5000,0.0,0.02,depolarizing,0.0,0.5,0.2,,0.11,0.95,5000,2403,480,1923,31,4,0.012900540990428632,0.008333333333333333,0.003245305949041887,0.021228534820114744,0.017983228871072857,1.0,0.4806,0.3846,1,1,0.01
01_eve_sweep,7,305565633681276606599841387025295871911,5000,0.0,0.02,depolarizing,0.0,0.5,0.2,,0.11,0.95,5000,2497,499,1998,21,7,0.00841009211053264,0.014028056112224449,0.0068114450463525565,0.02866983540044554,0.021858390354092982,1.0,0.4994,0.3996,1,1,0.01
01_eve_sweep,8,125902817080913993652134518769550575468,5000,0.0,0.02,depolarizing,0.0,0.5,0.2,,0.11,0.95,5000,2481,496,1985,23,5,0.009270455461507456,0.010080645161290322,0.004313319972866584,0.02337837821749783,0.01906505824463125,1.0,0.4962,0.397,1,1,0.01
01_eve_sweep,9,253813583622949445639624186754196998237,5000,0.0,0.02,depolarizing,0.0,0.5,0.2,,0.11,0.95,5000,2500,500,2000,17,4,0.0068,0.008,0.003115315180062238,0.020387035834105165,0.01727172065404293,1.0,0.5,0.4,1,1,0.01
01_eve_sweep,10,286039750986984103732370101591428691449,5000,0.0,0.02,depolarizing,0.0,0.5,0.2,,0.11,0.95,5000,2500,500,2000,32,7,0.0128,0.014,0.006797789790843493,0.028613069137785288,0.021815279346941795,1.0,0.5,0.4,1,1,0.01
01_eve_sweep,11,58538630941221379699794841335965396126,5000,0.0,0.02,depolarizing,0.0,0.5,0.2,,0.11,0.95,5000,2476,495,1981,19,4,0.007673667205169628,0.00808080808080808,0.003146826723446766,0.02059109363443285,0.017444266910986085,1.0,0.4952,0.3962,1,1,0.01
01_eve_sweep,12,254938686380749110172439133035997165931,5000,0.0,0.02,depolarizing,0.0,0.5,0.2,,0.11,0.95,5000,2474,494,1980,23,5,0.009296685529506871,0.010121457489878543,0.0043308132936955256,0.02347213195213093,0.019141318658435404,1.0,0.4948,0.396,1,1,0.01
01_eve_sweep,13,245679013761171398280634301851374386368,5000,0.0,0.02,depolarizing,0.0,0.5,0.2,,0.11,0.95,5000,2533,506,2027,24,7,0.0094749309119621,0.01383399209486166,0.00671699436697671,0.02827713667517688,0.02156014230820017,1.0,0.5066,0.4054,1,1,0.01
01_eve_sweep,14,16735722358397025204431121008334549418,5000,0.0,0.02,depolarizing,0.0,0.5,0.2,,0.11,0.95,5000,2456,491,1965,27,5,0.010993485342019544,0.010183299389002037,0.004357320954887755,0.02361418097561152,0.019256860020723764,1.0,0.4912,0.393,1,1,0.01
01_eve_sweep,15,312931088963617616996882863787026077724,5000,0.0,0.02,depolarizing,0.0,0.5,0.2,,0.11,0.95,5000,2523,504,2019,25,9,0.009908838684106223,0.017857142857142856,0.009422588444054001,0.03358583168653992,0.024163243242485918,1.0,0.5046,0.4038,1,1,0.01
01_eve_sweep,16,129448074992426847180349795465203805596,5000,0.0,0.02,depolarizing,0.0,0.5,0.2,,0.11,0.95,5000,2489,497,1992,29,5,0.011651265568501407,0.01006036217303823,0.0043046262010058255,0.023331781642078695,0.01902715544107287,1.0,0.4978,0.3984,1,1,0.01
01_eve_sweep,17,11669463584235805479165368377868034665,5000,0.0,0.02,depolarizing,0.0,0.5,0.2,,0.11,0.95,5000,2481,496,1985,22,5,0.00886739218057235,0.010080645161290322,0.004313319972866584,0.02337837821749783,0.01906505824463125,1.0,0.4962,0.397,1,1,0.01
01_eve_sweep,18,322235056010930206156046185004066286563,5000,0.0,0.02,depolarizing,0.0,0.5,0.2,,0.11,0.95,5000,2507,501,2006,30,6,0.011966493817311527,0.011976047904191617,0.00549997259395358,0.02587910403279505,0.020379131438841472,1.0,0.5014,0.4012,1,1,0.01
01_eve_sweep,19,47764933379778130215106122944307343744,5000,0.0,0.02,depolarizing,0.0,0.5,0.2,,0.11,0.95,5000,2501,500,2001,31,7,0.012395041983206718,0.014,0.006797789790843493,0.028613069137785288,0.021815279346941795,1.0,0.5002,0.4002,1,1,0.01
01_eve_sweep,20,127051598985506136410103938155972368677,5000,0.0,0.02,depolarizing,0.0,0.5,0.2,,0.11,0.95,5000,2480,496,1984,25,4,0.010080645161290322,0.008064516129032258,0.0031404735191240454,0.02054995593951347,0.01740948242038942,1.0,0.496,0.3968,1,1,0.01
01_eve_sweep,21,309936841421371345781112424061861252865,5000,0.0,0.02,depolarizing,0.0,0.5,0.2,,0.11,0.95,5000,2444,488,1956,25,8,0.010229132569558102,0.01639344262295082,0.008329701808729188,0.03201146599007472,0.02368176418134553,1.0,0.4888,0.3912,1,1,0.01
01_eve_sweep,22,162570637058193702726749814651491296646,5000,0.0,0.02,depolarizing,0.0,0.5,0.2,,0.11,0.95,5000,2508,501,2007,24,4,0.009569377990430622,0.007984031936127744,0.003109088451894077,0.020346708638059038,0.01723762018616496,1.0,0.5016,0.4014,1,1,0.01
01_eve_sweep,23,56721277689794584644032337000765833991,5000,0.0,0.02,depolarizing,0.0,0.5,0.2,,0.11,0.95,5000,2446,489,1957,30,3,0.012264922322158627,0.006134969325153374,0.002088591611797405,0.017880221166744932,0.015791629554947527,1.0,0.4892,0.3914,1,1,0.01
01_eve_sweep,24,127038590675986662404243157667988473033,5000,0.0,0.02,depolarizing,0.0,0.5,0.2,,0.11,0.95,5000,2469,493,1976,25,3,0.01012555690562981,0.006085192697768763,0.002071628307714426,0.017736418396064824,0.015664790088350398,1.0,0.4938,0.3952,1,1,0.01
01_eve_sweep,25,295721889321806137468617463204993181016,5000,0.0,0.02,depolarizing,0.0,0.5,0.2,,0.11,0.95,5000,2478,495,1983,27,4,0.010895883777239709,0.00808080808080808,0.003146826723446766,0.02059109363443285,0.017444266910986085,1.0,0.4956,0.3966,1,1,0.01
01_eve_sweep,26,6934319676157997492188739100855871033,5000,0.0,0.02,depolarizing,0.0,0.5,0.2,,0.11,0.95,5000,2552,510,2042,34,6,0.013322884012539185,0.011764705882352941,0.0054027184684768085,0.0254267495488597,0.020024031080382892,1.0,0.5104,0.4084,1,1,0.01
01_eve_sweep,27,62194555977494275031834684684044914972,5000,0.0,0.02,depolarizing,0.0,0.5,0.2,,0.11,0.95,5000,2457,491,1966,25,6,0.010175010175010175,0.012219959266802444,0.005612223071996877,0.026400977395173917,0.02078875432317704,1.0,0.4914,0.3932,1,1,0.01
01_eve_sweep,28,191891876330948986021896142096936228731,5000,0.0,0.02,depolarizing,0.0,0.5,0.2,,0.11,0.95,5000,2606,521,2085,23,4,0.008825786646201074,0.007677543186180422,0.0029895801505544686,0.01957239284468411,0.016582812694129638,1.0,0.5212,0.417,1,1,0.01
01_eve_sweep,29,194959661586521294979307808402314190003,5000,0.0,0.02,depolarizing,0.0,0.5,0.2,,0.11,0.95,5000,2497,499,1998,21,2,0.00841009211053264,0.004008016032064128,0.0010998315628468246,0.01449446497563783,0.013394633412791006,1.0,0.4994,0.3996,1,1,0.01
01_eve_sweep,0,251027569334824170363319979234274963392,5000,0.1,0.02,depolarizing,0.0,0.5,0.2,,0.11,0.95,5000,2562,512,2050,85,17,0.03317720530835285,0.033203125,0.020832044036010345,0.05252665595527471,0.03169461191926437,1.0,0.5124,0.41,1,1,0.0345
01_eve_sweep,1,30544930826734415536262422388925292768,5000,0.1,0.02,depolarizing,0.0,0.5,0.2,,0.11,0.95,5000,2454,490,1964,66,11,0.02689486552567237,0.022448979591836733,0.012580506478068269,0.03974693253931228,0.02716642606124401,1.0,0.4908,0.3928,1,1,0.0345
01_eve_sweep,2,41146501551194889643756771928759227016,5000,0.1,0.02,depolarizing,0.0,0.5,0.2,,0.11,0.95,5000,2530,506,2024,86,12,0.03399209486166008,0.023715415019762844,0.013617287306581021,0.04099078416154505,0.027373496854964027,1.0,0.506,0.4048,1,1,0.0345
01_eve_sweep,3,26387284226461781330310358318785613563,5000,0.1,0.02,depolarizing,0.0,0.5,0.2,,0.11,0.95,5000,2518,503,2015,63,10,0.025019857029388404,0.019880715705765408,0.010833968133964414,0.036205314872141334,0.02537134673817692,1.0,0.5036,0.403,1,1,0.0345
01_eve_sweep,4,89282352026361182687858141306132518738,5000,0.1,0.02,depolarizing,0.0,0.5,0.2,,0.11,0.95,5000,2537,507,2030,85,18,0.033504138746551046,0.03550295857988166,0.022573377229958794,0.055418450043947964,0.03284507281398917,1.0,0.5074,0.406,1,1,0.0345
01_eve_sweep,5,333106177025656481052611352475810906123,5000,0.1,0.02,depolarizing,0.0,0.5,0.2,,0.11,0.95,5000,2491,498,1993,77,7,0.03091128061019671,0.014056224899598393,0.0068251552734684175,0.028726827343951804,0.021901672070483387,1.0,0.4982,0.3986,1,1,0.0345
01_eve_sweep,6,271380150779155996571776968814172752267,5000,0.1,0.02,depolarizing,0.0,0.5,0.2,,0.11,0.95,5000,2488,497,1991,89,19,0.03577170418006431,0.03822937625754527,0.024608576480099002,0.0589337463124591,0.0343251698323601,1.0,0.4976,0.3982,1,1,0.0345
01_eve_sweep,7,199069872239508041842127121753506520429,5000,0.1,0.02,depolarizing,0.0,0.5,0.2,,0.11,0.95,5000,2580,516,2064,88,14,0.034108527131782945,0.027131782945736434,0.016229400762880524,0.04502284889979406,0.02879344813691354,1.0,0.516,0.4128,1,1,0.0345
01_eve_sweep,8,90815109172011198434010316449836006721,5000,0.1,0.02,depolarizing,0.0,0.5,0.2,,0.11,0.95,5000,2493,498,1995,94,20,0.0377055756117128,0.040160642570281124,0.026145975729004643,0.06121519790483516,0.035069222175830514,1.0,0.4986,0.399,1,1,0.0345
01_eve_sweep,9,180116391813122998121830274918596100047,5000,0.1,0.02,depolarizing,0.0,0.5,0.2,,0.11,0.95,5000,2505,501,2004,77,15,0.030738522954091817,0.029940119760479042,0.018226594350791457,0.048807240191536976,0.03058064584074552,1.0,0.501,0.4008,1,1,0.0345
01_eve_sweep,10,223555809591631558842717212437852209382,5000,0.1,0.02,depolarizing,0.0,0.5,0.2,,0.11,0.95,5000,2459,491,1968,72,9,0.029280195201301342,0.018329938900203666,0.009672821864549128,0.034465474212636224,0.024792652348087096,1.0,0.4918,0.3936,1,1,0.0345
01_eve_sweep,11,193996560059501489139087872486310998916,5000,0.1,0.02,depolarizing,0.0,0.5,0.2,,0.11,0.95,5000,2494,498,1996,75,15,0.030072173215717722,0.030120481927710843,0.018336894110724304,0.04909766759372335,0.03076077348299905,1.0,0.4988,0.3992,1,1,0.0345
01_eve_sweep,12,250419779249516943438400441571967821333,5000,0.1,0.02,depolarizing,0.0,0.5,0.2,,0.11,0.95,5000,2544,508,2036,84,17,0.0330188679245283,0.03346456692913386,0.02099688517087262,0.05293510718449961,0.03193822201362699,1.0,0.5088,0.4072,1,1,0.0345
01_eve_sweep,13,245794502810099955091366197498431747659,5000,0.1,0.02,depolarizing,0.0,0.5,0.2,,0.11,0.95,5000,2483,496,1987,74,15,0.029802658074909383,0.03024193548387097,0.018411171966553418,0.049293213541079954,0.030882041574526536,1.0,0.4966,0.3974,1,1,0.0345
01_eve_sweep,14,259414564718712900925174275019993971550,5000,0.1,0.02,depolarizing,0.0,0.5,0.2,,0.11,0.95,5000,2584,516,2068,87,14,0.0336687306501548,0.027131782945736434,0.016229400762880524,0.04502284889979406,0.02879344813691354,1.0,0.5168,0.4136,1,1,0.0345
01_eve_sweep,15,86642384379076058135210490186403118602,5000,0.1,0.02,depolarizing,0.0,0.5,0.2,,0.11,0.95,5000,2514,502,2012,89,21,0.03540175019888624,0.04183266932270916,0.027521574530366376,0.06310258847827219,0.03558101394790581,1.0,0.5028,0.4024,1,1,0.0345
01_eve_sweep,16,81240204781840407770936495737436091067,5000,0.1,0.02,depolarizing,0.0,0.5,0.2,,0.11,0.95,5000,2510,502,2008,82,18,0.03266932270916335,0.035856573705179286,0.022799385381824435,0.055963353666057244,0.033163968284232806,1.0,0.502,0.4016,1,1,0.0345
01_eve_sweep,17,174185193367193955294478234673034978775,5000,0.1,0.02,depolarizing,0.0,0.5,0.2,,0.11,0.95,5000,2535,507,2028,86,13,0.033925049309664695,0.02564102564102564,0.015044902146670258,0.043371380058741936,0.028326477912071678,1.0,0.507,0.4056,1,1,0.0345
01_eve_sweep,18,281386135415366725112891722607183019251,5000,0.1,0.02,depolarizing,0.0,0.5,0.2,,0.11,0.95,5000,2546,509,2037,101,21,0.0396700706991359,0.0412573673870334,0.027140893099623344,0.06224630060758777,0.035105407507964426,1.0,0.5092,0.4074,1,1,0.0345
01_eve_sweep,19,259164159100179360653831974115333956838,5000,0.1,0.02,depolarizing,0.0,0.5,0.2,,0.11,0.95,5000,2512,502,2010,81,15,0.032245222929936306,0.029880478087649404,0.018190122060578892,0.048711193026545904,0.030521070965967012,1.0,0.5024,0.402,1,1,0.0345
01_eve_sweep,20,299055805208098733726306642555172141769,5000,0.1,0.02,depolarizing,0.0,0.5,0.2,,0.11,0.95,5000,2548,509,2039,102,28,0.040031397174254316,0.0550098231827112,0.03833062899889324,0.07835544969354066,0.040024820694647426,1.0,0.5096,0.4078,1,1,0.0345
01_eve_sweep,21,336113196464669820566049030681215805024,5000,0.1,0.02,depolarizing,0.0,0.5,0.2,,0.11,0.95,5000,2488,497,1991,65,16,0.02612540192926045,0.03219315895372234,0.019911554316050722,0.05165092955876305,0.03173937524271232,1.0,0.4976,0.3982,1,1,0.0345
01_eve_sweep,22,258892982253017126567652569812211545296,5000,0.1,0.02,depolarizing,0.0,0.5,0.2,,0.11,0.95,5000,2532,506,2026,99,19,0.03909952606635071,0.037549407114624504,0.024168511118974185,0.057899076945513384,0.0337305658265392,1.0,0.5064,0.4052,1,1,0.0345
01_eve_sweep,23,90003441440597052126979438439677427288,5000,0.1,0.02,depolarizing,0.0,0.5,0.2,,0.11,0.95,5000,2494,498,1996,91,18,0.03648757016840417,0.03614457831325301,0.022983476838721574,0.05640705202336136,0.03342357518463979,1.0,0.4988,0.3992,1,1,0.0345
01_eve_sweep,24,253991240009285224280052075206572126714,5000,0.1,0.02,depolarizing,0.0,0.5,0.2,,0.11,0.95,5000,2488,497,1991,98,21,0.03938906752411576,0.04225352112676056,0.02780009455498697,0.06372878751606735,0.03592869296108038,1.0,0.4976,0.3982,1,1,0.0345
01_eve_sweep,25,206283706723109064336268879300122964317,5000,0.1,0.02,depolarizing,0.0,0.5,0.2,,0.11,0.95,5000,2456,491,1965,97,24,0.039495114006514655,0.048879837067209775,0.03306424484260783,0.07169952928465034,0.03863528444204251,1.0,0.4912,0.393,1,1,0.0345
01_eve_sweep,26,242359822634721407200409000691953791194,5000,0.1,0.02,depolarizing,0.0,0.5,0.2,,0.11,0.95,5000,2466,493,1973,78,11,0.031630170316301706,0.02231237322515213,0.012503677595017262,0.039507800839233304,0.02700412324421604,1.0,0.4932,0.3946,1,1,0.0345
01_eve_sweep,27,190967651726980630976939668004239331894,5000,0.1,0.02,depolarizing,0.0,0.5,0.2,,0.11,0.95,5000,2518,503,2015,104,23,0.04130262112787927,0.04572564612326044,0.030659986581344657,0.06767738885093345,0.0370174022695888,1.0,0.5036,0.403,1,1,0.0345
01_eve_sweep,28,49022700669557212365949984824867757983,5000,0.1,0.02,depolarizing,0.0,0.5,0.2,,0.11,0.95,5000,2497,499,1998,102,15,0.0408490188225871,0.03006012024048096,0.018299979487118676,0.049000475212980926,0.03070049572586225,1.0,0.4994,0.3996,1,1,0.0345
01_eve_sweep,29,164015952048489826221451989643065633406,5000,0.1,0.02,depolarizing,0.0,0.5,0.2,,0.11,0.95,5000,2482,496,1986,86,17,0.0346494762288477,0.034274193548387094,0.021507442234366958,0.05419948073672019,0.032692038502353235,1.0,0.4964,0.3972,1,1,0.0345
01_eve_sweep,0,158944845135410337378118711963811266018,5000,0.2,0.02,depolarizing,0.0,0.5,0.2,,0.11,0.95,5000,2562,512,2050,155,31,0.06049960967993755,0.060546875,0.042979583313919045,0.08465936019252088,0.04167977687860183,1.0,0.5124,0.41,1,1,0.059000000000000004
01_eve_sweep,1,215339632193945123689670504034290549961,5000,0.2,0.02,depolarizing,0.0,0.5,0.2,,0.11,0.95,5000,2541,508,2033,148,28,0.05824478551751279,0.05511811023622047,0.03840662534848604,0.07850742643343009,0.04010080108494405,1.0,0.5082,0.4066,1,1,0.059000000000000004
01_eve_sweep,2,204505714272158419060413056237519967938,5000,0.2,0.02,depolarizing,0.0,0.5,0.2,,0.11,0.95,5000,2514,502,2012,142,32,0.056483691328560064,0.06374501992031872,0.045512499848331084,0.08860355101641607,0.04309105116808498,1.0,0.5028,0.4024,1,1,0.059000000000000004
01_eve_sweep,3,243631209525490444249911399778875766665,5000,0.2,0.02,depolarizing,0.0,0.5,0.2,,0.11,0.95,5000,2501,500,2001,162,30,0.06477409036385445,0.06,0.04234835648094621,0.08436106312521979,0.04201270664427358,1.0,0.5002,0.4002,1,1,0.059000000000000004
01_eve_sweep,4,58597642972718690993613751109093719318,5000,0.2,0.02,depolarizing,0.0,0.5,0.2,,0.11,0.95,5000,2499,499,2000,162,31,0.06482593037214886,0.06212424849699399,0.04410811974209669,0.08683068346460593,0.04272256372250924,1.0,0.4998,0.4,1,1,0.059000000000000004
01_eve_sweep,5,173165135454720630990880956804137430847,5000,0.2,0.02,depolarizing,0.0,0.5,0.2,,0.11,0.95,5000,2520,504,2016,143,31,0.056746031746031746,0.061507936507936505,0.043667122925765293,0.08598251019712053,0.04231538727135523,1.0,0.504,0.4032,1,1,0.059000000000000004
01_eve_sweep,6,231841919562059709098644186990149730274,5000,0.2,0.02,depolarizing,0.0,0.5,0.2,,0.11,0.95,5000,2560,512,2048,142,28,0.05546875,0.0546875,0.03810443399268586,0.07790302876050657,0.039798594767820716,1.0,0.512,0.4096,1,1,0.059000000000000004
01_eve_sweep,7,290746291909091508677315037384387880245,5000,0.2,0.02,depolarizing,0.0,0.5,0.2,,0.11,0.95,5000,2517,503,2014,153,28,0.060786650774731825,0.055666003976143144,0.03879117305236534,0.0792762379284406,0.04048506487607526,1.0,0.5034,0.4028,1,1,0.059000000000000004
01_eve_sweep,8,319501533325085469854829875959833116470,5000,0.2,0.02,depolarizing,0.0,0.5,0.2,,0.11,0.95,5000,2467,493,1974,148,29,0.05999189298743413,0.058823529411764705,0.04126578239546687,0.08320341743234415,0.04193763503687728,1.0,0.4934,0.3948,1,1,0.059000000000000004
01_eve_sweep,9,150132785962357102089405976082540261793,5000,0.2,0.02,depolarizing,0.0,0.5,0.2,,0.11,0.95,5000,2480,496,1984,148,30,0.05967741935483871,0.06048387096774194,0.04269252180484314,0.08503089467869365,0.04233837287385051,1.0,0.496,0.3968,1,1,0.059000000000000004
01_eve_sweep,10,203121797577699435320731447137666714558,5000,0.2,0.02,depolarizing,0.0,0.5,0.2,,0.11,0.95,5000,2508,501,2007,143,28,0.05701754385964912,0.05588822355289421,0.03894715719286154,0.07958799433863772,0.04064083714577618,1.0,0.5016,0.4014,1,1,0.059000000000000004
01_eve_sweep,11,11967382333450685537859842069655083630,5000,0.2,0.02,depolarizing,0.0,0.5,0.2,,0.11,0.95,5000,2515,503,2012,155,30,0.061630218687872766,0.05964214711729622,0.0420938525328782,0.08386557266733885,0.04177172013446065,1.0,0.503,0.4024,1,1,0.059000000000000004
01_eve_sweep,12,149301816149294454839376521736668178084,5000,0.2,0.02,depolarizing,0.0,0.5,0.2,,0.11,0.95,5000,2483,496,1987,150,24,0.060410793395086586,0.04838709677419355,0.03272874428744948,0.07098705980572595,0.03825831551827647,1.0,0.4966,0.3974,1,1,0.059000000000000004
01_eve_sweep,13,166733803897403539061661164309638860876,5000,0.2,0.02,depolarizing,0.0,0.5,0.2,,0.11,0.95,5000,2510,502,2008,136,30,0.054183266932270914,0.05976095617529881,0.04217834656928649,0.08403008832162276,0.04185174175233627,1.0,0.502,0.4016,1,1,0.059000000000000004
01_eve_sweep,14,50875080505739155712052166078685726024,5000,0.2,0.02,depolarizing,0.0,0.5,0.2,,0.11,0.95,5000,2516,503,2013,141,27,0.05604133545310016,0.0536779324055666,0.0371498652846763,0.07697153858642405,0.039821673301747754,1.0,0.5032,0.4026,1,1,0.059000000000000004
01_eve_sweep,15,154128512068309390805420004587462609039,5000,0.2,0.02,depolarizing,0.0,0.5,0.2,,0.11,0.95,5000,2506,501,2005,156,29,0.06225059856344772,0.05788423153692615,0.040601916477821035,0.08189487482207598,0.04129295834425495,1.0,0.5012,0.401,1,1,0.059000000000000004
01_eve_sweep,16,228580652237518157139872705276960342703,5000,0.2,0.02,depolarizing,0.0,0.5,0.2,,0.11,0.95,5000,2500,500,2000,137,33,0.0548,0.066,0.04737852635977388,0.0912394011608535,0.04386087480107961,1.0,0.5,0.4,1,1,0.059000000000000004
01_eve_sweep,17,61703133526390660013310334560227774922,5000,0.2,0.02,depolarizing,0.0,0.5,0.2,,0.11,0.95,5000,2508,501,2007,143,31,0.05701754385964912,0.06187624750499002,0.04393065630805229,0.08648941452864023,0.04255875822058794,1.0,0.5016,0.4014,1,1,0.059000000000000004
01_eve_sweep,18,197694244684730720494803639676476200216,5000,0.2,0.02,depolarizing,0.0,0.5,0.2,,0.11,0.95,5000,2419,483,1936,128,34,0.05291442744935924,0.07039337474120083,0.050808544454881886,0.09675789122773251,0.045949346772850626,1.0,0.4838,0.3872,1,1,0.059000000000000004
01_eve_sweep,19,160442811812962239755949149658685427311,5000,0.2,0.02,depolarizing,0.0,0.5,0.2,,0.11,0.95,5000,2486,497,1989,130,28,0.05229283990345937,0.056338028169014086,0.03926291977109863,0.0802189197746925,0.040956000003593875,1.0,0.4972,0.3978,1,1,0.059000000000000004
01_eve_sweep,20,148736458957651481388710258633405099621,5000,0.2,0.02,depolarizing,0.0,0.5,0.2,,0.11,0.95,5000,2526,505,2021,146,22,0.05779889152810768,0.04356435643564356,0.028942760108570324,0.06507760319196121,0.036134843083390884,1.0,0.5052,0.4042,1,1,0.059000000000000004
01_eve_sweep,21,241739842142348919701174554602243961187,5000,0.2,0.02,depolarizing,0.0,0.5,0.2,,0.11,0.95,5000,2507,501,2006,153,33,0.06102911846828879,0.0658682634730539,0.04728318119302857,0.09106016918045948,0.043776987987430904,1.0,0.5014,0.4012,1,1,0.059000000000000004
01_eve_sweep,22,35263399049856974916661773540565110933,5000,0.2,0.02,depolarizing,0.0,0.5,0.2,,0.11,0.95,5000,2466,493,1973,161,26,0.06528791565287916,0.05273833671399594,0.03624115260820375,0.07615176032068054,0.03991060771247679,1.0,0.4932,0.3946,1,1,0.059000000000000004
01_eve_sweep,23,120533054181176351332684846593382645153,5000,0.2,0.02,depolarizing,0.0,0.5,0.2,,0.11,0.95,5000,2418,483,1935,132,22,0.05459057071960298,0.045548654244306416,0.03026940496539267,0.06799966796151749,0.03773026299612482,1.0,0.4836,0.387,1,1,0.059000000000000004
01_eve_sweep,24,243632250662934270132156019973819472143,5000,0.2,0.02,depolarizing,0.0,0.5,0.2,,0.11,0.95,5000,2507,501,2006,141,25,0.05624252094136418,0.0499001996007984,0.03402523739300582,0.07262499483330016,0.03859975744029434,1.0,0.5014,0.4012,1,1,0.059000000000000004
01_eve_sweep,25,237624482452423963881285678896414367530,5000,0.2,0.02,depolarizing,0.0,0.5,0.2,,0.11,0.95,5000,2573,514,2059,140,27,0.054411193159735714,0.05252918287937743,0.036349330547352024,0.07534790387729084,0.03899857332993882,1.0,0.5146,0.4118,1,1,0.059000000000000004
01_eve_sweep,26,250337728074822427683083217550707699321,5000,0.2,0.02,depolarizing,0.0,0.5,0.2,,0.11,0.95,5000,2480,496,1984,128,25,0.05161290322580645,0.05040322580645161,0.034370558014929636,0.07334651480997267,0.03897595679504304,1.0,0.496,0.3968,1,1,0.059000000000000004
01_eve_sweep,27,340210268677561909590316552482201290133,5000,0.2,0.02,depolarizing,0.0,0.5,0.2,,0.11,0.95,5000,2424,484,1940,131,22,0.054042904290429045,0.045454545454545456,0.03020646980885652,0.06786116662439345,0.03765469681553693,1.0,0.4848,0.388,1,1,0.059000000000000004
01_eve_sweep,28,116905235825151096500783506176819025392,5000,0.2,0.02,depolarizing,0.0,0.5,0.2,,0.11,0.95,5000,2429,485,1944,149,36,0.061342116097159324,0.07422680412371134,0.0540951242779311,0.10105018398552489,0.04695505970759378,1.0,0.4858,0.3888,1,1,0.059000000000000004
01_eve_sweep,29,22729187048211036368175823519095496363,5000,0.2,0.02,depolarizing,0.0,0.5,0.2,,0.11,0.95,5000,2502,500,2002,140,27,0.055955235811350916,0.054,0.037374350181057524,0.07742656151064709,0.04005221132958956,1.0,0.5004,0.4004,1,1,0.059000000000000004
01_eve_sweep,0,136187538439150853641254103089959451601,5000,0.30000000000000004,0.02,depolarizing,0.0,0.5,0.2,,0.11,0.95,5000,2486,497,1989,194,40,0.07803700724054706,0.08048289738430583,0.05965947177468453,0.10774172344208394,0.048082251667399406,1.0,0.4972,0.3978,1,1,0.0835
01_eve_sweep,1,203462700965698271781447339006376482240,5000,0.30000000000000004,0.02,depolarizing,0.0,0.5,0.2,,0.11,0.95,5000,2517,503,2014,199,34,0.07906237584425904,0.06759443339960239,0.04877141661202107,0.09297203702701827,0.0442006204149972,1.0,0.5034,0.4028,1,1,0.0835
01_eve_sweep,2,61050850145195838096569391316545521147,5000,0.30000000000000004,0.02,depolarizing,0.0,0.5,0.2,,0.11,0.95,5000,2501,500,2001,194,44,0.07756897241103558,0.088,0.06620598447492893,0.11607647206539012,0.0498704875904612,1.0,0.5002,0.4002,1,1,0.0835
01_eve_sweep,3,129366457598052746435689279400630948576,5000,0.30000000000000004,0.02,depolarizing,0.0,0.5,0.2,,0.11,0.95,5000,2490,498,1992,241,43,0.09678714859437751,0.08634538152610442,0.06473465964355245,0.11428892886549123,0.049554269221938785,1.0,0.498,0.3984,1,1,0.0835
01_eve_sweep,4,94694505178489906403583678015542719750,5000,0.30000000000000004,0.02,depolarizing,0.0,0.5,0.2,,0.11,0.95,5000,2441,488,1953,210,47,0.08603031544448997,0.09631147540983606,0.07320190195567301,0.12572695421536245,0.05252505225968944,1.0,0.4882,0.3906,1,1,0.0835
01_eve_sweep,5,41679222809710439486216274915322490456,5000,0.30000000000000004,0.02,depolarizing,0.0,0.5,0.2,,0.11,0.95,5000,2538,507,2031,202,37,0.07959022852639874,0.07297830374753451,0.053406804431517,0.09897209410266902,0.045565289671152025,1.0,0.5076,0.4062,1,1,0.0835
01_eve_sweep,6,22721144057607350619256757794950495489,5000,0.30000000000000004,0.02,depolarizing,0.0,0.5,0.2,,0.11,0.95,5000,2548,509,2039,227,49,0.0890894819466248,0.0962671905697446,0.07358492493608562,0.12499780871201666,0.051412883775931034,1.0,0.5096,0.4078,1,1,0.0835
01_eve_sweep,7,322677492126800932871877612361061052851,5000,0.30000000000000004,0.02,depolarizing,0.0,0.5,0.2,,0.11,0.95,5000,2479,495,1984,191,41,0.07704719645018153,0.08282828282828283,0.06164143812494512,0.11044020686027926,0.04879876873533415,1.0,0.4958,0.3968,1,1,0.0835
01_eve_sweep,8,323179002544936058286269349613095919277,5000,0.30000000000000004,0.02,depolarizing,0.0,0.5,0.2,,0.11,0.95,5000,2552,510,2042,192,33,0.07523510971786834,0.06470588235294118,0.04644203839980638,0.08947821019396354,0.04303617179415716,1.0,0.5104,0.4084,1,1,0.0835
01_eve_sweep,9,291456164784889459337177356311853503982,5000,0.30000000000000004,0.02,depolarizing,0.0,0.5,0.2,,0.11,0.95,5000,2561,512,2049,213,43,0.08317063647012886,0.083984375,0.06294737053968928,0.1112174959797405,0.048270125440051215,1.0,0.5122,0.4098,1,1,0.0835
01_eve_sweep,10,302156444650178334972292009247736125506,5000,0.30000000000000004,0.02,depolarizing,0.0,0.5,0.2,,0.11,0.95,5000,2453,490,1963,201,39,0.08194048104362006,0.07959183673469387,0.058767667005800855,0.10695648871035465,0.0481888217045538,1.0,0.4906,0.3926,1,1,0.0835
01_eve_sweep,11,68014575337344337907395587985922117878,5000,0.30000000000000004,0.02,depolarizing,0.0,0.5,0.2,,0.11,0.95,5000,2501,500,2001,205,42,0.08196721311475409,0.084,0.06274413680383038,0.1115993144601811,0.04885517765635072,1.0,0.5002,0.4002,1,1,0.0835
01_eve_sweep,12,39281827269117357306060367821507810041,5000,0.30000000000000004,0.02,depolarizing,0.0,0.5,0.2,,0.11,0.95,5000,2475,495,1980,214,45,0.08646464646464647,0.09090909090909091,0.06863596842342688,0.11948283598096991,0.05084686755754303,1.0,0.495,0.396,1,1,0.0835
01_eve_sweep,13,314052748348931411094655720337692682074,5000,0.30000000000000004,0.02,depolarizing,0.0,0.5,0.2,,0.11,0.95,5000,2529,505,2024,206,53,0.08145512060102808,0.10495049504950495,0.08113631728786386,0.13472946352973286,0.053593146241869005,1.0,0.5058,0.4048,1,1,0.0835
01_eve_sweep,14,319832595724989110949843941182668722707,5000,0.30000000000000004,0.02,depolarizing,0.0,0.5,0.2,,0.11,0.95,5000,2494,498,1996,229,50,0.09182036888532479,0.10040160642570281,0.0769889322057553,0.12993191300443738,0.05294298079868208,1.0,0.4988,0.3992,1,1,0.0835
01_eve_sweep,15,245352676313596667178096078523881163062,5000,0.30000000000000004,0.02,depolarizing,0.0,0.5,0.2,,0.11,0.95,5000,2516,503,2013,214,43,0.08505564387917329,0.08548707753479125,0.06408480537548751,0.1131727122509019,0.049087906875414394,1.0,0.5032,0.4026,1,1,0.0835
01_eve_sweep,16,130728599647781037624845254072352915159,5000,0.30000000000000004,0.02,depolarizing,0.0,0.5,0.2,,0.11,0.95,5000,2498,499,1999,216,44,0.08646917534027222,0.08817635270541083,0.0663400075082512,0.11630495386006637,0.04996494635181517,1.0,0.4996,0.3998,1,1,0.0835
01_eve_sweep,17,159385284719680670458313749791869853721,5000,0.30000000000000004,0.02,depolarizing,0.0,0.5,0.2,,0.11,0.95,5000,2483,496,1987,211,42,0.08497784937575513,0.0846774193548387,0.06325513384793262,0.11248350741632691,0.049228373568394296,1.0,0.4966,0.3974,1,1,0.0835
01_eve_sweep,18,178241826615034513063872581484561129379,5000,0.30000000000000004,0.02,depolarizing,0.0,0.5,0.2,,0.11,0.95,5000,2578,515,2063,212,50,0.08223429014740109,0.0970873786407767,0.07442022932050114,0.1257207907450919,0.05130056142459076,1.0,0.5156,0.4126,1,1,0.0835
01_eve_sweep,19,304315553990471593331567518248091932970,5000,0.30000000000000004,0.02,depolarizing,0.0,0.5,0.2,,0.11,0.95,5000,2475,495,1980,197,44,0.0795959595959596,0.08888888888888889,0.06688157139081992,0.11722794315878378,0.05034637176796386,1.0,0.495,0.396,1,1,0.0835
01_eve_sweep,20,253893909222930733965888949376618697025,5000,0.30000000000000004,0.02,depolarizing,0.0,0.5,0.2,,0.11,0.95,5000,2486,497,1989,232,51,0.09332260659694289,0.10261569416498995,0.07891315417368977,0.13241411707480796,0.05350096290111819,1.0,0.4972,0.3978,1,1,0.0835
01_eve_sweep,21,109309981706114058343572199920747320586,5000,0.30000000000000004,0.02,depolarizing,0.0,0.5,0.2,,0.11,0.95,5000,2566,513,2053,210,41,0.0818394388152767,0.07992202729044834,0.05945830241419896,0.10663026760215256,0.04717196518795361,1.0,0.5132,0.4106,1,1,0.0835
01_eve_sweep,22,15179527604854428305437349367786083253,5000,0.30000000000000004,0.02,depolarizing,0.0,0.5,0.2,,0.11,0.95,5000,2575,515,2060,237,53,0.09203883495145632,0.1029126213592233,0.07954321177176987,0.13216203450974232,0.05261882273797244,1.0,0.515,0.412,1,1,0.0835
01_eve_sweep,23,211300362650707495153666815449121766342,5000,0.30000000000000004,0.02,depolarizing,0.0,0.5,0.2,,0.11,0.95,5000,2452,490,1962,221,45,0.0901305057096248,0.09183673469387756,0.06934369261121412,0.12067975954039317,0.05133606692917905,1.0,0.4904,0.3924,1,1,0.0835
01_eve_sweep,24,19522119203806248107098794770809452781,5000,0.30000000000000004,0.02,depolarizing,0.0,0.5,0.2,,0.11,0.95,5000,2524,504,2020,183,41,0.0725039619651347,0.08134920634920635,0.06053018796025654,0.10850181470458016,0.04797162674432362,1.0,0.5048,0.404,1,1,0.0835
01_eve_sweep,25,52557003880912158729686933910296374032,5000,0.30000000000000004,0.02,depolarizing,0.0,0.5,0.2,,0.11,0.95,5000,2557,511,2046,208,37,0.08134532655455612,0.07240704500978473,0.05298509214593011,0.09820991650585814,0.04522482435992803,1.0,0.5114,0.4092,1,1,0.0835
01_eve_sweep,26,96640584251059927101661637700443861321,5000,0.30000000000000004,0.02,depolarizing,0.0,0.5,0.2,,0.11,0.95,5000,2471,494,1977,220,44,0.08903278025091056,0.08906882591093117,0.06701834709182775,0.11746098301107627,0.050442635919248524,1.0,0.4942,0.3954,1,1,0.0835
01_eve_sweep,27,137359551928628477240405004321265012598,5000,0.30000000000000004,0.02,depolarizing,0.0,0.5,0.2,,0.11,0.95,5000,2455,491,1964,204,38,0.08309572301425662,0.07739307535641547,0.056902614510879225,0.10444493912978023,0.047542324618901004,1.0,0.491,0.3928,1,1,0.0835
01_eve_sweep,28,70690421408825499567171214858361692417,5000,0.30000000000000004,0.02,depolarizing,0.0,0.5,0.2,,0.11,0.95,5000,2472,494,1978,207,45,0.08373786407766991,0.09109311740890688,0.0687763549185108,0.11972031838585677,0.050943963467345976,1.0,0.4944,0.3956,1,1,0.0835
01_eve_sweep,29,280067387073614108574128098019440554794,5000,0.30000000000000004,0.02,depolarizing,0.0,0.5,0.2,,0.11,0.95,5000,2470,494,1976,214,43,0.08663967611336032,0.08704453441295547,0.06526411228161227,0.11519787461982825,0.049933762338215976,1.0,0.494,0.3952,1,1,0.0835
01_eve_sweep,0,96305620402028558042781170979261838006,5000,0.4,0.02,depolarizing,0.0,0.5,0.2,,0.11,0.95,5000,2528,505,2023,269,52,0.10640822784810126,0.10297029702970296,0.07939124892880502,0.1325440345495315,0.05315278562072649,1.0,0.5056,0.4046,1,1,0.108
01_eve_sweep,1,238765507711631320806902167108722865357,5000,0.4,0.02,depolarizing,0.0,0.5,0.2,,0.11,0.95,5000,2440,488,1952,267,49,0.10942622950819672,0.10040983606557377,0.07678695472453474,0.13027460341430747,0.053487648689772724,1.0,0.488,0.3904,1,1,0.108
01_eve_sweep,2,323174646765159776241922239433065628564,5000,0.4,0.02,depolarizing,0.0,0.5,0.2,,0.11,0.95,5000,2495,499,1996,267,56,0.10701402805611222,0.11222444889779559,0.08743978043099307,0.14293394231727674,0.05549416188628367,1.0,0.499,0.3992,1,1,0.108
01_eve_sweep,3,2463391008094224277720871010505707773,5000,0.4,0.02,depolarizing,0.0,0.5,0.2,,0.11,0.95,5000,2547,509,2038,264,65,0.10365135453474676,0.12770137524557956,0.10146982330671744,0.15951036173617977,0.05804053842946233,1.0,0.5094,0.4076,1,1,0.108
01_eve_sweep,4,65115713533236465035747240350411193452,5000,0.4,0.02,depolarizing,0.0,0.5,0.2,,0.11,0.95,5000,2494,498,1996,272,52,0.1090617481956696,0.10441767068273092,0.08051995763232586,0.13437153234962365,0.05385157471729779,1.0,0.4988,0.3992,1,1,0.108
01_eve_sweep,5,298635677636391918089024569722102245276,5000,0.4,0.02,depolarizing,0.0,0.5,0.2,,0.11,0.95,5000,2480,496,1984,273,65,0.11008064516129032,0.1310483870967742,0.10416510060398475,0.16360272148999336,0.05943762088600861,1.0,0.496,0.3968,1,1,0.108
01_eve_sweep,6,127330983412945604383388281203814482309,5000,0.4,0.02,depolarizing,0.0,0.5,0.2,,0.11,0.95,5000,2496,499,1997,265,43,0.10616987179487179,0.08617234468937876,0.06460363630789964,0.11406392827875522,0.04946029197085558,1.0,0.4992,0.3994,1,1,0.108
01_eve_sweep,7,337801583407449916288799050808919470580,5000,0.4,0.02,depolarizing,0.0,0.5,0.2,,0.11,0.95,5000,2466,493,1973,272,57,0.11030008110300081,0.11561866125760649,0.09031672139535298,0.14686448948910769,0.05654776809375471,1.0,0.4932,0.3946,1,1,0.108
01_eve_sweep,8,286157339675649788652776012511384489656,5000,0.4,0.02,depolarizing,0.0,0.5,0.2,,0.11,0.95,5000,2504,500,2004,292,64,0.11661341853035144,0.128,0.10152682399523653,0.16014568530815834,0.05861886131292181,1.0,0.5008,0.4008,1,1,0.108
01_eve_sweep,9,312592985864792890676426360064196449847,5000,0.4,0.02,depolarizing,0.0,0.5,0.2,,0.11,0.95,5000,2500,500,2000,272,56,0.1088,0.112,0.08726280019410228,0.1426536880040623,0.05539088780996003,1.0,0.5,0.4,1,1,0.108
01_eve_sweep,10,260803395891429194799113427976423021523,5000,0.4,0.02,depolarizing,0.0,0.5,0.2,,0.11,0.95,5000,2477,495,1982,280,58,0.11303996770286637,0.11717171717171718,0.09174238116345054,0.1484971913532566,0.05675481018980605,1.0,0.4954,0.3964,1,1,0.108
01_eve_sweep,11,312530294604192234770881295217829155910,5000,0.4,0.02,depolarizing,0.0,0.5,0.2,,0.11,0.95,5000,2485,497,1988,265,55,0.10663983903420524,0.11066398390342053,0.08601361815846167,0.14128677164702852,0.055273153488566845,1.0,0.497,0.3976,1,1,0.108
01_eve_sweep,12,286757260733773872124404595644986084352,5000,0.4,0.02,depolarizing,0.0,0.5,0.2,,0.11,0.95,5000,2488,497,1991,270,49,0.1085209003215434,0.09859154929577464,0.0753811483286152,0.12795956364138628,0.052578415312771076,1.0,0.4976,0.3982,1,1,0.108
01_eve_sweep,13,299295725890500978333108830741415091394,5000,0.4,0.02,depolarizing,0.0,0.5,0.2,,0.11,0.95,5000,2486,497,1989,266,53,0.10699919549477072,0.10663983903420524,0.08245751141921989,0.13685631910777407,0.05439880768855418,1.0,0.4972,0.3978,1,1,0.108
01_eve_sweep,14,262429041756565547039309186978267409781,5000,0.4,0.02,depolarizing,0.0,0.5,0.2,,0.11,0.95,5000,2474,494,1980,262,54,0.1059013742926435,0.10931174089068826,0.08475173970368588,0.13990102241385344,0.05514928271016756,1.0,0.4948,0.396,1,1,0.108
01_eve_sweep,15,256157394275280804355815453537593614589,5000,0.4,0.02,depolarizing,0.0,0.5,0.2,,0.11,0.95,5000,2473,494,1979,272,62,0.10998786898503841,0.12550607287449392,0.0991512743220112,0.15764023340723632,0.058488959085225126,1.0,0.4946,0.3958,1,1,0.108
01_eve_sweep,16,167830579566990167091001496523146991905,5000,0.4,0.02,depolarizing,0.0,0.5,0.2,,0.11,0.95,5000,2495,499,1996,242,63,0.0969939879759519,0.12625250501002003,0.09993777471250727,0.15827772550740138,0.05833995079489411,1.0,0.499,0.3992,1,1,0.108
01_eve_sweep,17,53359484493386333142437196936650471874,5000,0.4,0.02,depolarizing,0.0,0.5,0.2,,0.11,0.95,5000,2545,509,2036,314,64,0.12337917485265226,0.12573673870333987,0.09970838802463644,0.15737195630608608,0.05766356828144964,1.0,0.509,0.4072,1,1,0.108
01_eve_sweep,18,299427440181382707436354212437887478473,5000,0.4,0.02,depolarizing,0.0,0.5,0.2,,0.11,0.95,5000,2491,498,1993,250,47,0.10036130068245684,0.09437751004016064,0.07171631714930697,0.12324856090325038,0.05153224375394341,1.0,0.4982,0.3986,1,1,0.108
01_eve_sweep,19,206961406978663658104740641388124341766,5000,0.4,0.02,depolarizing,0.0,0.5,0.2,,0.11,0.95,5000,2542,508,2034,281,51,0.11054287962234462,0.10039370078740158,0.0771855080977921,0.12960012248507946,0.05241461438728737,1.0,0.5084,0.4068,1,1,0.108
01_eve_sweep,20,266940511614361516149532709405013882644,5000,0.4,0.02,depolarizing,0.0,0.5,0.2,,0.11,0.95,5000,2491,498,1993,264,49,0.10598153352067442,0.09839357429718876,0.07522811952623265,0.12770740329808158,0.052479283771848934,1.0,0.4982,0.3986,1,1,0.108
01_eve_sweep,21,287361171337603462595513697047916318348,5000,0.4,0.02,depolarizing,0.0,0.5,0.2,,0.11,0.95,5000,2524,504,2020,282,56,0.11172741679873217,0.1111111111111111,0.08656198849206337,0.14154356848569963,0.05498157999363626,1.0,0.5048,0.404,1,1,0.108
01_eve_sweep,22,282631912465097466681375559925204113963,5000,0.4,0.02,depolarizing,0.0,0.5,0.2,,0.11,0.95,5000,2435,487,1948,258,56,0.10595482546201232,0.11498973305954825,0.08962095648027484,0.14638489986897735,0.05676394338870251,1.0,0.487,0.3896,1,1,0.108
01_eve_sweep,23,183958973976337017841617950371629154169,5000,0.4,0.02,depolarizing,0.0,0.5,0.2,,0.11,0.95,5000,2487,497,1990,270,48,0.10856453558504221,0.096579476861167,0.07361998150483913,0.12572745082591422,0.05210746932107509,1.0,0.4974,0.398,1,1,0.108
01_eve_sweep,24,103107599596216567660217784075408899171,5000,0.4,0.02,depolarizing,0.0,0.5,0.2,,0.11,0.95,5000,2539,507,2032,286,46,0.11264277274517527,0.09072978303747535,0.06871072758469907,0.11890415207277716,0.05019342448807809,1.0,0.5078,0.4064,1,1,0.108
01_eve_sweep,25,215743547729435052743465844851168170622,5000,0.4,0.02,depolarizing,0.0,0.5,0.2,,0.11,0.95,5000,2474,494,1980,272,64,0.1099434114793856,0.12955465587044535,0.10277643458019868,0.1620497595519759,0.059273324971777216,1.0,0.4948,0.396,1,1,0.108
01_eve_sweep,26,318671213221615574769152785594730112896,5000,0.4,0.02,depolarizing,0.0,0.5,0.2,,0.11,0.95,5000,2497,499,1998,287,54,0.11493792551061273,0.10821643286573146,0.08389255890645861,0.13852637027848583,0.05463381137202722,1.0,0.4994,0.3996,1,1,0.108
01_eve_sweep,27,148021594573629713967518210800365068690,5000,0.4,0.02,depolarizing,0.0,0.5,0.2,,0.11,0.95,5000,2460,492,1968,295,56,0.11991869918699187,0.11382113821138211,0.08869903978710467,0.1449269645736655,0.05622792478656083,1.0,0.492,0.3936,1,1,0.108
01_eve_sweep,28,212061370596087557721533064796956477571,5000,0.4,0.02,depolarizing,0.0,0.5,0.2,,0.11,0.95,5000,2528,505,2023,273,64,0.10799050632911393,0.12673267326732673,0.10050847164942095,0.15859277990003762,0.05808430825061667,1.0,0.5056,0.4046,1,1,0.108
01_eve_sweep,29,43891175023386865128922672477413887843,5000,0.4,0.02,depolarizing,0.0,0.5,0.2,,0.11,0.95,5000,2515,503,2012,312,72,0.12405566600397615,0.14314115308151093,0.11523672674039186,0.176454997067459,0.061218270327067156,1.0,0.503,0.4024,1,1,0.108
01_eve_sweep,0,2953236429538448973067586311317134163,5000,0.5,0.02,depolarizing,0.0,0.5,0.2,,0.11,0.95,5000,2544,508,2036,328,61,0.1289308176100629,0.12007874015748031,0.09462595076244272,0.15123427929910507,0.05660832853666235,1.0,0.5088,0.4072,1,1,0.1325
01_eve_sweep,1,42734302258749412276343608041940899271,5000,0.5,0.02,depolarizing,0.0,0.5,0.2,,0.11,0.95,5000,2496,499,1997,301,54,0.12059294871794872,0.10821643286573146,0.08389255890645861,0.13852637027848583,0.05463381137202722,1.0,0.4992,0.3994,1,1,0.1325
01_eve_sweep,2,22899438171374961407169610449705848331,5000,0.5,0.02,depolarizing,0.0,0.5,0.2,,0.11,0.95,5000,2549,509,2040,315,58,0.12357787367595136,0.11394891944990176,0.08918850582682204,0.14449279423085237,0.05530428840403033,1.0,0.5098,0.408,1,1,0.1325
01_eve_sweep,3,74312846013665855296518947835363275366,5000,0.5,0.02,depolarizing,0.0,0.5,0.2,,0.11,0.95,5000,2499,499,2000,351,70,0.1404561824729892,0.1402805611222445,0.11255093062707759,0.1735063470644699,0.060955416437392315,1.0,0.4998,0.4,1,1,0.1325
01_eve_sweep,4,174218763651643395586741242065114359448,5000,0.5,0.02,depolarizing,0.0,0.5,0.2,,0.11,0.95,5000,2540,508,2032,350,72,0.1377952755905512,0.14173228346456693,0.11408649302845081,0.1747557964596409,0.06066930343119009,1.0,0.508,0.4064,1,1,0.1325
01_eve_sweep,5,105451494113476986141171153921774059708,5000,0.5,0.02,depolarizing,0.0,0.5,0.2,,0.11,0.95,5000,2485,497,1988,337,70,0.13561368209255534,0.14084507042253522,0.11301026786581193,0.17418931652839997,0.06117904866258804,1.0,0.497,0.3976,1,1,0.1325
01_eve_sweep,6,93956127928965963061819838195738385688,5000,0.5,0.02,depolarizing,0.0,0.5,0.2,,0.11,0.95,5000,2450,490,1960,322,61,0.13142857142857142,0.12448979591836734,0.09814729388413021,0.15667428209534848,0.05852698821121827,1.0,0.49,0.392,1,1,0.1325
01_eve_sweep,7,231310275405991972761857827491882410812,5000,0.5,0.02,depolarizing,0.0,0.5,0.2,,0.11,0.95,5000,2461,492,1969,341,61,0.13856156034132466,0.12398373983739837,0.09774313887128053,0.15605060221683778,0.05830746334555725,1.0,0.4922,0.3938,1,1,0.1325
01_eve_sweep,8,269845443264019401767573343108537598960,5000,0.5,0.02,depolarizing,0.0,0.5,0.2,,0.11,0.95,5000,2417,483,1934,326,64,0.1348779478692594,0.13250517598343686,0.1051491653286464,0.16566067724322855,0.06051151191458215,1.0,0.4834,0.3868,1,1,0.1325
01_eve_sweep,9,33677106728999814176496511935655052294,5000,0.5,0.02,depolarizing,0.0,0.5,0.2,,0.11,0.95,5000,2546,509,2037,352,68,0.13825608798114689,0.13359528487229863,0.10676715627819494,0.16591255090122636,0.05914539462303142,1.0,0.5092,0.4074,1,1,0.1325
01_eve_sweep,10,273736771294117566421792749600983542024,5000,0.5,0.02,depolarizing,0.0,0.5,0.2,,0.11,0.95,5000,2511,502,2009,335,66,0.13341298287534847,0.13147410358565736,0.10469230320868789,0.16385321921130397,0.05916091600261608,1.0,0.5022,0.4018,1,1,0.1325
01_eve_sweep,11,247120633926205618430196441564914684561,5000,0.5,0.02,depolarizing,0.0,0.5,0.2,,0.11,0.95,5000,2489,497,1992,323,64,0.1297709923664122,0.12877263581488935,0.10214780590051917,0.1610921006582041,0.05894429475768492,1.0,0.4978,0.3984,1,1,0.1325
01_eve_sweep,12,10785080154278048668473535663021620588,5000,0.5,0.02,depolarizing,0.0,0.5,0.2,,0.11,0.95,5000,2513,502,2011,329,58,0.1309192200557103,0.11553784860557768,0.09044741235259299,0.14646764617204716,0.056020233819454174,1.0,0.5026,0.4022,1,1,0.1325
01_eve_sweep,13,316891605822298464984952859792935528563,5000,0.5,0.02,depolarizing,0.0,0.5,0.2,,0.11,0.95,5000,2537,507,2030,339,69,0.13362238864800946,0.13609467455621302,0.10897117036406942,0.16869121660848171,0.059720046244412295,1.0,0.5074,0.406,1,1,0.1325
01_eve_sweep,14,51000049318570460626324348279572884135,5000,0.5,0.02,depolarizing,0.0,0.5,0.2,,0.11,0.95,5000,2536,507,2029,307,49,0.12105678233438485,0.09664694280078895,0.07387832551263257,0.12548188118594036,0.051603555673307794,1.0,0.5072,0.4058,1,1,0.1325
01_eve_sweep,15,167506955109084702148070681024442834392,5000,0.5,0.02,depolarizing,0.0,0.5,0.2,,0.11,0.95,5000,2492,498,1994,304,57,0.12199036918138041,0.1144578313253012,0.08939884638936257,0.14541925552197907,0.056020409132616494,1.0,0.4984,0.3988,1,1,0.1325
01_eve_sweep,16,84093906689983640801995263175325151346,5000,0.5,0.02,depolarizing,0.0,0.5,0.2,,0.11,0.95,5000,2526,505,2021,332,74,0.13143309580364212,0.14653465346534653,0.11836047403801792,0.1800457509040423,0.061685276866024374,1.0,0.5052,0.4042,1,1,0.1325
01_eve_sweep,17,103877421204364333304779033612460184903,5000,0.5,0.02,depolarizing,0.0,0.5,0.2,,0.11,0.95,5000,2570,514,2056,338,73,0.13151750972762646,0.14202334630350194,0.11449642425358585,0.17486136328612842,0.06036493903254257,1.0,0.514,0.4112,1,1,0.1325
01_eve_sweep,18,145172309865972901173444218520943059901,5000,0.5,0.02,depolarizing,0.0,0.5,0.2,,0.11,0.95,5000,2477,495,1982,363,72,0.1465482438433589,0.14545454545454545,0.11712616322676848,0.17924346725704204,0.06211730403027356,1.0,0.4954,0.3964,1,1,0.1325
01_eve_sweep,19,119493560912644452038160956538780772951,5000,0.5,0.02,depolarizing,0.0,0.5,0.2,,0.11,0.95,5000,2546,509,2037,340,67,0.1335428122545169,0.13163064833005894,0.10499924848375636,0.16378061798349025,0.05878136949973389,1.0,0.5092,0.4074,1,1,0.1325
01_eve_sweep,20,27435136979711277970682454302497902093,5000,0.5,0.02,depolarizing,0.0,0.5,0.2,,0.11,0.95,5000,2521,504,2017,300,47,0.1190003966679889,0.09325396825396826,0.07085356851142999,0.12180785587857723,0.050954287367147244,1.0,0.5042,0.4034,1,1,0.1325
01_eve_sweep,21,187883995135879906812666108824317267098,5000,0.5,0.02,depolarizing,0.0,0.5,0.2,,0.11,0.95,5000,2511,502,2009,351,76,0.13978494623655913,0.15139442231075698,0.12269429075231211,0.1853893115368694,0.0626950207845573,1.0,0.5022,0.4018,1,1,0.1325
01_eve_sweep,22,20399299918640545501843389372566325829,5000,0.5,0.02,depolarizing,0.0,0.5,0.2,,0.11,0.95,5000,2587,517,2070,340,77,0.13142636258214146,0.14893617021276595,0.12084029324363374,0.18221057981490466,0.061370286571270916,1.0,0.5174,0.414,1,1,0.1325
01_eve_sweep,23,191988044531415481258337334384957778107,5000,0.5,0.02,depolarizing,0.0,0.5,0.2,,0.11,0.95,5000,2516,503,2013,328,57,0.13036565977742448,0.11332007952286283,0.08849944697700146,0.1440021701852659,0.05550272320826444,1.0,0.5032,0.4026,1,1,0.1325
01_eve_sweep,24,93365124185138683774005758752837194295,5000,0.5,0.02,depolarizing,0.0,0.5,0.2,,0.11,0.95,5000,2509,501,2008,342,62,0.13630928656835392,0.12375249500998003,0.09774807117198714,0.15548283248503586,0.05773476131304872,1.0,0.5018,0.4016,1,1,0.1325
01_eve_sweep,25,45903630246429169792571292587682249872,5000,0.5,0.02,depolarizing,0.0,0.5,0.2,,0.11,0.95,5000,2532,506,2026,306,48,0.12085308056872038,0.09486166007905138,0.07229660684239703,0.12353183569273096,0.051235228850333936,1.0,0.5064,0.4052,1,1,0.1325
01_eve_sweep,26,13895625330377298791246392900718689083,5000,0.5,0.02,depolarizing,0.0,0.5,0.2,,0.11,0.95,5000,2477,495,1982,303,58,0.12232539362131611,0.11717171717171718,0.09174238116345054,0.1484971913532566,0.05675481018980605,1.0,0.4954,0.3964,1,1,0.1325
01_eve_sweep,27,89444499243194531903931941103690217627,5000,0.5,0.02,depolarizing,0.0,0.5,0.2,,0.11,0.95,5000,2531,506,2025,353,74,0.13947056499407348,0.14624505928853754,0.11812317873053145,0.17969775401965343,0.06157457528912198,1.0,0.5062,0.405,1,1,0.1325
01_eve_sweep,28,21460827161555676237105232386681664762,5000,0.5,0.02,depolarizing,0.0,0.5,0.2,,0.11,0.95,5000,2466,493,1973,338,58,0.13706407137064072,0.11764705882352941,0.0921192137653615,0.14908742608540804,0.056968212320046535,1.0,0.4932,0.3946,1,1,0.1325
01_eve_sweep,29,214474504589729288982118031069640290841,5000,0.5,0.02,depolarizing,0.0,0.5,0.2,,0.11,0.95,5000,2539,507,2032,357,71,0.14060653800708942,0.14003944773175542,0.1125315315710106,0.17296107342893832,0.06042954185792772,1.0,0.5078,0.4064,1,1,0.1325
01_eve_sweep,0,249563376586221499280160395849739910125,5000,0.6000000000000001,0.02,depolarizing,0.0,0.5,0.2,,0.11,0.95,5000,2480,496,1984,421,97,0.16975806451612904,0.19556451612903225,0.16305414994516654,0.23275427156407225,0.06970012161890571,1.0,0.496,0.3968,1,1,0.15700000000000003
01_eve_sweep,1,235296070466158737744675795878933025050,5000,0.6000000000000001,0.02,depolarizing,0.0,0.5,0.2,,0.11,0.95,5000,2525,505,2020,405,81,0.1603960396039604,0.1603960396039604,0.13097161528378512,0.19494809103309627,0.06397647574931115,1.0,0.505,0.404,1,1,0.15700000000000003
01_eve_sweep,2,286945815299004294105400034306205273611,5000,0.6000000000000001,0.02,depolarizing,0.0,0.5,0.2,,0.11,0.95,5000,2489,497,1992,387,68,0.15548413017276014,0.13682092555331993,0.1093807785457273,0.1698322465699884,0.060451468024261115,1.0,0.4978,0.3984,1,1,0.15700000000000003
01_eve_sweep,3,31679375188198411349468067009159754219,5000,0.6000000000000001,0.02,depolarizing,0.0,0.5,0.2,,0.11,0.95,5000,2425,485,1940,420,83,0.1731958762886598,0.1711340206185567,0.1402317038242174,0.20720498706208396,0.06697328323786655,1.0,0.485,0.388,1,1,0.15700000000000003
01_eve_sweep,4,23706061076919589579317146415293146471,5000,0.6000000000000001,0.02,depolarizing,0.0,0.5,0.2,,0.11,0.95,5000,2516,503,2013,430,86,0.17090620031796502,0.1709741550695825,0.14059677804162063,0.20633904530210812,0.06574226726048749,1.0,0.5032,0.4026,1,1,0.15700000000000003
01_eve_sweep,5,90160029720087188143482480369678797329,5000,0.6000000000000001,0.02,depolarizing,0.0,0.5,0.2,,0.11,0.95,5000,2511,502,2009,404,81,0.1608920748705695,0.16135458167330677,0.13176648767685006,0.19608615454692624,0.06431966687007618,1.0,0.5022,0.4018,1,1,0.15700000000000003
01_eve_sweep,6,190106926060545832066984927611221923308,5000,0.6000000000000001,0.02,depolarizing,0.0,0.5,0.2,,0.11,0.95,5000,2442,488,1954,385,92,0.15765765765765766,0.1885245901639344,0.15630518196911672,0.2256094684775705,0.06930428650845377,1.0,0.4884,0.3908,1,1,0.15700000000000003
01_eve_sweep,7,331807376535732767233566709960011175968,5000,0.6000000000000001,0.02,depolarizing,0.0,0.5,0.2,,0.11,0.95,5000,2505,501,2004,369,65,0.1473053892215569,0.12974051896207583,0.10311167381447568,0.16200414914774056,0.058892475333264874,1.0,0.501,0.4008,1,1,0.15700000000000003
01_eve_sweep,8,213112769030010984228344272750976779804,5000,0.6000000000000001,0.02,depolarizing,0.0,0.5,0.2,,0.11,0.95,5000,2457,491,1966,387,79,0.1575091575091575,0.16089613034623218,0.13104779290912663,0.19600940073506515,0.06496160782593852,1.0,0.4914,0.3932,1,1,0.15700000000000003
01_eve_sweep,9,28989730731266052995843086104959856910,5000,0.6000000000000001,0.02,depolarizing,0.0,0.5,0.2,,0.11,0.95,5000,2465,493,1972,385,78,0.15618661257606492,0.15821501014198783,0.12865943482604902,0.19305578435089882,0.0643963495248498,1.0,0.493,0.3944,1,1,0.15700000000000003
01_eve_sweep,10,305698298696181582248235010805849245905,5000,0.6000000000000001,0.02,depolarizing,0.0,0.5,0.2,,0.11,0.95,5000,2542,508,2034,423,87,0.16640440597954367,0.17125984251968504,0.14099643768732317,0.20645775101878294,0.06546131333145977,1.0,0.5084,0.4068,1,1,0.15700000000000003
01_eve_sweep,11,120207100461297853494896072389832894354,5000,0.6000000000000001,0.02,depolarizing,0.0,0.5,0.2,,0.11,0.95,5000,2541,508,2033,375,73,0.14757969303423848,0.1437007874015748,0.11586800912797028,0.17688174030798903,0.06101373118001875,1.0,0.5082,0.4066,1,1,0.15700000000000003
01_eve_sweep,12,1866152072963395194318498174759418986,5000,0.6000000000000001,0.02,depolarizing,0.0,0.5,0.2,,0.11,0.95,5000,2529,505,2024,393,75,0.1553973902728351,0.1485148514851485,0.12015663211210155,0.18218009016921888,0.06202345805711733,1.0,0.5058,0.4048,1,1,0.15700000000000003
01_eve_sweep,13,143630082333900442143482803540114938906,5000,0.6000000000000001,0.02,depolarizing,0.0,0.5,0.2,,0.11,0.95,5000,2442,488,1954,385,81,0.15765765765765766,0.16598360655737704,0.13560728129034647,0.20157750833340368,0.06597022704305722,1.0,0.4884,0.3908,1,1,0.15700000000000003
01_eve_sweep,14,216935459481617168588350187250911067807,5000,0.6000000000000001,0.02,depolarizing,0.0,0.5,0.2,,0.11,0.95,5000,2512,502,2010,382,62,0.1520700636942675,0.12350597609561753,0.09755085061935395,0.1551794398529621,0.05762858923360814,1.0,0.5024,0.402,1,1,0.15700000000000003
01_eve_sweep,15,223162863484567698680368639808830310273,5000,0.6000000000000001,0.02,depolarizing,0.0,0.5,0.2,,0.11,0.95,5000,2510,502,2008,389,79,0.1549800796812749,0.15737051792828685,0.12813230374679002,0.19181272250314835,0.06368041875635833,1.0,0.502,0.4016,1,1,0.15700000000000003
01_eve_sweep,16,20960624892925515046054401710699747221,5000,0.6000000000000001,0.02,depolarizing,0.0,0.5,0.2,,0.11,0.95,5000,2527,505,2022,416,83,0.16462208151958843,0.16435643564356436,0.1345904438372802,0.19919025715812155,0.06459981332084136,1.0,0.5054,0.4044,1,1,0.15700000000000003
01_eve_sweep,17,175876282734941804435968173131675467499,5000,0.6000000000000001,0.02,depolarizing,0.0,0.5,0.2,,0.11,0.95,5000,2455,491,1964,376,61,0.15315682281059062,0.12423625254582485,0.09794479927348755,0.15636182071061686,0.058417021437129305,1.0,0.491,0.3928,1,1,0.15700000000000003
01_eve_sweep,18,39641688383339320588492085210893426043,5000,0.6000000000000001,0.02,depolarizing,0.0,0.5,0.2,,0.11,0.95,5000,2577,515,2062,412,76,0.15987582460225067,0.14757281553398058,0.11955235245719266,0.18081196147969958,0.06125960902250692,1.0,0.5154,0.4124,1,1,0.15700000000000003
01_eve_sweep,19,207598361260871055091470121402429838575,5000,0.6000000000000001,0.02,depolarizing,0.0,0.5,0.2,,0.11,0.95,5000,2410,482,1928,373,70,0.15477178423236515,0.14522821576763487,0.11657865093433743,0.17948801074959397,0.06290935981525654,1.0,0.482,0.3856,1,1,0.15700000000000003
01_eve_sweep,20,276631204124815519562298045116473193942,5000,0.6000000000000001,0.02,depolarizing,0.0,0.5,0.2,,0.11,0.95,5000,2511,502,2009,416,82,0.1656710473914775,0.16334661354581673,0.13358615308238392,0.19822029712831135,0.06463414404592743,1.0,0.5022,0.4018,1,1,0.15700000000000003
01_eve_sweep,21,328139260720865064720621413110272419514,5000,0.6000000000000001,0.02,depolarizing,0.0,0.5,0.2,,0.11,0.95,5000,2508,501,2007,394,99,0.15709728867623604,0.19760479041916168,0.16509496187013212,0.23471661321760784,0.06962165134747572,1.0,0.5016,0.4014,1,1,0.15700000000000003
01_eve_sweep,22,308022420509772743528605157199060997919,5000,0.6000000000000001,0.02,depolarizing,0.0,0.5,0.2,,0.11,0.95,5000,2501,500,2001,424,71,0.16953218712514995,0.142,0.11412936044569601,0.1753296673247754,0.06120030687907939,1.0,0.5002,0.4002,1,1,0.15700000000000003
01_eve_sweep,23,287115133532332237916556742515784308342,5000,0.6000000000000001,0.02,depolarizing,0.0,0.5,0.2,,0.11,0.95,5000,2584,516,2068,417,79,0.16137770897832818,0.15310077519379844,0.12460425128063486,0.1867242433489502,0.062119992068315324,1.0,0.5168,0.4136,1,1,0.15700000000000003
01_eve_sweep,24,59608635752513417574425486499703574226,5000,0.6000000000000001,0.02,depolarizing,0.0,0.5,0.2,,0.11,0.95,5000,2479,495,1984,377,79,0.15207745058491326,0.1595959595959596,0.1299723792793723,0.19446228018798997,0.06448990090861767,1.0,0.4958,0.3968,1,1,0.15700000000000003
01_eve_sweep,25,273676156475333876793612073187431458222,5000,0.6000000000000001,0.02,depolarizing,0.0,0.5,0.2,,0.11,0.95,5000,2567,513,2054,402,76,0.15660303856641994,0.14814814814814814,0.1200252059291511,0.18150141536064684,0.061476209431495746,1.0,0.5134,0.4108,1,1,0.15700000000000003
01_eve_sweep,26,214195346141240336135633596009833655546,5000,0.6000000000000001,0.02,depolarizing,0.0,0.5,0.2,,0.11,0.95,5000,2548,509,2039,388,78,0.152276295133438,0.15324165029469547,0.12455473687029778,0.18712337743087032,0.06256864056057254,1.0,0.5096,0.4078,1,1,0.15700000000000003
01_eve_sweep,27,166501546263604321537556808455581536187,5000,0.6000000000000001,0.02,depolarizing,0.0,0.5,0.2,,0.11,0.95,5000,2530,506,2024,378,75,0.14940711462450593,0.1482213438735178,0.11991570268697081,0.18182801814840863,0.061912315461437814,1.0,0.506,0.4048,1,1,0.15700000000000003
01_eve_sweep,28,262245533848019853940842225545517159822,5000,0.6000000000000001,0.02,depolarizing,0.0,0.5,0.2,,0.11,0.95,5000,2491,498,1993,398,73,0.1597751906864713,0.1465863453815261,0.11822854092912768,0.1803547191562688,0.062126178227141116,1.0,0.4982,0.3986,1,1,0.15700000000000003
01_eve_sweep,29,252127364947319820965815421907102914615,5000,0.6000000000000001,0.02,depolarizing,0.0,0.5,0.2,,0.11,0.95,5000,2502,500,2002,391,81,0.15627498001598722,0.162,0.13230178838983928,0.19685226576217005,0.06455047737233077,1.0,0.5004,0.4004,1,1,0.15700000000000003
01_eve_sweep,0,164806128647853966845605903844813377271,5000,0.7000000000000001,0.02,depolarizing,0.0,0.5,0.2,,0.11,0.95,5000,2542,508,2034,452,92,0.1778127458693942,0.18110236220472442,0.15004760950629076,0.2169438789391535,0.06689626943286275,1.0,0.5084,0.4068,1,1,0.18150000000000002
01_eve_sweep,1,282963379894385927113459566822580190587,5000,0.7000000000000001,0.02,depolarizing,0.0,0.5,0.2,,0.11,0.95,5000,2513,502,2011,437,78,0.17389574214086748,0.1553784860557769,0.12631783715349312,0.18967338110952628,0.06335554395603316,1.0,0.5026,0.4022,1,1,0.18150000000000002
01_eve_sweep,2,21918104535217951227073480193876352864,5000,0.7000000000000001,0.02,depolarizing,0.0,0.5,0.2,,0.11,0.95,5000,2531,506,2025,460,90,0.1817463453180561,0.17786561264822134,0.147011041496975,0.2135745006163219,0.06656345911934691,1.0,0.5062,0.405,1,1,0.18150000000000002
01_eve_sweep,3,200306375594423771726369867323201698239,5000,0.7000000000000001,0.02,depolarizing,0.0,0.5,0.2,,0.11,0.95,5000,2503,500,2003,452,98,0.18058330003995204,0.196,0.16357810661426447,0.2330574923863593,0.06947938577209484,1.0,0.5006,0.4006,1,1,0.18150000000000002
01_eve_sweep,4,99744728685498279838829015964738595116,5000,0.7000000000000001,0.02,depolarizing,0.0,0.5,0.2,,0.11,0.95,5000,2533,506,2027,479,86,0.18910382945124357,0.16996047430830039,0.1397497743365666,0.2051446154359523,0.0653948410993857,1.0,0.5066,0.4054,1,1,0.18150000000000002
01_eve_sweep,5,132438006716461225758982783218197215435,5000,0.7000000000000001,0.02,depolarizing,0.0,0.5,0.2,,0.11,0.95,5000,2457,491,1966,431,103,0.1754171754171754,0.20977596741344195,0.17608527063355955,0.24797268789074872,0.07188741725718917,1.0,0.4914,0.3932,1,1,0.18150000000000002
01_eve_sweep,6,92143421954337283400808180471286578223,5000,0.7000000000000001,0.02,depolarizing,0.0,0.5,0.2,,0.11,0.95,5000,2494,498,1996,445,91,0.1784282277465918,0.1827309236947791,0.1512617815166087,0.2190572815145995,0.06779549999799078,1.0,0.4988,0.3992,1,1,0.18150000000000002
01_eve_sweep,7,301154211416329980048212064189915136696,5000,0.7000000000000001,0.02,depolarizing,0.0,0.5,0.2,,0.11,0.95,5000,2504,500,2004,467,86,0.18650159744408945,0.172,0.1414541198436514,0.20754744749912687,0.06609332765547549,1.0,0.5008,0.4008,1,1,0.18150000000000002
01_eve_sweep,8,115997399082828520989858917259283570764,5000,0.7000000000000001,0.02,depolarizing,0.0,0.5,0.2,,0.11,0.95,5000,2465,493,1972,450,86,0.18255578093306288,0.1744421906693712,0.14349586728578376,0.21042278362163538,0.06692691633585163,1.0,0.493,0.3944,1,1,0.18150000000000002
01_eve_sweep,9,22620522036766060764049486661443180166,5000,0.7000000000000001,0.02,depolarizing,0.0,0.5,0.2,,0.11,0.95,5000,2475,495,1980,426,84,0.17212121212121212,0.1696969696969697,0.13920260146623117,0.20527850727509664,0.06607590580886546,1.0,0.495,0.396,1,1,0.18150000000000002
01_eve_sweep,10,141292032978084154049810867939825447425,5000,0.7000000000000001,0.02,depolarizing,0.0,0.5,0.2,,0.11,0.95,5000,2606,521,2085,498,110,0.1910974673829624,0.21113243761996162,0.1782676597886164,0.2482258175438725,0.0699581577552561,1.0,0.5212,0.417,1,1,0.18150000000000002
01_eve_sweep,11,194252507809085285839915023781630940409,5000,0.7000000000000001,0.02,depolarizing,0.0,0.5,0.2,,0.11,0.95,5000,2539,507,2032,441,102,0.17369042930287515,0.20118343195266272,0.16859435147227392,0.23826663295234124,0.06967228148006732,1.0,0.5078,0.4064,1,1,0.18150000000000002
01_eve_sweep,12,161780222864853018023188965653776441904,5000,0.7000000000000001,0.02,depolarizing,0.0,0.5,0.2,,0.11,0.95,5000,2492,498,1994,448,83,0.1797752808988764,0.16666666666666666,0.13651247927193094,0.2019240046722498,0.06541152540031886,1.0,0.4984,0.3988,1,1,0.18150000000000002
01_eve_sweep,13,189055224049210857676105552987661077433,5000,0.7000000000000001,0.02,depolarizing,0.0,0.5,0.2,,0.11,0.95,5000,2538,507,2031,455,97,0.17927501970055162,0.1913214990138067,0.15945436775662697,0.22783107159949362,0.06837670384286665,1.0,0.5076,0.4062,1,1,0.18150000000000002
01_eve_sweep,14,297071696150920775613870313977388453842,5000,0.7000000000000001,0.02,depolarizing,0.0,0.5,0.2,,0.11,0.95,5000,2532,506,2026,457,90,0.18048973143759875,0.17786561264822134,0.147011041496975,0.2135745006163219,0.06656345911934691,1.0,0.5064,0.4052,1,1,0.18150000000000002
01_eve_sweep,15,320025096471518338538459356877131581124,5000,0.7000000000000001,0.02,depolarizing,0.0,0.5,0.2,,0.11,0.95,5000,2492,498,1994,449,83,0.18017656500802567,0.16666666666666666,0.13651247927193094,0.2019240046722498,0.06541152540031886,1.0,0.4984,0.3988,1,1,0.18150000000000002
01_eve_sweep,16,39415406977036642338624370523752740766,5000,0.7000000000000001,0.02,depolarizing,0.0,0.5,0.2,,0.11,0.95,5000,2511,502,2009,451,100,0.17960971724412583,0.199203187250996,0.16660693214556888,0.23636806182966769,0.06976112968409881,1.0,0.5022,0.4018,1,1,0.18150000000000002
01_eve_sweep,17,248034416989992592891203226212517750558,5000,0.7000000000000001,0.02,depolarizing,0.0,0.5,0.2,,0.11,0.95,5000,2516,503,2013,474,107,0.18839427662957076,0.21272365805168986,0.1792071656478869,0.25059480699965875,0.07138764135177184,1.0,0.5032,0.4026,1,1,0.18150000000000002
01_eve_sweep,18,139132592767501660785623050712560743257,5000,0.7000000000000001,0.02,depolarizing,0.0,0.5,0.2,,0.11,0.95,5000,2463,492,1971,466,92,0.18920016240357287,0.18699186991869918,0.1550122188718914,0.22382148992578546,0.06880927105389406,1.0,0.4926,0.3942,1,1,0.18150000000000002
01_eve_sweep,19,246656501975068513865639866434198866591,5000,0.7000000000000001,0.02,depolarizing,0.0,0.5,0.2,,0.11,0.95,5000,2510,502,2008,416,81,0.1657370517928287,0.16135458167330677,0.13176648767685006,0.19608615454692624,0.06431966687007618,1.0,0.502,0.4016,1,1,0.18150000000000002
01_eve_sweep,20,113494035964366381730962916480638175374,5000,0.7000000000000001,0.02,depolarizing,0.0,0.5,0.2,,0.11,0.95,5000,2421,484,1937,401,94,0.16563403552251135,0.19421487603305784,0.16143602417102262,0.23180947670225457,0.07037345253123195,1.0,0.4842,0.3874,1,1,0.18150000000000002
01_eve_sweep,21,330403606018194667141052933297238004372,5000,0.7000000000000001,0.02,depolarizing,0.0,0.5,0.2,,0.11,0.95,5000,2595,519,2076,443,90,0.17071290944123313,0.17341040462427745,0.14326904590262413,0.20835084903715656,0.06508180313453243,1.0,0.519,0.4152,1,1,0.18150000000000002
01_eve_sweep,22,17899087222693453586584735863723744746,5000,0.7000000000000001,0.02,depolarizing,0.0,0.5,0.2,,0.11,0.95,5000,2507,501,2006,459,90,0.18308735540486637,0.17964071856287425,0.1485028935112656,0.21565392366089453,0.06715103014962892,1.0,0.5014,0.4012,1,1,0.18150000000000002
01_eve_sweep,23,325138232679082584283050723355410705306,5000,0.7000000000000001,0.02,depolarizing,0.0,0.5,0.2,,0.11,0.95,5000,2431,486,1945,448,88,0.18428630193336076,0.18106995884773663,0.1493785033699521,0.21776367208752564,0.06838516871757355,1.0,0.4862,0.389,1,1,0.18150000000000002
01_eve_sweep,24,144866194572287795604543981087252820914,5000,0.7000000000000001,0.02,depolarizing,0.0,0.5,0.2,,0.11,0.95,5000,2524,504,2020,458,91,0.1814580031695721,0.18055555555555555,0.14943068380712102,0.21651316656747002,0.067082482760349,1.0,0.5048,0.404,1,1,0.18150000000000002
01_eve_sweep,25,98619855095233015113923143276305564737,5000,0.7000000000000001,0.02,depolarizing,0.0,0.5,0.2,,0.11,0.95,5000,2451,490,1961,451,94,0.18400652794777642,0.19183673469387755,0.15942401928554248,0.229043687088921,0.06961966780337853,1.0,0.4902,0.3922,1,1,0.18150000000000002
01_eve_sweep,26,313467531531061284369103622566948493747,5000,0.7000000000000001,0.02,depolarizing,0.0,0.5,0.2,,0.11,0.95,5000,2549,509,2040,470,111,0.18438603373872106,0.2180746561886051,0.18438514367660971,0.255987714126323,0.07160257044971327,1.0,0.5098,0.408,1,1,0.18150000000000002
01_eve_sweep,27,56001326700005072041834132173532040557,5000,0.7000000000000001,0.02,depolarizing,0.0,0.5,0.2,,0.11,0.95,5000,2477,495,1982,482,89,0.1945902301170771,0.1797979797979798,0.14847448318676093,0.21605307482853237,0.06757859164177143,1.0,0.4954,0.3964,1,1,0.18150000000000002
01_eve_sweep,28,147525356709633023685501403668001105419,5000,0.7000000000000001,0.02,depolarizing,0.0,0.5,0.2,,0.11,0.95,5000,2510,502,2008,465,85,0.1852589641434263,0.1693227091633466,0.13905514759515114,0.20461272657630097,0.06555757898114983,1.0,0.502,0.4016,1,1,0.18150000000000002
01_eve_sweep,29,193964051828225941141580897062018953671,5000,0.7000000000000001,0.02,depolarizing,0.0,0.5,0.2,,0.11,0.95,5000,2473,494,1979,422,71,0.17064294379296402,0.1437246963562753,0.11553550886350106,0.1774120876789182,0.06187657881541714,1.0,0.4946,0.3958,1,1,0.18150000000000002
01_eve_sweep,0,111974213144071289199109775898075360718,5000,0.8,0.02,depolarizing,0.0,0.5,0.2,,0.11,0.95,5000,2467,493,1974,515,98,0.20875557357113902,0.19878296146044624,0.16594304715108987,0.23628075135203624,0.07033770420094637,1.0,0.4934,0.3948,1,1,0.20600000000000002
01_eve_sweep,1,76326318893900840099714808428654503837,5000,0.8,0.02,depolarizing,0.0,0.5,0.2,,0.11,0.95,5000,2512,502,2010,499,109,0.19864649681528662,0.21713147410358566,0.1832863434582621,0.25527292239924515,0.07198657894098304,1.0,0.5024,0.402,1,1,0.20600000000000002
01_eve_sweep,2,121054765175195784487140341056977993709,5000,0.8,0.02,depolarizing,0.0,0.5,0.2,,0.11,0.95,5000,2513,502,2011,498,109,0.19816951850378034,0.21713147410358566,0.1832863434582621,0.25527292239924515,0.07198657894098304,1.0,0.5026,0.4022,1,1,0.20600000000000002
01_eve_sweep,3,1722622683213786787170375759240371187,5000,0.8,0.02,depolarizing,0.0,0.5,0.2,,0.11,0.95,5000,2499,499,2000,515,101,0.2060824329731893,0.20240480961923848,0.16948641583138707,0.23987016209170375,0.07038374626031668,1.0,0.4998,0.4,1,1,0.20600000000000002
01_eve_sweep,4,4520756217638241879555252504850610505,5000,0.8,0.02,depolarizing,0.0,0.5,0.2,,0.11,0.95,5000,2519,503,2016,529,102,0.21000396982929734,0.20278330019880716,0.16995966830249598,0.24011226879652187,0.07015260049402589,1.0,0.5038,0.4032,1,1,0.20600000000000002
01_eve_sweep,5,288234323060539174049230978732711056625,5000,0.8,0.02,depolarizing,0.0,0.5,0.2,,0.11,0.95,5000,2447,489,1958,485,89,0.19820187985288107,0.18200408997955012,0.15032748409187302,0.21863794194151553,0.06831045784964251,1.0,0.4894,0.3916,1,1,0.20600000000000002
01_eve_sweep,6,41556317364120450465476836490632705178,5000,0.8,0.02,depolarizing,0.0,0.5,0.2,,0.11,0.95,5000,2604,520,2084,516,105,0.19815668202764977,0.20192307692307693,0.16966287660180537,0.23855502066449327,0.0688921440626879,1.0,0.5208,0.4168,1,1,0.20600000000000002
01_eve_sweep,7,317629799514457912554530860170836328740,5000,0.8,0.02,depolarizing,0.0,0.5,0.2,,0.11,0.95,5000,2551,510,2041,540,106,0.21168169345354762,0.20784313725490197,0.17487554197960845,0.24517903928377774,0.0703034973041693,1.0,0.5102,0.4082,1,1,0.20600000000000002
01_eve_sweep,8,208683874106530467446320298372245121555,5000,0.8,0.02,depolarizing,0.0,0.5,0.2,,0.11,0.95,5000,2495,499,1996,498,103,0.19959919839679358,0.20641282565130262,0.17320951234833104,0.2441018591380852,0.07089234678975415,1.0,0.499,0.3992,1,1,0.20600000000000002
01_eve_sweep,9,118677318857234131378656313216419012573,5000,0.8,0.02,depolarizing,0.0,0.5,0.2,,0.11,0.95,5000,2505,501,2004,530,114,0.21157684630738524,0.2275449101796407,0.19298803926652985,0.2662481323471764,0.07326009308064657,1.0,0.501,0.4008,1,1,0.20600000000000002
01_eve_sweep,10,106232106809860462310648030522353599868,5000,0.8,0.02,depolarizing,0.0,0.5,0.2,,0.11,0.95,5000,2451,490,1961,482,94,0.1966544267645859,0.19183673469387755,0.15942401928554248,0.229043687088921,0.06961966780337853,1.0,0.4902,0.3922,1,1,0.20600000000000002
01_eve_sweep,11,53900726410846466616651590098820877309,5000,0.8,0.02,depolarizing,0.0,0.5,0.2,,0.11,0.95,5000,2465,493,1972,506,105,0.2052738336713996,0.2129817444219067,0.17913254524062686,0.25126925602666167,0.07213671078603481,1.0,0.493,0.3944,1,1,0.20600000000000002
01_eve_sweep,12,265366757100134001381811493620762018993,5000,0.8,0.02,depolarizing,0.0,0.5,0.2,,0.11,0.95,5000,2489,497,1992,521,108,0.20932101245480111,0.21730382293762576,0.18328870150128496,0.25565550918435526,0.0723668076830703,1.0,0.4978,0.3984,1,1,0.20600000000000002
01_eve_sweep,13,324387179088930088037530942683918063583,5000,0.8,0.02,depolarizing,0.0,0.5,0.2,,0.11,0.95,5000,2484,496,1988,517,120,0.20813204508856684,0.24193548387096775,0.2063229455272874,0.28151465681167,0.0751917112843826,1.0,0.4968,0.3976,1,1,0.20600000000000002
01_eve_sweep,14,103358819109654896197829289865970169684,5000,0.8,0.02,depolarizing,0.0,0.5,0.2,,0.11,0.95,5000,2504,500,2004,518,105,0.20686900958466453,0.21,0.1765772705084025,0.24784484695929782,0.07126757645089532,1.0,0.5008,0.4008,1,1,0.20600000000000002
01_eve_sweep,15,41752244690189207608430481605960800735,5000,0.8,0.02,depolarizing,0.0,0.5,0.2,,0.11,0.95,5000,2489,497,1992,535,104,0.21494576134993973,0.20925553319919518,0.17579084803143868,0.24718024409720907,0.07138939606577038,1.0,0.4978,0.3984,1,1,0.20600000000000002
01_eve_sweep,16,113549584549143267111659695520498995155,5000,0.8,0.02,depolarizing,0.0,0.5,0.2,,0.11,0.95,5000,2482,496,1986,531,122,0.21394037066881547,0.24596774193548387,0.21011536204883047,0.2857247777535807,0.07560941570475022,1.0,0.4964,0.3972,1,1,0.20600000000000002
01_eve_sweep,17,2478615201465264990177119728645886210,5000,0.8,0.02,depolarizing,0.0,0.5,0.2,,0.11,0.95,5000,2518,503,2015,521,100,0.20691024622716442,0.1988071570576541,0.16626971113385505,0.2359102117457517,0.06964050061189664,1.0,0.5036,0.403,1,1,0.20600000000000002
01_eve_sweep,18,52176691552642137232238400075119980221,5000,0.8,0.02,depolarizing,0.0,0.5,0.2,,0.11,0.95,5000,2513,502,2011,492,105,0.19578193394349383,0.20916334661354583,0.17586054338658857,0.24688349052324282,0.07102294713665425,1.0,0.5026,0.4022,1,1,0.20600000000000002
01_eve_sweep,19,35090512602824480193642331170448748504,5000,0.8,0.02,depolarizing,0.0,0.5,0.2,,0.11,0.95,5000,2534,506,2028,535,96,0.2111286503551697,0.18972332015810275,0.15794736291697153,0.22617490770749232,0.06822754479052079,1.0,0.5068,0.4056,1,1,0.20600000000000002
01_eve_sweep,20,153958985059551692796929141836680385107,5000,0.8,0.02,depolarizing,0.0,0.5,0.2,,0.11,0.95,5000,2507,501,2006,520,108,0.20741922616673314,0.2155688622754491,0.18179713717966978,0.25366919582365,0.07187205864398022,1.0,0.5014,0.4012,1,1,0.20600000000000002
01_eve_sweep,21,273090020436934985769126867609668254735,5000,0.8,0.02,depolarizing,0.0,0.5,0.2,,0.11,0.95,5000,2559,511,2048,513,101,0.20046893317702227,0.19765166340508805,0.1654349406296015,0.23438029432097646,0.06894535369137494,1.0,0.5118,0.4096,1,1,0.20600000000000002
01_eve_sweep,22,87915956851077233338587740234930183495,5000,0.8,0.02,depolarizing,0.0,0.5,0.2,,0.11,0.95,5000,2496,499,1997,521,105,0.20873397435897437,0.21042084168336672,0.17693783196608892,0.24832833308365265,0.07139050111756373,1.0,0.4992,0.3994,1,1,0.20600000000000002
01_eve_sweep,23,156888024942146196233521523264545922447,5000,0.8,0.02,depolarizing,0.0,0.5,0.2,,0.11,0.95,5000,2485,497,1988,472,98,0.18993963782696177,0.19718309859154928,0.16458333900820896,0.2344280752849501,0.06984473627674115,1.0,0.497,0.3976,1,1,0.20600000000000002
01_eve_sweep,24,138937303803342763466540450155985449563,5000,0.8,0.02,depolarizing,0.0,0.5,0.2,,0.11,0.95,5000,2475,495,1980,550,112,0.2222222222222222,0.22626262626262628,0.19159291164990866,0.265148313025626,0.07355540137571737,1.0,0.495,0.396,1,1,0.20600000000000002
01_eve_sweep,25,296061098847042091992453486457828387349,5000,0.8,0.02,depolarizing,0.0,0.5,0.2,,0.11,0.95,5000,2487,497,1990,505,99,0.20305589063128268,0.19919517102615694,0.1664478778007601,0.23655681613164709,0.070108938330887,1.0,0.4974,0.398,1,1,0.20600000000000002
01_eve_sweep,26,334523074466101801300199350206820884911,5000,0.8,0.02,depolarizing,0.0,0.5,0.2,,0.11,0.95,5000,2515,503,2012,532,103,0.21153081510934393,0.2047713717693837,0.17180661202584296,0.24221133218288043,0.07040472015703747,1.0,0.503,0.4024,1,1,0.20600000000000002
01_eve_sweep,27,51706621479462383528904026548601474353,5000,0.8,0.02,depolarizing,0.0,0.5,0.2,,0.11,0.95,5000,2489,497,1992,525,102,0.21092808356769788,0.2052313883299799,0.1720496637522287,0.2429348690979229,0.0708852053456942,1.0,0.4978,0.3984,1,1,0.20600000000000002
01_eve_sweep,28,36580771559172286353693251457729019991,5000,0.8,0.02,depolarizing,0.0,0.5,0.2,,0.11,0.95,5000,2481,496,1985,531,116,0.2140266021765417,0.23387096774193547,0.19875164030003886,0.27308088711201084,0.07432924681197198,1.0,0.4962,0.397,1,1,0.20600000000000002
01_eve_sweep,29,54816178693563233559027426169708393025,5000,0.8,0.02,depolarizing,0.0,0.5,0.2,,0.11,0.95,5000,2500,500,2000,556,107,0.2224,0.214,0.18030299998759533,0.2520581227564126,0.07175512276881726,1.0,0.5,0.4,1,1,0.20600000000000002
01_eve_sweep,0,18838648438870979297997942879675618366,5000,0.9,0.02,depolarizing,0.0,0.5,0.2,,0.11,0.95,5000,2480,496,1984,608,121,0.24516129032258063,0.2439516129032258,0.20821859804069173,0.2836202730299925,0.07540167498930075,1.0,0.496,0.3968,1,1,0.2305
01_eve_sweep,1,207950786299745718443725918471521042220,5000,0.9,0.02,depolarizing,0.0,0.5,0.2,,0.11,0.95,5000,2519,503,2016,612,120,0.24295355299722113,0.23856858846918488,0.20339202696101524,0.2777080381127027,0.07431601115168748,1.0,0.5038,0.4032,1,1,0.2305
01_eve_sweep,2,217417911955122676491616623549186937461,5000,0.9,0.02,depolarizing,0.0,0.5,0.2,,0.11,0.95,5000,2498,499,1999,584,124,0.23378702962369896,0.24849699398797595,0.21259851513228686,0.2882381887690457,0.07563967363675886,1.0,0.4996,0.3998,1,1,0.2305
01_eve_sweep,3,129267462104639195514530223865524497247,5000,0.9,0.02,depolarizing,0.0,0.5,0.2,,0.11,0.95,5000,2524,504,2020,575,122,0.22781299524564183,0.24206349206349206,0.206710211452815,0.2813189845018238,0.07460877304900879,1.0,0.5048,0.404,1,1,0.2305
01_eve_sweep,4,99881847788106269056786280103952384577,5000,0.9,0.02,depolarizing,0.0,0.5,0.2,,0.11,0.95,5000,2500,500,2000,574,121,0.2296,0.242,0.20651780855112864,0.2814163511270323,0.07489854257590364,1.0,0.5,0.4,1,1,0.2305
01_eve_sweep,5,27134435021891950534699127901431241433,5000,0.9,0.02,depolarizing,0.0,0.5,0.2,,0.11,0.95,5000,2523,504,2019,576,97,0.22829964328180738,0.19246031746031747,0.16042025184424727,0.22915302025551434,0.06873276841126708,1.0,0.5046,0.4038,1,1,0.2305
01_eve_sweep,6,197710779103413810848637693152930818990,5000,0.9,0.02,depolarizing,0.0,0.5,0.2,,0.11,0.95,5000,2509,501,2008,578,116,0.2303706656038262,0.2315369261477046,0.19672777420210225,0.2704316769483996,0.07370390274629735,1.0,0.5018,0.4016,1,1,0.2305
01_eve_sweep,7,295949156836495573986493578153185365656,5000,0.9,0.02,depolarizing,0.0,0.5,0.2,,0.11,0.95,5000,2518,503,2015,580,105,0.23034154090548054,0.20874751491053678,0.1755043598716024,0.24640559855653216,0.07090123868492976,1.0,0.5036,0.403,1,1,0.2305
01_eve_sweep,8,149993299413383468280015310359814621966,5000,0.9,0.02,depolarizing,0.0,0.5,0.2,,0.11,0.95,5000,2542,508,2034,649,120,0.25531077891424075,0.23622047244094488,0.2013490597613627,0.2750513072243751,0.0737022474630124,1.0,0.5084,0.4068,1,1,0.2305
01_eve_sweep,9,186187411264723629441593534787911448816,5000,0.9,0.02,depolarizing,0.0,0.5,0.2,,0.11,0.95,5000,2454,490,1964,602,115,0.24531377343113284,0.23469387755102042,0.199322114228059,0.2741931296704857,0.07487101544242669,1.0,0.4908,0.3928,1,1,0.2305
01_eve_sweep,10,58224902166832232371068406518488607907,5000,0.9,0.02,depolarizing,0.0,0.5,0.2,,0.11,0.95,5000,2548,509,2039,641,138,0.25156985871271587,0.27111984282907664,0.23432228469354424,0.31134627233810497,0.07702398764456073,1.0,0.5096,0.4078,1,1,0.2305
01_eve_sweep,11,2032835897084047737999840290060162461,5000,0.9,0.02,depolarizing,0.0,0.5,0.2,,0.11,0.95,5000,2498,499,1999,596,122,0.23859087269815854,0.24448897795591182,0.20882534316937784,0.2840565671686294,0.07523122399925158,1.0,0.4996,0.3998,1,1,0.2305
01_eve_sweep,12,331758489795641587398730801641397224353,5000,0.9,0.02,depolarizing,0.0,0.5,0.2,,0.11,0.95,5000,2514,502,2012,563,108,0.2239459029435163,0.2151394422310757,0.18142803628125226,0.25317742158933604,0.07174938530808378,1.0,0.5028,0.4024,1,1,0.2305
01_eve_sweep,13,121748015171906679150370422893190985697,5000,0.9,0.02,depolarizing,0.0,0.5,0.2,,0.11,0.95,5000,2395,479,1916,555,121,0.23173277661795408,0.25260960334029225,0.21577138630024534,0.29338426785825295,0.07761288155800761,1.0,0.479,0.3832,1,1,0.2305
01_eve_sweep,14,107022508049133215612590561122422099476,5000,0.9,0.02,depolarizing,0.0,0.5,0.2,,0.11,0.95,5000,2530,506,2024,565,117,0.22332015810276679,0.23122529644268774,0.1965972337333311,0.26990358668021724,0.07330635294688614,1.0,0.506,0.4048,1,1,0.2305
01_eve_sweep,15,160124713251546206268481659734368616295,5000,0.9,0.02,depolarizing,0.0,0.5,0.2,,0.11,0.95,5000,2504,500,2004,590,122,0.2356230031948882,0.244,0.208398855460222,0.2835048068560928,0.07510595139587081,1.0,0.5008,0.4008,1,1,0.2305
01_eve_sweep,16,310370638236757788743436505871978188455,5000,0.9,0.02,depolarizing,0.0,0.5,0.2,,0.11,0.95,5000,2489,497,1992,540,105,0.21695460024106067,0.2112676056338028,0.17766339585336707,0.2493009759145288,0.07163758006116172,1.0,0.4978,0.3984,1,1,0.2305
01_eve_sweep,17,80122708785942985995726485858564499855,5000,0.9,0.02,depolarizing,0.0,0.5,0.2,,0.11,0.95,5000,2506,501,2005,555,114,0.2214684756584198,0.2275449101796407,0.19298803926652985,0.2662481323471764,0.07326009308064657,1.0,0.5012,0.401,1,1,0.2305
01_eve_sweep,18,236808325671057381898679068083084059487,5000,0.9,0.02,depolarizing,0.0,0.5,0.2,,0.11,0.95,5000,2530,506,2024,580,117,0.22924901185770752,0.23122529644268774,0.1965972337333311,0.26990358668021724,0.07330635294688614,1.0,0.506,0.4048,1,1,0.2305
01_eve_sweep,19,65474074864289711582095818233825526447,5000,0.9,0.02,depolarizing,0.0,0.5,0.2,,0.11,0.95,5000,2487,497,1990,586,124,0.23562525130679535,0.24949698189134809,0.21347249396699539,0.2893641909466146,0.0758916969796192,1.0,0.4974,0.398,1,1,0.2305
01_eve_sweep,20,290780873447264801260526824806265918585,5000,0.9,0.02,depolarizing,0.0,0.5,0.2,,0.11,0.95,5000,2510,502,2008,550,106,0.21912350597609562,0.21115537848605578,0.177715123689794,0.24898271820695636,0.07126759451716236,1.0,0.502,0.4016,1,1,0.2305
01_eve_sweep,21,209958535642606592745677420793496280091,5000,0.9,0.02,depolarizing,0.0,0.5,0.2,,0.11,0.95,5000,2470,494,1976,583,139,0.2360323886639676,0.2813765182186235,0.24352745235458012,0.32259948188735904,0.07907202953277892,1.0,0.494,0.3952,1,1,0.2305
01_eve_sweep,22,329660683201915053005409612828968540394,5000,0.9,0.02,depolarizing,0.0,0.5,0.2,,0.11,0.95,5000,2486,497,1989,559,110,0.2248592115848753,0.22132796780684105,0.18704516290659431,0.25988560705754216,0.07284044415094784,1.0,0.4972,0.3978,1,1,0.2305
01_eve_sweep,23,1249467236916446166286493309864005938,5000,0.9,0.02,depolarizing,0.0,0.5,0.2,,0.11,0.95,5000,2453,490,1963,534,104,0.21769262128006522,0.21224489795918366,0.178350311860831,0.2506162219060521,0.0722659100452211,1.0,0.4906,0.3926,1,1,0.2305
01_eve_sweep,24,335144423009447232488357218061492966120,5000,0.9,0.02,depolarizing,0.0,0.5,0.2,,0.11,0.95,5000,2442,488,1954,582,114,0.23832923832923833,0.2336065573770492,0.19823517457110287,0.2731391975214586,0.07490402295035573,1.0,0.4884,0.3908,1,1,0.2305
01_eve_sweep,25,75788907073604174341157326850661971723,5000,0.9,0.02,depolarizing,0.0,0.5,0.2,,0.11,0.95,5000,2521,504,2017,569,122,0.2257040856802856,0.24206349206349206,0.206710211452815,0.2813189845018238,0.07460877304900879,1.0,0.5042,0.4034,1,1,0.2305
01_eve_sweep,26,108561730975775356626775745775800252238,5000,0.9,0.02,depolarizing,0.0,0.5,0.2,,0.11,0.95,5000,2499,499,2000,584,134,0.2336934773909564,0.2685370741482966,0.23152756562858842,0.3090831060893711,0.0775555404607827,1.0,0.4998,0.4,1,1,0.2305
01_eve_sweep,27,102768558958845898245795719028749629027,5000,0.9,0.02,depolarizing,0.0,0.5,0.2,,0.11,0.95,5000,2526,505,2021,599,118,0.23713380839271575,0.23366336633663368,0.19885179765424849,0.2724963102152591,0.07364451256101062,1.0,0.5052,0.4042,1,1,0.2305
01_eve_sweep,28,19628027271737569540730661999524163749,5000,0.9,0.02,depolarizing,0.0,0.5,0.2,,0.11,0.95,5000,2448,489,1959,585,115,0.23897058823529413,0.23517382413087934,0.1997381859067099,0.27473784413395774,0.07499965822724786,1.0,0.4896,0.3918,1,1,0.2305
01_eve_sweep,29,239673713033737715135761949497244079446,5000,0.9,0.02,depolarizing,0.0,0.5,0.2,,0.11,0.95,5000,2527,505,2022,567,131,0.22437673130193905,0.2594059405940594,0.2230954915517807,0.2993490817281091,0.07625359017632838,1.0,0.5054,0.4044,1,1,0.2305
01_eve_sweep,0,211299958629084989872951735196082460774,5000,1.0,0.02,depolarizing,0.0,0.5,0.2,,0.11,0.95,5000,2558,511,2047,623,118,0.24354964816262706,0.2309197651663405,0.19646995940384798,0.269385023157346,0.07291506375349804,1.0,0.5116,0.4094,1,1,0.255
01_eve_sweep,1,120748842384912216974144184593274867148,5000,1.0,0.02,depolarizing,0.0,0.5,0.2,,0.11,0.95,5000,2484,496,1988,645,130,0.25966183574879226,0.2620967741935484,0.22532843123515198,0.30252185842107426,0.07719342718592229,1.0,0.4968,0.3976,1,1,0.255
01_eve_sweep,2,222469396728027149441772323962192334879,5000,1.0,0.02,depolarizing,0.0,0.5,0.2,,0.11,0.95,5000,2525,505,2020,626,114,0.24792079207920792,0.22574257425742575,0.19142904516321949,0.2641970733492474,0.07276802818602793,1.0,0.505,0.404,1,1,0.255
01_eve_sweep,3,310933058137530335724882395735750889966,5000,1.0,0.02,depolarizing,0.0,0.5,0.2,,0.11,0.95,5000,2475,495,1980,618,120,0.2496969696969697,0.24242424242424243,0.2067485689939068,0.28206697451997265,0.07531840552606583,1.0,0.495,0.396,1,1,0.255
01_eve_sweep,4,55141428752399157552463198154369415842,5000,1.0,0.02,depolarizing,0.0,0.5,0.2,,0.11,0.95,5000,2498,499,1999,605,118,0.2421937550040032,0.23647294589178355,0.20129218393544976,0.2756801392759068,0.07438795534045703,1.0,0.4996,0.3998,1,1,0.255
01_eve_sweep,5,253378602523514232481749637284697504169,5000,1.0,0.02,depolarizing,0.0,0.5,0.2,,0.11,0.95,5000,2500,500,2000,609,122,0.2436,0.244,0.208398855460222,0.2835048068560928,0.07510595139587081,1.0,0.5,0.4,1,1,0.255
01_eve_sweep,6,235938553587065660896305489595665294617,5000,1.0,0.02,depolarizing,0.0,0.5,0.2,,0.11,0.95,5000,2516,503,2013,648,131,0.2575516693163752,0.26043737574552683,0.22400223040165862,0.30050391287882056,0.07650168247716194,1.0,0.5032,0.4026,1,1,0.255
01_eve_sweep,7,165070606229684748377455402346953154661,5000,1.0,0.02,depolarizing,0.0,0.5,0.2,,0.11,0.95,5000,2514,502,2012,631,122,0.25099443118536197,0.24302788844621515,0.2075510932841808,0.28240767640327297,0.07485658311909216,1.0,0.5028,0.4024,1,1,0.255
01_eve_sweep,8,117789055145711801250931821198619470061,5000,1.0,0.02,depolarizing,0.0,0.5,0.2,,0.11,0.95,5000,2479,495,1984,641,139,0.25857200484066156,0.2808080808080808,0.24302381259568004,0.3219682381592682,0.07894442556358819,1.0,0.4958,0.3968,1,1,0.255
01_eve_sweep,9,254738434951887194357857480036338772235,5000,1.0,0.02,depolarizing,0.0,0.5,0.2,,0.11,0.95,5000,2500,500,2000,632,122,0.2528,0.244,0.208398855460222,0.2835048068560928,0.07510595139587081,1.0,0.5,0.4,1,1,0.255
01_eve_sweep,10,223333991753129740444181624933396167464,5000,1.0,0.02,depolarizing,0.0,0.5,0.2,,0.11,0.95,5000,2489,497,1992,637,122,0.25592607472880674,0.2454728370221328,0.20968358558009556,0.2851665400550182,0.07548295447492262,1.0,0.4978,0.3984,1,1,0.255
01_eve_sweep,11,153065290213011106513660249822237956244,5000,1.0,0.02,depolarizing,0.0,0.5,0.2,,0.11,0.95,5000,2465,493,1972,608,121,0.24665314401622718,0.24543610547667344,0.20951271895797027,0.28529594577026096,0.07578322681229069,1.0,0.493,0.3944,1,1,0.255
01_eve_sweep,12,5622414146545289334814726200129305196,5000,1.0,0.02,depolarizing,0.0,0.5,0.2,,0.11,0.95,5000,2455,491,1964,617,126,0.25132382892057026,0.25661914460285135,0.21997948358923106,0.29703754127852233,0.07705805768929128,1.0,0.491,0.3928,1,1,0.255
01_eve_sweep,13,50754136369790783093639312318478937493,5000,1.0,0.02,depolarizing,0.0,0.5,0.2,,0.11,0.95,5000,2492,498,1994,650,129,0.2608346709470305,0.25903614457831325,0.22250588757278322,0.29925542612180533,0.07674953854902211,1.0,0.4984,0.3988,1,1,0.255
01_eve_sweep,14,56753099021436620016601257032895820557,5000,1.0,0.02,depolarizing,0.0,0.5,0.2,,0.11,0.95,5000,2496,499,1997,617,120,0.24719551282051283,0.24048096192384769,0.20505654159332315,0.2798705751813587,0.07481403358803557,1.0,0.4992,0.3994,1,1,0.255
01_eve_sweep,15,331614031140732319387605810665493437861,5000,1.0,0.02,depolarizing,0.0,0.5,0.2,,0.11,0.95,5000,2477,495,1982,604,133,0.24384335890189746,0.2686868686868687,0.23152809783204265,0.30940821379414707,0.07788011596210442,1.0,0.4954,0.3964,1,1,0.255
01_eve_sweep,16,300656966633658844267007466837398831836,5000,1.0,0.02,depolarizing,0.0,0.5,0.2,,0.11,0.95,5000,2489,497,1992,643,130,0.25833668139815186,0.26156941649899396,0.22486490593219632,0.30193145681690237,0.07706655088470604,1.0,0.4978,0.3984,1,1,0.255
01_eve_sweep,17,126430401466526837999638653010436351582,5000,1.0,0.02,depolarizing,0.0,0.5,0.2,,0.11,0.95,5000,2501,500,2001,631,131,0.25229908036785287,0.262,0.22537626941723765,0.30225291664246134,0.0768766472252237,1.0,0.5002,0.4002,1,1,0.255
01_eve_sweep,18,183781008262667392518950346460287243111,5000,1.0,0.02,depolarizing,0.0,0.5,0.2,,0.11,0.95,5000,2495,499,1996,640,125,0.2565130260521042,0.250501002004008,0.21448671788357904,0.2903273827994162,0.07584066491583719,1.0,0.499,0.3992,1,1,0.255
01_eve_sweep,19,224499106485878211960337935514279607023,5000,1.0,0.02,depolarizing,0.0,0.5,0.2,,0.11,0.95,5000,2500,500,2000,620,137,0.248,0.274,0.2367406256658206,0.3147055762228011,0.0779649505569805,1.0,0.5,0.4,1,1,0.255
01_eve_sweep,20,255239906355862262288499261998635930684,5000,1.0,0.02,depolarizing,0.0,0.5,0.2,,0.11,0.95,5000,2511,502,2009,621,101,0.24731182795698925,0.20119521912350596,0.1684550362422374,0.23847376571991813,0.07001872947768073,1.0,0.5022,0.4018,1,1,0.255
01_eve_sweep,21,243870482293407068006210493917183844323,5000,1.0,0.02,depolarizing,0.0,0.5,0.2,,0.11,0.95,5000,2507,501,2006,616,127,0.24571200638213003,0.25349301397205587,0.2173760181783796,0.29336147042449745,0.07598545224611786,1.0,0.5014,0.4012,1,1,0.255
01_eve_sweep,22,337261618796359699765124829617389210776,5000,1.0,0.02,depolarizing,0.0,0.5,0.2,,0.11,0.95,5000,2512,502,2010,656,125,0.2611464968152866,0.24900398406374502,0.21317741367123905,0.2886427799769716,0.07546536630573253,1.0,0.5024,0.402,1,1,0.255
01_eve_sweep,23,120202673989846334396866839010750478919,5000,1.0,0.02,depolarizing,0.0,0.5,0.2,,0.11,0.95,5000,2413,482,1931,576,97,0.23870700372979695,0.2012448132780083,0.16787798317857622,0.23933604771315553,0.07145806453457931,1.0,0.4826,0.3862,1,1,0.255
01_eve_sweep,24,183112309281074285568591268006873568456,5000,1.0,0.02,depolarizing,0.0,0.5,0.2,,0.11,0.95,5000,2451,490,1961,613,134,0.25010199918400655,0.27346938775510204,0.2358790859692299,0.31458392997491214,0.07870484400568223,1.0,0.4902,0.3922,1,1,0.255
01_eve_sweep,25,14949727941832340086008915964872573800,5000,1.0,0.02,depolarizing,0.0,0.5,0.2,,0.11,0.95,5000,2545,509,2036,625,108,0.2455795677799607,0.21218074656188604,0.17888575763851922,0.24978757802788942,0.07090182038937021,1.0,0.509,0.4072,1,1,0.255
01_eve_sweep,26,141224416020488695820397740767561895926,5000,1.0,0.02,depolarizing,0.0,0.5,0.2,,0.11,0.95,5000,2486,497,1989,627,134,0.252212389380531,0.26961770623742454,0.2324806100174845,0.31028887128860666,0.07780826127112217,1.0,0.4972,0.3978,1,1,0.255
01_eve_sweep,27,278917654464712857218183537995503821212,5000,1.0,0.02,depolarizing,0.0,0.5,0.2,,0.11,0.95,5000,2456,491,1965,616,126,0.250814332247557,0.25661914460285135,0.21997948358923106,0.29703754127852233,0.07705805768929128,1.0,0.4912,0.393,1,1,0.255
01_eve_sweep,28,160971904122384148917352249901842545063,5000,1.0,0.02,depolarizing,0.0,0.5,0.2,,0.11,0.95,5000,2517,503,2014,650,138,0.25824394119984106,0.27435387673956263,0.2371819236856763,0.3149462693627419,0.07776434567706558,1.0,0.5034,0.4028,1,1,0.255
01_eve_sweep,29,64979068807374855681603179293191550460,5000,1.0,0.02,depolarizing,0.0,0.5,0.2,,0.11,0.95,5000,2547,509,2038,637,137,0.25009815469179425,0.2691552062868369,0.23245964024682558,0.30930907607264885,0.07684943582582326,1.0,0.5094,0.4076,1,1,0.255
01_eve_sweep,0,168887910578095070560781427113468876933,5000,0.0,0.06,depolarizing,0.0,0.5,0.2,,0.11,0.95,5000,2457,491,1966,87,12,0.03540903540903541,0.024439918533604887,0.01403490141383803,0.04222849027336189,0.02819358885952386,1.0,0.4914,0.3932,1,1,0.03
01_eve_sweep,1,268520142290496036514366115590287862386,5000,0.0,0.06,depolarizing,0.0,0.5,0.2,,0.11,0.95,5000,2470,494,1976,69,12,0.027935222672064778,0.024291497975708502,0.013949341861840733,0.04197500579423041,0.02802566393238968,1.0,0.494,0.3952,1,1,0.03
01_eve_sweep,2,279605008599579524080952638640175105913,5000,0.0,0.06,depolarizing,0.0,0.5,0.2,,0.11,0.95,5000,2532,506,2026,81,24,0.031990521327014215,0.04743083003952569,0.032077764228179984,0.06960376426228007,0.03752600003410009,1.0,0.5064,0.4052,1,1,0.03
01_eve_sweep,3,33110403716860314957820103673026535122,5000,0.0,0.06,depolarizing,0.0,0.5,0.2,,0.11,0.95,5000,2462,492,1970,69,12,0.028025995125913892,0.024390243902439025,0.01400626517915328,0.04214365598095313,0.028137390801799854,1.0,0.4924,0.394,1,1,0.03
01_eve_sweep,4,249039281628437545585989190382788381895,5000,0.0,0.06,depolarizing,0.0,0.5,0.2,,0.11,0.95,5000,2543,508,2035,68,11,0.026740070782540308,0.021653543307086614,0.012133192122328135,0.03835404054583831,0.026220848423510176,1.0,0.5086,0.407,1,1,0.03
01_eve_sweep,5,223796435388988313310789454376118914430,5000,0.0,0.06,depolarizing,0.0,0.5,0.2,,0.11,0.95,5000,2506,501,2005,74,11,0.029529130087789304,0.021956087824351298,0.012303314799259476,0.038883960669477934,0.02658064587021846,1.0,0.5012,0.401,1,1,0.03
01_eve_sweep,6,13006481382765175497723564229852348888,5000,0.0,0.06,depolarizing,0.0,0.5,0.2,,0.11,0.95,5000,2463,492,1971,79,11,0.03207470564352416,0.022357723577235773,0.01252918274310245,0.039587191071534335,0.027058008328431887,1.0,0.4926,0.3942,1,1,0.03
01_eve_sweep,7,34069688496074408728044961991256923389,5000,0.0,0.06,depolarizing,0.0,0.5,0.2,,0.11,0.95,5000,2561,512,2049,83,13,0.032409215150331905,0.025390625,0.014897398253755443,0.042952660733199644,0.0280552624794442,1.0,0.5122,0.4098,1,1,0.03
01_eve_sweep,8,14076710390330094222663062203951448512,5000,0.0,0.06,depolarizing,0.0,0.5,0.2,,0.11,0.95,5000,2507,501,2006,73,14,0.029118468288791385,0.027944111776447105,0.016717396132898313,0.04635479864103237,0.029637402508134056,1.0,0.5014,0.4012,1,1,0.03
01_eve_sweep,9,247978998499007009839440367848317391073,5000,0.0,0.06,depolarizing,0.0,0.5,0.2,,0.11,0.95,5000,2402,480,1922,88,23,0.03663613655287261,0.04791666666666667,0.03213878358090283,0.07087318017717764,0.03873439659627481,1.0,0.4804,0.3844,1,1,0.03
01_eve_sweep,10,132552019252715384039884839484732628949,5000,0.0,0.06,depolarizing,0.0,0.5,0.2,,0.11,0.95,5000,2556,511,2045,75,12,0.029342723004694836,0.023483365949119372,0.013483551265338374,0.040594181488485134,0.02711063022314676,1.0,0.5112,0.409,1,1,0.03
01_eve_sweep,11,65672303886342340909271963020578337914,5000,0.0,0.06,depolarizing,0.0,0.5,0.2,,0.11,0.95,5000,2487,497,1990,87,22,0.03498190591073583,0.04426559356136821,0.029411502765014978,0.06611065894528746,0.03669915618027249,1.0,0.4974,0.398,1,1,0.03
01_eve_sweep,12,243988446651996750283277134158599615134,5000,0.0,0.06,depolarizing,0.0,0.5,0.2,,0.11,0.95,5000,2491,498,1993,96,19,0.03853873946206343,0.03815261044176707,0.02455889049836874,0.05881696074959264,0.034258070251223904,1.0,0.4982,0.3986,1,1,0.03
01_eve_sweep,13,161496189468981248711596714951956920094,5000,0.0,0.06,depolarizing,0.0,0.5,0.2,,0.11,0.95,5000,2533,506,2027,64,8,0.025266482431898933,0.015810276679841896,0.008032603418164029,0.03088431570918406,0.02285171229102003,1.0,0.5066,0.4054,1,1,0.03
01_eve_sweep,14,188238127888952693382514329210064220212,5000,0.0,0.06,depolarizing,0.0,0.5,0.2,,0.11,0.95,5000,2447,489,1958,67,19,0.027380465876583573,0.03885480572597137,0.02501342134058497,0.05988499390397527,0.034871572563390296,1.0,0.4894,0.3916,1,1,0.03
01_eve_sweep,15,143708035301347047337533939421670271321,5000,0.0,0.06,depolarizing,0.0,0.5,0.2,,0.11,0.95,5000,2444,488,1956,90,16,0.036824877250409165,0.03278688524590164,0.020280575587629104,0.05259140008240179,0.03231082449477268,1.0,0.4888,0.3912,1,1,0.03
01_eve_sweep,16,93837488670752823567365738789094512518,5000,0.0,0.06,depolarizing,0.0,0.5,0.2,,0.11,0.95,5000,2483,496,1987,79,11,0.031816351188078934,0.02217741935483871,0.012427781417889801,0.03927152916283598,0.02684374774494618,1.0,0.4966,0.3974,1,1,0.03
01_eve_sweep,17,258099409786454337386570841140940203648,5000,0.0,0.06,depolarizing,0.0,0.5,0.2,,0.11,0.95,5000,2541,508,2033,80,11,0.03148366784730421,0.021653543307086614,0.012133192122328135,0.03835404054583831,0.026220848423510176,1.0,0.5082,0.4066,1,1,0.03
01_eve_sweep,18,105247696417614061589624707619714005361,5000,0.0,0.06,depolarizing,0.0,0.5,0.2,,0.11,0.95,5000,2477,495,1982,85,14,0.03431570448122729,0.028282828282828285,0.016920911626962416,0.046909907278848216,0.0299889956518858,1.0,0.4954,0.3964,1,1,0.03
01_eve_sweep,19,20796025226814736676835253213138394638,5000,0.0,0.06,depolarizing,0.0,0.5,0.2,,0.11,0.95,5000,2436,487,1949,74,10,0.030377668308702793,0.02053388090349076,0.01119109973142903,0.0373815267088397,0.02619042697741067,1.0,0.4872,0.3898,1,1,0.03
01_eve_sweep,20,12851164376378135017649540347844801775,5000,0.0,0.06,depolarizing,0.0,0.5,0.2,,0.11,0.95,5000,2504,500,2004,72,17,0.02875399361022364,0.034,0.021334519808532196,0.0537713655016345,0.032436845693102304,1.0,0.5008,0.4008,1,1,0.03
01_eve_sweep,21,67519525551267439767795782527826305579,5000,0.0,0.06,depolarizing,0.0,0.5,0.2,,0.11,0.95,5000,2500,500,2000,83,18,0.0332,0.036,0.022891060980292723,0.05618432696802775,0.03329326598773502,1.0,0.5,0.4,1,1,0.03
01_eve_sweep,22,315984827724835212741947512309861661279,5000,0.0,0.06,depolarizing,0.0,0.5,0.2,,0.11,0.95,5000,2521,504,2017,88,20,0.03490678302261008,0.03968253968253968,0.025832959215736823,0.06049606741100305,0.03466310819526623,1.0,0.5042,0.4034,1,1,0.03
01_eve_sweep,23,175363522324322763876416025414589217429,5000,0.0,0.06,depolarizing,0.0,0.5,0.2,,0.11,0.95,5000,2462,492,1970,81,17,0.03290008123476848,0.034552845528455285,0.021683190858997652,0.05463446702845691,0.032951276169459254,1.0,0.4924,0.394,1,1,0.03
01_eve_sweep,24,54026637035039966413542171368791506177,5000,0.0,0.06,depolarizing,0.0,0.5,0.2,,0.11,0.95,5000,2588,517,2071,79,14,0.030525502318392583,0.027079303675048357,0.01619787877634129,0.04493676840168976,0.02873888962534847,1.0,0.5176,0.4142,1,1,0.03
01_eve_sweep,25,323269683963026800098617942616404083245,5000,0.0,0.06,depolarizing,0.0,0.5,0.2,,0.11,0.95,5000,2523,504,2019,58,12,0.022988505747126436,0.023809523809523808,0.013671527512541139,0.04115160348063804,0.0274800759680969,1.0,0.5046,0.4038,1,1,0.03
01_eve_sweep,26,218303409539996036091844119022133367064,5000,0.0,0.06,depolarizing,0.0,0.5,0.2,,0.11,0.95,5000,2510,502,2008,75,17,0.029880478087649404,0.03386454183266932,0.0212490972009008,0.05355983386006191,0.03231073665916111,1.0,0.502,0.4016,1,1,0.03
01_eve_sweep,27,20242685005839182596374644004954894743,5000,0.0,0.06,depolarizing,0.0,0.5,0.2,,0.11,0.95,5000,2526,505,2021,70,16,0.027711797307996833,0.031683168316831684,0.019594630323835224,0.050842748941135316,0.03124811861730009,1.0,0.5052,0.4042,1,1,0.03
01_eve_sweep,28,72169285526678320078912288520329567942,5000,0.0,0.06,depolarizing,0.0,0.5,0.2,,0.11,0.95,5000,2491,498,1993,60,6,0.02408671216378964,0.012048192771084338,0.005533173411434259,0.02603348682010754,0.020500313408673282,1.0,0.4982,0.3986,1,1,0.03
01_eve_sweep,29,27783132506597748561244802139028992346,5000,0.0,0.06,depolarizing,0.0,0.5,0.2,,0.11,0.95,5000,2508,501,2007,76,12,0.030303030303030304,0.023952095808383235,0.013753702891983565,0.0413952123451516,0.02764150945316804,1.0,0.5016,0.4014,1,1,0.03
01_eve_sweep,0,210466859973028024024491357238578619865,5000,0.1,0.06,depolarizing,0.0,0.5,0.2,,0.11,0.95,5000,2437,487,1950,142,30,0.058268362741075094,0.061601642710472276,0.04348773062958411,0.08657760446676438,0.04308987383718027,1.0,0.4874,0.39,1,1,0.0535
01_eve_sweep,1,235950515981432552842911671406165820808,5000,0.1,0.06,depolarizing,0.0,0.5,0.2,,0.11,0.95,5000,2511,502,2009,140,28,0.05575467941059339,0.055776892430278883,0.03886900861334169,0.0794318103037296,0.04056280169038791,1.0,0.5022,0.4018,1,1,0.0535
01_eve_sweep,2,30935556962403947297438896700011816774,5000,0.1,0.06,depolarizing,0.0,0.5,0.2,,0.11,0.95,5000,2431,486,1945,114,20,0.04689428218839983,0.0411522633744856,0.026795332136310794,0.0627059912638023,0.03591065912749151,1.0,0.4862,0.389,1,1,0.0535
01_eve_sweep,3,180316023651183981412096650059507855459,5000,0.1,0.06,depolarizing,0.0,0.5,0.2,,0.11,0.95,5000,2448,489,1959,129,29,0.05269607843137255,0.05930470347648262,0.04160592435852961,0.08387349242729181,0.042267568068762196,1.0,0.4896,0.3918,1,1,0.0535
01_eve_sweep,4,70162904855531828016336695136783802483,5000,0.1,0.06,depolarizing,0.0,0.5,0.2,,0.11,0.95,5000,2513,502,2011,129,25,0.05133306804615997,0.049800796812749,0.0339570043317698,0.07248239062454462,0.03852538629277482,1.0,0.5026,0.4022,1,1,0.0535
01_eve_sweep,5,305021870165474207910930816651185126541,5000,0.1,0.06,depolarizing,0.0,0.5,0.2,,0.11,0.95,5000,2553,510,2043,136,36,0.053270661966314144,0.07058823529411765,0.05142060450194891,0.09617639748920248,0.04475579298725357,1.0,0.5106,0.4086,1,1,0.0535
01_eve_sweep,6,76221964520892831493381419362664736228,5000,0.1,0.06,depolarizing,0.0,0.5,0.2,,0.11,0.95,5000,2445,489,1956,119,25,0.04867075664621677,0.05112474437627812,0.034865953262215456,0.0743810629071015,0.03951510964488605,1.0,0.489,0.3912,1,1,0.0535
01_eve_sweep,7,304212031831315453477724363514561954155,5000,0.1,0.06,depolarizing,0.0,0.5,0.2,,0.11,0.95,5000,2516,503,2013,134,23,0.05325914149443561,0.04572564612326044,0.030659986581344657,0.06767738885093345,0.0370174022695888,1.0,0.5032,0.4026,1,1,0.0535
01_eve_sweep,8,112907622073995326158908185356659858642,5000,0.1,0.06,depolarizing,0.0,0.5,0.2,,0.11,0.95,5000,2495,499,1996,139,24,0.05571142284569138,0.04809619238476954,0.03253069256032636,0.07056633317473743,0.038035640614411066,1.0,0.499,0.3992,1,1,0.0535
01_eve_sweep,9,266587900718465791555021925419293652865,5000,0.1,0.06,depolarizing,0.0,0.5,0.2,,0.11,0.95,5000,2497,499,1998,137,30,0.05486583900680817,0.06012024048096192,0.04243387648425591,0.08452752994078401,0.0420936534565281,1.0,0.4994,0.3996,1,1,0.0535
01_eve_sweep,10,32879702680804045694801670637290601447,5000,0.1,0.06,depolarizing,0.0,0.5,0.2,,0.11,0.95,5000,2553,510,2043,129,24,0.05052878965922444,0.047058823529411764,0.03182456644459053,0.06906542195703491,0.03724085551244438,1.0,0.5106,0.4086,1,1,0.0535
01_eve_sweep,11,284752937303758038046127119516575066366,5000,0.1,0.06,depolarizing,0.0,0.5,0.2,,0.11,0.95,5000,2499,499,2000,121,29,0.04841936774709884,0.05811623246492986,0.04076587215181572,0.08221813749156152,0.0414522653397458,1.0,0.4998,0.4,1,1,0.0535
01_eve_sweep,12,265145687232811769853022080186619921218,5000,0.1,0.06,depolarizing,0.0,0.5,0.2,,0.11,0.95,5000,2469,493,1976,145,37,0.058728230052652895,0.07505070993914807,0.054937185713601025,0.10173544584468132,0.046798260131080294,1.0,0.4938,0.3952,1,1,0.0535
01_eve_sweep,13,166619069541827128998332861511266891571,5000,0.1,0.06,depolarizing,0.0,0.5,0.2,,0.11,0.95,5000,2514,502,2012,147,33,0.05847255369928401,0.06573705179282868,0.047188219056022426,0.09088163979564369,0.043693420739621264,1.0,0.5028,0.4024,1,1,0.0535
01_eve_sweep,14,15516460339643469990135626334496603845,5000,0.1,0.06,depolarizing,0.0,0.5,0.2,,0.11,0.95,5000,2498,499,1999,127,31,0.05084067253803042,0.06212424849699399,0.04410811974209669,0.08683068346460593,0.04272256372250924,1.0,0.4996,0.3998,1,1,0.0535
01_eve_sweep,15,63928534863495799118024597450930489892,5000,0.1,0.06,depolarizing,0.0,0.5,0.2,,0.11,0.95,5000,2423,484,1939,131,29,0.0540652084193149,0.05991735537190083,0.04203907022469945,0.08472641414021985,0.0426873439155204,1.0,0.4846,0.3878,1,1,0.0535
01_eve_sweep,16,114583140720402900319299941951491498797,5000,0.1,0.06,depolarizing,0.0,0.5,0.2,,0.11,0.95,5000,2399,479,1920,125,28,0.05210504376823676,0.05845511482254697,0.04074961874452776,0.08318642222190586,0.042436803477378104,1.0,0.4798,0.384,1,1,0.0535
01_eve_sweep,17,207452967758730979839722274893906305939,5000,0.1,0.06,depolarizing,0.0,0.5,0.2,,0.11,0.95,5000,2457,491,1966,148,35,0.060236060236060235,0.07128309572301425,0.05169831167821218,0.0975241463524327,0.04582583467422052,1.0,0.4914,0.3932,1,1,0.0535
01_eve_sweep,18,124237735297821760234870056737300221328,5000,0.1,0.06,depolarizing,0.0,0.5,0.2,,0.11,0.95,5000,2564,512,2052,132,31,0.0514820592823713,0.060546875,0.042979583313919045,0.08465936019252088,0.04167977687860183,1.0,0.5128,0.4104,1,1,0.0535
01_eve_sweep,19,332818066843317495713027983615623858305,5000,0.1,0.06,depolarizing,0.0,0.5,0.2,,0.11,0.95,5000,2497,499,1998,135,28,0.054064877853424106,0.056112224448897796,0.03910440099172223,0.07990221186999233,0.0407978108782701,1.0,0.4994,0.3996,1,1,0.0535
01_eve_sweep,20,159476371884946739919064873963360274577,5000,0.1,0.06,depolarizing,0.0,0.5,0.2,,0.11,0.95,5000,2471,494,1977,121,30,0.04896802913800081,0.06072874493927125,0.04286671105317186,0.08536981422924278,0.04250310317607092,1.0,0.4942,0.3954,1,1,0.0535
01_eve_sweep,21,26187535249963103656642110461216797522,5000,0.1,0.06,depolarizing,0.0,0.5,0.2,,0.11,0.95,5000,2479,495,1984,126,24,0.050826946349334406,0.048484848484848485,0.032795298559394837,0.07112841889434683,0.038333120334951995,1.0,0.4958,0.3968,1,1,0.0535
01_eve_sweep,22,170264554989432305763406273015002785246,5000,0.1,0.06,depolarizing,0.0,0.5,0.2,,0.11,0.95,5000,2562,512,2050,139,28,0.05425448868071819,0.0546875,0.03810443399268586,0.07790302876050657,0.039798594767820716,1.0,0.5124,0.41,1,1,0.0535
01_eve_sweep,23,202444919190119854841904090084894470011,5000,0.1,0.06,depolarizing,0.0,0.5,0.2,,0.11,0.95,5000,2433,486,1947,127,26,0.05219893136046034,0.053497942386831275,0.0367668632442516,0.0772321823962172,0.04046531915196559,1.0,0.4866,0.3894,1,1,0.0535
01_eve_sweep,24,9674570804993318137369016574772857919,5000,0.1,0.06,depolarizing,0.0,0.5,0.2,,0.11,0.95,5000,2412,482,1930,118,27,0.04892205638474295,0.056016597510373446,0.03878038165170215,0.08027380314573244,0.04149342149403029,1.0,0.4824,0.386,1,1,0.0535
01_eve_sweep,25,287243043384397377264880245893750122280,5000,0.1,0.06,depolarizing,0.0,0.5,0.2,,0.11,0.95,5000,2493,498,1995,137,23,0.05495387083834737,0.04618473895582329,0.030969769947003845,0.06834737084447123,0.03737760089746739,1.0,0.4986,0.399,1,1,0.0535
01_eve_sweep,26,308706782311321871621760104238076002710,5000,0.1,0.06,depolarizing,0.0,0.5,0.2,,0.11,0.95,5000,2516,503,2013,157,32,0.062400635930047695,0.0636182902584493,0.045421293467708804,0.08843014595191938,0.043008852484210575,1.0,0.5032,0.4026,1,1,0.0535
01_eve_sweep,27,216783974495559905210741121587804359240,5000,0.1,0.06,depolarizing,0.0,0.5,0.2,,0.11,0.95,5000,2508,501,2007,150,35,0.05980861244019139,0.06986027944111776,0.050657557255233215,0.09560907265505034,0.04495151539981712,1.0,0.5016,0.4014,1,1,0.0535
01_eve_sweep,28,192316453731107928769074356383068330323,5000,0.1,0.06,depolarizing,0.0,0.5,0.2,,0.11,0.95,5000,2457,491,1966,121,24,0.04924704924704925,0.048879837067209775,0.03306424484260783,0.07169952928465034,0.03863528444204251,1.0,0.4914,0.3932,1,1,0.0535
01_eve_sweep,29,228662894298072730566555733871223853582,5000,0.1,0.06,depolarizing,0.0,0.5,0.2,,0.11,0.95,5000,2541,508,2033,128,29,0.050373868555686735,0.05708661417322835,0.04003831426430639,0.08078319746547737,0.04074488320117098,1.0,0.5082,0.4066,1,1,0.0535
01_eve_sweep,0,48162097896544187504795469642370605216,5000,0.2,0.06,depolarizing,0.0,0.5,0.2,,0.11,0.95,5000,2524,504,2020,211,47,0.08359746434231378,0.09325396825396826,0.07085356851142999,0.12180785587857723,0.050954287367147244,1.0,0.5048,0.404,1,1,0.077
01_eve_sweep,1,279860679700271849483723537851637558223,5000,0.2,0.06,depolarizing,0.0,0.5,0.2,,0.11,0.95,5000,2503,500,2003,204,41,0.0815021973631642,0.082,0.06101908946846895,0.10935485915738874,0.04833576968891979,1.0,0.5006,0.4006,1,1,0.077
01_eve_sweep,2,331653927891242427069989325206625598563,5000,0.2,0.06,depolarizing,0.0,0.5,0.2,,0.11,0.95,5000,2500,500,2000,193,33,0.0772,0.066,0.04737852635977388,0.0912394011608535,0.04386087480107961,1.0,0.5,0.4,1,1,0.077
01_eve_sweep,3,305332745082724065042798099537760216599,5000,0.2,0.06,depolarizing,0.0,0.5,0.2,,0.11,0.95,5000,2490,498,1992,195,35,0.0783132530120482,0.07028112449799197,0.05096535629261163,0.09617565312940458,0.04521029683679295,1.0,0.498,0.3984,1,1,0.077
01_eve_sweep,4,25695217764434361278762168289261987054,5000,0.2,0.06,depolarizing,0.0,0.5,0.2,,0.11,0.95,5000,2482,496,1986,200,46,0.08058017727639001,0.09274193548387097,0.0702506008361036,0.12149311535506352,0.05124251451895992,1.0,0.4964,0.3972,1,1,0.077
01_eve_sweep,5,183322684875653767807263665570864240468,5000,0.2,0.06,depolarizing,0.0,0.5,0.2,,0.11,0.95,5000,2515,503,2012,205,41,0.08151093439363817,0.08151093439363817,0.06065167723654176,0.10871382617043653,0.048062148933894766,1.0,0.503,0.4024,1,1,0.077
01_eve_sweep,6,338064820337580201375626256156564753497,5000,0.2,0.06,depolarizing,0.0,0.5,0.2,,0.11,0.95,5000,2465,493,1972,185,43,0.07505070993914807,0.0872210953346856,0.06539783174361147,0.11542737361252436,0.0500295418689129,1.0,0.493,0.3944,1,1,0.077
01_eve_sweep,7,134075637533435253603578817902092334553,5000,0.2,0.06,depolarizing,0.0,0.5,0.2,,0.11,0.95,5000,2538,507,2031,192,39,0.07565011820330969,0.07692307692307693,0.056779105727573886,0.10343001083400996,0.046650905106436075,1.0,0.5076,0.4062,1,1,0.077
01_eve_sweep,8,317556421404532269919369301088238552141,5000,0.2,0.06,depolarizing,0.0,0.5,0.2,,0.11,0.95,5000,2482,496,1986,183,32,0.07373086220789686,0.06451612903225806,0.04606752499185836,0.08965842895513222,0.043590903963273864,1.0,0.4964,0.3972,1,1,0.077
01_eve_sweep,9,286142321084440553153860577973907879018,5000,0.2,0.06,depolarizing,0.0,0.5,0.2,,0.11,0.95,5000,2501,500,2001,190,26,0.07596961215513795,0.052,0.035730265115705276,0.07510114393784553,0.03937087882214026,1.0,0.5002,0.4002,1,1,0.077
01_eve_sweep,10,17766982457464345616320735992398071111,5000,0.2,0.06,depolarizing,0.0,0.5,0.2,,0.11,0.95,5000,2518,503,2015,189,36,0.07505957108816522,0.07157057654075547,0.052142433698699364,0.09749303415975108,0.045350600461051715,1.0,0.5036,0.403,1,1,0.077
01_eve_sweep,11,242366935469402948191068220212497119327,5000,0.2,0.06,depolarizing,0.0,0.5,0.2,,0.11,0.95,5000,2484,496,1988,185,40,0.07447665056360708,0.08064516129032258,0.059780900037887635,0.10795520376291812,0.04817430372503048,1.0,0.4968,0.3976,1,1,0.077
01_eve_sweep,12,105145955956505962233604733467862970896,5000,0.2,0.06,depolarizing,0.0,0.5,0.2,,0.11,0.95,5000,2509,501,2008,195,30,0.07772020725388601,0.059880239520958084,0.04226318053340136,0.0841952505348934,0.041932070001492044,1.0,0.5018,0.4016,1,1,0.077
01_eve_sweep,13,305874442161182960279092784257143927265,5000,0.2,0.06,depolarizing,0.0,0.5,0.2,,0.11,0.95,5000,2479,495,1984,189,39,0.07624041952400161,0.07878787878787878,0.05816848156793671,0.10589458370770144,0.04772610213976473,1.0,0.4958,0.3968,1,1,0.077
01_eve_sweep,14,147893702135474584031061022261533657570,5000,0.2,0.06,depolarizing,0.0,0.5,0.2,,0.11,0.95,5000,2499,499,2000,204,46,0.08163265306122448,0.09218436873747494,0.06982383029064766,0.12077592464099525,0.05095209435034759,1.0,0.4998,0.4,1,1,0.077
01_eve_sweep,15,88151911316172603265354528967437309971,5000,0.2,0.06,depolarizing,0.0,0.5,0.2,,0.11,0.95,5000,2518,503,2015,192,49,0.07625099285146943,0.09741550695825049,0.07447220422022258,0.12646135606440023,0.051989151844177656,1.0,0.5036,0.403,1,1,0.077
01_eve_sweep,16,295221557886487285082956700484795067808,5000,0.2,0.06,depolarizing,0.0,0.5,0.2,,0.11,0.95,5000,2549,509,2040,185,37,0.07257748136524127,0.07269155206286837,0.05319511236746728,0.09858953273453878,0.0453944203670715,1.0,0.5098,0.408,1,1,0.077
01_eve_sweep,17,21752053444499535508969196495897727367,5000,0.2,0.06,depolarizing,0.0,0.5,0.2,,0.11,0.95,5000,2463,492,1971,203,46,0.08241981323589119,0.09349593495934959,0.07082781228011921,0.12246271862595466,0.05163490634583545,1.0,0.4926,0.3942,1,1,0.077
01_eve_sweep,18,226301109538653482994735665970076385720,5000,0.2,0.06,depolarizing,0.0,0.5,0.2,,0.11,0.95,5000,2498,499,1999,208,48,0.08326661329063251,0.09619238476953908,0.0733217271805774,0.1252328213143909,0.05191109413381349,1.0,0.4996,0.3998,1,1,0.077
01_eve_sweep,19,118047755499998124439223963913127730045,5000,0.2,0.06,depolarizing,0.0,0.5,0.2,,0.11,0.95,5000,2535,507,2028,169,24,0.06666666666666667,0.047337278106508875,0.03201408779346493,0.06946839356263527,0.037454305769170346,1.0,0.507,0.4056,1,1,0.077
01_eve_sweep,20,62176282668924224902941346483258720970,5000,0.2,0.06,depolarizing,0.0,0.5,0.2,,0.11,0.95,5000,2529,505,2024,179,41,0.07077896401739818,0.08118811881188119,0.0604091845107633,0.10829062823571142,0.047881443724948125,1.0,0.5058,0.4048,1,1,0.077
01_eve_sweep,21,74737140513732080451846156930523930290,5000,0.2,0.06,depolarizing,0.0,0.5,0.2,,0.11,0.95,5000,2498,499,1999,198,37,0.07926341072858287,0.07414829659318638,0.054270696899070305,0.10053248699760844,0.04626179009853814,1.0,0.4996,0.3998,1,1,0.077
01_eve_sweep,22,305357329607225916635290527671606192014,5000,0.2,0.06,depolarizing,0.0,0.5,0.2,,0.11,0.95,5000,2559,511,2048,189,39,0.0738569753810082,0.07632093933463796,0.05633061579899784,0.10263377492462758,0.04630315912562974,1.0,0.5118,0.4096,1,1,0.077
01_eve_sweep,23,196014545671169742790287222220198866213,5000,0.2,0.06,depolarizing,0.0,0.5,0.2,,0.11,0.95,5000,2540,508,2032,184,41,0.07244094488188976,0.08070866141732283,0.0600490601490557,0.10766197095513957,0.047612910806083875,1.0,0.508,0.4064,1,1,0.077
01_eve_sweep,24,223083369962611806213504149924816896740,5000,0.2,0.06,depolarizing,0.0,0.5,0.2,,0.11,0.95,5000,2457,491,1966,215,42,0.08750508750508751,0.0855397148676171,0.06390570775927787,0.11360864002806767,0.0497029322687898,1.0,0.4914,0.3932,1,1,0.077
01_eve_sweep,25,70273965616476075745612800546553756386,5000,0.2,0.06,depolarizing,0.0,0.5,0.2,,0.11,0.95,5000,2495,499,1996,203,31,0.0813627254509018,0.06212424849699399,0.04410811974209669,0.08683068346460593,0.04272256372250924,1.0,0.499,0.3992,1,1,0.077
01_eve_sweep,26,148466138269515551140272739077833135986,5000,0.2,0.06,depolarizing,0.0,0.5,0.2,,0.11,0.95,5000,2503,500,2003,229,43,0.09149021174590491,0.086,0.06447314240360773,0.11383981149855753,0.0493666690949498,1.0,0.5006,0.4006,1,1,0.077
01_eve_sweep,27,263124911696993209942398717627226668169,5000,0.2,0.06,depolarizing,0.0,0.5,0.2,,0.11,0.95,5000,2524,504,2020,189,37,0.07488114104595879,0.07341269841269842,0.05372752117073139,0.09955153367732496,0.04582401250659357,1.0,0.5048,0.404,1,1,0.077
01_eve_sweep,28,331860915033869101129281309808151615026,5000,0.2,0.06,depolarizing,0.0,0.5,0.2,,0.11,0.95,5000,2516,503,2013,232,45,0.09220985691573927,0.08946322067594434,0.0675331819737966,0.11761634987200395,0.050083167898207354,1.0,0.5032,0.4026,1,1,0.077
01_eve_sweep,29,258560181200025752975729404533097437743,5000,0.2,0.06,depolarizing,0.0,0.5,0.2,,0.11,0.95,5000,2475,495,1980,202,40,0.08161616161616161,0.08080808080808081,0.05990282370816414,0.10816953142226715,0.04826670771410301,1.0,0.495,0.396,1,1,0.077
01_eve_sweep,0,295791654055975592732374793852067374707,5000,0.30000000000000004,0.06,depolarizing,0.0,0.5,0.2,,0.11,0.95,5000,2523,504,2019,271,57,0.10741181133571145,0.1130952380952381,0.08832173515607736,0.14372205877588073,0.05540032361980338,1.0,0.5046,0.4038,1,1,0.1005
01_eve_sweep,1,113557703522307725753759264320037592990,5000,0.30000000000000004,0.06,depolarizing,0.0,0.5,0.2,,0.11,0.95,5000,2536,507,2029,267,57,0.10528391167192429,0.11242603550295859,0.0877928578624221,0.14288822094574213,0.05509536308332004,1.0,0.5072,0.4058,1,1,0.1005
01_eve_sweep,2,258177756282454676089325136980061706594,5000,0.30000000000000004,0.06,depolarizing,0.0,0.5,0.2,,0.11,0.95,5000,2509,501,2008,257,50,0.10243124750896772,0.0998003992015968,0.07652282083705872,0.12916840559919116,0.052645584762132436,1.0,0.5018,0.4016,1,1,0.1005
01_eve_sweep,3,327950015120016971881219890402285555498,5000,0.30000000000000004,0.06,depolarizing,0.0,0.5,0.2,,0.11,0.95,5000,2517,503,2014,222,49,0.08820023837902265,0.09741550695825049,0.07447220422022258,0.12646135606440023,0.051989151844177656,1.0,0.5034,0.4028,1,1,0.1005
01_eve_sweep,4,306910514104612786903175880019272734710,5000,0.30000000000000004,0.06,depolarizing,0.0,0.5,0.2,,0.11,0.95,5000,2550,510,2040,246,63,0.09647058823529411,0.12352941176470589,0.09775468282185602,0.15493309974572883,0.05717841692387281,1.0,0.51,0.408,1,1,0.1005
01_eve_sweep,5,199831466882397666913633649829394511745,5000,0.30000000000000004,0.06,depolarizing,0.0,0.5,0.2,,0.11,0.95,5000,2404,480,1924,253,52,0.10524126455906822,0.10833333333333334,0.08357536561240668,0.13931057533929436,0.05573520972688768,1.0,0.4808,0.3848,1,1,0.1005
01_eve_sweep,6,119992093023085216860384390313974101019,5000,0.30000000000000004,0.06,depolarizing,0.0,0.5,0.2,,0.11,0.95,5000,2561,512,2049,247,45,0.09644670050761421,0.087890625,0.06633416349299745,0.11558502352859731,0.049250860035599864,1.0,0.5122,0.4098,1,1,0.1005
01_eve_sweep,7,257914953213145849945044949008763861991,5000,0.30000000000000004,0.06,depolarizing,0.0,0.5,0.2,,0.11,0.95,5000,2466,493,1973,232,51,0.09407948094079481,0.10344827586206896,0.07956072773591379,0.13346790935069336,0.05390718161477957,1.0,0.4932,0.3946,1,1,0.1005
01_eve_sweep,8,306319905252300525640050150257381174874,5000,0.30000000000000004,0.06,depolarizing,0.0,0.5,0.2,,0.11,0.95,5000,2484,496,1988,230,41,0.09259259259259259,0.08266129032258064,0.06151595465131837,0.11022141788121426,0.048705463229895885,1.0,0.4968,0.3976,1,1,0.1005
01_eve_sweep,9,245490548349883819384825325759281453256,5000,0.30000000000000004,0.06,depolarizing,0.0,0.5,0.2,,0.11,0.95,5000,2514,502,2012,262,55,0.10421638822593476,0.10956175298804781,0.08514678948947274,0.13990684507441054,0.054760055584937795,1.0,0.5028,0.4024,1,1,0.1005
01_eve_sweep,10,116896044315047263659365731993719654224,5000,0.30000000000000004,0.06,depolarizing,0.0,0.5,0.2,,0.11,0.95,5000,2448,489,1959,272,63,0.1111111111111111,0.12883435582822086,0.10200881151644117,0.1614460105096683,0.059437198993227136,1.0,0.4896,0.3918,1,1,0.1005
01_eve_sweep,11,270058270917517939730406645604315879727,5000,0.30000000000000004,0.06,depolarizing,0.0,0.5,0.2,,0.11,0.95,5000,2460,492,1968,253,41,0.10284552845528455,0.08333333333333333,0.062020979729048804,0.1111018144496769,0.049080834720628096,1.0,0.492,0.3936,1,1,0.1005
01_eve_sweep,12,175250775248931731614889707756153068245,5000,0.30000000000000004,0.06,depolarizing,0.0,0.5,0.2,,0.11,0.95,5000,2486,497,1989,252,54,0.10136765888978279,0.10865191146881288,0.08423413158103099,0.1390729785852111,0.0548388470041801,1.0,0.4972,0.3978,1,1,0.1005
01_eve_sweep,13,210521194128418542077290874916204987297,5000,0.30000000000000004,0.06,depolarizing,0.0,0.5,0.2,,0.11,0.95,5000,2509,501,2008,240,52,0.09565563969709047,0.10379241516966067,0.0800323180458281,0.13358218792721727,0.05354986988138917,1.0,0.5018,0.4016,1,1,0.1005
01_eve_sweep,14,18051417887225038065256325149293267652,5000,0.30000000000000004,0.06,depolarizing,0.0,0.5,0.2,,0.11,0.95,5000,2495,499,1996,251,58,0.10060120240480962,0.11623246492985972,0.09099789354025022,0.147330622771345,0.056332729231094794,1.0,0.499,0.3992,1,1,0.1005
01_eve_sweep,15,202773203438087750569378514359626686229,5000,0.30000000000000004,0.06,depolarizing,0.0,0.5,0.2,,0.11,0.95,5000,2472,494,1978,243,50,0.0983009708737864,0.10121457489878542,0.07761932196009072,0.13096406735159447,0.053344745391503745,1.0,0.4944,0.3956,1,1,0.1005
01_eve_sweep,16,144499497159848264808168184235032444544,5000,0.30000000000000004,0.06,depolarizing,0.0,0.5,0.2,,0.11,0.95,5000,2503,500,2003,247,48,0.09868158210147823,0.096,0.07317350466541905,0.1249869624275152,0.05181345776209614,1.0,0.5006,0.4006,1,1,0.1005
01_eve_sweep,17,159602200426964145966314391938623620191,5000,0.30000000000000004,0.06,depolarizing,0.0,0.5,0.2,,0.11,0.95,5000,2527,505,2022,252,52,0.0997229916897507,0.10297029702970296,0.07939124892880502,0.1325440345495315,0.05315278562072649,1.0,0.5054,0.4044,1,1,0.1005
01_eve_sweep,18,211514532886216273200037604878522916950,5000,0.30000000000000004,0.06,depolarizing,0.0,0.5,0.2,,0.11,0.95,5000,2442,488,1954,246,61,0.10073710073710074,0.125,0.09855480653175896,0.15730296341392375,0.05874815688216478,1.0,0.4884,0.3908,1,1,0.1005
01_eve_sweep,19,141748831375772055992319010419121378453,5000,0.30000000000000004,0.06,depolarizing,0.0,0.5,0.2,,0.11,0.95,5000,2531,506,2025,259,54,0.10233109442907941,0.1067193675889328,0.08271857156316906,0.13664659948312594,0.05392802791995688,1.0,0.5062,0.405,1,1,0.1005
01_eve_sweep,20,296238631317589355836147789133974927571,5000,0.30000000000000004,0.06,depolarizing,0.0,0.5,0.2,,0.11,0.95,5000,2496,499,1997,235,49,0.09415064102564102,0.09819639278557114,0.0750757109596538,0.12745623431697717,0.052380523357323364,1.0,0.4992,0.3994,1,1,0.1005
01_eve_sweep,21,252211001352711115382401209399352465217,5000,0.30000000000000004,0.06,depolarizing,0.0,0.5,0.2,,0.11,0.95,5000,2534,506,2028,269,50,0.10615627466456196,0.09881422924901186,0.07575838888941175,0.12791562981610524,0.05215724092669349,1.0,0.5068,0.4056,1,1,0.1005
01_eve_sweep,22,148861580287313658773621709328208682022,5000,0.30000000000000004,0.06,depolarizing,0.0,0.5,0.2,,0.11,0.95,5000,2531,506,2025,229,52,0.09047807190833662,0.10276679841897234,0.07923258363896757,0.13228701123693845,0.05305442759797088,1.0,0.5062,0.405,1,1,0.1005
01_eve_sweep,23,74893646674702233004339305864695840434,5000,0.30000000000000004,0.06,depolarizing,0.0,0.5,0.2,,0.11,0.95,5000,2496,499,1997,280,48,0.11217948717948718,0.09619238476953908,0.0733217271805774,0.1252328213143909,0.05191109413381349,1.0,0.4992,0.3994,1,1,0.1005
01_eve_sweep,24,214467137500917003021232423053282992567,5000,0.30000000000000004,0.06,depolarizing,0.0,0.5,0.2,,0.11,0.95,5000,2496,499,1997,252,51,0.10096153846153846,0.10220440881763528,0.07859330570629272,0.13189343313366367,0.05330012742737095,1.0,0.4992,0.3994,1,1,0.1005
01_eve_sweep,25,79606669043391915376874567358415558787,5000,0.30000000000000004,0.06,depolarizing,0.0,0.5,0.2,,0.11,0.95,5000,2492,498,1994,261,54,0.10473515248796147,0.10843373493975904,0.08406299814883866,0.1387991366048677,0.05473613845602904,1.0,0.4984,0.3988,1,1,0.1005
01_eve_sweep,26,138418110677785584004733120724341286816,5000,0.30000000000000004,0.06,depolarizing,0.0,0.5,0.2,,0.11,0.95,5000,2565,513,2052,264,58,0.10292397660818714,0.11306042884990253,0.08848474653402613,0.1433880198151422,0.05490327328111608,1.0,0.513,0.4104,1,1,0.1005
01_eve_sweep,27,168106452591757191116944411493117659615,5000,0.30000000000000004,0.06,depolarizing,0.0,0.5,0.2,,0.11,0.95,5000,2572,514,2058,239,45,0.09292379471228616,0.08754863813229571,0.06607347546384869,0.11514310583190905,0.04906963036806036,1.0,0.5144,0.4116,1,1,0.1005
01_eve_sweep,28,316709463246157962757399855616513898621,5000,0.30000000000000004,0.06,depolarizing,0.0,0.5,0.2,,0.11,0.95,5000,2531,506,2025,256,52,0.10114579217700513,0.10276679841897234,0.07923258363896757,0.13228701123693845,0.05305442759797088,1.0,0.5062,0.405,1,1,0.1005
01_eve_sweep,29,99629493315840430715058824001413445615,5000,0.30000000000000004,0.06,depolarizing,0.0,0.5,0.2,,0.11,0.95,5000,2503,500,2003,241,59,0.09628445864962046,0.118,0.09259300825150649,0.14923198786111944,0.05663897960961295,1.0,0.5006,0.4006,1,1,0.1005
01_eve_sweep,0,186213724859527343457802684383131985559,5000,0.4,0.06,depolarizing,0.0,0.5,0.2,,0.11,0.95,5000,2522,504,2018,291,52,0.11538461538461539,0.10317460317460317,0.07955055115459314,0.1328020580063895,0.05325150685179636,1.0,0.5044,0.4036,1,1,0.124
01_eve_sweep,1,320545626744308215601737933489026821480,5000,0.4,0.06,depolarizing,0.0,0.5,0.2,,0.11,0.95,5000,2501,500,2001,301,64,0.12035185925629747,0.128,0.10152682399523653,0.16014568530815834,0.05861886131292181,1.0,0.5002,0.4002,1,1,0.124
01_eve_sweep,2,244193862893597446522047551887355121641,5000,0.4,0.06,depolarizing,0.0,0.5,0.2,,0.11,0.95,5000,2512,502,2010,290,54,0.11544585987261147,0.10756972111553785,0.08338536431992875,0.13771446225703557,0.054329097937106816,1.0,0.5024,0.402,1,1,0.124
01_eve_sweep,3,27840183360213523268369198101141317272,5000,0.4,0.06,depolarizing,0.0,0.5,0.2,,0.11,0.95,5000,2470,494,1976,308,58,0.12469635627530365,0.11740890688259109,0.09193041114331575,0.14879172378007766,0.056861312636761904,1.0,0.494,0.3952,1,1,0.124
01_eve_sweep,4,191151325357014684228246026953962626408,5000,0.4,0.06,depolarizing,0.0,0.5,0.2,,0.11,0.95,5000,2519,503,2016,292,60,0.11591901548233426,0.11928429423459244,0.0938049723265266,0.15053466616485744,0.05672969383833085,1.0,0.5038,0.4032,1,1,0.124
01_eve_sweep,5,34866494218111916308306396524828993897,5000,0.4,0.06,depolarizing,0.0,0.5,0.2,,0.11,0.95,5000,2520,504,2016,334,68,0.13253968253968254,0.1349206349206349,0.10784082583830627,0.1675235745897978,0.05968274875149153,1.0,0.504,0.4032,1,1,0.124
01_eve_sweep,6,291519275603227224536494660550349514511,5000,0.4,0.06,depolarizing,0.0,0.5,0.2,,0.11,0.95,5000,2478,495,1983,306,55,0.1234866828087167,0.1111111111111111,0.086365313423437,0.14184638952889078,0.055481076105453775,1.0,0.4956,0.3966,1,1,0.124
01_eve_sweep,7,151248022875484218649998915906823062182,5000,0.4,0.06,depolarizing,0.0,0.5,0.2,,0.11,0.95,5000,2510,502,2008,329,72,0.1310756972111554,0.14342629482071714,0.11546956393305531,0.17679880640845036,0.06132924247539505,1.0,0.502,0.4016,1,1,0.124
01_eve_sweep,8,138903107749820390299102727227578760245,5000,0.4,0.06,depolarizing,0.0,0.5,0.2,,0.11,0.95,5000,2469,493,1976,311,66,0.12596192790603483,0.13387423935091278,0.10662969938409803,0.16678037219714284,0.060150672813044814,1.0,0.4938,0.3952,1,1,0.124
01_eve_sweep,9,58351054905205950775860746767474721754,5000,0.4,0.06,depolarizing,0.0,0.5,0.2,,0.11,0.95,5000,2514,502,2012,315,59,0.12529832935560858,0.11752988047808766,0.0922195329434986,0.14864933356806054,0.05642980062456193,1.0,0.5028,0.4024,1,1,0.124
01_eve_sweep,10,99098850273344549973114420706070928730,5000,0.4,0.06,depolarizing,0.0,0.5,0.2,,0.11,0.95,5000,2508,501,2007,303,68,0.12081339712918661,0.13572854291417166,0.10849546101139006,0.1685052812560195,0.06000982024462943,1.0,0.5016,0.4014,1,1,0.124
01_eve_sweep,11,59061928405367866131145345463857905308,5000,0.4,0.06,depolarizing,0.0,0.5,0.2,,0.11,0.95,5000,2490,498,1992,296,64,0.11887550200803212,0.1285140562248996,0.10193996921211684,0.16077538940037378,0.05883542018825694,1.0,0.498,0.3984,1,1,0.124
01_eve_sweep,12,144134888069645805231866568495829197183,5000,0.4,0.06,depolarizing,0.0,0.5,0.2,,0.11,0.95,5000,2459,491,1968,304,64,0.123627490849939,0.13034623217922606,0.10341285222539272,0.16301886336872626,0.05960601114333354,1.0,0.4918,0.3936,1,1,0.124
01_eve_sweep,13,171521152946131510802972489240898927475,5000,0.4,0.06,depolarizing,0.0,0.5,0.2,,0.11,0.95,5000,2468,493,1975,293,70,0.11871961102106969,0.14198782961460446,0.11394028905896585,0.17557149838751068,0.061631209328544836,1.0,0.4936,0.395,1,1,0.124
01_eve_sweep,14,26938897530583686746908382188049836783,5000,0.4,0.06,depolarizing,0.0,0.5,0.2,,0.11,0.95,5000,2451,490,1961,291,69,0.11872705018359853,0.14081632653061224,0.11280557652946999,0.1744150613639444,0.061609484834474426,1.0,0.4902,0.3922,1,1,0.124
01_eve_sweep,15,253634090558613514279312553823401994979,5000,0.4,0.06,depolarizing,0.0,0.5,0.2,,0.11,0.95,5000,2476,495,1981,323,64,0.13045234248788368,0.1292929292929293,0.1025660333401252,0.16172927830534056,0.059163244965215356,1.0,0.4952,0.3962,1,1,0.124
01_eve_sweep,16,83048416829179367859392447463377973008,5000,0.4,0.06,depolarizing,0.0,0.5,0.2,,0.11,0.95,5000,2576,515,2061,319,64,0.12383540372670808,0.12427184466019417,0.09853187462812428,0.15557553444509142,0.05704365981696714,1.0,0.5152,0.4122,1,1,0.124
01_eve_sweep,17,257584632712459632456859219378744800172,5000,0.4,0.06,depolarizing,0.0,0.5,0.2,,0.11,0.95,5000,2506,501,2005,291,47,0.11612130885873903,0.09381237524950099,0.0712823317232871,0.12252397540776952,0.05124164368448242,1.0,0.5012,0.401,1,1,0.124
01_eve_sweep,18,260828719361607014208304613580515982945,5000,0.4,0.06,depolarizing,0.0,0.5,0.2,,0.11,0.95,5000,2514,502,2012,300,65,0.11933174224343675,0.1294820717131474,0.102903541310251,0.16168817312282188,0.058784631812570876,1.0,0.5028,0.4024,1,1,0.124
01_eve_sweep,19,188706785546118603077653438412135888541,5000,0.4,0.06,depolarizing,0.0,0.5,0.2,,0.11,0.95,5000,2497,499,1998,348,76,0.13936724068882658,0.1523046092184369,0.12344296430349683,0.1864786940780268,0.06303572977452998,1.0,0.4994,0.3996,1,1,0.124
01_eve_sweep,20,85268108815991600926784697344367790363,5000,0.4,0.06,depolarizing,0.0,0.5,0.2,,0.11,0.95,5000,2502,500,2002,327,52,0.13069544364508393,0.104,0.08019420676989109,0.1338442708756583,0.053650064105767226,1.0,0.5004,0.4004,1,1,0.124
01_eve_sweep,21,177461222804213728607440749784434923407,5000,0.4,0.06,depolarizing,0.0,0.5,0.2,,0.11,0.95,5000,2483,496,1987,307,46,0.12364075714861056,0.09274193548387097,0.0702506008361036,0.12149311535506352,0.05124251451895992,1.0,0.4966,0.3974,1,1,0.124
01_eve_sweep,22,159747085753466458688944736570199820301,5000,0.4,0.06,depolarizing,0.0,0.5,0.2,,0.11,0.95,5000,2487,497,1990,286,63,0.11499798954563731,0.1267605633802817,0.10034522399185626,0.15890140292761884,0.05855617893576258,1.0,0.4974,0.398,1,1,0.124
01_eve_sweep,23,182912579923349380224200284323685588962,5000,0.4,0.06,depolarizing,0.0,0.5,0.2,,0.11,0.95,5000,2502,500,2002,318,71,0.12709832134292565,0.142,0.11412936044569601,0.1753296673247754,0.06120030687907939,1.0,0.5004,0.4004,1,1,0.124
01_eve_sweep,24,186035986270011365688731287692505618757,5000,0.4,0.06,depolarizing,0.0,0.5,0.2,,0.11,0.95,5000,2531,506,2025,324,57,0.12801264322402212,0.11264822134387352,0.08796844486019093,0.14316509044168757,0.055196645581496645,1.0,0.5062,0.405,1,1,0.124
01_eve_sweep,25,311395479843782600747263937725796227180,5000,0.4,0.06,depolarizing,0.0,0.5,0.2,,0.11,0.95,5000,2523,504,2019,286,70,0.11335711454617518,0.1388888888888889,0.1114187682160301,0.17182210612046417,0.06040333790443407,1.0,0.5046,0.4038,1,1,0.124
01_eve_sweep,26,15237776966970302405111370360007943923,5000,0.4,0.06,depolarizing,0.0,0.5,0.2,,0.11,0.95,5000,2464,492,1972,316,62,0.12824675324675325,0.12601626016260162,0.09955962296513066,0.15826766546845727,0.05870804250332662,1.0,0.4928,0.3944,1,1,0.124
01_eve_sweep,27,328319047192273403593576224337822223035,5000,0.4,0.06,depolarizing,0.0,0.5,0.2,,0.11,0.95,5000,2517,503,2014,313,62,0.1243543901470004,0.12326043737574553,0.09735442464805025,0.15487722806274493,0.05752280341469468,1.0,0.5034,0.4028,1,1,0.124
01_eve_sweep,28,20489755913372646373886640366722218347,5000,0.4,0.06,depolarizing,0.0,0.5,0.2,,0.11,0.95,5000,2493,498,1995,314,53,0.12595266746891295,0.10642570281124498,0.08229001307966001,0.13658679928816797,0.05429678620850796,1.0,0.4986,0.399,1,1,0.124
01_eve_sweep,29,187305649530208000657086190728476233159,5000,0.4,0.06,depolarizing,0.0,0.5,0.2,,0.11,0.95,5000,2444,488,1956,304,61,0.12438625204582651,0.125,0.09855480653175896,0.15730296341392375,0.05874815688216478,1.0,0.4888,0.3912,1,1,0.124
01_eve_sweep,0,218996950858675107205406604047611493621,5000,0.5,0.06,depolarizing,0.0,0.5,0.2,,0.11,0.95,5000,2439,487,1952,357,67,0.14637146371463713,0.1375770020533881,0.10980902616023011,0.171017819949866,0.061208793789635896,1.0,0.4878,0.3904,1,1,0.1475
01_eve_sweep,1,323684320216985584945050149087722665247,5000,0.5,0.06,depolarizing,0.0,0.5,0.2,,0.11,0.95,5000,2525,505,2020,365,64,0.14455445544554454,0.12673267326732673,0.10050847164942095,0.15859277990003762,0.05808430825061667,1.0,0.505,0.404,1,1,0.1475
01_eve_sweep,2,296300033830553910122670627913946757254,5000,0.5,0.06,depolarizing,0.0,0.5,0.2,,0.11,0.95,5000,2444,488,1956,355,75,0.14525368248772505,0.15368852459016394,0.12440589496501145,0.18838078875531847,0.06397489379030702,1.0,0.4888,0.3912,1,1,0.1475
01_eve_sweep,3,85242723588840975125994452716642100726,5000,0.5,0.06,depolarizing,0.0,0.5,0.2,,0.11,0.95,5000,2426,485,1941,344,72,0.14179719703215168,0.14845360824742268,0.11957696645805596,0.18285535828247304,0.06327839182441708,1.0,0.4852,0.3882,1,1,0.1475
01_eve_sweep,4,19321923817457219196443430113869606112,5000,0.5,0.06,depolarizing,0.0,0.5,0.2,,0.11,0.95,5000,2439,487,1952,354,75,0.14514145141451415,0.1540041067761807,0.1246652368388129,0.1887586927337151,0.06409345589490219,1.0,0.4878,0.3904,1,1,0.1475
01_eve_sweep,5,231310296311962286345886965522193394968,5000,0.5,0.06,depolarizing,0.0,0.5,0.2,,0.11,0.95,5000,2525,505,2020,391,91,0.15485148514851485,0.1801980198019802,0.14912980609735882,0.21609487361212426,0.06696506751476544,1.0,0.505,0.404,1,1,0.1475
01_eve_sweep,6,93556560245054207427141095507431323801,5000,0.5,0.06,depolarizing,0.0,0.5,0.2,,0.11,0.95,5000,2463,492,1971,374,80,0.1518473406414941,0.16260162601626016,0.13263136558392205,0.19779977506811927,0.06516840948419722,1.0,0.4926,0.3942,1,1,0.1475
01_eve_sweep,7,250784035021218313122620413548923916072,5000,0.5,0.06,depolarizing,0.0,0.5,0.2,,0.11,0.95,5000,2483,496,1987,335,63,0.13491743858236005,0.12701612903225806,0.10055019763605413,0.1592150869944702,0.05866488935841607,1.0,0.4966,0.3974,1,1,0.1475
01_eve_sweep,8,14737830005608458343957434105840107341,5000,0.5,0.06,depolarizing,0.0,0.5,0.2,,0.11,0.95,5000,2466,493,1973,367,73,0.14882400648824007,0.14807302231237324,0.11944526786600071,0.1821428064794026,0.06269753861340188,1.0,0.4932,0.3946,1,1,0.1475
01_eve_sweep,9,328592075050253922518784732065424655831,5000,0.5,0.06,depolarizing,0.0,0.5,0.2,,0.11,0.95,5000,2466,493,1973,377,74,0.15287915652879155,0.15010141987829614,0.12128426724371863,0.18432923606799353,0.0630449688242749,1.0,0.4932,0.3946,1,1,0.1475
01_eve_sweep,10,183360208753994932741308970978035437371,5000,0.5,0.06,depolarizing,0.0,0.5,0.2,,0.11,0.95,5000,2493,498,1995,384,71,0.15403128760529483,0.142570281124498,0.11459425585350222,0.1760183594601374,0.061424103606635194,1.0,0.4986,0.399,1,1,0.1475
01_eve_sweep,11,243535463069734620227580056918972517065,5000,0.5,0.06,depolarizing,0.0,0.5,0.2,,0.11,0.95,5000,2500,500,2000,355,74,0.142,0.148,0.11956140538920541,0.18180613029572734,0.06224472490652193,1.0,0.5,0.4,1,1,0.1475
01_eve_sweep,12,131463340639574951326545834514281321799,5000,0.5,0.06,depolarizing,0.0,0.5,0.2,,0.11,0.95,5000,2523,504,2019,388,72,0.15378517637732858,0.14285714285714285,0.11500482719382842,0.17611252105105596,0.061107693857227544,1.0,0.5046,0.4038,1,1,0.1475
01_eve_sweep,13,127715745187016971063402432334917885394,5000,0.5,0.06,depolarizing,0.0,0.5,0.2,,0.11,0.95,5000,2508,501,2007,369,69,0.1471291866028708,0.1377245508982036,0.11029434733619853,0.17066803469960878,0.060373687363410256,1.0,0.5016,0.4014,1,1,0.1475
01_eve_sweep,14,97674912073024253648485017840001480504,5000,0.5,0.06,depolarizing,0.0,0.5,0.2,,0.11,0.95,5000,2513,502,2011,341,65,0.13569438917628332,0.1294820717131474,0.102903541310251,0.16168817312282188,0.058784631812570876,1.0,0.5026,0.4022,1,1,0.1475
01_eve_sweep,15,51186181889236574702456818049709831423,5000,0.5,0.06,depolarizing,0.0,0.5,0.2,,0.11,0.95,5000,2499,499,2000,376,61,0.15046018407362946,0.12224448897795591,0.09635444683628012,0.1539062598203031,0.05755181298402297,1.0,0.4998,0.4,1,1,0.1475
01_eve_sweep,16,190802907148679150003208007633679064663,5000,0.5,0.06,depolarizing,0.0,0.5,0.2,,0.11,0.95,5000,2463,492,1971,383,76,0.1555014210312627,0.15447154471544716,0.12522593802915902,0.1890710132410038,0.06384507521184479,1.0,0.4926,0.3942,1,1,0.1475
01_eve_sweep,17,52079986439699069871665265775500394465,5000,0.5,0.06,depolarizing,0.0,0.5,0.2,,0.11,0.95,5000,2471,494,1977,334,74,0.13516794819910968,0.14979757085020243,0.1210351085309592,0.18396451761585067,0.06292940908489147,1.0,0.4942,0.3954,1,1,0.1475
01_eve_sweep,18,103789430334102263898981410573218275798,5000,0.5,0.06,depolarizing,0.0,0.5,0.2,,0.11,0.95,5000,2477,495,1982,354,68,0.14291481631005248,0.13737373737373737,0.10982888050579641,0.17050359055884176,0.06067471005304535,1.0,0.4954,0.3964,1,1,0.1475
01_eve_sweep,19,274286004056217081403419016328788583073,5000,0.5,0.06,depolarizing,0.0,0.5,0.2,,0.11,0.95,5000,2487,497,1990,350,71,0.1407318053880177,0.14285714285714285,0.11482812754905714,0.17636473648440287,0.06153660893534574,1.0,0.4974,0.398,1,1,0.1475
01_eve_sweep,20,30781072546875992947253362314700013688,5000,0.5,0.06,depolarizing,0.0,0.5,0.2,,0.11,0.95,5000,2476,495,1981,375,68,0.15145395799676897,0.13737373737373737,0.10982888050579641,0.17050359055884176,0.06067471005304535,1.0,0.4952,0.3962,1,1,0.1475
01_eve_sweep,21,308323787436060631746990348008706741917,5000,0.5,0.06,depolarizing,0.0,0.5,0.2,,0.11,0.95,5000,2435,487,1948,351,68,0.14414784394250513,0.13963039014373715,0.11165863544632322,0.17324284609657686,0.06158421065025364,1.0,0.487,0.3896,1,1,0.1475
01_eve_sweep,22,19278629872434070553639506221986293381,5000,0.5,0.06,depolarizing,0.0,0.5,0.2,,0.11,0.95,5000,2506,501,2005,389,87,0.15522745411013567,0.17365269461077845,0.14299876891902166,0.20927312894794523,0.06627436002892356,1.0,0.5012,0.401,1,1,0.1475
01_eve_sweep,23,305933678519670828331343067378410477392,5000,0.5,0.06,depolarizing,0.0,0.5,0.2,,0.11,0.95,5000,2570,514,2056,400,77,0.1556420233463035,0.14980544747081712,0.12155589272716062,0.18325063856169027,0.06169474583452965,1.0,0.514,0.4112,1,1,0.1475
01_eve_sweep,24,163080319590488685397338546634706428895,5000,0.5,0.06,depolarizing,0.0,0.5,0.2,,0.11,0.95,5000,2519,503,2016,395,79,0.15680825724493846,0.15705765407554673,0.12787368329958693,0.1914400902762029,0.06356640697661597,1.0,0.5038,0.4032,1,1,0.1475
01_eve_sweep,25,188955477229349163883555436037302583708,5000,0.5,0.06,depolarizing,0.0,0.5,0.2,,0.11,0.95,5000,2533,506,2027,372,70,0.14686142913541256,0.1383399209486166,0.11097225867594415,0.1711575217334628,0.060185263057518645,1.0,0.5066,0.4054,1,1,0.1475
01_eve_sweep,26,287225996986558393998215144285206973939,5000,0.5,0.06,depolarizing,0.0,0.5,0.2,,0.11,0.95,5000,2549,509,2040,372,74,0.1459395841506473,0.14538310412573674,0.11741697090339707,0.17866178054907228,0.061244809645675205,1.0,0.5098,0.408,1,1,0.1475
01_eve_sweep,27,282212489365267092714430694610715319975,5000,0.5,0.06,depolarizing,0.0,0.5,0.2,,0.11,0.95,5000,2569,513,2056,408,84,0.158816660179058,0.16374269005847952,0.13424201881762876,0.19824187133467125,0.06399985251704249,1.0,0.5138,0.4112,1,1,0.1475
01_eve_sweep,28,285181205923904990800915970389086119036,5000,0.5,0.06,depolarizing,0.0,0.5,0.2,,0.11,0.95,5000,2412,482,1930,354,59,0.14676616915422885,0.12240663900414937,0.09609562293573252,0.15468877721909496,0.05859315428336244,1.0,0.4824,0.386,1,1,0.1475
01_eve_sweep,29,181519560983748939287665094715672976840,5000,0.5,0.06,depolarizing,0.0,0.5,0.2,,0.11,0.95,5000,2516,503,2013,362,68,0.143879173290938,0.13518886679920478,0.10805815758526516,0.16784953778376344,0.05979138019849828,1.0,0.5032,0.4026,1,1,0.1475
01_eve_sweep,0,323092324550710953765493777044751225018,5000,0.6000000000000001,0.06,depolarizing,0.0,0.5,0.2,,0.11,0.95,5000,2506,501,2005,445,91,0.17757382282521947,0.18163672654690619,0.1503406523231772,0.2177778046173807,0.0674371522942035,1.0,0.5012,0.401,1,1,0.171
01_eve_sweep,1,48260027752545497610451633452717178114,5000,0.6000000000000001,0.06,depolarizing,0.0,0.5,0.2,,0.11,0.95,5000,2561,512,2049,420,85,0.16399843811011325,0.166015625,0.13629638822098464,0.20070920884390972,0.06441282062292508,1.0,0.5122,0.4098,1,1,0.171
01_eve_sweep,2,147968433527514409568815936792829657004,5000,0.6000000000000001,0.06,depolarizing,0.0,0.5,0.2,,0.11,0.95,5000,2429,485,1944,440,83,0.1811445039110745,0.1711340206185567,0.1402317038242174,0.20720498706208396,0.06697328323786655,1.0,0.4858,0.3888,1,1,0.171
01_eve_sweep,3,14617060476960605968175922696532496411,5000,0.6000000000000001,0.06,depolarizing,0.0,0.5,0.2,,0.11,0.95,5000,2408,481,1927,406,102,0.1686046511627907,0.21205821205821207,0.17788311915724575,0.2507961017291818,0.07291298257193607,1.0,0.4816,0.3854,1,1,0.171
01_eve_sweep,4,308269916537162707602194900734342978233,5000,0.6000000000000001,0.06,depolarizing,0.0,0.5,0.2,,0.11,0.95,5000,2444,488,1956,385,75,0.15752864157119476,0.15368852459016394,0.12440589496501145,0.18838078875531847,0.06397489379030702,1.0,0.4888,0.3912,1,1,0.171
01_eve_sweep,5,330130347012671851628954020181666282766,5000,0.6000000000000001,0.06,depolarizing,0.0,0.5,0.2,,0.11,0.95,5000,2560,512,2048,475,90,0.185546875,0.17578125,0.1452599464463597,0.2111314518739471,0.0658715054275874,1.0,0.512,0.4096,1,1,0.171
01_eve_sweep,6,28500302264896922167489297309912829367,5000,0.6000000000000001,0.06,depolarizing,0.0,0.5,0.2,,0.11,0.95,5000,2457,491,1966,429,81,0.1746031746031746,0.164969450101833,0.13476550773249016,0.20037508298504472,0.06560957525255456,1.0,0.4914,0.3932,1,1,0.171
01_eve_sweep,7,22603751617819798101459215914441573568,5000,0.6000000000000001,0.06,depolarizing,0.0,0.5,0.2,,0.11,0.95,5000,2493,498,1995,408,80,0.16365824308062576,0.1606425702811245,0.13100852400546964,0.19547199278107585,0.06446346877560621,1.0,0.4986,0.399,1,1,0.171
01_eve_sweep,8,117162539884161504818692624469364044819,5000,0.6000000000000001,0.06,depolarizing,0.0,0.5,0.2,,0.11,0.95,5000,2496,499,1997,426,86,0.17067307692307693,0.17234468937875752,0.14174223060842978,0.20795339558972076,0.06621116498129098,1.0,0.4992,0.3994,1,1,0.171
01_eve_sweep,9,140759273886633898680818282101049537199,5000,0.6000000000000001,0.06,depolarizing,0.0,0.5,0.2,,0.11,0.95,5000,2564,512,2052,431,66,0.16809672386895474,0.12890625,0.10262061563755878,0.16071893665676826,0.058098321019209476,1.0,0.5128,0.4104,1,1,0.171
01_eve_sweep,10,114586143242803831355937126884628949469,5000,0.6000000000000001,0.06,depolarizing,0.0,0.5,0.2,,0.11,0.95,5000,2457,491,1966,425,86,0.17297517297517298,0.17515274949083504,0.14409010360649793,0.2112589797943945,0.06716887618789658,1.0,0.4914,0.3932,1,1,0.171
01_eve_sweep,11,11944760273493890620558985361301989151,5000,0.6000000000000001,0.06,depolarizing,0.0,0.5,0.2,,0.11,0.95,5000,2538,507,2031,395,63,0.15563435776201734,0.1242603550295858,0.09834055177588957,0.1558311811144681,0.057490629338578514,1.0,0.5076,0.4062,1,1,0.171
01_eve_sweep,12,313931276523551307734525772277995344369,5000,0.6000000000000001,0.06,depolarizing,0.0,0.5,0.2,,0.11,0.95,5000,2485,497,1988,422,77,0.16981891348088532,0.15492957746478872,0.125776714897827,0.1893758269711217,0.06359911207329472,1.0,0.497,0.3976,1,1,0.171
01_eve_sweep,13,11210249459292055971040784400463075389,5000,0.6000000000000001,0.06,depolarizing,0.0,0.5,0.2,,0.11,0.95,5000,2475,495,1980,414,92,0.16727272727272727,0.18585858585858586,0.15405646095899228,0.2224989666206803,0.06844250566168802,1.0,0.495,0.396,1,1,0.171
01_eve_sweep,14,230362716668645919078240923043398905723,5000,0.6000000000000001,0.06,depolarizing,0.0,0.5,0.2,,0.11,0.95,5000,2502,500,2002,421,86,0.1682653876898481,0.172,0.1414541198436514,0.20754744749912687,0.06609332765547549,1.0,0.5004,0.4004,1,1,0.171
01_eve_sweep,15,20035591656283827039963010237172601005,5000,0.6000000000000001,0.06,depolarizing,0.0,0.5,0.2,,0.11,0.95,5000,2504,500,2004,426,80,0.17012779552715654,0.16,0.13047637235016407,0.19470817916369149,0.06423180681352741,1.0,0.5008,0.4008,1,1,0.171
01_eve_sweep,16,339378034956170554109863222065462325205,5000,0.6000000000000001,0.06,depolarizing,0.0,0.5,0.2,,0.11,0.95,5000,2518,503,2015,416,98,0.16521048451151707,0.19483101391650098,0.16258509165016444,0.2317028170100311,0.06911772535986666,1.0,0.5036,0.403,1,1,0.171
01_eve_sweep,17,292410382850214459887347891227528549272,5000,0.6000000000000001,0.06,depolarizing,0.0,0.5,0.2,,0.11,0.95,5000,2476,495,1981,405,84,0.1635702746365105,0.1696969696969697,0.13920260146623117,0.20527850727509664,0.06607590580886546,1.0,0.4952,0.3962,1,1,0.171
01_eve_sweep,18,107539375733773608658044822706197607266,5000,0.6000000000000001,0.06,depolarizing,0.0,0.5,0.2,,0.11,0.95,5000,2505,501,2004,393,81,0.1568862275449102,0.16167664670658682,0.13203359508135407,0.19646846417522626,0.0644348690938722,1.0,0.501,0.4008,1,1,0.171
01_eve_sweep,19,180188444189289966930937597052685793755,5000,0.6000000000000001,0.06,depolarizing,0.0,0.5,0.2,,0.11,0.95,5000,2500,500,2000,400,83,0.16,0.166,0.13595774323101015,0.20113531619730676,0.06517757296629662,1.0,0.5,0.4,1,1,0.171
01_eve_sweep,20,82744072414103663111124750747914235554,5000,0.6000000000000001,0.06,depolarizing,0.0,0.5,0.2,,0.11,0.95,5000,2559,511,2048,460,90,0.1797577178585385,0.1761252446183953,0.14554889049447553,0.21153474306099798,0.06598585256652245,1.0,0.5118,0.4096,1,1,0.171
01_eve_sweep,21,65703354903497777899609759412604861378,5000,0.6000000000000001,0.06,depolarizing,0.0,0.5,0.2,,0.11,0.95,5000,2491,498,1993,421,80,0.16900843034925733,0.1606425702811245,0.13100852400546964,0.19547199278107585,0.06446346877560621,1.0,0.4982,0.3986,1,1,0.171
01_eve_sweep,22,167339180109533222034719775648093116389,5000,0.6000000000000001,0.06,depolarizing,0.0,0.5,0.2,,0.11,0.95,5000,2516,503,2013,465,86,0.18481717011128776,0.1709741550695825,0.14059677804162063,0.20633904530210812,0.06574226726048749,1.0,0.5032,0.4026,1,1,0.171
01_eve_sweep,23,151197274480943726900011839825641529777,5000,0.6000000000000001,0.06,depolarizing,0.0,0.5,0.2,,0.11,0.95,5000,2503,500,2003,457,94,0.1825809029165002,0.188,0.15617996413496654,0.22457762431304207,0.06839766017807553,1.0,0.5006,0.4006,1,1,0.171
01_eve_sweep,24,57809597137172776918070415731261458793,5000,0.6000000000000001,0.06,depolarizing,0.0,0.5,0.2,,0.11,0.95,5000,2522,504,2018,424,74,0.1681205392545599,0.14682539682539683,0.11859872523107395,0.18039509692220063,0.06179637169112667,1.0,0.5044,0.4036,1,1,0.171
01_eve_sweep,25,45491287630097347019199746746269576170,5000,0.6000000000000001,0.06,depolarizing,0.0,0.5,0.2,,0.11,0.95,5000,2493,498,1995,426,86,0.17087845968712395,0.17269076305220885,0.14203151836465888,0.20836093273715722,0.06632941437249834,1.0,0.4986,0.399,1,1,0.171
01_eve_sweep,26,57859280453276216805855536337413749865,5000,0.6000000000000001,0.06,depolarizing,0.0,0.5,0.2,,0.11,0.95,5000,2496,499,1997,417,95,0.16706730769230768,0.1903807615230461,0.15834963522682033,0.22714256200629435,0.06879292677947402,1.0,0.4992,0.3994,1,1,0.171
01_eve_sweep,27,52153284202961841356811201055163539438,5000,0.6000000000000001,0.06,depolarizing,0.0,0.5,0.2,,0.11,0.95,5000,2437,487,1950,414,77,0.16988100123102176,0.15811088295687886,0.12839942870475524,0.19317377173338074,0.0647743430286255,1.0,0.4874,0.39,1,1,0.171
01_eve_sweep,28,41891553829568627442561482073010849501,5000,0.6000000000000001,0.06,depolarizing,0.0,0.5,0.2,,0.11,0.95,5000,2506,501,2005,414,77,0.16520351157222665,0.1536926147704591,0.12475740610387148,0.18789809407911784,0.06314068797524636,1.0,0.5012,0.401,1,1,0.171
01_eve_sweep,29,161727313242677004302124859871755781853,5000,0.6000000000000001,0.06,depolarizing,0.0,0.5,0.2,,0.11,0.95,5000,2509,501,2008,438,90,0.17457154244719011,0.17964071856287425,0.1485028935112656,0.21565392366089453,0.06715103014962892,1.0,0.5018,0.4016,1,1,0.171
01_eve_sweep,0,108984480284902158924138692723944048636,5000,0.7000000000000001,0.06,depolarizing,0.0,0.5,0.2,,0.11,0.95,5000,2525,505,2020,520,103,0.20594059405940593,0.20396039603960395,0.1711136590794796,0.2412769887011255,0.0701633296216459,1.0,0.505,0.404,1,1,0.1945
01_eve_sweep,1,274686842451556565414241788067196744122,5000,0.7000000000000001,0.06,depolarizing,0.0,0.5,0.2,,0.11,0.95,5000,2560,512,2048,511,98,0.199609375,0.19140625,0.1596771615064055,0.22773151882256118,0.06805435731615567,1.0,0.512,0.4096,1,1,0.1945
01_eve_sweep,2,158946953771482451028609517709322294166,5000,0.7000000000000001,0.06,depolarizing,0.0,0.5,0.2,,0.11,0.95,5000,2514,502,2012,480,90,0.1909307875894988,0.17928286852589642,0.14820210363507055,0.21523481047097645,0.0670327068359059,1.0,0.5028,0.4024,1,1,0.1945
01_eve_sweep,3,97398696059857979164587339911341742543,5000,0.7000000000000001,0.06,depolarizing,0.0,0.5,0.2,,0.11,0.95,5000,2467,493,1974,456,85,0.1848398865018241,0.1724137931034483,0.1416353678278006,0.2082578541133097,0.0666224862855091,1.0,0.4934,0.3948,1,1,0.1945
01_eve_sweep,4,142402768451532615440938622380301098593,5000,0.7000000000000001,0.06,depolarizing,0.0,0.5,0.2,,0.11,0.95,5000,2484,496,1988,442,84,0.177938808373591,0.1693548387096774,0.13891740778805325,0.20487452020873584,0.06595711242068258,1.0,0.4968,0.3976,1,1,0.1945
01_eve_sweep,5,304230809628520054275052708407823581004,5000,0.7000000000000001,0.06,depolarizing,0.0,0.5,0.2,,0.11,0.95,5000,2450,490,1960,509,103,0.20775510204081632,0.21020408163265306,0.17645147670503697,0.24846517432260418,0.07201369761756721,1.0,0.49,0.392,1,1,0.1945
01_eve_sweep,6,29335381029411460423048296516726098402,5000,0.7000000000000001,0.06,depolarizing,0.0,0.5,0.2,,0.11,0.95,5000,2503,500,2003,481,95,0.1921693967239313,0.19,0.1580273788297291,0.2266997122564333,0.0686723334267042,1.0,0.5006,0.4006,1,1,0.1945
01_eve_sweep,7,116410174924221022838793822929328190588,5000,0.7000000000000001,0.06,depolarizing,0.0,0.5,0.2,,0.11,0.95,5000,2479,495,1984,490,92,0.19766034691407824,0.18585858585858586,0.15405646095899228,0.2224989666206803,0.06844250566168802,1.0,0.4958,0.3968,1,1,0.1945
01_eve_sweep,8,272688089334704112461568675675351669817,5000,0.7000000000000001,0.06,depolarizing,0.0,0.5,0.2,,0.11,0.95,5000,2449,489,1960,470,83,0.19191506737443856,0.16973415132924335,0.1390659046510741,0.20555092045755774,0.06648501580648364,1.0,0.4898,0.392,1,1,0.1945
01_eve_sweep,9,82798961598510822116257848743667675828,5000,0.7000000000000001,0.06,depolarizing,0.0,0.5,0.2,,0.11,0.95,5000,2520,504,2016,488,100,0.19365079365079366,0.1984126984126984,0.16593385392214444,0.2354541290402024,0.06952027511805797,1.0,0.504,0.4032,1,1,0.1945
01_eve_sweep,10,117626553036643879560865760359861845478,5000,0.7000000000000001,0.06,depolarizing,0.0,0.5,0.2,,0.11,0.95,5000,2590,518,2072,515,126,0.19884169884169883,0.24324324324324326,0.20827385139553464,0.2819927889723435,0.07371893757680884,1.0,0.518,0.4144,1,1,0.1945
01_eve_sweep,11,173317931455895182129883641330988739599,5000,0.7000000000000001,0.06,depolarizing,0.0,0.5,0.2,,0.11,0.95,5000,2564,512,2052,502,98,0.19578783151326054,0.19140625,0.1596771615064055,0.22773151882256118,0.06805435731615567,1.0,0.5128,0.4104,1,1,0.1945
01_eve_sweep,12,293949177505635885176049905135963241896,5000,0.7000000000000001,0.06,depolarizing,0.0,0.5,0.2,,0.11,0.95,5000,2574,514,2060,487,106,0.18919968919968919,0.20622568093385213,0.1734895487935026,0.24332037467658896,0.06983082588308637,1.0,0.5148,0.412,1,1,0.1945
01_eve_sweep,13,167833560295710719795169926948635573158,5000,0.7000000000000001,0.06,depolarizing,0.0,0.5,0.2,,0.11,0.95,5000,2532,506,2026,496,100,0.19589257503949448,0.1976284584980237,0.16526619790060668,0.23454722506463518,0.06928102716402851,1.0,0.5064,0.4052,1,1,0.1945
01_eve_sweep,14,266366860560102442485334031478450636651,5000,0.7000000000000001,0.06,depolarizing,0.0,0.5,0.2,,0.11,0.95,5000,2559,511,2048,504,94,0.1969519343493552,0.18395303326810175,0.15276078981281388,0.21986160788633397,0.06710081807352009,1.0,0.5118,0.4096,1,1,0.1945
01_eve_sweep,15,17573977003726867529932230776111692991,5000,0.7000000000000001,0.06,depolarizing,0.0,0.5,0.2,,0.11,0.95,5000,2536,507,2029,508,112,0.20031545741324921,0.22090729783037474,0.18696955438162616,0.2590425201799781,0.07207296579835193,1.0,0.5072,0.4058,1,1,0.1945
01_eve_sweep,16,32052342112929290219075194120113182623,5000,0.7000000000000001,0.06,depolarizing,0.0,0.5,0.2,,0.11,0.95,5000,2455,491,1964,451,94,0.18370672097759674,0.19144602851323828,0.159093555799986,0.22858911589427858,0.06949556009429259,1.0,0.491,0.3928,1,1,0.1945
01_eve_sweep,17,8592105735952981898795688496370742800,5000,0.7000000000000001,0.06,depolarizing,0.0,0.5,0.2,,0.11,0.95,5000,2494,498,1996,503,102,0.2016840417000802,0.20481927710843373,0.171697764882543,0.2424598443933279,0.07076207951078489,1.0,0.4988,0.3992,1,1,0.1945
01_eve_sweep,18,189142696518387242933747637910571207153,5000,0.7000000000000001,0.06,depolarizing,0.0,0.5,0.2,,0.11,0.95,5000,2476,495,1981,502,101,0.20274636510500807,0.20404040404040405,0.17088141845906576,0.2417576178137448,0.07087619935467904,1.0,0.4952,0.3962,1,1,0.1945
01_eve_sweep,19,294021039845403157843877378082975244875,5000,0.7000000000000001,0.06,depolarizing,0.0,0.5,0.2,,0.11,0.95,5000,2536,507,2029,477,118,0.18809148264984227,0.23274161735700197,0.19805145129292165,0.271451277350876,0.07339982605795434,1.0,0.5072,0.4058,1,1,0.1945
01_eve_sweep,20,119178410747772629758308335538942259905,5000,0.7000000000000001,0.06,depolarizing,0.0,0.5,0.2,,0.11,0.95,5000,2500,500,2000,462,99,0.1848,0.198,0.1654311225691935,0.2351739790695841,0.06974285650039058,1.0,0.5,0.4,1,1,0.1945
01_eve_sweep,21,128747725578475468608140781426713084909,5000,0.7000000000000001,0.06,depolarizing,0.0,0.5,0.2,,0.11,0.95,5000,2430,486,1944,441,105,0.1814814814814815,0.21604938271604937,0.18176295690608302,0.25478943156573586,0.07302647465965284,1.0,0.486,0.3888,1,1,0.1945
01_eve_sweep,22,199706874404324658670054584416049943689,5000,0.7000000000000001,0.06,depolarizing,0.0,0.5,0.2,,0.11,0.95,5000,2502,500,2002,439,81,0.17545963229416467,0.162,0.13230178838983928,0.19685226576217005,0.06455047737233077,1.0,0.5004,0.4004,1,1,0.1945
01_eve_sweep,23,105337378926493394024078689582163419417,5000,0.7000000000000001,0.06,depolarizing,0.0,0.5,0.2,,0.11,0.95,5000,2473,494,1979,486,99,0.19652244237767894,0.20040485829959515,0.16747722220829678,0.2379559839751013,0.07047876176680451,1.0,0.4946,0.3958,1,1,0.1945
01_eve_sweep,24,193168372256279120240684583932376782786,5000,0.7000000000000001,0.06,depolarizing,0.0,0.5,0.2,,0.11,0.95,5000,2533,506,2027,469,105,0.18515594157125936,0.2075098814229249,0.17444442392041615,0.2449829394707982,0.07053851555038204,1.0,0.5066,0.4054,1,1,0.1945
01_eve_sweep,25,86251167715250494887829243007958057370,5000,0.7000000000000001,0.06,depolarizing,0.0,0.5,0.2,,0.11,0.95,5000,2551,510,2041,517,115,0.2026656213249706,0.22549019607843138,0.19135062406660114,0.2637342173889295,0.07238359332232835,1.0,0.5102,0.4082,1,1,0.1945
01_eve_sweep,26,35428422032908028865303045839858636229,5000,0.7000000000000001,0.06,depolarizing,0.0,0.5,0.2,,0.11,0.95,5000,2485,497,1988,450,96,0.18108651911468812,0.193158953722334,0.1608584393964083,0.23016641561825454,0.06930797622184626,1.0,0.497,0.3976,1,1,0.1945
01_eve_sweep,27,139983460756751255809847479756012695087,5000,0.7000000000000001,0.06,depolarizing,0.0,0.5,0.2,,0.11,0.95,5000,2499,499,2000,482,97,0.19287715086034413,0.19438877755511022,0.16205635422534465,0.23139063657109543,0.06933428234575079,1.0,0.4998,0.4,1,1,0.1945
01_eve_sweep,28,332342804626581169837246083081843331367,5000,0.7000000000000001,0.06,depolarizing,0.0,0.5,0.2,,0.11,0.95,5000,2498,499,1999,509,106,0.20376301040832667,0.2124248496993988,0.1788039162971842,0.25043964553422005,0.07163572923703584,1.0,0.4996,0.3998,1,1,0.1945
01_eve_sweep,29,147847197609361443246243256848075654731,5000,0.7000000000000001,0.06,depolarizing,0.0,0.5,0.2,,0.11,0.95,5000,2484,496,1988,532,112,0.214170692431562,0.22580645161290322,0.19119890456027794,0.26462854792486423,0.0734296433645863,1.0,0.4968,0.3976,1,1,0.1945
01_eve_sweep,0,288064364607648508935484710940934745428,5000,0.8,0.06,depolarizing,0.0,0.5,0.2,,0.11,0.95,5000,2478,495,1983,545,111,0.21993543179983857,0.22424242424242424,0.1897037722462315,0.26302816257451,0.0733243903282785,1.0,0.4956,0.3966,1,1,0.218
01_eve_sweep,1,66570730049164254218477311685789721995,5000,0.8,0.06,depolarizing,0.0,0.5,0.2,,0.11,0.95,5000,2452,490,1962,528,104,0.21533442088091354,0.21224489795918366,0.178350311860831,0.2506162219060521,0.0722659100452211,1.0,0.4904,0.3924,1,1,0.218
01_eve_sweep,2,291647122654329857747022111152307770262,5000,0.8,0.06,depolarizing,0.0,0.5,0.2,,0.11,0.95,5000,2487,497,1990,568,110,0.22838761560112586,0.22132796780684105,0.18704516290659431,0.25988560705754216,0.07284044415094784,1.0,0.4974,0.398,1,1,0.218
01_eve_sweep,3,149458455287792806770229168082478156395,5000,0.8,0.06,depolarizing,0.0,0.5,0.2,,0.11,0.95,5000,2537,507,2030,568,118,0.2238864800945999,0.23274161735700197,0.19805145129292165,0.271451277350876,0.07339982605795434,1.0,0.5074,0.406,1,1,0.218
01_eve_sweep,4,328131208813392709015333434569128029193,5000,0.8,0.06,depolarizing,0.0,0.5,0.2,,0.11,0.95,5000,2502,500,2002,538,101,0.21502797761790568,0.202,0.16914122067557874,0.23940288623950645,0.07026166556392771,1.0,0.5004,0.4004,1,1,0.218
01_eve_sweep,5,256660293649635837196737002035044508497,5000,0.8,0.06,depolarizing,0.0,0.5,0.2,,0.11,0.95,5000,2517,503,2014,534,103,0.21215733015494637,0.2047713717693837,0.17180661202584296,0.24221133218288043,0.07040472015703747,1.0,0.5034,0.4028,1,1,0.218
01_eve_sweep,6,288997228714726512600684391259703101815,5000,0.8,0.06,depolarizing,0.0,0.5,0.2,,0.11,0.95,5000,2510,502,2008,537,110,0.21394422310756972,0.21912350597609562,0.18514586830389193,0.2573672055405343,0.0722213372366424,1.0,0.502,0.4016,1,1,0.218
01_eve_sweep,7,217853138254802890275157290206107589464,5000,0.8,0.06,depolarizing,0.0,0.5,0.2,,0.11,0.95,5000,2479,495,1984,507,113,0.2045179507866075,0.22828282828282828,0.1934832580156836,0.2672672565146441,0.0737839984989605,1.0,0.4958,0.3968,1,1,0.218
01_eve_sweep,8,131985198332103653242799270252220390312,5000,0.8,0.06,depolarizing,0.0,0.5,0.2,,0.11,0.95,5000,2475,495,1980,509,112,0.20565656565656565,0.22626262626262628,0.19159291164990866,0.265148313025626,0.07355540137571737,1.0,0.495,0.396,1,1,0.218
01_eve_sweep,9,314776426641410296718619023802436292195,5000,0.8,0.06,depolarizing,0.0,0.5,0.2,,0.11,0.95,5000,2512,502,2010,538,108,0.214171974522293,0.2151394422310757,0.18142803628125226,0.25317742158933604,0.07174938530808378,1.0,0.5024,0.402,1,1,0.218
01_eve_sweep,10,16066366379947061173096216842108243181,5000,0.8,0.06,depolarizing,0.0,0.5,0.2,,0.11,0.95,5000,2436,487,1949,500,96,0.20525451559934318,0.1971252566735113,0.1642215890271106,0.2347696846343012,0.07054809560719061,1.0,0.4872,0.3898,1,1,0.218
01_eve_sweep,11,194228106554062080127488368330194728142,5000,0.8,0.06,depolarizing,0.0,0.5,0.2,,0.11,0.95,5000,2534,506,2028,596,109,0.23520126282557222,0.21541501976284586,0.18180966471751067,0.25330885101448164,0.07149918629697097,1.0,0.5068,0.4056,1,1,0.218
01_eve_sweep,12,261700555508126521255841428065472071797,5000,0.8,0.06,depolarizing,0.0,0.5,0.2,,0.11,0.95,5000,2509,501,2008,543,101,0.2164208848146672,0.20159680638722555,0.16879743033537617,0.2389374242891593,0.07013999395378312,1.0,0.5018,0.4016,1,1,0.218
01_eve_sweep,13,148232647726888415347021126350044619151,5000,0.8,0.06,depolarizing,0.0,0.5,0.2,,0.11,0.95,5000,2517,503,2014,564,107,0.22407628128724671,0.21272365805168986,0.1792071656478869,0.25059480699965875,0.07138764135177184,1.0,0.5034,0.4028,1,1,0.218
01_eve_sweep,14,192656335888445004692250960485432673268,5000,0.8,0.06,depolarizing,0.0,0.5,0.2,,0.11,0.95,5000,2493,498,1995,530,108,0.2125952667468913,0.21686746987951808,0.18291351764187114,0.2551560259492704,0.07224250830739926,1.0,0.4986,0.399,1,1,0.218
01_eve_sweep,15,6948992885164328327378394572317222609,5000,0.8,0.06,depolarizing,0.0,0.5,0.2,,0.11,0.95,5000,2447,489,1958,547,111,0.22353902738046588,0.22699386503067484,0.19207842217093415,0.26616520725322895,0.0740867850822948,1.0,0.4894,0.3916,1,1,0.218
01_eve_sweep,16,223208531331184328529317244495878872162,5000,0.8,0.06,depolarizing,0.0,0.5,0.2,,0.11,0.95,5000,2558,511,2047,595,98,0.23260359655981236,0.1917808219178082,0.1599951127231134,0.22816604911970878,0.06817093639659538,1.0,0.5116,0.4094,1,1,0.218
01_eve_sweep,17,67744047887365639709923890867824280089,5000,0.8,0.06,depolarizing,0.0,0.5,0.2,,0.11,0.95,5000,2477,495,1982,525,97,0.21194993944287444,0.19595959595959597,0.16338948744731727,0.23321238940632086,0.06982290195900359,1.0,0.4954,0.3964,1,1,0.218
01_eve_sweep,18,69965639707241288155872560750560303172,5000,0.8,0.06,depolarizing,0.0,0.5,0.2,,0.11,0.95,5000,2503,500,2003,546,111,0.21813823411905714,0.222,0.18776935138162995,0.26046978191499315,0.0727004305333632,1.0,0.5006,0.4006,1,1,0.218
01_eve_sweep,19,35292452012760257122182390874925222001,5000,0.8,0.06,depolarizing,0.0,0.5,0.2,,0.11,0.95,5000,2483,496,1987,558,108,0.2247281514297221,0.21774193548387097,0.18366542963090865,0.25615694792732596,0.07249151829641731,1.0,0.4966,0.3974,1,1,0.218
01_eve_sweep,20,165461407875058931502841970902636267546,5000,0.8,0.06,depolarizing,0.0,0.5,0.2,,0.11,0.95,5000,2525,505,2020,579,115,0.22930693069306932,0.22772277227722773,0.1932830323671163,0.2662735834846108,0.07299055111749447,1.0,0.505,0.404,1,1,0.218
01_eve_sweep,21,254218721789631858275262064545738855937,5000,0.8,0.06,depolarizing,0.0,0.5,0.2,,0.11,0.95,5000,2531,506,2025,550,96,0.21730541288028446,0.18972332015810275,0.15794736291697153,0.22617490770749232,0.06822754479052079,1.0,0.5062,0.405,1,1,0.218
01_eve_sweep,22,330482573703747234111208203500269888790,5000,0.8,0.06,depolarizing,0.0,0.5,0.2,,0.11,0.95,5000,2497,499,1998,543,118,0.21746095314377253,0.23647294589178355,0.20129218393544976,0.2756801392759068,0.07438795534045703,1.0,0.4994,0.3996,1,1,0.218
01_eve_sweep,23,33111060227941172550962223163903285802,5000,0.8,0.06,depolarizing,0.0,0.5,0.2,,0.11,0.95,5000,2495,499,1996,535,118,0.21442885771543085,0.23647294589178355,0.20129218393544976,0.2756801392759068,0.07438795534045703,1.0,0.499,0.3992,1,1,0.218
01_eve_sweep,24,172817455735159520601386269839248775458,5000,0.8,0.06,depolarizing,0.0,0.5,0.2,,0.11,0.95,5000,2577,515,2062,580,132,0.22506790842064417,0.2563106796116505,0.2205043422103375,0.29572552775704525,0.07522118554670776,1.0,0.5154,0.4124,1,1,0.218
01_eve_sweep,25,243838306342391254575570732280392270580,5000,0.8,0.06,depolarizing,0.0,0.5,0.2,,0.11,0.95,5000,2512,502,2010,560,125,0.2229299363057325,0.24900398406374502,0.21317741367123905,0.2886427799769716,0.07546536630573253,1.0,0.5024,0.402,1,1,0.218
01_eve_sweep,26,34566679412700943175938118482915315515,5000,0.8,0.06,depolarizing,0.0,0.5,0.2,,0.11,0.95,5000,2465,493,1972,530,97,0.2150101419878296,0.19675456389452334,0.16406432186226846,0.2341340476745488,0.07006972581228033,1.0,0.493,0.3944,1,1,0.218
01_eve_sweep,27,326838873012502030144190476879852824853,5000,0.8,0.06,depolarizing,0.0,0.5,0.2,,0.11,0.95,5000,2492,498,1994,543,104,0.21789727126805777,0.20883534136546184,0.17543120195169767,0.2466970520959301,0.07126585014423242,1.0,0.4984,0.3988,1,1,0.218
01_eve_sweep,28,29266283803960448794536650590694019902,5000,0.8,0.06,depolarizing,0.0,0.5,0.2,,0.11,0.95,5000,2454,490,1964,580,114,0.23634881825590873,0.23265306122448978,0.19740940138728472,0.272055959772018,0.0746465583847333,1.0,0.4908,0.3928,1,1,0.218
01_eve_sweep,29,62293965541944660173089989729815806776,5000,0.8,0.06,depolarizing,0.0,0.5,0.2,,0.11,0.95,5000,2489,497,1992,548,110,0.22016874246685417,0.22132796780684105,0.18704516290659431,0.25988560705754216,0.07284044415094784,1.0,0.4978,0.3984,1,1,0.218
01_eve_sweep,0,234947578216935733835424927489415656746,5000,0.9,0.06,depolarizing,0.0,0.5,0.2,,0.11,0.95,5000,2469,493,1976,590,125,0.2389631429728635,0.2535496957403651,0.21715426148899525,0.2937561191044716,0.07660185761547633,1.0,0.4938,0.3952,1,1,0.2415
01_eve_sweep,1,137688709262015972578503100552203530312,5000,0.9,0.06,depolarizing,0.0,0.5,0.2,,0.11,0.95,5000,2542,508,2034,620,125,0.24390243902439024,0.24606299212598426,0.21060625957363513,0.28533140715144084,0.07472514757780571,1.0,0.5084,0.4068,1,1,0.2415
01_eve_sweep,2,141030924289459645457652406499333032601,5000,0.9,0.06,depolarizing,0.0,0.5,0.2,,0.11,0.95,5000,2435,487,1948,592,110,0.2431211498973306,0.22587268993839835,0.19096326859499116,0.26507290112567644,0.07410963253068528,1.0,0.487,0.3896,1,1,0.2415
01_eve_sweep,3,256630570940118715976986764821393937758,5000,0.9,0.06,depolarizing,0.0,0.5,0.2,,0.11,0.95,5000,2482,496,1986,583,125,0.23489121676067687,0.25201612903225806,0.21581223264446261,0.2920317133531291,0.07621948070866649,1.0,0.4964,0.3972,1,1,0.2415
01_eve_sweep,4,296975953228864852394247543631613786625,5000,0.9,0.06,depolarizing,0.0,0.5,0.2,,0.11,0.95,5000,2488,497,1991,576,101,0.2315112540192926,0.20321931589537223,0.17018105521646634,0.24081019799443706,0.07062914277797072,1.0,0.4976,0.3982,1,1,0.2415
01_eve_sweep,5,227401645022044637898118071413037817812,5000,0.9,0.06,depolarizing,0.0,0.5,0.2,,0.11,0.95,5000,2556,511,2045,613,115,0.23982785602503912,0.22504892367906065,0.19096877623429223,0.26323213321914596,0.07226335698485373,1.0,0.5112,0.409,1,1,0.2415
01_eve_sweep,6,128034759662893685379925968558601815624,5000,0.9,0.06,depolarizing,0.0,0.5,0.2,,0.11,0.95,5000,2507,501,2006,565,109,0.22536896689270045,0.21756487025948104,0.1836592736254685,0.255768699146249,0.0721094255207805,1.0,0.5014,0.4012,1,1,0.2415
01_eve_sweep,7,67902045251547482776436462149717195242,5000,0.9,0.06,depolarizing,0.0,0.5,0.2,,0.11,0.95,5000,2526,505,2021,591,119,0.2339667458432304,0.23564356435643563,0.20071028717408612,0.2745683180346816,0.0738580308605955,1.0,0.5052,0.4042,1,1,0.2415
01_eve_sweep,8,54135553741839070740414849904884828851,5000,0.9,0.06,depolarizing,0.0,0.5,0.2,,0.11,0.95,5000,2536,507,2029,611,129,0.24093059936908517,0.25443786982248523,0.21847014660950315,0.29409878118498267,0.07562863457547953,1.0,0.5072,0.4058,1,1,0.2415
01_eve_sweep,9,145919113752289750251374914251145092292,5000,0.9,0.06,depolarizing,0.0,0.5,0.2,,0.11,0.95,5000,2557,511,2046,618,148,0.24168947985921002,0.2896281800391389,0.25198550921194757,0.3304102044268041,0.07842469521485651,1.0,0.5114,0.4092,1,1,0.2415
01_eve_sweep,10,38336808661793349311297589538447094806,5000,0.9,0.06,depolarizing,0.0,0.5,0.2,,0.11,0.95,5000,2476,495,1981,608,129,0.2455573505654281,0.2606060606060606,0.22388453562902896,0.3010146165779884,0.07713008094895943,1.0,0.4952,0.3962,1,1,0.2415
01_eve_sweep,11,46973546624726046231541336595915864797,5000,0.9,0.06,depolarizing,0.0,0.5,0.2,,0.11,0.95,5000,2480,496,1984,619,122,0.2495967741935484,0.24596774193548387,0.21011536204883047,0.2857247777535807,0.07560941570475022,1.0,0.496,0.3968,1,1,0.2415
01_eve_sweep,12,100611050453126434467644574775143172944,5000,0.9,0.06,depolarizing,0.0,0.5,0.2,,0.11,0.95,5000,2512,502,2010,596,104,0.2372611464968153,0.20717131474103587,0.1740072309932837,0.24478299492962874,0.07077576393634505,1.0,0.5024,0.402,1,1,0.2415
01_eve_sweep,13,104692903365610308662473083739993718086,5000,0.9,0.06,depolarizing,0.0,0.5,0.2,,0.11,0.95,5000,2534,506,2028,639,126,0.2521704814522494,0.2490118577075099,0.21331856526892606,0.2884873479113728,0.07516878264244675,1.0,0.5068,0.4056,1,1,0.2415
01_eve_sweep,14,53136123851082134928662274245322363266,5000,0.9,0.06,depolarizing,0.0,0.5,0.2,,0.11,0.95,5000,2520,504,2016,620,118,0.24603174603174602,0.23412698412698413,0.19925440506083558,0.2730218430770228,0.07376743801618724,1.0,0.504,0.4032,1,1,0.2415
01_eve_sweep,15,71789270640996953941352484220040279661,5000,0.9,0.06,depolarizing,0.0,0.5,0.2,,0.11,0.95,5000,2451,490,1961,617,143,0.251733986128111,0.29183673469387755,0.25332822524889065,0.333583735348429,0.08025551009953835,1.0,0.4902,0.3922,1,1,0.2415
01_eve_sweep,16,66800003727785727829373831363772228822,5000,0.9,0.06,depolarizing,0.0,0.5,0.2,,0.11,0.95,5000,2587,517,2070,680,126,0.26285272516428293,0.2437137330754352,0.20868509833805038,0.28252283929421595,0.07383774095616558,1.0,0.5174,0.414,1,1,0.2415
01_eve_sweep,17,109200428056277358615114756457139306020,5000,0.9,0.06,depolarizing,0.0,0.5,0.2,,0.11,0.95,5000,2490,498,1992,551,110,0.221285140562249,0.22088353413654618,0.18666218886424352,0.2593779994986548,0.0727158106344113,1.0,0.498,0.3984,1,1,0.2415
01_eve_sweep,18,256926818644807812810639310308956769325,5000,0.9,0.06,depolarizing,0.0,0.5,0.2,,0.11,0.95,5000,2430,486,1944,619,118,0.2547325102880658,0.24279835390946503,0.20679112600827704,0.2828396606509792,0.07604853464270217,1.0,0.486,0.3888,1,1,0.2415
01_eve_sweep,19,284688360323197970053093169407958897085,5000,0.9,0.06,depolarizing,0.0,0.5,0.2,,0.11,0.95,5000,2515,503,2012,634,115,0.25208747514910534,0.2286282306163022,0.19406698388616597,0.2673030456390242,0.07323606175285821,1.0,0.503,0.4024,1,1,0.2415
01_eve_sweep,20,325608041969018935858628549832205669825,5000,0.9,0.06,depolarizing,0.0,0.5,0.2,,0.11,0.95,5000,2471,494,1977,571,116,0.2310805341966815,0.23481781376518218,0.19957291215033468,0.2741551284579433,0.07458221630760864,1.0,0.4942,0.3954,1,1,0.2415
01_eve_sweep,21,190578562454666156961466172914733498284,5000,0.9,0.06,depolarizing,0.0,0.5,0.2,,0.11,0.95,5000,2485,497,1988,607,118,0.2442655935613682,0.23742454728370221,0.20211903199928766,0.2767579750788337,0.07463894307954605,1.0,0.497,0.3976,1,1,0.2415
01_eve_sweep,22,46288078528435255406099876626684547314,5000,0.9,0.06,depolarizing,0.0,0.5,0.2,,0.11,0.95,5000,2505,501,2004,596,121,0.23792415169660677,0.24151696606786427,0.20609695062822359,0.280870699364267,0.07477374873604342,1.0,0.501,0.4008,1,1,0.2415
01_eve_sweep,23,187469556146554381960007406131426216925,5000,0.9,0.06,depolarizing,0.0,0.5,0.2,,0.11,0.95,5000,2556,511,2045,576,116,0.22535211267605634,0.22700587084148727,0.1928013958360167,0.2652842046533401,0.07248280881732344,1.0,0.5112,0.409,1,1,0.2415
01_eve_sweep,24,221897865362761387928413540932135944696,5000,0.9,0.06,depolarizing,0.0,0.5,0.2,,0.11,0.95,5000,2449,489,1960,602,122,0.2458146182115149,0.24948875255623723,0.21318840152701876,0.2896943295925317,0.07650592806551296,1.0,0.4898,0.392,1,1,0.2415
01_eve_sweep,25,325264751673784759913463725886290825927,5000,0.9,0.06,depolarizing,0.0,0.5,0.2,,0.11,0.95,5000,2511,502,2009,562,122,0.2238152130625249,0.24302788844621515,0.2075510932841808,0.28240767640327297,0.07485658311909216,1.0,0.5022,0.4018,1,1,0.2415
01_eve_sweep,26,271291628653181334180689394509170265826,5000,0.9,0.06,depolarizing,0.0,0.5,0.2,,0.11,0.95,5000,2527,505,2022,625,119,0.2473288484368817,0.23564356435643563,0.20071028717408612,0.2745683180346816,0.0738580308605955,1.0,0.5054,0.4044,1,1,0.2415
01_eve_sweep,27,17975750317122943622255551544309423224,5000,0.9,0.06,depolarizing,0.0,0.5,0.2,,0.11,0.95,5000,2447,489,1958,564,119,0.23048630976706172,0.24335378323108384,0.20741707682433583,0.2832913538328362,0.07587427700850038,1.0,0.4894,0.3916,1,1,0.2415
01_eve_sweep,28,105014831355331529717122375268458624592,5000,0.9,0.06,depolarizing,0.0,0.5,0.2,,0.11,0.95,5000,2560,512,2048,670,125,0.26171875,0.244140625,0.20892639374788471,0.28316561336030915,0.07423921961242444,1.0,0.512,0.4096,1,1,0.2415
01_eve_sweep,29,10641463894415630681424145352243838730,5000,0.9,0.06,depolarizing,0.0,0.5,0.2,,0.11,0.95,5000,2480,496,1984,588,136,0.23709677419354838,0.27419354838709675,0.2367819825092075,0.31507591953738007,0.07829393702817256,1.0,0.496,0.3968,1,1,0.2415
01_eve_sweep,0,156343272168566124148967508627790753259,5000,1.0,0.06,depolarizing,0.0,0.5,0.2,,0.11,0.95,5000,2489,497,1992,622,108,0.24989955805544395,0.21730382293762576,0.18328870150128496,0.25565550918435526,0.0723668076830703,1.0,0.4978,0.3984,1,1,0.265
01_eve_sweep,1,109480314759473047892859166068802892629,5000,1.0,0.06,depolarizing,0.0,0.5,0.2,,0.11,0.95,5000,2495,499,1996,637,112,0.255310621242485,0.22444889779559118,0.19002656012119115,0.26308138240018925,0.0730548222789981,1.0,0.499,0.3992,1,1,0.265
01_eve_sweep,2,88655333917459443932070907374184615814,5000,1.0,0.06,depolarizing,0.0,0.5,0.2,,0.11,0.95,5000,2518,503,2015,655,134,0.2601270849880858,0.2664015904572565,0.22964477330260263,0.30669939130699325,0.07705461800439062,1.0,0.5036,0.403,1,1,0.265
01_eve_sweep,3,97171301291570024697323428893259505173,5000,1.0,0.06,depolarizing,0.0,0.5,0.2,,0.11,0.95,5000,2411,482,1929,659,137,0.27333056822895063,0.2842323651452282,0.24579481603201228,0.3260819840564606,0.08028716802444832,1.0,0.4822,0.3858,1,1,0.265
01_eve_sweep,4,251805071892035371489258520172452971214,5000,1.0,0.06,depolarizing,0.0,0.5,0.2,,0.11,0.95,5000,2503,500,2003,667,145,0.2664802237315222,0.29,0.2519474198773656,0.33125480311648636,0.07930738323912079,1.0,0.5006,0.4006,1,1,0.265
01_eve_sweep,5,173074058178968044430068261918981256506,5000,1.0,0.06,depolarizing,0.0,0.5,0.2,,0.11,0.95,5000,2475,495,1980,667,143,0.2694949494949495,0.28888888888888886,0.25070723849635906,0.3303219716777616,0.07961473318140255,1.0,0.495,0.396,1,1,0.265
01_eve_sweep,6,270568048088199507084552365186934378495,5000,1.0,0.06,depolarizing,0.0,0.5,0.2,,0.11,0.95,5000,2473,494,1979,681,147,0.2753740396279822,0.2975708502024291,0.25894198437951543,0.3393236954741319,0.08038171109461645,1.0,0.4946,0.3958,1,1,0.265
01_eve_sweep,7,185765345271742156305439485014669268669,5000,1.0,0.06,depolarizing,0.0,0.5,0.2,,0.11,0.95,5000,2472,494,1978,678,130,0.27427184466019416,0.2631578947368421,0.22626124945648654,0.30370959597228087,0.07744834651579433,1.0,0.4944,0.3956,1,1,0.265
01_eve_sweep,8,179666627739845215963248205774598334843,5000,1.0,0.06,depolarizing,0.0,0.5,0.2,,0.11,0.95,5000,2468,493,1975,662,137,0.26823338735818475,0.2778904665314402,0.2401811119217699,0.3190344162674039,0.078853304345634,1.0,0.4936,0.395,1,1,0.265
01_eve_sweep,9,129004550477771057499547322388531561408,5000,1.0,0.06,depolarizing,0.0,0.5,0.2,,0.11,0.95,5000,2442,488,1954,631,123,0.2583947583947584,0.2520491803278688,0.21556490564989136,0.29240662529780037,0.07684171964790901,1.0,0.4884,0.3908,1,1,0.265
01_eve_sweep,10,165450069440098779324276066438982461447,5000,1.0,0.06,depolarizing,0.0,0.5,0.2,,0.11,0.95,5000,2530,506,2024,657,122,0.25968379446640316,0.24110671936758893,0.20587612639585823,0.2802386344436626,0.07436250804780437,1.0,0.506,0.4048,1,1,0.265
01_eve_sweep,11,4620357764197706719006511754264747691,5000,1.0,0.06,depolarizing,0.0,0.5,0.2,,0.11,0.95,5000,2452,490,1962,644,128,0.2626427406199021,0.2612244897959184,0.22429220153039167,0.3018715179782986,0.07757931644790692,1.0,0.4904,0.3924,1,1,0.265
01_eve_sweep,12,57326672164632223255223389746403911722,5000,1.0,0.06,depolarizing,0.0,0.5,0.2,,0.11,0.95,5000,2556,511,2045,646,127,0.25273865414710484,0.24853228962818003,0.21303148341347655,0.2877857184709848,0.07475423505750822,1.0,0.5112,0.409,1,1,0.265
01_eve_sweep,13,47743876409965450074043845968082770132,5000,1.0,0.06,depolarizing,0.0,0.5,0.2,,0.11,0.95,5000,2479,495,1984,624,119,0.2517144009681323,0.2404040404040404,0.20485007339483857,0.2799561802642478,0.07510610686940922,1.0,0.4958,0.3968,1,1,0.265
01_eve_sweep,14,167918404509441079120485721720637080176,5000,1.0,0.06,depolarizing,0.0,0.5,0.2,,0.11,0.95,5000,2516,503,2013,699,148,0.27782193958664547,0.294234592445328,0.2560910360463497,0.33549722809912413,0.07940619205277444,1.0,0.5032,0.4026,1,1,0.265
01_eve_sweep,15,255043027208739953953621387348976745817,5000,1.0,0.06,depolarizing,0.0,0.5,0.2,,0.11,0.95,5000,2464,492,1972,657,134,0.26663961038961037,0.27235772357723576,0.23489797552153233,0.3133447217858689,0.07844674626433659,1.0,0.4928,0.3944,1,1,0.265
01_eve_sweep,16,17043637442564918372211652351216943337,5000,1.0,0.06,depolarizing,0.0,0.5,0.2,,0.11,0.95,5000,2492,498,1994,657,129,0.26364365971107545,0.25903614457831325,0.22250588757278322,0.29925542612180533,0.07674953854902211,1.0,0.4984,0.3988,1,1,0.265
01_eve_sweep,17,87250025369967745372450477112885139618,5000,1.0,0.06,depolarizing,0.0,0.5,0.2,,0.11,0.95,5000,2484,496,1988,645,108,0.25966183574879226,0.21774193548387097,0.18366542963090865,0.25615694792732596,0.07249151829641731,1.0,0.4968,0.3976,1,1,0.265
01_eve_sweep,18,119137926340314646761093327023866570428,5000,1.0,0.06,depolarizing,0.0,0.5,0.2,,0.11,0.95,5000,2540,508,2032,683,138,0.2688976377952756,0.27165354330708663,0.23479408326491602,0.3119405627824391,0.07714647951752307,1.0,0.508,0.4064,1,1,0.265
01_eve_sweep,19,225642315760270108728475715763589855575,5000,1.0,0.06,depolarizing,0.0,0.5,0.2,,0.11,0.95,5000,2494,498,1996,657,122,0.26343223736968724,0.24497991967871485,0.20925358292976945,0.28461047406367,0.07535689113390057,1.0,0.4988,0.3992,1,1,0.265
01_eve_sweep,20,223706863205219481780153405692210107583,5000,1.0,0.06,depolarizing,0.0,0.5,0.2,,0.11,0.95,5000,2477,495,1982,634,142,0.2559547840129189,0.2868686868686869,0.24878493931663345,0.3282349810026942,0.07945004168606076,1.0,0.4954,0.3964,1,1,0.265
01_eve_sweep,21,70668309120279378197060912796003386612,5000,1.0,0.06,depolarizing,0.0,0.5,0.2,,0.11,0.95,5000,2496,499,1997,652,127,0.26121794871794873,0.2545090180360721,0.21826631430087323,0.29450257994544743,0.0762362656445742,1.0,0.4992,0.3994,1,1,0.265
01_eve_sweep,22,93028670756212005811771418281506134792,5000,1.0,0.06,depolarizing,0.0,0.5,0.2,,0.11,0.95,5000,2516,503,2013,659,143,0.26192368839427665,0.28429423459244535,0.24662488004085492,0.3252333485560911,0.07860846851523617,1.0,0.5032,0.4026,1,1,0.265
01_eve_sweep,23,253697922946313424483394860176064472479,5000,1.0,0.06,depolarizing,0.0,0.5,0.2,,0.11,0.95,5000,2504,500,2004,641,130,0.25599041533546324,0.26,0.22348572318538285,0.3001739602361623,0.07668823705077943,1.0,0.5008,0.4008,1,1,0.265
01_eve_sweep,24,131509393571833146764897678465891469776,5000,1.0,0.06,depolarizing,0.0,0.5,0.2,,0.11,0.95,5000,2508,501,2007,709,131,0.28269537480063794,0.26147704590818366,0.2249163837590118,0.30166766391745636,0.07675128015844457,1.0,0.5016,0.4014,1,1,0.265
01_eve_sweep,25,174403110490165239329186078427893196522,5000,1.0,0.06,depolarizing,0.0,0.5,0.2,,0.11,0.95,5000,2522,504,2018,664,136,0.2632831086439334,0.2698412698412698,0.23293772785710004,0.31022678545626986,0.07728905759916982,1.0,0.5044,0.4036,1,1,0.265
01_eve_sweep,26,315848740337086794096243514534962637803,5000,1.0,0.06,depolarizing,0.0,0.5,0.2,,0.11,0.95,5000,2485,497,1988,655,154,0.2635814889336016,0.30985915492957744,0.2707918503499883,0.351843223741065,0.08105137339107671,1.0,0.497,0.3976,1,1,0.265
01_eve_sweep,27,19132474465721738873917573080146086970,5000,1.0,0.06,depolarizing,0.0,0.5,0.2,,0.11,0.95,5000,2519,503,2016,675,127,0.26796347757046446,0.2524850894632207,0.216492968059952,0.292229146781705,0.07573617872175298,1.0,0.5038,0.4032,1,1,0.265
01_eve_sweep,28,211891835073956952742266482158567547324,5000,1.0,0.06,depolarizing,0.0,0.5,0.2,,0.11,0.95,5000,2559,511,2048,702,137,0.27432590855803046,0.26810176125244617,0.23152929292760283,0.30813481931604436,0.07660552638844154,1.0,0.5118,0.4096,1,1,0.265
01_eve_sweep,29,75067386143932321866686620628934678530,5000,1.0,0.06,depolarizing,0.0,0.5,0.2,,0.11,0.95,5000,2476,495,1981,685,148,0.27665589660743134,0.298989898989899,0.26033289705393964,0.3407427623941465,0.08040986534020689,1.0,0.4952,0.3962,1,1,0.265
