experiment,repeat,seed,n_signals,eve_fraction,noise_probability,noise_model,loss_probability,basis_probability_z,sample_fraction,sample_size,abort_threshold,confidence,n_detected,n_sifted,n_test,n_remaining,actual_errors,test_errors,qber_actual,qber_estimate,qber_ci_low,qber_ci_high,qber_ci_width,detected_fraction,sifted_fraction,candidate_fraction,has_error,full_sample,expected_qber
02_noise_sweep,0,224474734173372876888253288167501349002,5000,0.0,0.0,depolarizing,0.0,0.5,0.2,,0.11,0.95,5000,2528,505,2023,0,0,0.0,0.0,0.0,0.007549421836807875,0.007549421836807875,1.0,0.5056,0.4046,0,1,0.0
02_noise_sweep,1,82450602344778013677809263627533016295,5000,0.0,0.0,depolarizing,0.0,0.5,0.2,,0.11,0.95,5000,2497,499,1998,0,0,0.0,0.0,0.0,0.007639502975159277,0.007639502975159277,1.0,0.4994,0.3996,0,1,0.0
02_noise_sweep,2,2927713157459652645099481323883619358,5000,0.0,0.0,depolarizing,0.0,0.5,0.2,,0.11,0.95,5000,2409,481,1928,0,0,0.0,0.0,8.673617379884035e-19,0.007923123633110728,0.007923123633110728,1.0,0.4818,0.3856,0,1,0.0
02_noise_sweep,3,264937297410977934958928471758959297233,5000,0.0,0.0,depolarizing,0.0,0.5,0.2,,0.11,0.95,5000,2530,506,2024,0,0,0.0,0.0,0.0,0.0075346144457921075,0.0075346144457921075,1.0,0.506,0.4048,0,1,0.0
02_noise_sweep,4,276622002053477117903609378085987859563,5000,0.0,0.0,depolarizing,0.0,0.5,0.2,,0.11,0.95,5000,2494,498,1996,0,0,0.0,0.0,4.336808689942018e-19,0.00765472591627122,0.00765472591627122,1.0,0.4988,0.3992,0,1,0.0
02_noise_sweep,5,149175175552615474247248146528914201954,5000,0.0,0.0,depolarizing,0.0,0.5,0.2,,0.11,0.95,5000,2502,500,2002,0,0,0.0,0.0,4.336808689942018e-19,0.007624340461552238,0.007624340461552238,1.0,0.5004,0.4004,0,1,0.0
02_noise_sweep,6,51752976251308751770720959903294365866,5000,0.0,0.0,depolarizing,0.0,0.5,0.2,,0.11,0.95,5000,2526,505,2021,0,0,0.0,0.0,0.0,0.007549421836807875,0.007549421836807875,1.0,0.5052,0.4042,0,1,0.0
02_noise_sweep,7,227326814922373947047036384508289145389,5000,0.0,0.0,depolarizing,0.0,0.5,0.2,,0.11,0.95,5000,2487,497,1990,0,0,0.0,0.0,0.0,0.007670009646843955,0.007670009646843955,1.0,0.4974,0.398,0,1,0.0
02_noise_sweep,8,254483760936528614036129947390228779714,5000,0.0,0.0,depolarizing,0.0,0.5,0.2,,0.11,0.95,5000,2518,503,2015,0,0,0.0,0.0,0.0,0.007579211909050085,0.007579211909050085,1.0,0.5036,0.403,0,1,0.0
02_noise_sweep,9,229237461139785950406572016146647187226,5000,0.0,0.0,depolarizing,0.0,0.5,0.2,,0.11,0.95,5000,2536,507,2029,0,0,0.0,0.0,0.0,0.0075198650273263735,0.0075198650273263735,1.0,0.5072,0.4058,0,1,0.0
02_noise_sweep,10,166733242494795037480475736066366191198,5000,0.0,0.0,depolarizing,0.0,0.5,0.2,,0.11,0.95,5000,2564,512,2052,0,0,0.0,0.0,0.0,0.007446975722882736,0.007446975722882736,1.0,0.5128,0.4104,0,1,0.0
02_noise_sweep,11,228944012260851242968886973507713237767,5000,0.0,0.0,depolarizing,0.0,0.5,0.2,,0.11,0.95,5000,2502,500,2002,0,0,0.0,0.0,4.336808689942018e-19,0.007624340461552238,0.007624340461552238,1.0,0.5004,0.4004,0,1,0.0
02_noise_sweep,12,92661795777623519176444113879202273659,5000,0.0,0.0,depolarizing,0.0,0.5,0.2,,0.11,0.95,5000,2549,509,2040,0,0,0.0,0.0,0.0,0.007490538751542747,0.007490538751542747,1.0,0.5098,0.408,0,1,0.0
02_noise_sweep,13,117965291504828237320080321251422990558,5000,0.0,0.0,depolarizing,0.0,0.5,0.2,,0.11,0.95,5000,2496,499,1997,0,0,0.0,0.0,0.0,0.007639502975159277,0.007639502975159277,1.0,0.4992,0.3994,0,1,0.0
02_noise_sweep,14,74699455806940982454383249679973942473,5000,0.0,0.0,depolarizing,0.0,0.5,0.2,,0.11,0.95,5000,2440,488,1952,0,0,0.0,0.0,0.0,0.007810359927576922,0.007810359927576922,1.0,0.488,0.3904,0,1,0.0
02_noise_sweep,15,179754675659990401983134452073971752953,5000,0.0,0.0,depolarizing,0.0,0.5,0.2,,0.11,0.95,5000,2549,509,2040,0,0,0.0,0.0,0.0,0.007490538751542747,0.007490538751542747,1.0,0.5098,0.408,0,1,0.0
02_noise_sweep,16,17592282899247164132231323142472842072,5000,0.0,0.0,depolarizing,0.0,0.5,0.2,,0.11,0.95,5000,2413,482,1931,0,0,0.0,0.0,0.0,0.007906815589634276,0.007906815589634276,1.0,0.4826,0.3862,0,1,0.0
02_noise_sweep,17,249966999246130316753175125902790528989,5000,0.0,0.0,depolarizing,0.0,0.5,0.2,,0.11,0.95,5000,2484,496,1988,0,0,0.0,0.0,0.0,0.007685354531729935,0.007685354531729935,1.0,0.4968,0.3976,0,1,0.0
02_noise_sweep,18,7769410979850152821274881929568974237,5000,0.0,0.0,depolarizing,0.0,0.5,0.2,,0.11,0.95,5000,2536,507,2029,0,0,0.0,0.0,0.0,0.0075198650273263735,0.0075198650273263735,1.0,0.5072,0.4058,0,1,0.0
02_noise_sweep,19,115308875948643692585924644748029857435,5000,0.0,0.0,depolarizing,0.0,0.5,0.2,,0.11,0.95,5000,2486,497,1989,0,0,0.0,0.0,0.0,0.007670009646843955,0.007670009646843955,1.0,0.4972,0.3978,0,1,0.0
02_noise_sweep,20,278912864391761345900102100426493320873,5000,0.0,0.0,depolarizing,0.0,0.5,0.2,,0.11,0.95,5000,2480,496,1984,0,0,0.0,0.0,0.0,0.007685354531729935,0.007685354531729935,1.0,0.496,0.3968,0,1,0.0
02_noise_sweep,21,27943480324124713570369262302400539010,5000,0.0,0.0,depolarizing,0.0,0.5,0.2,,0.11,0.95,5000,2453,490,1963,0,0,0.0,0.0,0.0,0.0077787288857189595,0.0077787288857189595,1.0,0.4906,0.3926,0,1,0.0
02_noise_sweep,22,77522729050308782937272502531034710594,5000,0.0,0.0,depolarizing,0.0,0.5,0.2,,0.11,0.95,5000,2509,501,2008,0,0,0.0,0.0,4.336808689942018e-19,0.007609238016362091,0.007609238016362091,1.0,0.5018,0.4016,0,1,0.0
02_noise_sweep,23,152828431711763595847984993919396491828,5000,0.0,0.0,depolarizing,0.0,0.5,0.2,,0.11,0.95,5000,2385,477,1908,0,0,0.0,0.0,0.0,0.007989034119719293,0.007989034119719293,1.0,0.477,0.3816,0,1,0.0
02_noise_sweep,24,39822209196817291370019435433220630003,5000,0.0,0.0,depolarizing,0.0,0.5,0.2,,0.11,0.95,5000,2500,500,2000,0,0,0.0,0.0,4.336808689942018e-19,0.007624340461552238,0.007624340461552238,1.0,0.5,0.4,0,1,0.0
02_noise_sweep,25,319312917381726396143347954080820480236,5000,0.0,0.0,depolarizing,0.0,0.5,0.2,,0.11,0.95,5000,2458,491,1967,0,0,0.0,0.0,0.0,0.007763009247141672,0.007763009247141672,1.0,0.4916,0.3934,0,1,0.0
02_noise_sweep,26,317355161338453596989948448758729797194,5000,0.0,0.0,depolarizing,0.0,0.5,0.2,,0.11,0.95,5000,2510,502,2008,0,0,0.0,0.0,0.0,0.007594195283340362,0.007594195283340362,1.0,0.502,0.4016,0,1,0.0
02_noise_sweep,27,51054613630327114276208607592670680363,5000,0.0,0.0,depolarizing,0.0,0.5,0.2,,0.11,0.95,5000,2522,504,2018,0,0,0.0,0.0,4.336808689942018e-19,0.007564287542838138,0.007564287542838138,1.0,0.5044,0.4036,0,1,0.0
02_noise_sweep,28,295672053397521588272112963398718668687,5000,0.0,0.0,depolarizing,0.0,0.5,0.2,,0.11,0.95,5000,2486,497,1989,0,0,0.0,0.0,0.0,0.007670009646843955,0.007670009646843955,1.0,0.4972,0.3978,0,1,0.0
02_noise_sweep,29,330851232115959807038448407687846115803,5000,0.0,0.0,depolarizing,0.0,0.5,0.2,,0.11,0.95,5000,2532,506,2026,0,0,0.0,0.0,0.0,0.0075346144457921075,0.0075346144457921075,1.0,0.5064,0.4052,0,1,0.0
02_noise_sweep,0,57653547710882901536528691961600920005,5000,0.0,0.02,depolarizing,0.0,0.5,0.2,,0.11,0.95,5000,2522,504,2018,24,4,0.00951625693893735,0.007936507936507936,0.0030905567254086285,0.020226678634209856,0.017136121908801226,1.0,0.5044,0.4036,1,1,0.01
02_noise_sweep,1,8363246368775171551463445443605683304,5000,0.0,0.02,depolarizing,0.0,0.5,0.2,,0.11,0.95,5000,2524,504,2020,26,6,0.010301109350237718,0.011904761904761904,0.005467167833239922,0.025726541434768734,0.02025937360152881,1.0,0.5048,0.404,1,1,0.01
02_noise_sweep,2,309398814933913557401664543755246426655,5000,0.0,0.02,depolarizing,0.0,0.5,0.2,,0.11,0.95,5000,2565,513,2052,26,2,0.0101364522417154,0.003898635477582846,0.0010697983531626756,0.014102085958491457,0.01303228760532878,1.0,0.513,0.4104,1,1,0.01
02_noise_sweep,3,195622044398637326844914929361705785481,5000,0.0,0.02,depolarizing,0.0,0.5,0.2,,0.11,0.95,5000,2505,501,2004,28,2,0.011177644710578843,0.003992015968063872,0.0010954382745995616,0.014437079278558043,0.01334164100395848,1.0,0.501,0.4008,1,1,0.01
02_noise_sweep,4,48527347967314755241447079297685088576,5000,0.0,0.02,depolarizing,0.0,0.5,0.2,,0.11,0.95,5000,2518,503,2015,30,6,0.011914217633042097,0.011928429423459244,0.005478059185508203,0.02577719538177527,0.020299136196267067,1.0,0.5036,0.403,1,1,0.01
02_noise_sweep,5,178018098906898129109176717651407145618,5000,0.0,0.02,depolarizing,0.0,0.5,0.2,,0.11,0.95,5000,2488,497,1991,21,3,0.008440514469453377,0.006036217303822937,0.002054938332071118,0.017594910232517177,0.01553997190044606,1.0,0.4976,0.3982,1,1,0.01
02_noise_sweep,6,263822490097351875708421779360280369084,5000,0.0,0.02,depolarizing,0.0,0.5,0.2,,0.11,0.95,5000,2499,499,2000,34,13,0.013605442176870748,0.026052104208416832,0.0152870819393247,0.04405857919744952,0.02877149725812482,1.0,0.4998,0.4,1,1,0.01
02_noise_sweep,7,221187710586509503004371994762677731987,5000,0.0,0.02,depolarizing,0.0,0.5,0.2,,0.11,0.95,5000,2507,501,2006,23,6,0.009174311926605505,0.011976047904191617,0.00549997259395358,0.02587910403279505,0.020379131438841472,1.0,0.5014,0.4012,1,1,0.01
02_noise_sweep,8,92641034847093436199283349527433563136,5000,0.0,0.02,depolarizing,0.0,0.5,0.2,,0.11,0.95,5000,2433,486,1947,31,4,0.012741471434443074,0.00823045267489712,0.003205183749129618,0.020968880343368274,0.017763696594238654,1.0,0.4866,0.3894,1,1,0.01
02_noise_sweep,9,285074616539904918686218416082740766245,5000,0.0,0.02,depolarizing,0.0,0.5,0.2,,0.11,0.95,5000,2516,503,2013,22,5,0.008744038155802861,0.009940357852882704,0.004253190738357409,0.023056056719220508,0.0188028659808631,1.0,0.5032,0.4026,1,1,0.01
02_noise_sweep,10,114894669720793212361770156683091865238,5000,0.0,0.02,depolarizing,0.0,0.5,0.2,,0.11,0.95,5000,2499,499,2000,26,4,0.010404161664665866,0.008016032064128256,0.0031215668995021977,0.02042752320230783,0.017305956302805632,1.0,0.4998,0.4,1,1,0.01
02_noise_sweep,11,299822744296787728131787258569600342804,5000,0.0,0.02,depolarizing,0.0,0.5,0.2,,0.11,0.95,5000,2497,499,1998,23,4,0.0092110532639167,0.008016032064128256,0.0031215668995021977,0.02042752320230783,0.017305956302805632,1.0,0.4994,0.3996,1,1,0.01
02_noise_sweep,12,66624783871031772321792546217264314340,5000,0.0,0.02,depolarizing,0.0,0.5,0.2,,0.11,0.95,5000,2477,495,1982,30,6,0.012111425111021397,0.012121212121212121,0.005566777501760262,0.026189722565705557,0.020622945063945297,1.0,0.4954,0.3964,1,1,0.01
02_noise_sweep,13,97197850623251845552843183272732623454,5000,0.0,0.02,depolarizing,0.0,0.5,0.2,,0.11,0.95,5000,2458,491,1967,24,3,0.009764035801464606,0.006109979633401222,0.0020800753757635165,0.017808029481392713,0.015727954105629195,1.0,0.4916,0.3934,1,1,0.01
02_noise_sweep,14,140963412185559945367559513329322377136,5000,0.0,0.02,depolarizing,0.0,0.5,0.2,,0.11,0.95,5000,2458,491,1967,13,3,0.0052888527257933275,0.006109979633401222,0.0020800753757635165,0.017808029481392713,0.015727954105629195,1.0,0.4916,0.3934,1,1,0.01
02_noise_sweep,15,267184812310945884869670172944746282852,5000,0.0,0.02,depolarizing,0.0,0.5,0.2,,0.11,0.95,5000,2464,492,1972,20,3,0.008116883116883116,0.006097560975609756,0.002075843248514517,0.017772151802365216,0.0156963085538507,1.0,0.4928,0.3944,1,1,0.01
02_noise_sweep,16,195244455619900059908470469437241832965,5000,0.0,0.02,depolarizing,0.0,0.5,0.2,,0.11,0.95,5000,2552,510,2042,21,6,0.008228840125391849,0.011764705882352941,0.0054027184684768085,0.0254267495488597,0.020024031080382892,1.0,0.5104,0.4084,1,1,0.01
02_noise_sweep,17,42265362514824714995219257018943889557,5000,0.0,0.02,depolarizing,0.0,0.5,0.2,,0.11,0.95,5000,2479,495,1984,27,4,0.010891488503428802,0.00808080808080808,0.003146826723446766,0.02059109363443285,0.017444266910986085,1.0,0.4958,0.3968,1,1,0.01
02_noise_sweep,18,300938915880745821002779362332465459185,5000,0.0,0.02,depolarizing,0.0,0.5,0.2,,0.11,0.95,5000,2501,500,2001,21,5,0.008396641343462616,0.01,0.004278753896590496,0.023193099755730702,0.018914345859140206,1.0,0.5002,0.4002,1,1,0.01
02_noise_sweep,19,124515866648906229440436212761540400685,5000,0.0,0.02,depolarizing,0.0,0.5,0.2,,0.11,0.95,5000,2504,500,2004,24,4,0.009584664536741214,0.008,0.003115315180062238,0.020387035834105165,0.01727172065404293,1.0,0.5008,0.4008,1,1,0.01
02_noise_sweep,20,298298105970887880522258306912925282710,5000,0.0,0.02,depolarizing,0.0,0.5,0.2,,0.11,0.95,5000,2476,495,1981,24,3,0.009693053311793215,0.006060606060606061,0.002063249568394529,0.01766538093469199,0.01560213136629746,1.0,0.4952,0.3962,1,1,0.01
02_noise_sweep,21,222517801784122331084225743137278758616,5000,0.0,0.02,depolarizing,0.0,0.5,0.2,,0.11,0.95,5000,2488,497,1991,24,4,0.00964630225080386,0.008048289738430584,0.003134145916446042,0.020508982287390367,0.017374836370944325,1.0,0.4976,0.3982,1,1,0.01
02_noise_sweep,22,242799266246649577967138749157403387941,5000,0.0,0.02,depolarizing,0.0,0.5,0.2,,0.11,0.95,5000,2501,500,2001,22,2,0.008796481407437025,0.004,0.0010976305226827908,0.01446571521517703,0.013368084692494238,1.0,0.5002,0.4002,1,1,0.01
02_noise_sweep,23,224320973284690081478776422458251059163,5000,0.0,0.02,depolarizing,0.0,0.5,0.2,,0.11,0.95,5000,2525,505,2020,20,5,0.007920792079207921,0.009900990099009901,0.004236317655323571,0.022965590877785137,0.018729273222461568,1.0,0.505,0.404,1,1,0.01
02_noise_sweep,24,40278588082058033046598379914857780975,5000,0.0,0.02,depolarizing,0.0,0.5,0.2,,0.11,0.95,5000,2490,498,1992,30,6,0.012048192771084338,0.012048192771084338,0.005533173411434259,0.02603348682010754,0.020500313408673282,1.0,0.498,0.3984,1,1,0.01
02_noise_sweep,25,314620811063442525453109704646927999169,5000,0.0,0.02,depolarizing,0.0,0.5,0.2,,0.11,0.95,5000,2416,483,1933,33,8,0.013658940397350994,0.016563146997929608,0.00841616995982596,0.03233931308542927,0.02392314312560331,1.0,0.4832,0.3866,1,1,0.01
02_noise_sweep,26,5900155543619708894432475987699680221,5000,0.0,0.02,depolarizing,0.0,0.5,0.2,,0.11,0.95,5000,2459,491,1968,27,2,0.010980073200488003,0.004073319755600814,0.001117762849515396,0.014728643470969315,0.013610880621453918,1.0,0.4918,0.3936,1,1,0.01
02_noise_sweep,27,258427639330856358862379986519909788847,5000,0.0,0.02,depolarizing,0.0,0.5,0.2,,0.11,0.95,5000,2523,504,2019,30,7,0.011890606420927468,0.013888888888888888,0.006743711925116162,0.028388234297087582,0.02164452237197142,1.0,0.5046,0.4038,1,1,0.01
02_noise_sweep,28,138418592917166438694565180181917849298,5000,0.0,0.02,depolarizing,0.0,0.5,0.2,,0.11,0.95,5000,2513,502,2011,22,5,0.008754476721050538,0.0099601593625498,0.004261677784243426,0.023101557433691747,0.018839879649448322,1.0,0.5026,0.4022,1,1,0.01
02_noise_sweep,29,34968625603961005975452989159361770828,5000,0.0,0.02,depolarizing,0.0,0.5,0.2,,0.11,0.95,5000,2512,502,2010,22,7,0.00875796178343949,0.013944223107569721,0.006770642877454554,0.028500208314318543,0.02172956543686399,1.0,0.5024,0.402,1,1,0.01
02_noise_sweep,0,272920790735976535496826664243637175811,5000,0.0,0.04,depolarizing,0.0,0.5,0.2,,0.11,0.95,5000,2438,487,1951,49,10,0.020098441345365054,0.02053388090349076,0.01119109973142903,0.0373815267088397,0.02619042697741067,1.0,0.4876,0.3902,1,1,0.02
02_noise_sweep,1,311214585320595241696764844736293961811,5000,0.0,0.04,depolarizing,0.0,0.5,0.2,,0.11,0.95,5000,2497,499,1998,42,13,0.01682018422106528,0.026052104208416832,0.0152870819393247,0.04405857919744952,0.02877149725812482,1.0,0.4994,0.3996,1,1,0.02
02_noise_sweep,2,222874663759058261633788999249618047493,5000,0.0,0.04,depolarizing,0.0,0.5,0.2,,0.11,0.95,5000,2554,510,2044,52,8,0.020360219263899765,0.01568627450980392,0.007969437066686718,0.03064453321557079,0.02267509614888407,1.0,0.5108,0.4088,1,1,0.02
02_noise_sweep,3,50532504905923817073502936564343092864,5000,0.0,0.04,depolarizing,0.0,0.5,0.2,,0.11,0.95,5000,2503,500,2003,46,6,0.018377946464242907,0.012,0.005510995174027701,0.02593036111644729,0.02041936594241959,1.0,0.5006,0.4006,1,1,0.02
02_noise_sweep,4,323536067988686468782315473650719121310,5000,0.0,0.04,depolarizing,0.0,0.5,0.2,,0.11,0.95,5000,2541,508,2033,46,12,0.01810310901219992,0.023622047244094488,0.013563475792254039,0.04083121682378004,0.027267741031526002,1.0,0.5082,0.4066,1,1,0.02
02_noise_sweep,5,132494270692056650920770979185075187660,5000,0.0,0.04,depolarizing,0.0,0.5,0.2,,0.11,0.95,5000,2518,503,2015,48,7,0.019062748212867357,0.013916500994035786,0.006757150567541375,0.028444111109447678,0.021686960541906303,1.0,0.5036,0.403,1,1,0.02
02_noise_sweep,6,204521824228243521679553721913423484824,5000,0.0,0.04,depolarizing,0.0,0.5,0.2,,0.11,0.95,5000,2551,510,2041,45,7,0.01764014112112897,0.013725490196078431,0.006664189367683126,0.02805752978211388,0.02139334041443075,1.0,0.5102,0.4082,1,1,0.02
02_noise_sweep,7,256801300176822476887746796938469975032,5000,0.0,0.04,depolarizing,0.0,0.5,0.2,,0.11,0.95,5000,2523,504,2019,62,12,0.024573919936583432,0.023809523809523808,0.013671527512541139,0.04115160348063804,0.0274800759680969,1.0,0.5046,0.4038,1,1,0.02
02_noise_sweep,8,158488535953697697864159261792562517229,5000,0.0,0.04,depolarizing,0.0,0.5,0.2,,0.11,0.95,5000,2471,494,1977,48,10,0.01942533387292594,0.020242914979757085,0.011031998660788323,0.036857662592355775,0.025825663931567454,1.0,0.4942,0.3954,1,1,0.02
02_noise_sweep,9,315796448157137371689063696367561583775,5000,0.0,0.04,depolarizing,0.0,0.5,0.2,,0.11,0.95,5000,2531,506,2025,50,15,0.019755037534571317,0.029644268774703556,0.018045681011375967,0.04833075471233361,0.030285073700957645,1.0,0.5062,0.405,1,1,0.02
02_noise_sweep,10,166444868255608742857126215570642945976,5000,0.0,0.04,depolarizing,0.0,0.5,0.2,,0.11,0.95,5000,2474,494,1980,56,10,0.02263540824575586,0.020242914979757085,0.011031998660788323,0.036857662592355775,0.025825663931567454,1.0,0.4948,0.396,1,1,0.02
02_noise_sweep,11,28044183883915212685078479358931415740,5000,0.0,0.04,depolarizing,0.0,0.5,0.2,,0.11,0.95,5000,2541,508,2033,48,6,0.018890200708382526,0.011811023622047244,0.005424032088181334,0.02552590084064698,0.020101868752465647,1.0,0.5082,0.4066,1,1,0.02
02_noise_sweep,12,151849525165573539060305127127911725600,5000,0.0,0.04,depolarizing,0.0,0.5,0.2,,0.11,0.95,5000,2459,491,1968,54,6,0.021960146400976006,0.012219959266802444,0.005612223071996877,0.026400977395173917,0.02078875432317704,1.0,0.4918,0.3936,1,1,0.02
02_noise_sweep,13,90033020069850547929720031903815466272,5000,0.0,0.04,depolarizing,0.0,0.5,0.2,,0.11,0.95,5000,2479,495,1984,42,6,0.016942315449778138,0.012121212121212121,0.005566777501760262,0.026189722565705557,0.020622945063945297,1.0,0.4958,0.3968,1,1,0.02
02_noise_sweep,14,254579674874836605563818719962941742554,5000,0.0,0.04,depolarizing,0.0,0.5,0.2,,0.11,0.95,5000,2482,496,1986,39,7,0.015713134568896052,0.014112903225806451,0.0068527419756839805,0.028841493678134225,0.021988751702450245,1.0,0.4964,0.3972,1,1,0.02
02_noise_sweep,15,228358745327728979835262196314015491344,5000,0.0,0.04,depolarizing,0.0,0.5,0.2,,0.11,0.95,5000,2489,497,1992,37,9,0.014865407794294898,0.018108651911468814,0.009555697977157057,0.03405382842291992,0.024498130445762864,1.0,0.4978,0.3984,1,1,0.02
02_noise_sweep,16,31954387593009756270531047338659719806,5000,0.0,0.04,depolarizing,0.0,0.5,0.2,,0.11,0.95,5000,2477,495,1982,41,6,0.016552280985062576,0.012121212121212121,0.005566777501760262,0.026189722565705557,0.020622945063945297,1.0,0.4954,0.3964,1,1,0.02
02_noise_sweep,17,296674122980657032581860525567445264073,5000,0.0,0.04,depolarizing,0.0,0.5,0.2,,0.11,0.95,5000,2463,492,1971,40,6,0.016240357287860333,0.012195121951219513,0.0056007922573827855,0.026347844829905844,0.02074705257252306,1.0,0.4926,0.3942,1,1,0.02
02_noise_sweep,18,100710551221025005686652961700211243327,5000,0.0,0.04,depolarizing,0.0,0.5,0.2,,0.11,0.95,5000,2502,500,2002,45,11,0.017985611510791366,0.022,0.012328008269927582,0.03896086121131636,0.026632852941388778,1.0,0.5004,0.4004,1,1,0.02
02_noise_sweep,19,92668675432606913695607522237799249575,5000,0.0,0.04,depolarizing,0.0,0.5,0.2,,0.11,0.95,5000,2436,487,1949,40,5,0.016420361247947456,0.01026694045174538,0.004393173422939553,0.023806275853309238,0.019413102430369686,1.0,0.4872,0.3898,1,1,0.02
02_noise_sweep,20,322728056961599742044731267523290420400,5000,0.0,0.04,depolarizing,0.0,0.5,0.2,,0.11,0.95,5000,2526,505,2021,40,9,0.01583531274742676,0.01782178217821782,0.009403874924926397,0.03352002296522298,0.024116148040296582,1.0,0.5052,0.4042,1,1,0.02
02_noise_sweep,21,37975925407025826976077944912855045637,5000,0.0,0.04,depolarizing,0.0,0.5,0.2,,0.11,0.95,5000,2434,486,1948,50,17,0.020542317173377157,0.03497942386831276,0.021952266369435532,0.055300195910499714,0.03334792954106418,1.0,0.4868,0.3896,1,1,0.02
02_noise_sweep,22,115164318464467661764793378589127380461,5000,0.0,0.04,depolarizing,0.0,0.5,0.2,,0.11,0.95,5000,2449,489,1960,59,7,0.024091465904450795,0.014314928425357873,0.006951076821961064,0.02925013657308575,0.022299059751124686,1.0,0.4898,0.392,1,1,0.02
02_noise_sweep,23,25503425919929143241645561858979658943,5000,0.0,0.04,depolarizing,0.0,0.5,0.2,,0.11,0.95,5000,2509,501,2008,53,5,0.021123953766440814,0.00998003992015968,0.0042701987689924975,0.023147238089358375,0.018877039320365878,1.0,0.5018,0.4016,1,1,0.02
02_noise_sweep,24,264297195799280202433132855266984138881,5000,0.0,0.04,depolarizing,0.0,0.5,0.2,,0.11,0.95,5000,2460,492,1968,37,10,0.015040650406504066,0.02032520325203252,0.011076992607375512,0.03700583386179163,0.02592884125441612,1.0,0.492,0.3936,1,1,0.02
02_noise_sweep,25,31206235486156245925216382104245585951,5000,0.0,0.04,depolarizing,0.0,0.5,0.2,,0.11,0.95,5000,2475,495,1980,47,10,0.01898989898989899,0.020202020202020204,0.011009638483399182,0.03678402100323905,0.025774382519839864,1.0,0.495,0.396,1,1,0.02
02_noise_sweep,26,171243148631184335667507969838496003207,5000,0.0,0.04,depolarizing,0.0,0.5,0.2,,0.11,0.95,5000,2480,496,1984,53,14,0.021370967741935483,0.028225806451612902,0.01688664895745897,0.0468164678184475,0.029929818860988527,1.0,0.496,0.3968,1,1,0.02
02_noise_sweep,27,186726749850296927007560287105821574125,5000,0.0,0.04,depolarizing,0.0,0.5,0.2,,0.11,0.95,5000,2498,499,1999,44,11,0.017614091273018415,0.022044088176352707,0.012352801064217472,0.039038066509231376,0.026685265445013904,1.0,0.4996,0.3998,1,1,0.02
02_noise_sweep,28,311773575895014540879128565698811206173,5000,0.0,0.04,depolarizing,0.0,0.5,0.2,,0.11,0.95,5000,2506,501,2005,41,9,0.01636073423782921,0.017964071856287425,0.009479178564993782,0.03378481736694812,0.024305638801954337,1.0,0.5012,0.401,1,1,0.02
02_noise_sweep,29,180558304955080212068978296559962069535,5000,0.0,0.04,depolarizing,0.0,0.5,0.2,,0.11,0.95,5000,2504,500,2004,56,9,0.022364217252396165,0.018,0.009498193296197078,0.03385167090873928,0.024353477612542203,1.0,0.5008,0.4008,1,1,0.02
02_noise_sweep,0,336352959639599095813155562749418965058,5000,0.0,0.06,depolarizing,0.0,0.5,0.2,,0.11,0.95,5000,2456,491,1965,73,15,0.029723127035830618,0.03054989816700611,0.018599526327590404,0.04978896096962407,0.031189434642033664,1.0,0.4912,0.393,1,1,0.03
02_noise_sweep,1,328312020037080577016756436569492381855,5000,0.0,0.06,depolarizing,0.0,0.5,0.2,,0.11,0.95,5000,2506,501,2005,68,11,0.02713487629688747,0.021956087824351298,0.012303314799259476,0.038883960669477934,0.02658064587021846,1.0,0.5012,0.401,1,1,0.03
02_noise_sweep,2,194986779016163418164964016905755270650,5000,0.0,0.06,depolarizing,0.0,0.5,0.2,,0.11,0.95,5000,2524,504,2020,89,22,0.03526148969889065,0.04365079365079365,0.029000534166266852,0.0652049663688632,0.03620443220259634,1.0,0.5048,0.404,1,1,0.03
02_noise_sweep,3,91032080831362333565787191012935536596,5000,0.0,0.06,depolarizing,0.0,0.5,0.2,,0.11,0.95,5000,2483,496,1987,93,17,0.03745469190495369,0.034274193548387094,0.021507442234366958,0.05419948073672019,0.032692038502353235,1.0,0.4966,0.3974,1,1,0.03
02_noise_sweep,4,124841108557581881983373122018788761578,5000,0.0,0.06,depolarizing,0.0,0.5,0.2,,0.11,0.95,5000,2529,505,2024,76,14,0.030051403716884143,0.027722772277227723,0.01658441732657395,0.04599196725987627,0.02940754993330232,1.0,0.5058,0.4048,1,1,0.03
02_noise_sweep,5,36877833920156084409809444976325967441,5000,0.0,0.06,depolarizing,0.0,0.5,0.2,,0.11,0.95,5000,2463,492,1971,69,12,0.028014616321559074,0.024390243902439025,0.01400626517915328,0.04214365598095313,0.028137390801799854,1.0,0.4926,0.3942,1,1,0.03
02_noise_sweep,6,190058866938864055331143471101056519284,5000,0.0,0.06,depolarizing,0.0,0.5,0.2,,0.11,0.95,5000,2482,496,1986,87,17,0.035052377115229655,0.034274193548387094,0.021507442234366958,0.05419948073672019,0.032692038502353235,1.0,0.4964,0.3972,1,1,0.03
02_noise_sweep,7,289412392761285047453939500130180536081,5000,0.0,0.06,depolarizing,0.0,0.5,0.2,,0.11,0.95,5000,2454,490,1964,88,17,0.035859820700896494,0.03469387755102041,0.021772146737506434,0.05485458871532589,0.033082441977819455,1.0,0.4908,0.3928,1,1,0.03
02_noise_sweep,8,38723847691042299247473723029030282074,5000,0.0,0.06,depolarizing,0.0,0.5,0.2,,0.11,0.95,5000,2471,494,1977,66,11,0.026709834075273168,0.022267206477732792,0.012478276077487648,0.03942872837711997,0.026950452299632322,1.0,0.4942,0.3954,1,1,0.03
02_noise_sweep,9,62407163172119914792546458925674106697,5000,0.0,0.06,depolarizing,0.0,0.5,0.2,,0.11,0.95,5000,2517,503,2014,83,18,0.03297576479936432,0.03578528827037773,0.022753822406024672,0.055853517477725594,0.03309969507170092,1.0,0.5034,0.4028,1,1,0.03
02_noise_sweep,10,79162083026879013697995742975306842435,5000,0.0,0.06,depolarizing,0.0,0.5,0.2,,0.11,0.95,5000,2449,489,1960,74,14,0.030216414863209473,0.028629856850715747,0.01712944348270687,0.04747847099122278,0.03034902750851591,1.0,0.4898,0.392,1,1,0.03
02_noise_sweep,11,33896672938703860559763088813166012963,5000,0.0,0.06,depolarizing,0.0,0.5,0.2,,0.11,0.95,5000,2536,507,2029,73,10,0.028785488958990538,0.01972386587771203,0.010748218604394047,0.035922736559921425,0.02517451795552738,1.0,0.5072,0.4058,1,1,0.03
02_noise_sweep,12,166066785487871226807621742084167234586,5000,0.0,0.06,depolarizing,0.0,0.5,0.2,,0.11,0.95,5000,2509,501,2008,76,12,0.03029095257074532,0.023952095808383235,0.013753702891983565,0.0413952123451516,0.02764150945316804,1.0,0.5018,0.4016,1,1,0.03
02_noise_sweep,13,290475768205564779561246488868831353217,5000,0.0,0.06,depolarizing,0.0,0.5,0.2,,0.11,0.95,5000,2482,496,1986,73,20,0.029411764705882353,0.04032258064516129,0.02625200718917645,0.0614587219770914,0.035206714787914956,1.0,0.4964,0.3972,1,1,0.03
02_noise_sweep,14,112717075470559868340255080274199589152,5000,0.0,0.06,depolarizing,0.0,0.5,0.2,,0.11,0.95,5000,2521,504,2017,61,10,0.024196747322491077,0.01984126984126984,0.010812402734067311,0.03613425435072169,0.02532185161665438,1.0,0.5042,0.4034,1,1,0.03
02_noise_sweep,15,36269408544857522462598465794002405360,5000,0.0,0.06,depolarizing,0.0,0.5,0.2,,0.11,0.95,5000,2520,504,2016,82,18,0.03253968253968254,0.03571428571428571,0.02270844118406111,0.055744111534288585,0.033035670350227475,1.0,0.504,0.4032,1,1,0.03
02_noise_sweep,16,136621745989568607752315468287108593729,5000,0.0,0.06,depolarizing,0.0,0.5,0.2,,0.11,0.95,5000,2481,496,1985,62,15,0.024989923417976623,0.03024193548387097,0.018411171966553418,0.049293213541079954,0.030882041574526536,1.0,0.4962,0.397,1,1,0.03
02_noise_sweep,17,112183098077650017378488843217407995522,5000,0.0,0.06,depolarizing,0.0,0.5,0.2,,0.11,0.95,5000,2483,496,1987,68,9,0.02738622633910592,0.018145161290322582,0.00957502125194054,0.03412175186533145,0.02454673061339091,1.0,0.4966,0.3974,1,1,0.03
02_noise_sweep,18,276850024540258991397685163616805364529,5000,0.0,0.06,depolarizing,0.0,0.5,0.2,,0.11,0.95,5000,2492,498,1994,72,17,0.028892455858747994,0.03413654618473896,0.021420632024715718,0.05398457445148879,0.032563942426773074,1.0,0.4984,0.3988,1,1,0.03
02_noise_sweep,19,62534314003364508498470758826926783338,5000,0.0,0.06,depolarizing,0.0,0.5,0.2,,0.11,0.95,5000,2535,507,2028,74,21,0.029191321499013805,0.04142011834319527,0.0272485802771804,0.06248857403782308,0.035239993760642685,1.0,0.507,0.4056,1,1,0.03
02_noise_sweep,20,6822568022947450257930028386536598522,5000,0.0,0.06,depolarizing,0.0,0.5,0.2,,0.11,0.95,5000,2493,498,1995,76,18,0.0304853590052146,0.03614457831325301,0.022983476838721574,0.05640705202336136,0.03342357518463979,1.0,0.4986,0.399,1,1,0.03
02_noise_sweep,21,290616504013232557897601825975250251999,5000,0.0,0.06,depolarizing,0.0,0.5,0.2,,0.11,0.95,5000,2507,501,2006,86,16,0.03430394894295971,0.031936127744510975,0.01975182106956609,0.05124365324116008,0.031491832171593986,1.0,0.5014,0.4012,1,1,0.03
02_noise_sweep,22,41070506651565010305982204159096597173,5000,0.0,0.06,depolarizing,0.0,0.5,0.2,,0.11,0.95,5000,2477,495,1982,65,12,0.02624142107387969,0.024242424242424242,0.013921053363028034,0.0418911858331964,0.027970132470168364,1.0,0.4954,0.3964,1,1,0.03
02_noise_sweep,23,149660992134985888880946090940680307570,5000,0.0,0.06,depolarizing,0.0,0.5,0.2,,0.11,0.95,5000,2493,498,1995,76,13,0.0304853590052146,0.02610441767068273,0.015317903745064239,0.04414601318762655,0.02882810944256231,1.0,0.4986,0.399,1,1,0.03
02_noise_sweep,24,239407512140193904109770241055147228018,5000,0.0,0.06,depolarizing,0.0,0.5,0.2,,0.11,0.95,5000,2497,499,1998,73,9,0.02923508209851822,0.018036072144288578,0.009517284466761143,0.03391878954336233,0.024401505076601188,1.0,0.4994,0.3996,1,1,0.03
02_noise_sweep,25,91451492307760609678234735795873473568,5000,0.0,0.06,depolarizing,0.0,0.5,0.2,,0.11,0.95,5000,2548,509,2039,88,24,0.03453689167974882,0.047151277013752456,0.03188749039267139,0.06919922545106377,0.03731173505839238,1.0,0.5096,0.4078,1,1,0.03
02_noise_sweep,26,201514948111977818173967136026632174419,5000,0.0,0.06,depolarizing,0.0,0.5,0.2,,0.11,0.95,5000,2453,490,1963,90,17,0.036689767631471665,0.03469387755102041,0.021772146737506434,0.05485458871532589,0.033082441977819455,1.0,0.4906,0.3926,1,1,0.03
02_noise_sweep,27,106567615740884239226023664304820605600,5000,0.0,0.06,depolarizing,0.0,0.5,0.2,,0.11,0.95,5000,2532,506,2026,72,19,0.02843601895734597,0.037549407114624504,0.024168511118974185,0.057899076945513384,0.0337305658265392,1.0,0.5064,0.4052,1,1,0.03
02_noise_sweep,28,107649897180819612587433066450763321519,5000,0.0,0.06,depolarizing,0.0,0.5,0.2,,0.11,0.95,5000,2508,501,2007,67,14,0.02671451355661882,0.027944111776447105,0.016717396132898313,0.04635479864103237,0.029637402508134056,1.0,0.5016,0.4014,1,1,0.03
02_noise_sweep,29,245442811501525392303739017403813487519,5000,0.0,0.06,depolarizing,0.0,0.5,0.2,,0.11,0.95,5000,2531,506,2025,67,20,0.026471750296325564,0.039525691699604744,0.025730279357788776,0.060260096791893286,0.03452981743410451,1.0,0.5062,0.405,1,1,0.03
02_noise_sweep,0,111922319249264090122021730872360439205,5000,0.0,0.08,depolarizing,0.0,0.5,0.2,,0.11,0.95,5000,2477,495,1982,104,21,0.04198627371820751,0.04242424242424243,0.027913087517260387,0.06398276037210197,0.036069672854841583,1.0,0.4954,0.3964,1,1,0.04
02_noise_sweep,1,169249445732423785810547167600167473971,5000,0.0,0.08,depolarizing,0.0,0.5,0.2,,0.11,0.95,5000,2485,497,1988,105,16,0.04225352112676056,0.03219315895372234,0.019911554316050722,0.05165092955876305,0.03173937524271232,1.0,0.497,0.3976,1,1,0.04
02_noise_sweep,2,331877532709146987209231663575167533736,5000,0.0,0.08,depolarizing,0.0,0.5,0.2,,0.11,0.95,5000,2545,509,2036,96,19,0.037721021611001965,0.03732809430255403,0.024025299671884652,0.0575622126109771,0.033536912939092445,1.0,0.509,0.4072,1,1,0.04
02_noise_sweep,3,25253348028850676806372189558301936445,5000,0.0,0.08,depolarizing,0.0,0.5,0.2,,0.11,0.95,5000,2525,505,2020,97,24,0.038415841584158415,0.047524752475247525,0.032141694493590306,0.06973966348546158,0.037597968991871275,1.0,0.505,0.404,1,1,0.04
02_noise_sweep,4,142035847648404033344936682432121706790,5000,0.0,0.08,depolarizing,0.0,0.5,0.2,,0.11,0.95,5000,2461,492,1969,74,17,0.030069077610727347,0.034552845528455285,0.021683190858997652,0.05463446702845691,0.032951276169459254,1.0,0.4922,0.3938,1,1,0.04
02_noise_sweep,5,217466061360947758579763954024876555271,5000,0.0,0.08,depolarizing,0.0,0.5,0.2,,0.11,0.95,5000,2590,518,2072,115,19,0.0444015444015444,0.03667953667953668,0.02360567120033317,0.05657473247102584,0.03296906127069267,1.0,0.518,0.4144,1,1,0.04
02_noise_sweep,6,110807906985122455305698472110512514998,5000,0.0,0.08,depolarizing,0.0,0.5,0.2,,0.11,0.95,5000,2493,498,1995,92,21,0.036903329322101885,0.04216867469879518,0.02774394045098236,0.06360255556873587,0.03585861511775351,1.0,0.4986,0.399,1,1,0.04
02_noise_sweep,7,244031327297578499370230457919408241539,5000,0.0,0.08,depolarizing,0.0,0.5,0.2,,0.11,0.95,5000,2520,504,2016,97,18,0.038492063492063494,0.03571428571428571,0.02270844118406111,0.055744111534288585,0.033035670350227475,1.0,0.504,0.4032,1,1,0.04
02_noise_sweep,8,77745842588439678733608723014049284589,5000,0.0,0.08,depolarizing,0.0,0.5,0.2,,0.11,0.95,5000,2563,512,2051,90,19,0.035115099492781895,0.037109375,0.023883775518617992,0.05722924497483203,0.03334546945621404,1.0,0.5126,0.4102,1,1,0.04
02_noise_sweep,9,195901642879984369330505746629687439711,5000,0.0,0.08,depolarizing,0.0,0.5,0.2,,0.11,0.95,5000,2481,496,1985,91,22,0.03667875856509472,0.04435483870967742,0.029471165393020908,0.06624210123670074,0.03677093584367983,1.0,0.4962,0.397,1,1,0.04
02_noise_sweep,10,194497007674448186959933927966246335423,5000,0.0,0.08,depolarizing,0.0,0.5,0.2,,0.11,0.95,5000,2481,496,1985,115,20,0.046352277307537285,0.04032258064516129,0.02625200718917645,0.0614587219770914,0.035206714787914956,1.0,0.4962,0.397,1,1,0.04
02_noise_sweep,11,6247716377131692668843069620086693947,5000,0.0,0.08,depolarizing,0.0,0.5,0.2,,0.11,0.95,5000,2499,499,2000,101,21,0.040416166466586634,0.04208416833667335,0.027688012757685815,0.06347682263238992,0.035788809874704106,1.0,0.4998,0.4,1,1,0.04
02_noise_sweep,12,270282257462438709175413565337281827350,5000,0.0,0.08,depolarizing,0.0,0.5,0.2,,0.11,0.95,5000,2487,497,1990,99,22,0.039806996381182146,0.04426559356136821,0.029411502765014978,0.06611065894528746,0.03669915618027249,1.0,0.4974,0.398,1,1,0.04
02_noise_sweep,13,201188141683884238174332691834703951992,5000,0.0,0.08,depolarizing,0.0,0.5,0.2,,0.11,0.95,5000,2496,499,1997,92,25,0.03685897435897436,0.050100200400801605,0.03416252954775015,0.07291189296897635,0.0387493634212262,1.0,0.4992,0.3994,1,1,0.04
02_noise_sweep,14,277907772866960679299696555226689461018,5000,0.0,0.08,depolarizing,0.0,0.5,0.2,,0.11,0.95,5000,2554,510,2044,105,25,0.04111198120595145,0.049019607843137254,0.03342083698865811,0.07136140254542783,0.03794056555676972,1.0,0.5108,0.4088,1,1,0.04
02_noise_sweep,15,181787584950277371793628799932390239491,5000,0.0,0.08,depolarizing,0.0,0.5,0.2,,0.11,0.95,5000,2478,495,1983,107,17,0.04317998385794996,0.03434343434343434,0.021551111744276073,0.05430757672591387,0.0327564649816378,1.0,0.4956,0.3966,1,1,0.04
02_noise_sweep,16,104187945091598630021856892885989951613,5000,0.0,0.08,depolarizing,0.0,0.5,0.2,,0.11,0.95,5000,2549,509,2040,89,20,0.03491565319733229,0.03929273084479371,0.02557778106168364,0.05990957193335279,0.034331790871669154,1.0,0.5098,0.408,1,1,0.04
02_noise_sweep,17,1634782956586646477136505125582284115,5000,0.0,0.08,depolarizing,0.0,0.5,0.2,,0.11,0.95,5000,2471,494,1977,84,14,0.0339943342776204,0.02834008097165992,0.01695531361976533,0.04700372043923288,0.03004840681946755,1.0,0.4942,0.3954,1,1,0.04
02_noise_sweep,18,136232828070650284615274965206995308971,5000,0.0,0.08,depolarizing,0.0,0.5,0.2,,0.11,0.95,5000,2457,491,1966,103,28,0.04192104192104192,0.05702647657841141,0.03974628298764547,0.08118428528629879,0.04143800229865331,1.0,0.4914,0.3932,1,1,0.04
02_noise_sweep,19,110576521009455746748813094092726133009,5000,0.0,0.08,depolarizing,0.0,0.5,0.2,,0.11,0.95,5000,2542,508,2034,111,24,0.04366640440597954,0.047244094488188976,0.03195066368059883,0.06933354830984678,0.03738288462924795,1.0,0.5084,0.4068,1,1,0.04
02_noise_sweep,20,311970859040916493385396630029175164548,5000,0.0,0.08,depolarizing,0.0,0.5,0.2,,0.11,0.95,5000,2511,502,2009,98,22,0.039028275587415374,0.043824701195219126,0.029116777054686536,0.065461193940871,0.03634441688618446,1.0,0.5022,0.4018,1,1,0.04
02_noise_sweep,21,92117069273187258776882329537352195790,5000,0.0,0.08,depolarizing,0.0,0.5,0.2,,0.11,0.95,5000,2533,506,2027,106,25,0.04184761152783261,0.04940711462450593,0.033686787177327406,0.07191752939832716,0.03823074222099975,1.0,0.5066,0.4054,1,1,0.04
02_noise_sweep,22,259690250836817360142024644465331692816,5000,0.0,0.08,depolarizing,0.0,0.5,0.2,,0.11,0.95,5000,2531,506,2025,89,15,0.03516396681153694,0.029644268774703556,0.018045681011375967,0.04833075471233361,0.030285073700957645,1.0,0.5062,0.405,1,1,0.04
02_noise_sweep,23,178091452593879976495168830051146661226,5000,0.0,0.08,depolarizing,0.0,0.5,0.2,,0.11,0.95,5000,2511,502,2009,94,18,0.037435284747112704,0.035856573705179286,0.022799385381824435,0.055963353666057244,0.033163968284232806,1.0,0.5022,0.4018,1,1,0.04
02_noise_sweep,24,269972704217588431772819418172483337835,5000,0.0,0.08,depolarizing,0.0,0.5,0.2,,0.11,0.95,5000,2427,485,1942,108,26,0.04449938195302843,0.05360824742268041,0.03684321251488336,0.07738903561605233,0.04054582310116897,1.0,0.4854,0.3884,1,1,0.04
02_noise_sweep,25,166713635269111847580052185610052898788,5000,0.0,0.08,depolarizing,0.0,0.5,0.2,,0.11,0.95,5000,2485,497,1988,104,21,0.041851106639839035,0.04225352112676056,0.02780009455498697,0.06372878751606735,0.03592869296108038,1.0,0.497,0.3976,1,1,0.04
02_noise_sweep,26,165634985586205354365813119376797329918,5000,0.0,0.08,depolarizing,0.0,0.5,0.2,,0.11,0.95,5000,2484,496,1988,90,11,0.036231884057971016,0.02217741935483871,0.012427781417889801,0.03927152916283598,0.02684374774494618,1.0,0.4968,0.3976,1,1,0.04
02_noise_sweep,27,92468311780762401391953359367337336693,5000,0.0,0.08,depolarizing,0.0,0.5,0.2,,0.11,0.95,5000,2449,489,1960,116,21,0.04736627194773377,0.04294478527607362,0.028257645882057945,0.06475696967075453,0.03649932378869659,1.0,0.4898,0.392,1,1,0.04
02_noise_sweep,28,160348691696789602763933720416300102855,5000,0.0,0.08,depolarizing,0.0,0.5,0.2,,0.11,0.95,5000,2627,525,2102,104,19,0.0395888846593072,0.03619047619047619,0.02328929244014938,0.055829804829568744,0.032540512389419365,1.0,0.5254,0.4204,1,1,0.04
02_noise_sweep,29,213292837777344195817963937510211358290,5000,0.0,0.08,depolarizing,0.0,0.5,0.2,,0.11,0.95,5000,2565,513,2052,111,27,0.04327485380116959,0.05263157894736842,0.03642067783765819,0.07549267166931478,0.03907199383165659,1.0,0.513,0.4104,1,1,0.04
02_noise_sweep,0,224737941973586347657253978243822132893,5000,0.0,0.1,depolarizing,0.0,0.5,0.2,,0.11,0.95,5000,2517,503,2014,117,31,0.04648390941597139,0.061630218687872766,0.043754615329094304,0.08615081698082835,0.04239620165173405,1.0,0.5034,0.4028,1,1,0.05
02_noise_sweep,1,8579341436063912293882367092663245956,5000,0.0,0.1,depolarizing,0.0,0.5,0.2,,0.11,0.95,5000,2473,494,1979,116,29,0.046906591184795794,0.058704453441295545,0.04118161422094475,0.08303756786000638,0.04185595363906163,1.0,0.4946,0.3958,1,1,0.05
02_noise_sweep,2,44759066734200350950881373445789937441,5000,0.0,0.1,depolarizing,0.0,0.5,0.2,,0.11,0.95,5000,2466,493,1973,112,20,0.0454176804541768,0.04056795131845842,0.02641267682717136,0.06182766230385944,0.03541498547668809,1.0,0.4932,0.3946,1,1,0.05
02_noise_sweep,3,118368245228824788988687214231386512116,5000,0.0,0.1,depolarizing,0.0,0.5,0.2,,0.11,0.95,5000,2489,497,1992,123,22,0.04941743672157493,0.04426559356136821,0.029411502765014978,0.06611065894528746,0.03669915618027249,1.0,0.4978,0.3984,1,1,0.05
02_noise_sweep,4,6924143158189783933676068055682035077,5000,0.0,0.1,depolarizing,0.0,0.5,0.2,,0.11,0.95,5000,2467,493,1974,136,25,0.055127685447912446,0.05070993914807302,0.03458113575113137,0.073786348211444,0.03920521246031263,1.0,0.4934,0.3948,1,1,0.05
02_noise_sweep,5,229398392311838461859913259323516875335,5000,0.0,0.1,depolarizing,0.0,0.5,0.2,,0.11,0.95,5000,2539,507,2032,135,30,0.0531705395825128,0.05917159763313609,0.04175923512200158,0.08321390031629207,0.04145466519429049,1.0,0.5078,0.4064,1,1,0.05
02_noise_sweep,6,163630236309027054562379007148412743230,5000,0.0,0.1,depolarizing,0.0,0.5,0.2,,0.11,0.95,5000,2544,508,2036,131,29,0.0514937106918239,0.05708661417322835,0.04003831426430639,0.08078319746547737,0.04074488320117098,1.0,0.5088,0.4072,1,1,0.05
02_noise_sweep,7,6195596746900883655026436968418432044,5000,0.0,0.1,depolarizing,0.0,0.5,0.2,,0.11,0.95,5000,2525,505,2020,134,32,0.05306930693069307,0.06336633663366337,0.045239973126592836,0.08808536356654037,0.042845390439947534,1.0,0.505,0.404,1,1,0.05
02_noise_sweep,8,271271564192702961314972809526139992526,5000,0.0,0.1,depolarizing,0.0,0.5,0.2,,0.11,0.95,5000,2503,500,2003,105,20,0.04194966040751099,0.04,0.026040797389777263,0.0609735958348508,0.034932798445073535,1.0,0.5006,0.4006,1,1,0.05
02_noise_sweep,9,145098915287371308568347391228779017873,5000,0.0,0.1,depolarizing,0.0,0.5,0.2,,0.11,0.95,5000,2487,497,1990,142,24,0.057096903900281465,0.0482897384305835,0.03266245961809454,0.07084626137070413,0.03818380175260959,1.0,0.4974,0.398,1,1,0.05
02_noise_sweep,10,132338891110786079584738565958294206637,5000,0.0,0.1,depolarizing,0.0,0.5,0.2,,0.11,0.95,5000,2485,497,1988,117,31,0.047082494969818915,0.06237424547283702,0.04428702294407619,0.0871746555194593,0.04288763257538311,1.0,0.497,0.3976,1,1,0.05
02_noise_sweep,11,275997761830942813144190702831831698414,5000,0.0,0.1,depolarizing,0.0,0.5,0.2,,0.11,0.95,5000,2459,491,1968,125,25,0.0508336722244815,0.05091649694501019,0.03472296040674932,0.07408251225718038,0.03935955185043106,1.0,0.4918,0.3936,1,1,0.05
02_noise_sweep,12,291664621823303752089227889104123075773,5000,0.0,0.1,depolarizing,0.0,0.5,0.2,,0.11,0.95,5000,2505,501,2004,124,24,0.04950099800399202,0.04790419161676647,0.03239998446358637,0.07028860799432186,0.037888623530735493,1.0,0.501,0.4008,1,1,0.05
02_noise_sweep,13,255299067128976638280162600827923059166,5000,0.0,0.1,depolarizing,0.0,0.5,0.2,,0.11,0.95,5000,2445,489,1956,139,21,0.05685071574642127,0.04294478527607362,0.028257645882057945,0.06475696967075453,0.03649932378869659,1.0,0.489,0.3912,1,1,0.05
02_noise_sweep,14,196270283974351145822695216534971625697,5000,0.0,0.1,depolarizing,0.0,0.5,0.2,,0.11,0.95,5000,2507,501,2006,122,22,0.048663741523733546,0.043912175648702596,0.029175248676232463,0.06559006424488027,0.03641481556864781,1.0,0.5014,0.4012,1,1,0.05
02_noise_sweep,15,217032097099469296275154956901740927515,5000,0.0,0.1,depolarizing,0.0,0.5,0.2,,0.11,0.95,5000,2522,504,2018,140,32,0.05551149881046788,0.06349206349206349,0.04533045195559142,0.0882574181214895,0.042926966165898084,1.0,0.5044,0.4036,1,1,0.05
02_noise_sweep,16,28479113440874686741844319657241063550,5000,0.0,0.1,depolarizing,0.0,0.5,0.2,,0.11,0.95,5000,2475,495,1980,120,32,0.048484848484848485,0.06464646464646465,0.04616134814347813,0.08983668814860832,0.04367534000513019,1.0,0.495,0.396,1,1,0.05
02_noise_sweep,17,173747386669465503788349838206968794717,5000,0.0,0.1,depolarizing,0.0,0.5,0.2,,0.11,0.95,5000,2517,503,2014,119,25,0.047278506158124754,0.04970178926441352,0.03388904441001184,0.0723403452416774,0.038451300831665564,1.0,0.5034,0.4028,1,1,0.05
02_noise_sweep,18,83607940438103070712904818324913980411,5000,0.0,0.1,depolarizing,0.0,0.5,0.2,,0.11,0.95,5000,2461,492,1969,116,23,0.047135310849248276,0.046747967479674794,0.03134987522387774,0.06916906673639461,0.03781919151251687,1.0,0.4922,0.3938,1,1,0.05
02_noise_sweep,19,111636836524115575670735165837132275889,5000,0.0,0.1,depolarizing,0.0,0.5,0.2,,0.11,0.95,5000,2524,504,2020,144,29,0.05705229793977813,0.057539682539682536,0.04035844119509586,0.08141471801939978,0.041056276824303926,1.0,0.5048,0.404,1,1,0.05
02_noise_sweep,20,235644243859013186736490090669216787159,5000,0.0,0.1,depolarizing,0.0,0.5,0.2,,0.11,0.95,5000,2464,492,1972,123,25,0.04991883116883117,0.0508130081300813,0.03465190295059807,0.07393413370061354,0.03928223075001547,1.0,0.4928,0.3944,1,1,0.05
02_noise_sweep,21,67389893818300304064241835507484081585,5000,0.0,0.1,depolarizing,0.0,0.5,0.2,,0.11,0.95,5000,2435,487,1948,131,26,0.05379876796714579,0.053388090349075976,0.036690829782662776,0.07707596358246978,0.040385133799807,1.0,0.487,0.3896,1,1,0.05
02_noise_sweep,22,281618799899811076035544875836925739765,5000,0.0,0.1,depolarizing,0.0,0.5,0.2,,0.11,0.95,5000,2497,499,1998,123,26,0.04925911093311974,0.052104208416833664,0.03580236531548088,0.07524945398290829,0.03944708866742741,1.0,0.4994,0.3996,1,1,0.05
02_noise_sweep,23,24501008881783618730986738099804553807,5000,0.0,0.1,depolarizing,0.0,0.5,0.2,,0.11,0.95,5000,2526,505,2021,118,15,0.04671417260490895,0.0297029702970297,0.01808157578531018,0.04842530614040019,0.030343730355090012,1.0,0.5052,0.4042,1,1,0.05
02_noise_sweep,24,34499400633786889141861850424200941252,5000,0.0,0.1,depolarizing,0.0,0.5,0.2,,0.11,0.95,5000,2443,488,1955,124,24,0.05075726565697913,0.04918032786885246,0.03326886750992283,0.07213391603133504,0.03886504852141221,1.0,0.4886,0.391,1,1,0.05
02_noise_sweep,25,302866948660363629927109932117679183411,5000,0.0,0.1,depolarizing,0.0,0.5,0.2,,0.11,0.95,5000,2467,493,1974,138,31,0.05593838670449939,0.06288032454361055,0.044649219319692554,0.0878708384407363,0.04322161912104375,1.0,0.4934,0.3948,1,1,0.05
02_noise_sweep,26,295667799375869121221108409134937131675,5000,0.0,0.1,depolarizing,0.0,0.5,0.2,,0.11,0.95,5000,2504,500,2004,132,26,0.052715654952076675,0.052,0.035730265115705276,0.07510114393784553,0.03937087882214026,1.0,0.5008,0.4008,1,1,0.05
02_noise_sweep,27,234716400290271914641049611418695778351,5000,0.0,0.1,depolarizing,0.0,0.5,0.2,,0.11,0.95,5000,2501,500,2001,123,24,0.04918032786885246,0.048,0.03246520694135317,0.07042719683589006,0.03796198989453689,1.0,0.5002,0.4002,1,1,0.05
02_noise_sweep,28,132646794977157475620254794332729904250,5000,0.0,0.1,depolarizing,0.0,0.5,0.2,,0.11,0.95,5000,2485,497,1988,139,27,0.05593561368209256,0.05432595573440644,0.0376015648199125,0.07788699508663051,0.040285430266718006,1.0,0.497,0.3976,1,1,0.05
02_noise_sweep,29,311080860168615656472886235874684319261,5000,0.0,0.1,depolarizing,0.0,0.5,0.2,,0.11,0.95,5000,2517,503,2014,120,27,0.04767580452920143,0.0536779324055666,0.0371498652846763,0.07697153858642405,0.039821673301747754,1.0,0.5034,0.4028,1,1,0.05
02_noise_sweep,0,122463507782992694957840997051686013672,5000,0.0,0.12,depolarizing,0.0,0.5,0.2,,0.11,0.95,5000,2513,502,2011,159,31,0.06327099084759252,0.061752988047808766,0.043842459082874506,0.08631978379495367,0.04247732471207916,1.0,0.5026,0.4022,1,1,0.06
02_noise_sweep,1,11073081489025105298904694610371246393,5000,0.0,0.12,depolarizing,0.0,0.5,0.2,,0.11,0.95,5000,2491,498,1993,144,30,0.05780810919309514,0.060240963855421686,0.04251974263244521,0.08469465486017888,0.042174912227733674,1.0,0.4982,0.3986,1,1,0.06
02_noise_sweep,2,35453242871223508826550573248992030503,5000,0.0,0.12,depolarizing,0.0,0.5,0.2,,0.11,0.95,5000,2474,494,1980,138,31,0.05578011317704123,0.06275303643724696,0.04455811587951958,0.0876957526043586,0.04313763672483903,1.0,0.4948,0.396,1,1,0.06
02_noise_sweep,3,338762143978344072806815349240889282865,5000,0.0,0.12,depolarizing,0.0,0.5,0.2,,0.11,0.95,5000,2473,494,1979,157,29,0.06348564496562879,0.058704453441295545,0.04118161422094475,0.08303756786000638,0.04185595363906163,1.0,0.4946,0.3958,1,1,0.06
02_noise_sweep,4,76064483972071552550471219947299251276,5000,0.0,0.12,depolarizing,0.0,0.5,0.2,,0.11,0.95,5000,2495,499,1996,161,22,0.06452905811623247,0.04408817635270541,0.029292899335476373,0.06584933283626204,0.03655643350078567,1.0,0.499,0.3992,1,1,0.06
02_noise_sweep,5,206534495186084803543411306003999500466,5000,0.0,0.12,depolarizing,0.0,0.5,0.2,,0.11,0.95,5000,2534,506,2028,153,34,0.060378847671665355,0.06719367588932806,0.04847985449510216,0.09242955484730286,0.0439497003522007,1.0,0.5068,0.4056,1,1,0.06
02_noise_sweep,6,318280866271660640992059479761356819260,5000,0.0,0.12,depolarizing,0.0,0.5,0.2,,0.11,0.95,5000,2597,519,2078,170,31,0.06546014632268002,0.05973025048169557,0.04239550710375721,0.08353455775606512,0.04113905065230791,1.0,0.5194,0.4156,1,1,0.06
02_noise_sweep,7,64423911058741679468533058175610280157,5000,0.0,0.12,depolarizing,0.0,0.5,0.2,,0.11,0.95,5000,2504,500,2004,145,33,0.057907348242811504,0.066,0.04737852635977388,0.0912394011608535,0.04386087480107961,1.0,0.5008,0.4008,1,1,0.06
02_noise_sweep,8,333639270208004290779820560668567528394,5000,0.0,0.12,depolarizing,0.0,0.5,0.2,,0.11,0.95,5000,2472,494,1978,148,32,0.059870550161812294,0.06477732793522267,0.04625555429531024,0.09001565739003146,0.043760103094721226,1.0,0.4944,0.3956,1,1,0.06
02_noise_sweep,9,130091097482677453267400106217785310015,5000,0.0,0.12,depolarizing,0.0,0.5,0.2,,0.11,0.95,5000,2461,492,1969,137,18,0.05566842746850874,0.036585365853658534,0.02326525673894264,0.05708594849398155,0.033820691755038906,1.0,0.4922,0.3938,1,1,0.06
02_noise_sweep,10,167150333046747117815738576704961263298,5000,0.0,0.12,depolarizing,0.0,0.5,0.2,,0.11,0.95,5000,2520,504,2016,147,36,0.058333333333333334,0.07142857142857142,0.0520380767700356,0.09730274112382564,0.04526466435379004,1.0,0.504,0.4032,1,1,0.06
02_noise_sweep,11,313320264719746442918818611427060680609,5000,0.0,0.12,depolarizing,0.0,0.5,0.2,,0.11,0.95,5000,2503,500,2003,153,30,0.06112664802237315,0.06,0.04234835648094621,0.08436106312521979,0.04201270664427358,1.0,0.5006,0.4006,1,1,0.06
02_noise_sweep,12,59906697887790280950996283600922046118,5000,0.0,0.12,depolarizing,0.0,0.5,0.2,,0.11,0.95,5000,2447,489,1958,168,40,0.0686554965263588,0.081799591002045,0.06064494119763429,0.10947357728357444,0.04882863608594015,1.0,0.4894,0.3916,1,1,0.06
02_noise_sweep,13,33721289172110490198395758254257417577,5000,0.0,0.12,depolarizing,0.0,0.5,0.2,,0.11,0.95,5000,2461,492,1969,157,31,0.06379520520113775,0.06300813008130081,0.04474069611081338,0.08804662461321602,0.04330592850240264,1.0,0.4922,0.3938,1,1,0.06
02_noise_sweep,14,215992688329669850476647420832301788141,5000,0.0,0.12,depolarizing,0.0,0.5,0.2,,0.11,0.95,5000,2493,498,1995,147,36,0.05896510228640193,0.07228915662650602,0.05267056127822785,0.0984557705296668,0.045785209251438946,1.0,0.4986,0.399,1,1,0.06
02_noise_sweep,15,205983207304151674739189024019355814969,5000,0.0,0.12,depolarizing,0.0,0.5,0.2,,0.11,0.95,5000,2425,485,1940,156,29,0.0643298969072165,0.05979381443298969,0.04195172097162991,0.08455444519906188,0.04260272422743197,1.0,0.485,0.388,1,1,0.06
02_noise_sweep,16,146042483259849631957640370891325339354,5000,0.0,0.12,depolarizing,0.0,0.5,0.2,,0.11,0.95,5000,2400,480,1920,123,26,0.05125,0.05416666666666667,0.03722976559904734,0.07818295442044215,0.040953188821394815,1.0,0.48,0.384,1,1,0.06
02_noise_sweep,17,266595565382010004262710427964507019130,5000,0.0,0.12,depolarizing,0.0,0.5,0.2,,0.11,0.95,5000,2538,507,2031,139,25,0.05476753349093775,0.04930966469428008,0.0336199035739619,0.07177768679583722,0.038157783221875324,1.0,0.5076,0.4062,1,1,0.06
02_noise_sweep,18,122698256587209316799464657869922289488,5000,0.0,0.12,depolarizing,0.0,0.5,0.2,,0.11,0.95,5000,2563,512,2051,168,39,0.06554818571985954,0.076171875,0.05621959838153939,0.10243662713356044,0.04621702875202105,1.0,0.5126,0.4102,1,1,0.06
02_noise_sweep,19,165383922782034156260815334654582151581,5000,0.0,0.12,depolarizing,0.0,0.5,0.2,,0.11,0.95,5000,2531,506,2025,142,26,0.05610430659818254,0.05138339920948617,0.035303689964462016,0.07422341469638705,0.03891972473192503,1.0,0.5062,0.405,1,1,0.06
02_noise_sweep,20,272387104463648985033689452295940678414,5000,0.0,0.12,depolarizing,0.0,0.5,0.2,,0.11,0.95,5000,2516,503,2013,159,31,0.06319554848966613,0.061630218687872766,0.043754615329094304,0.08615081698082835,0.04239620165173405,1.0,0.5032,0.4026,1,1,0.06
02_noise_sweep,21,169790078009533734898357977665072861061,5000,0.0,0.12,depolarizing,0.0,0.5,0.2,,0.11,0.95,5000,2486,497,1989,165,30,0.06637168141592921,0.060362173038229376,0.042605957031578684,0.08486244179270869,0.04225648476113,1.0,0.4972,0.3978,1,1,0.06
02_noise_sweep,22,290406557746649003184533372752516369712,5000,0.0,0.12,depolarizing,0.0,0.5,0.2,,0.11,0.95,5000,2475,495,1980,145,25,0.05858585858585859,0.050505050505050504,0.034440465036702075,0.07349254227183269,0.039052077235130614,1.0,0.495,0.396,1,1,0.06
02_noise_sweep,23,177746929905394171578701603773451162721,5000,0.0,0.12,depolarizing,0.0,0.5,0.2,,0.11,0.95,5000,2539,507,2032,167,27,0.06577392674281213,0.05325443786982249,0.03685471399911554,0.0763730943980814,0.039518380398965866,1.0,0.5078,0.4064,1,1,0.06
02_noise_sweep,24,295537068837037385820814075675263214608,5000,0.0,0.12,depolarizing,0.0,0.5,0.2,,0.11,0.95,5000,2488,497,1991,166,33,0.06672025723472669,0.06639839034205232,0.047666883357121374,0.09178135438491031,0.04411447102778893,1.0,0.4976,0.3982,1,1,0.06
02_noise_sweep,25,270855408061707299539616499536144049250,5000,0.0,0.12,depolarizing,0.0,0.5,0.2,,0.11,0.95,5000,2495,499,1996,146,23,0.05851703406813627,0.04609218436873747,0.030907313447810322,0.06821231550559079,0.037305002057780465,1.0,0.499,0.3992,1,1,0.06
02_noise_sweep,26,222234100660501272401487307228545349679,5000,0.0,0.12,depolarizing,0.0,0.5,0.2,,0.11,0.95,5000,2512,502,2010,164,28,0.06528662420382166,0.055776892430278883,0.03886900861334169,0.0794318103037296,0.04056280169038791,1.0,0.5024,0.402,1,1,0.06
02_noise_sweep,27,256256186528425027217647126216493488200,5000,0.0,0.12,depolarizing,0.0,0.5,0.2,,0.11,0.95,5000,2544,508,2036,169,38,0.06643081761006289,0.07480314960629922,0.054981309305477816,0.1010073419551146,0.04602603264963678,1.0,0.5088,0.4072,1,1,0.06
02_noise_sweep,28,300990479069328371805716288728789562789,5000,0.0,0.12,depolarizing,0.0,0.5,0.2,,0.11,0.95,5000,2495,499,1996,148,33,0.0593186372745491,0.06613226452905811,0.047474256878698634,0.09141933989132933,0.0439450830126307,1.0,0.499,0.3992,1,1,0.06
02_noise_sweep,29,21072115022785070134567348192554477281,5000,0.0,0.12,depolarizing,0.0,0.5,0.2,,0.11,0.95,5000,2524,504,2020,150,37,0.059429477020602216,0.07341269841269842,0.05372752117073139,0.09955153367732496,0.04582401250659357,1.0,0.5048,0.404,1,1,0.06
02_noise_sweep,0,133825285701641665169487209480444399813,5000,0.0,0.14,depolarizing,0.0,0.5,0.2,,0.11,0.95,5000,2497,499,1998,165,33,0.06607929515418502,0.06613226452905811,0.047474256878698634,0.09141933989132933,0.0439450830126307,1.0,0.4994,0.3996,1,1,0.07
02_noise_sweep,1,23064969793349414331871617202838828828,5000,0.0,0.14,depolarizing,0.0,0.5,0.2,,0.11,0.95,5000,2534,506,2028,183,34,0.07221783741120757,0.06719367588932806,0.04847985449510216,0.09242955484730286,0.0439497003522007,1.0,0.5068,0.4056,1,1,0.07
02_noise_sweep,2,130204791798456823431872629489645149175,5000,0.0,0.14,depolarizing,0.0,0.5,0.2,,0.11,0.95,5000,2537,507,2030,174,35,0.06858494284588096,0.06903353057199212,0.050052981209880665,0.09449569929690754,0.04444271808702688,1.0,0.5074,0.406,1,1,0.07
02_noise_sweep,3,140844458735329892688219037166259781285,5000,0.0,0.14,depolarizing,0.0,0.5,0.2,,0.11,0.95,5000,2479,495,1984,163,31,0.06575231948366277,0.06262626262626263,0.04446738350897658,0.08752136292831678,0.043053979419340194,1.0,0.4958,0.3968,1,1,0.07
02_noise_sweep,4,25272653423023968219020478090093137146,5000,0.0,0.14,depolarizing,0.0,0.5,0.2,,0.11,0.95,5000,2547,509,2038,168,29,0.06595995288574794,0.05697445972495088,0.0399590745689697,0.08062684483563888,0.04066777026666918,1.0,0.5094,0.4076,1,1,0.07
02_noise_sweep,5,157510336595643018705174608811718290102,5000,0.0,0.14,depolarizing,0.0,0.5,0.2,,0.11,0.95,5000,2562,512,2050,198,38,0.07728337236533958,0.07421875,0.05454794773329394,0.10023111753072339,0.04568316979742945,1.0,0.5124,0.41,1,1,0.07
02_noise_sweep,6,243286892493955064355553763073012294523,5000,0.0,0.14,depolarizing,0.0,0.5,0.2,,0.11,0.95,5000,2533,506,2027,164,36,0.06474536123174102,0.07114624505928854,0.051830611262948745,0.09692437424984529,0.045093762986896546,1.0,0.5066,0.4054,1,1,0.07
02_noise_sweep,7,38125562866988210568015229128975833570,5000,0.0,0.14,depolarizing,0.0,0.5,0.2,,0.11,0.95,5000,2517,503,2014,165,28,0.06555423122765197,0.055666003976143144,0.03879117305236534,0.0792762379284406,0.04048506487607526,1.0,0.5034,0.4028,1,1,0.07
02_noise_sweep,8,301374330380628671267500886041825099215,5000,0.0,0.14,depolarizing,0.0,0.5,0.2,,0.11,0.95,5000,2423,484,1939,157,36,0.06479570780024763,0.0743801652892562,0.05420790506518598,0.10125542723140261,0.04704752216621663,1.0,0.4846,0.3878,1,1,0.07
02_noise_sweep,9,157324924838938450013634413611782610243,5000,0.0,0.14,depolarizing,0.0,0.5,0.2,,0.11,0.95,5000,2536,507,2029,183,26,0.0721608832807571,0.05128205128205128,0.035233582488606224,0.0740791168948918,0.038845534406285576,1.0,0.5072,0.4058,1,1,0.07
02_noise_sweep,10,315853550987144685586086709581306096735,5000,0.0,0.14,depolarizing,0.0,0.5,0.2,,0.11,0.95,5000,2483,496,1987,162,31,0.06524365686669352,0.0625,0.04437701994529682,0.08734766526996689,0.04297064532467007,1.0,0.4966,0.3974,1,1,0.07
02_noise_sweep,11,38633677568670222928666994815848065943,5000,0.0,0.14,depolarizing,0.0,0.5,0.2,,0.11,0.95,5000,2517,503,2014,186,38,0.07389749702026222,0.07554671968190854,0.05553279323578239,0.10199468884207918,0.046461895606296794,1.0,0.5034,0.4028,1,1,0.07
02_noise_sweep,12,273762165724732562497188138372042550590,5000,0.0,0.14,depolarizing,0.0,0.5,0.2,,0.11,0.95,5000,2510,502,2008,188,44,0.0749003984063745,0.08764940239043825,0.06593955680152275,0.11562218990625195,0.0496826331047292,1.0,0.502,0.4016,1,1,0.07
02_noise_sweep,13,253192171346788895754516679765327768370,5000,0.0,0.14,depolarizing,0.0,0.5,0.2,,0.11,0.95,5000,2543,508,2035,166,36,0.06527723161620133,0.07086614173228346,0.05162479369368132,0.09654893767117582,0.0449241439774945,1.0,0.5086,0.407,1,1,0.07
02_noise_sweep,14,96799239900583612619536470309957390029,5000,0.0,0.14,depolarizing,0.0,0.5,0.2,,0.11,0.95,5000,2471,494,1977,174,47,0.07041683528935654,0.0951417004048583,0.07230325412690174,0.12422810558039286,0.05192485145349113,1.0,0.4942,0.3954,1,1,0.07
02_noise_sweep,15,134643830734514723426315268903535070788,5000,0.0,0.14,depolarizing,0.0,0.5,0.2,,0.11,0.95,5000,2467,493,1974,177,43,0.07174706120794487,0.0872210953346856,0.06539783174361147,0.11542737361252436,0.0500295418689129,1.0,0.4934,0.3948,1,1,0.07
02_noise_sweep,16,81524364957683022756732967386210651775,5000,0.0,0.14,depolarizing,0.0,0.5,0.2,,0.11,0.95,5000,2468,493,1975,171,34,0.0692868719611021,0.06896551724137931,0.04976914041632072,0.09482720424303487,0.04505806382671415,1.0,0.4936,0.395,1,1,0.07
02_noise_sweep,17,311030393718354729025695014482798776070,5000,0.0,0.14,depolarizing,0.0,0.5,0.2,,0.11,0.95,5000,2505,501,2004,192,34,0.07664670658682635,0.06786427145708583,0.04896774779631499,0.09333724234557081,0.04436949454925582,1.0,0.501,0.4008,1,1,0.07
02_noise_sweep,18,229440431856155681108647863490303046557,5000,0.0,0.14,depolarizing,0.0,0.5,0.2,,0.11,0.95,5000,2474,494,1980,152,33,0.06143896523848019,0.06680161943319839,0.04795877236933976,0.09232978251746549,0.04437101014812573,1.0,0.4948,0.396,1,1,0.07
02_noise_sweep,19,133421753555542910212713267975744832881,5000,0.0,0.14,depolarizing,0.0,0.5,0.2,,0.11,0.95,5000,2453,490,1963,184,34,0.07501019160211986,0.06938775510204082,0.05007646806018114,0.09539827395976457,0.04532180589958343,1.0,0.4906,0.3926,1,1,0.07
02_noise_sweep,20,142348920116810430877241240636980908341,5000,0.0,0.14,depolarizing,0.0,0.5,0.2,,0.11,0.95,5000,2521,504,2017,190,33,0.0753669178897263,0.06547619047619048,0.04699943467441872,0.0905266723568573,0.043527237682438574,1.0,0.5042,0.4034,1,1,0.07
02_noise_sweep,21,148986519664648838179223853911452948335,5000,0.0,0.14,depolarizing,0.0,0.5,0.2,,0.11,0.95,5000,2495,499,1996,187,42,0.07494989979959919,0.0841683366733467,0.0628711103288772,0.111819057476115,0.0489479471472378,1.0,0.499,0.3992,1,1,0.07
02_noise_sweep,22,220147490963108850293800513977213698646,5000,0.0,0.14,depolarizing,0.0,0.5,0.2,,0.11,0.95,5000,2492,498,1994,178,26,0.07142857142857142,0.05220883534136546,0.0358747571124783,0.07539835083663207,0.039523593724153774,1.0,0.4984,0.3988,1,1,0.07
02_noise_sweep,23,180423152285501992811560037806010232891,5000,0.0,0.14,depolarizing,0.0,0.5,0.2,,0.11,0.95,5000,2463,492,1971,167,39,0.06780349167681689,0.07926829268292683,0.05852651731226361,0.10652918217552285,0.048002664863259235,1.0,0.4926,0.3942,1,1,0.07
02_noise_sweep,24,300050519315686809465732934180673205529,5000,0.0,0.14,depolarizing,0.0,0.5,0.2,,0.11,0.95,5000,2516,503,2013,155,27,0.06160572337042925,0.0536779324055666,0.0371498652846763,0.07697153858642405,0.039821673301747754,1.0,0.5032,0.4026,1,1,0.07
02_noise_sweep,25,251232758319920246098571699225809438088,5000,0.0,0.14,depolarizing,0.0,0.5,0.2,,0.11,0.95,5000,2483,496,1987,188,35,0.07571486105517519,0.07056451612903226,0.051172642440642443,0.09655711770152885,0.0453844752608864,1.0,0.4966,0.3974,1,1,0.07
02_noise_sweep,26,130652444991516053038918206328279275024,5000,0.0,0.14,depolarizing,0.0,0.5,0.2,,0.11,0.95,5000,2503,500,2003,169,32,0.0675189772273272,0.064,0.04569601604478943,0.08895240883768415,0.04325639279289473,1.0,0.5006,0.4006,1,1,0.07
02_noise_sweep,27,202484394460473903491348088041670624035,5000,0.0,0.14,depolarizing,0.0,0.5,0.2,,0.11,0.95,5000,2490,498,1992,168,35,0.06746987951807229,0.07028112449799197,0.05096535629261163,0.09617565312940458,0.04521029683679295,1.0,0.498,0.3984,1,1,0.07
02_noise_sweep,28,113676976887855221293585175504491609004,5000,0.0,0.14,depolarizing,0.0,0.5,0.2,,0.11,0.95,5000,2543,508,2035,157,28,0.06173810460086512,0.05511811023622047,0.03840662534848604,0.07850742643343009,0.04010080108494405,1.0,0.5086,0.407,1,1,0.07
02_noise_sweep,29,75944950605334295787899560469389742001,5000,0.0,0.14,depolarizing,0.0,0.5,0.2,,0.11,0.95,5000,2513,502,2011,200,45,0.07958615200955034,0.08964143426294821,0.06766908793166858,0.11784646676302508,0.050177378831356506,1.0,0.5026,0.4022,1,1,0.07
02_noise_sweep,0,135930447251626692521690864017918780633,5000,0.0,0.16,depolarizing,0.0,0.5,0.2,,0.11,0.95,5000,2483,496,1987,205,44,0.08256141763995167,0.08870967741935484,0.06674535296794973,0.11699582575976361,0.05025047279181388,1.0,0.4966,0.3974,1,1,0.08
02_noise_sweep,1,153105511855142243853726685654138264044,5000,0.0,0.16,depolarizing,0.0,0.5,0.2,,0.11,0.95,5000,2591,518,2073,212,42,0.08182169046700116,0.08108108108108109,0.06054325431010995,0.10778652734274383,0.04724327303263388,1.0,0.5182,0.4146,1,1,0.08
02_noise_sweep,2,38396700637393959300979650633369652700,5000,0.0,0.16,depolarizing,0.0,0.5,0.2,,0.11,0.95,5000,2449,489,1960,188,35,0.07676602694977541,0.07157464212678936,0.051911616295795854,0.09791640141478228,0.046004785118986424,1.0,0.4898,0.392,1,1,0.08
02_noise_sweep,3,7014432987668136991122461228683228379,5000,0.0,0.16,depolarizing,0.0,0.5,0.2,,0.11,0.95,5000,2480,496,1984,186,35,0.075,0.07056451612903226,0.051172642440642443,0.09655711770152885,0.0453844752608864,1.0,0.496,0.3968,1,1,0.08
02_noise_sweep,4,225296522477076745727358517383336401444,5000,0.0,0.16,depolarizing,0.0,0.5,0.2,,0.11,0.95,5000,2463,492,1971,204,30,0.0828258221680877,0.06097560975609756,0.04304232771205026,0.08571144566650953,0.04266911795445927,1.0,0.4926,0.3942,1,1,0.08
02_noise_sweep,5,59046157895700982037683513817083578718,5000,0.0,0.16,depolarizing,0.0,0.5,0.2,,0.11,0.95,5000,2499,499,2000,192,37,0.07683073229291716,0.07414829659318638,0.054270696899070305,0.10053248699760844,0.04626179009853814,1.0,0.4998,0.4,1,1,0.08
02_noise_sweep,6,256973722612412311368555487138321189613,5000,0.0,0.16,depolarizing,0.0,0.5,0.2,,0.11,0.95,5000,2536,507,2029,211,41,0.08320189274447949,0.08086785009861933,0.060168623479470516,0.10787071110951113,0.047702087630040614,1.0,0.5072,0.4058,1,1,0.08
02_noise_sweep,7,218907658612885137132412119233361306016,5000,0.0,0.16,depolarizing,0.0,0.5,0.2,,0.11,0.95,5000,2513,502,2011,193,47,0.07680063668921608,0.09362549800796813,0.07113883508145791,0.12228433558707369,0.05114550050561578,1.0,0.5026,0.4022,1,1,0.08
02_noise_sweep,8,80036443124151185510854006285978537235,5000,0.0,0.16,depolarizing,0.0,0.5,0.2,,0.11,0.95,5000,2496,499,1997,191,41,0.0765224358974359,0.08216432865731463,0.06114255161346059,0.1095702194098689,0.04842766779640831,1.0,0.4992,0.3994,1,1,0.08
02_noise_sweep,9,115136353502110447721929021556602239392,5000,0.0,0.16,depolarizing,0.0,0.5,0.2,,0.11,0.95,5000,2456,491,1965,167,31,0.06799674267100977,0.06313645621181263,0.04483254855294133,0.08822311533101748,0.04339056677807615,1.0,0.4912,0.393,1,1,0.08
02_noise_sweep,10,119972664397534486347883020743494473007,5000,0.0,0.16,depolarizing,0.0,0.5,0.2,,0.11,0.95,5000,2515,503,2012,218,44,0.08667992047713717,0.0874751491053678,0.06580714565867365,0.11539637907742134,0.049589233418747686,1.0,0.503,0.4024,1,1,0.08
02_noise_sweep,11,272904659404936272629958378385382489481,5000,0.0,0.16,depolarizing,0.0,0.5,0.2,,0.11,0.95,5000,2536,507,2029,201,36,0.07925867507886436,0.07100591715976332,0.05172749771590526,0.09673629180458185,0.045008794088676585,1.0,0.5072,0.4058,1,1,0.08
02_noise_sweep,12,162412894723715729354943341012012952354,5000,0.0,0.16,depolarizing,0.0,0.5,0.2,,0.11,0.95,5000,2484,496,1988,201,37,0.08091787439613526,0.07459677419354839,0.0546019071835912,0.10113039042203387,0.046528483238442664,1.0,0.4968,0.3976,1,1,0.08
02_noise_sweep,13,1024929138219831801578735785264869738,5000,0.0,0.16,depolarizing,0.0,0.5,0.2,,0.11,0.95,5000,2502,500,2002,208,44,0.08313349320543566,0.088,0.06620598447492893,0.11607647206539012,0.0498704875904612,1.0,0.5004,0.4004,1,1,0.08
02_noise_sweep,14,156060425531681461933213908770697364225,5000,0.0,0.16,depolarizing,0.0,0.5,0.2,,0.11,0.95,5000,2522,504,2018,212,46,0.08406026962727994,0.09126984126984126,0.06912395614903348,0.11959923128677864,0.05047527513774516,1.0,0.5044,0.4036,1,1,0.08
02_noise_sweep,15,83615328155265469558951531072521537903,5000,0.0,0.16,depolarizing,0.0,0.5,0.2,,0.11,0.95,5000,2463,492,1971,184,39,0.07470564352415753,0.07926829268292683,0.05852651731226361,0.10652918217552285,0.048002664863259235,1.0,0.4926,0.3942,1,1,0.08
02_noise_sweep,16,72838507828673801678777963883370889843,5000,0.0,0.16,depolarizing,0.0,0.5,0.2,,0.11,0.95,5000,2529,505,2024,182,40,0.0719652036378015,0.07920792079207921,0.058705523713771635,0.10606379169344293,0.0473582679796713,1.0,0.5058,0.4048,1,1,0.08
02_noise_sweep,17,255434475514148477321017267561483002535,5000,0.0,0.16,depolarizing,0.0,0.5,0.2,,0.11,0.95,5000,2532,506,2026,191,37,0.07543443917851501,0.07312252964426877,0.05351328365636057,0.09916448994162794,0.045651206285267365,1.0,0.5064,0.4052,1,1,0.08
02_noise_sweep,18,154581971995621579938282278671070093026,5000,0.0,0.16,depolarizing,0.0,0.5,0.2,,0.11,0.95,5000,2512,502,2010,217,43,0.08638535031847133,0.08565737051792828,0.06421373010205167,0.11339420861880406,0.04918047851675239,1.0,0.5024,0.402,1,1,0.08
02_noise_sweep,19,325325218506867229273056356962814773958,5000,0.0,0.16,depolarizing,0.0,0.5,0.2,,0.11,0.95,5000,2425,485,1940,197,47,0.08123711340206186,0.09690721649484536,0.07365965750491467,0.12649001690431366,0.05283035939939899,1.0,0.485,0.388,1,1,0.08
02_noise_sweep,20,154746623796964563848484252627101961532,5000,0.0,0.16,depolarizing,0.0,0.5,0.2,,0.11,0.95,5000,2502,500,2002,180,34,0.07194244604316546,0.068,0.04906650742490687,0.0935209227338743,0.04445441530896743,1.0,0.5004,0.4004,1,1,0.08
02_noise_sweep,21,281437492991146099083244705411165104201,5000,0.0,0.16,depolarizing,0.0,0.5,0.2,,0.11,0.95,5000,2514,502,2012,183,37,0.07279236276849642,0.07370517928286853,0.053943481248030195,0.09994160955131176,0.045998128303281566,1.0,0.5028,0.4024,1,1,0.08
02_noise_sweep,22,281476428344700770422274400436929677716,5000,0.0,0.16,depolarizing,0.0,0.5,0.2,,0.11,0.95,5000,2508,501,2007,198,37,0.07894736842105263,0.07385229540918163,0.05405211375425234,0.10013779569282671,0.046085681938574374,1.0,0.5016,0.4014,1,1,0.08
02_noise_sweep,23,57402991662439548954740419986078665004,5000,0.0,0.16,depolarizing,0.0,0.5,0.2,,0.11,0.95,5000,2570,514,2056,209,48,0.08132295719844358,0.0933852140077821,0.0711595972566557,0.12164354185095454,0.050483944594298835,1.0,0.514,0.4112,1,1,0.08
02_noise_sweep,24,140400791701368744970462520543115527945,5000,0.0,0.16,depolarizing,0.0,0.5,0.2,,0.11,0.95,5000,2462,492,1970,215,41,0.08732737611697806,0.08333333333333333,0.062020979729048804,0.1111018144496769,0.049080834720628096,1.0,0.4924,0.394,1,1,0.08
02_noise_sweep,25,44047989317890945924464823067639097261,5000,0.0,0.16,depolarizing,0.0,0.5,0.2,,0.11,0.95,5000,2433,486,1947,189,33,0.07768187422934648,0.06790123456790123,0.048754912482624826,0.09382480910492562,0.04506989662230079,1.0,0.4866,0.3894,1,1,0.08
02_noise_sweep,26,90602382144168114107887431666960353351,5000,0.0,0.16,depolarizing,0.0,0.5,0.2,,0.11,0.95,5000,2461,492,1969,209,43,0.08492482730597319,0.08739837398373984,0.0655321004128514,0.1156577884568136,0.0501256880439622,1.0,0.4922,0.3938,1,1,0.08
02_noise_sweep,27,137445973503438411790688471259195853109,5000,0.0,0.16,depolarizing,0.0,0.5,0.2,,0.11,0.95,5000,2544,508,2036,187,41,0.0735062893081761,0.08070866141732283,0.0600490601490557,0.10766197095513957,0.047612910806083875,1.0,0.5088,0.4072,1,1,0.08
02_noise_sweep,28,331339507360063510405946639265622921177,5000,0.0,0.16,depolarizing,0.0,0.5,0.2,,0.11,0.95,5000,2458,491,1967,193,40,0.07851912123677787,0.0814663951120163,0.06039553360707342,0.10903541710692907,0.04863988349985565,1.0,0.4916,0.3934,1,1,0.08
02_noise_sweep,29,31900928260430985492849304651815795652,5000,0.0,0.16,depolarizing,0.0,0.5,0.2,,0.11,0.95,5000,2516,503,2013,193,45,0.07670906200317965,0.08946322067594434,0.0675331819737966,0.11761634987200395,0.050083167898207354,1.0,0.5032,0.4026,1,1,0.08
02_noise_sweep,0,59363285520582877779076281662352255199,5000,0.0,0.18,depolarizing,0.0,0.5,0.2,,0.11,0.95,5000,2486,497,1989,228,50,0.0917135961383749,0.1006036217303823,0.07714556745145668,0.13018842415779294,0.05304285670633627,1.0,0.4972,0.3978,1,1,0.09
02_noise_sweep,1,86628164709229505248601899276373543543,5000,0.0,0.18,depolarizing,0.0,0.5,0.2,,0.11,0.95,5000,2515,503,2012,214,45,0.08508946322067594,0.08946322067594434,0.0675331819737966,0.11761634987200395,0.050083167898207354,1.0,0.503,0.4024,1,1,0.09
02_noise_sweep,2,30236847284064686380127516206964467378,5000,0.0,0.18,depolarizing,0.0,0.5,0.2,,0.11,0.95,5000,2464,492,1972,212,35,0.08603896103896104,0.07113821138211382,0.05159231547731147,0.09732919462859646,0.04573687915128499,1.0,0.4928,0.3944,1,1,0.09
02_noise_sweep,3,165232064125472446237227027049235129618,5000,0.0,0.18,depolarizing,0.0,0.5,0.2,,0.11,0.95,5000,2505,501,2004,242,54,0.09660678642714571,0.10778443113772455,0.08355374615787053,0.13798403935197037,0.05443029319409984,1.0,0.501,0.4008,1,1,0.09
02_noise_sweep,4,74309953422731494825160922916909340268,5000,0.0,0.18,depolarizing,0.0,0.5,0.2,,0.11,0.95,5000,2523,504,2019,228,48,0.09036860879904875,0.09523809523809523,0.07258656087940206,0.12401310046480023,0.05142653958539817,1.0,0.5046,0.4038,1,1,0.09
02_noise_sweep,5,314057733070592923070746300981330597003,5000,0.0,0.18,depolarizing,0.0,0.5,0.2,,0.11,0.95,5000,2554,510,2044,233,42,0.09122944400939702,0.08235294117647059,0.061502056569684424,0.10944845221622997,0.04794639564654554,1.0,0.5108,0.4088,1,1,0.09
02_noise_sweep,6,285368788093556333177668668004540518735,5000,0.0,0.18,depolarizing,0.0,0.5,0.2,,0.11,0.95,5000,2422,484,1938,213,45,0.087943848059455,0.09297520661157024,0.07021247358674261,0.12214809176484938,0.05193561817810677,1.0,0.4844,0.3876,1,1,0.09
02_noise_sweep,7,331883383752067378416069131851854788506,5000,0.0,0.18,depolarizing,0.0,0.5,0.2,,0.11,0.95,5000,2560,512,2048,235,57,0.091796875,0.111328125,0.08692533695448598,0.14151977308009867,0.05459443612561268,1.0,0.512,0.4096,1,1,0.09
02_noise_sweep,8,110520513185775532750371675503773572203,5000,0.0,0.18,depolarizing,0.0,0.5,0.2,,0.11,0.95,5000,2539,507,2032,248,52,0.09767625049231982,0.10256410256410256,0.07907455147150008,0.13203098226816956,0.05295643079666948,1.0,0.5078,0.4064,1,1,0.09
02_noise_sweep,9,186864968830685997548911498011993724674,5000,0.0,0.18,depolarizing,0.0,0.5,0.2,,0.11,0.95,5000,2511,502,2009,221,45,0.08801274392672243,0.08964143426294821,0.06766908793166858,0.11784646676302508,0.050177378831356506,1.0,0.5022,0.4018,1,1,0.09
02_noise_sweep,10,140682022515987054758199306656573636756,5000,0.0,0.18,depolarizing,0.0,0.5,0.2,,0.11,0.95,5000,2575,515,2060,233,56,0.09048543689320389,0.1087378640776699,0.08469156286521731,0.138577909632214,0.05388634676699669,1.0,0.515,0.412,1,1,0.09
02_noise_sweep,11,46248644406763151208886752910718941943,5000,0.0,0.18,depolarizing,0.0,0.5,0.2,,0.11,0.95,5000,2520,504,2016,224,45,0.08888888888888889,0.08928571428571429,0.06739782095664065,0.1173871295249764,0.04998930856833575,1.0,0.504,0.4032,1,1,0.09
02_noise_sweep,12,199085533051819569409170937750865402962,5000,0.0,0.18,depolarizing,0.0,0.5,0.2,,0.11,0.95,5000,2504,500,2004,231,41,0.09225239616613419,0.082,0.06101908946846895,0.10935485915738874,0.04833576968891979,1.0,0.5008,0.4008,1,1,0.09
02_noise_sweep,13,279764580078934176383371755392309444502,5000,0.0,0.18,depolarizing,0.0,0.5,0.2,,0.11,0.95,5000,2467,493,1974,253,55,0.10255370895824889,0.11156186612576065,0.08671989758683726,0.14241045536500554,0.05569055777816828,1.0,0.4934,0.3948,1,1,0.09
02_noise_sweep,14,142753920891089791265139535807730556304,5000,0.0,0.18,depolarizing,0.0,0.5,0.2,,0.11,0.95,5000,2490,498,1992,230,48,0.09236947791164658,0.0963855421686747,0.07347055156889366,0.12547964886954213,0.05200909730064847,1.0,0.498,0.3984,1,1,0.09
02_noise_sweep,15,321830652771506312277414481317183666900,5000,0.0,0.18,depolarizing,0.0,0.5,0.2,,0.11,0.95,5000,2481,496,1985,242,51,0.09754131398629586,0.1028225806451613,0.07907405695936481,0.1326760028904368,0.05360194593107198,1.0,0.4962,0.397,1,1,0.09
02_noise_sweep,16,210666420508576660424882702732548303127,5000,0.0,0.18,depolarizing,0.0,0.5,0.2,,0.11,0.95,5000,2495,499,1996,240,56,0.09619238476953908,0.11222444889779559,0.08743978043099307,0.14293394231727674,0.05549416188628367,1.0,0.499,0.3992,1,1,0.09
02_noise_sweep,17,275726080622680639374867795590047751646,5000,0.0,0.18,depolarizing,0.0,0.5,0.2,,0.11,0.95,5000,2472,494,1978,249,54,0.10072815533980582,0.10931174089068826,0.08475173970368588,0.13990102241385344,0.05514928271016756,1.0,0.4944,0.3956,1,1,0.09
02_noise_sweep,18,326105993827501380178018471023385198686,5000,0.0,0.18,depolarizing,0.0,0.5,0.2,,0.11,0.95,5000,2443,488,1955,206,39,0.08432255423659435,0.07991803278688525,0.05901081255763935,0.10738723574216913,0.04837642318452978,1.0,0.4886,0.391,1,1,0.09
02_noise_sweep,19,67218096002376465353002523017733717246,5000,0.0,0.18,depolarizing,0.0,0.5,0.2,,0.11,0.95,5000,2484,496,1988,208,32,0.08373590982286634,0.06451612903225806,0.04606752499185836,0.08965842895513222,0.043590903963273864,1.0,0.4968,0.3976,1,1,0.09
02_noise_sweep,20,153593710396678830073160892053385295684,5000,0.0,0.18,depolarizing,0.0,0.5,0.2,,0.11,0.95,5000,2494,498,1996,221,41,0.08861267040898156,0.0823293172690763,0.0612665144860791,0.1097864292512077,0.0485199147651286,1.0,0.4988,0.3992,1,1,0.09
02_noise_sweep,21,162560530605529753287252835983869866154,5000,0.0,0.18,depolarizing,0.0,0.5,0.2,,0.11,0.95,5000,2472,494,1978,236,53,0.09546925566343042,0.10728744939271255,0.08296412420064621,0.1376712947154296,0.054707170514783396,1.0,0.4944,0.3956,1,1,0.09
02_noise_sweep,22,17347205908134666965070186434570506748,5000,0.0,0.18,depolarizing,0.0,0.5,0.2,,0.11,0.95,5000,2487,497,1990,236,50,0.09489344591877764,0.1006036217303823,0.07714556745145668,0.13018842415779294,0.05304285670633627,1.0,0.4974,0.398,1,1,0.09
02_noise_sweep,23,139049610407699227833912141565099742056,5000,0.0,0.18,depolarizing,0.0,0.5,0.2,,0.11,0.95,5000,2460,492,1968,217,48,0.08821138211382114,0.0975609756097561,0.0743763451214062,0.12698128047560694,0.052604935354200744,1.0,0.492,0.3936,1,1,0.09
02_noise_sweep,24,222692139090953048063940423679658872531,5000,0.0,0.18,depolarizing,0.0,0.5,0.2,,0.11,0.95,5000,2488,497,1991,211,39,0.08480707395498392,0.07847082494969819,0.05793221529503101,0.10547570028248937,0.04754348498745836,1.0,0.4976,0.3982,1,1,0.09
02_noise_sweep,25,129799514619593158395000793313126806318,5000,0.0,0.18,depolarizing,0.0,0.5,0.2,,0.11,0.95,5000,2494,498,1996,218,40,0.08740978348035285,0.08032128514056225,0.05953853590461127,0.1075290854467971,0.047990549542185824,1.0,0.4988,0.3992,1,1,0.09
02_noise_sweep,26,135696283987611483596773045741563105349,5000,0.0,0.18,depolarizing,0.0,0.5,0.2,,0.11,0.95,5000,2482,496,1986,201,36,0.08098307816277196,0.07258064516129033,0.05288482052751539,0.09884620834638277,0.04596138781886738,1.0,0.4964,0.3972,1,1,0.09
02_noise_sweep,27,215734637095648225326914586383606276622,5000,0.0,0.18,depolarizing,0.0,0.5,0.2,,0.11,0.95,5000,2472,494,1978,254,52,0.10275080906148867,0.10526315789473684,0.08117946623301955,0.1354386094815927,0.054259143248573144,1.0,0.4944,0.3956,1,1,0.09
02_noise_sweep,28,117307853299542082381301726934573514101,5000,0.0,0.18,depolarizing,0.0,0.5,0.2,,0.11,0.95,5000,2517,503,2014,221,46,0.08780294000794597,0.09145129224652088,0.0692628060192452,0.11983273293626093,0.05056992691701573,1.0,0.5034,0.4028,1,1,0.09
02_noise_sweep,29,157372258974641729305867586704522867923,5000,0.0,0.18,depolarizing,0.0,0.5,0.2,,0.11,0.95,5000,2437,487,1950,216,47,0.08863356585966352,0.09650924024640657,0.07335385349282127,0.125980283961195,0.052626430468373744,1.0,0.4874,0.39,1,1,0.09
02_noise_sweep,0,142591264511074108094660564624260728891,5000,0.0,0.2,depolarizing,0.0,0.5,0.2,,0.11,0.95,5000,2500,500,2000,242,53,0.0968,0.106,0.08195705027297036,0.13605093001073285,0.05409387973776249,1.0,0.5,0.4,1,1,0.1
02_noise_sweep,1,191755087345530215012792094065926264473,5000,0.0,0.2,depolarizing,0.0,0.5,0.2,,0.11,0.95,5000,2556,511,2045,246,54,0.09624413145539906,0.10567514677103718,0.08189993332796258,0.13533482293444168,0.0534348896064791,1.0,0.5112,0.409,1,1,0.1
02_noise_sweep,2,17305657734556644004404330231819117103,5000,0.0,0.2,depolarizing,0.0,0.5,0.2,,0.11,0.95,5000,2533,506,2027,236,61,0.09317015396762732,0.12055335968379446,0.09500467802418494,0.15182000961847153,0.05681533159428659,1.0,0.5066,0.4054,1,1,0.1
02_noise_sweep,3,23696824657001652950643560905163485470,5000,0.0,0.2,depolarizing,0.0,0.5,0.2,,0.11,0.95,5000,2542,508,2034,251,54,0.0987411487018096,0.1062992125984252,0.08238915958289102,0.13611885084358344,0.05372969126069242,1.0,0.5084,0.4068,1,1,0.1
02_noise_sweep,4,191231430074078874513174187503332513275,5000,0.0,0.2,depolarizing,0.0,0.5,0.2,,0.11,0.95,5000,2487,497,1990,279,68,0.11218335343787696,0.13682092555331993,0.1093807785457273,0.1698322465699884,0.060451468024261115,1.0,0.4974,0.398,1,1,0.1
02_noise_sweep,5,265592196712856617851481567262412318812,5000,0.0,0.2,depolarizing,0.0,0.5,0.2,,0.11,0.95,5000,2512,502,2010,279,52,0.11106687898089172,0.10358565737051793,0.07987108182215302,0.13332112878097338,0.05345004695882036,1.0,0.5024,0.402,1,1,0.1
02_noise_sweep,6,293211053285868079313036264591066613650,5000,0.0,0.2,depolarizing,0.0,0.5,0.2,,0.11,0.95,5000,2475,495,1980,256,54,0.10343434343434343,0.10909090909090909,0.0845784980547934,0.1396239150427413,0.055045416987947904,1.0,0.495,0.396,1,1,0.1
02_noise_sweep,7,334847332555037772993403735811038045233,5000,0.0,0.2,depolarizing,0.0,0.5,0.2,,0.11,0.95,5000,2524,504,2020,247,54,0.09786053882725831,0.10714285714285714,0.0830506291385275,0.1371784539308453,0.0541278247923178,1.0,0.5048,0.404,1,1,0.1
02_noise_sweep,8,27015019083241387023858884452730192137,5000,0.0,0.2,depolarizing,0.0,0.5,0.2,,0.11,0.95,5000,2494,498,1996,283,55,0.11347233360064155,0.11044176706827309,0.08583884284840419,0.14100861429118058,0.05516977144277639,1.0,0.4988,0.3992,1,1,0.1
02_noise_sweep,9,172728356172409458119609955008719610987,5000,0.0,0.2,depolarizing,0.0,0.5,0.2,,0.11,0.95,5000,2540,508,2032,262,50,0.1031496062992126,0.0984251968503937,0.07545687666996906,0.12742129396503488,0.05196441729506582,1.0,0.508,0.4064,1,1,0.1
02_noise_sweep,10,311192893514079656745373955596533277852,5000,0.0,0.2,depolarizing,0.0,0.5,0.2,,0.11,0.95,5000,2491,498,1993,247,45,0.09915696507426736,0.09036144578313253,0.06821822753660842,0.11877600574419209,0.05055777820758367,1.0,0.4982,0.3986,1,1,0.1
02_noise_sweep,11,198936928769489921351150136875607696342,5000,0.0,0.2,depolarizing,0.0,0.5,0.2,,0.11,0.95,5000,2441,488,1953,254,51,0.10405571487095452,0.10450819672131148,0.08038530032178345,0.1348089597848655,0.05442365946308206,1.0,0.4882,0.3906,1,1,0.1
02_noise_sweep,12,74113517634282877254337602703389458883,5000,0.0,0.2,depolarizing,0.0,0.5,0.2,,0.11,0.95,5000,2487,497,1990,242,52,0.0973059911540008,0.10462776659959759,0.08068382780831519,0.13463672307943064,0.05395289527111545,1.0,0.4974,0.398,1,1,0.1
02_noise_sweep,13,324608766979159854718935622626727526178,5000,0.0,0.2,depolarizing,0.0,0.5,0.2,,0.11,0.95,5000,2515,503,2012,251,47,0.09980119284294235,0.09343936381709742,0.07099591516779151,0.12204563089742017,0.05104971572962866,1.0,0.503,0.4024,1,1,0.1
02_noise_sweep,14,69225212311849893681386329267560729329,5000,0.0,0.2,depolarizing,0.0,0.5,0.2,,0.11,0.95,5000,2453,490,1963,286,51,0.11659192825112108,0.10408163265306122,0.08005342808107786,0.1342693205059812,0.054215892424903336,1.0,0.4906,0.3926,1,1,0.1
02_noise_sweep,15,170076966221892411115901046955493720541,5000,0.0,0.2,depolarizing,0.0,0.5,0.2,,0.11,0.95,5000,2498,499,1999,229,44,0.09167333867093674,0.08817635270541083,0.0663400075082512,0.11630495386006637,0.04996494635181517,1.0,0.4996,0.3998,1,1,0.1
02_noise_sweep,16,95291132636237733277234303894204002015,5000,0.0,0.2,depolarizing,0.0,0.5,0.2,,0.11,0.95,5000,2473,494,1979,263,61,0.10634856449656288,0.12348178137651822,0.09734230014740525,0.15543186438037876,0.05808956423297351,1.0,0.4946,0.3958,1,1,0.1
02_noise_sweep,17,332705996932843087499493796729282499239,5000,0.0,0.2,depolarizing,0.0,0.5,0.2,,0.11,0.95,5000,2528,505,2023,258,55,0.10205696202531646,0.10891089108910891,0.08463503105302293,0.13909174444309413,0.0544567133900712,1.0,0.5056,0.4046,1,1,0.1
02_noise_sweep,18,155882094647019647787570695016440675952,5000,0.0,0.2,depolarizing,0.0,0.5,0.2,,0.11,0.95,5000,2511,502,2009,228,53,0.0908004778972521,0.10557768924302789,0.08162677195686194,0.13551924663318343,0.053892474676321495,1.0,0.5022,0.4018,1,1,0.1
02_noise_sweep,19,224835661937228812407369867719481943659,5000,0.0,0.2,depolarizing,0.0,0.5,0.2,,0.11,0.95,5000,2507,501,2006,259,51,0.10331072995612285,0.10179640718562874,0.07827604035950878,0.13137682584513885,0.053100785485630075,1.0,0.5014,0.4012,1,1,0.1
02_noise_sweep,20,92277243565695069574268080583332931305,5000,0.0,0.2,depolarizing,0.0,0.5,0.2,,0.11,0.95,5000,2473,494,1979,253,56,0.10230489284270117,0.11336032388663968,0.08833556414119473,0.14435188437927166,0.05601632023807693,1.0,0.4946,0.3958,1,1,0.1
02_noise_sweep,21,154081340860670744155127151476343870477,5000,0.0,0.2,depolarizing,0.0,0.5,0.2,,0.11,0.95,5000,2481,496,1985,256,64,0.10318419991938735,0.12903225806451613,0.10235649220219722,0.16141006116005402,0.059053568957856795,1.0,0.4962,0.397,1,1,0.1
02_noise_sweep,22,18119468093894158844666465299927204351,5000,0.0,0.2,depolarizing,0.0,0.5,0.2,,0.11,0.95,5000,2491,498,1993,276,57,0.11079887595343235,0.1144578313253012,0.08939884638936257,0.14541925552197907,0.056020409132616494,1.0,0.4982,0.3986,1,1,0.1
02_noise_sweep,23,290764273009331749056916609204434371945,5000,0.0,0.2,depolarizing,0.0,0.5,0.2,,0.11,0.95,5000,2536,507,2029,268,61,0.1056782334384858,0.1203155818540434,0.0948149360435172,0.15152657881944265,0.05671164277592544,1.0,0.5072,0.4058,1,1,0.1
02_noise_sweep,24,265489787910441021154486180997798400241,5000,0.0,0.2,depolarizing,0.0,0.5,0.2,,0.11,0.95,5000,2521,504,2017,275,53,0.10908369694565649,0.10515873015873016,0.08129914578549113,0.1349917003296866,0.05369255454419547,1.0,0.5042,0.4034,1,1,0.1
02_noise_sweep,25,43564833110613413498984489142979926019,5000,0.0,0.2,depolarizing,0.0,0.5,0.2,,0.11,0.95,5000,2464,492,1972,250,61,0.10146103896103896,0.12398373983739837,0.09774313887128053,0.15605060221683778,0.05830746334555725,1.0,0.4928,0.3944,1,1,0.1
02_noise_sweep,26,314091673281756807973675122125393326710,5000,0.0,0.2,depolarizing,0.0,0.5,0.2,,0.11,0.95,5000,2495,499,1996,231,45,0.09258517034068137,0.09018036072144289,0.0680801085654911,0.11854224958448917,0.05046214101899807,1.0,0.499,0.3992,1,1,0.1
02_noise_sweep,27,3753274974756467248447579779162489099,5000,0.0,0.2,depolarizing,0.0,0.5,0.2,,0.11,0.95,5000,2526,505,2021,244,50,0.09659540775930324,0.09900990099009901,0.07591005066107484,0.1281642381387414,0.05225418747766655,1.0,0.5052,0.4042,1,1,0.1
02_noise_sweep,28,14970460633113801065844140470740343473,5000,0.0,0.2,depolarizing,0.0,0.5,0.2,,0.11,0.95,5000,2465,493,1972,237,40,0.09614604462474645,0.08113590263691683,0.06014816944923153,0.10860074900797755,0.04845257955874602,1.0,0.493,0.3944,1,1,0.1
02_noise_sweep,29,152998717237517700376032411876435017024,5000,0.0,0.2,depolarizing,0.0,0.5,0.2,,0.11,0.95,5000,2473,494,1979,222,56,0.08976951071572989,0.11336032388663968,0.08833556414119473,0.14435188437927166,0.05601632023807693,1.0,0.4946,0.3958,1,1,0.1
02_noise_sweep,0,208343160969816561691665017590776955887,5000,0.0,0.0,readout_flip,0.0,0.5,0.2,,0.11,0.95,5000,2510,502,2008,0,0,0.0,0.0,0.0,0.007594195283340362,0.007594195283340362,1.0,0.502,0.4016,0,1,0.0
02_noise_sweep,1,140444347367015386941842703411965361283,5000,0.0,0.0,readout_flip,0.0,0.5,0.2,,0.11,0.95,5000,2484,496,1988,0,0,0.0,0.0,0.0,0.007685354531729935,0.007685354531729935,1.0,0.4968,0.3976,0,1,0.0
02_noise_sweep,2,55094669641995785921609340127724346718,5000,0.0,0.0,readout_flip,0.0,0.5,0.2,,0.11,0.95,5000,2489,497,1992,0,0,0.0,0.0,0.0,0.007670009646843955,0.007670009646843955,1.0,0.4978,0.3984,0,1,0.0
02_noise_sweep,3,241238532454138960232445964547332249556,5000,0.0,0.0,readout_flip,0.0,0.5,0.2,,0.11,0.95,5000,2478,495,1983,0,0,0.0,0.0,0.0,0.007700760938707212,0.007700760938707212,1.0,0.4956,0.3966,0,1,0.0
02_noise_sweep,4,178587598136511028988132223231582771915,5000,0.0,0.0,readout_flip,0.0,0.5,0.2,,0.11,0.95,5000,2523,504,2019,0,0,0.0,0.0,4.336808689942018e-19,0.007564287542838138,0.007564287542838138,1.0,0.5046,0.4038,0,1,0.0
02_noise_sweep,5,240114954581411391352210890586295029633,5000,0.0,0.0,readout_flip,0.0,0.5,0.2,,0.11,0.95,5000,2540,508,2032,0,0,0.0,0.0,0.0,0.007505173241622549,0.007505173241622549,1.0,0.508,0.4064,0,1,0.0
02_noise_sweep,6,7640802027744401595345975702086934244,5000,0.0,0.0,readout_flip,0.0,0.5,0.2,,0.11,0.95,5000,2454,490,1964,0,0,0.0,0.0,0.0,0.0077787288857189595,0.0077787288857189595,1.0,0.4908,0.3928,0,1,0.0
02_noise_sweep,7,178267083160113356982590934268052216196,5000,0.0,0.0,readout_flip,0.0,0.5,0.2,,0.11,0.95,5000,2424,484,1940,0,0,0.0,0.0,0.0,0.00787440007657498,0.00787440007657498,1.0,0.4848,0.388,0,1,0.0
02_noise_sweep,8,188685098719292092207216669877422308741,5000,0.0,0.0,readout_flip,0.0,0.5,0.2,,0.11,0.95,5000,2489,497,1992,0,0,0.0,0.0,0.0,0.007670009646843955,0.007670009646843955,1.0,0.4978,0.3984,0,1,0.0
02_noise_sweep,9,175857508355666018990220354674458758996,5000,0.0,0.0,readout_flip,0.0,0.5,0.2,,0.11,0.95,5000,2538,507,2031,0,0,0.0,0.0,0.0,0.0075198650273263735,0.0075198650273263735,1.0,0.5076,0.4062,0,1,0.0
02_noise_sweep,10,23415476893950812297488490300253978845,5000,0.0,0.0,readout_flip,0.0,0.5,0.2,,0.11,0.95,5000,2465,493,1972,0,0,0.0,0.0,4.336808689942018e-19,0.007731759804852504,0.007731759804852504,1.0,0.493,0.3944,0,1,0.0
02_noise_sweep,11,40121282394734659427384244168525492744,5000,0.0,0.0,readout_flip,0.0,0.5,0.2,,0.11,0.95,5000,2503,500,2003,0,0,0.0,0.0,4.336808689942018e-19,0.007624340461552238,0.007624340461552238,1.0,0.5006,0.4006,0,1,0.0
02_noise_sweep,12,278920931688675923654443071328380523749,5000,0.0,0.0,readout_flip,0.0,0.5,0.2,,0.11,0.95,5000,2476,495,1981,0,0,0.0,0.0,0.0,0.007700760938707212,0.007700760938707212,1.0,0.4952,0.3962,0,1,0.0
02_noise_sweep,13,337357308756588090052506709650229335922,5000,0.0,0.0,readout_flip,0.0,0.5,0.2,,0.11,0.95,5000,2474,494,1980,0,0,0.0,0.0,0.0,0.007716229238508818,0.007716229238508818,1.0,0.4948,0.396,0,1,0.0
02_noise_sweep,14,84224834221252362900888511970011466666,5000,0.0,0.0,readout_flip,0.0,0.5,0.2,,0.11,0.95,5000,2512,502,2010,0,0,0.0,0.0,0.0,0.007594195283340362,0.007594195283340362,1.0,0.5024,0.402,0,1,0.0
02_noise_sweep,15,113706073790578314301911596369203012638,5000,0.0,0.0,readout_flip,0.0,0.5,0.2,,0.11,0.95,5000,2456,491,1965,0,0,0.0,0.0,0.0,0.007763009247141672,0.007763009247141672,1.0,0.4912,0.393,0,1,0.0
02_noise_sweep,16,298274533798463326418362847476779414801,5000,0.0,0.0,readout_flip,0.0,0.5,0.2,,0.11,0.95,5000,2487,497,1990,0,0,0.0,0.0,0.0,0.007670009646843955,0.007670009646843955,1.0,0.4974,0.398,0,1,0.0
02_noise_sweep,17,313283990290920278849110872491033588806,5000,0.0,0.0,readout_flip,0.0,0.5,0.2,,0.11,0.95,5000,2473,494,1979,0,0,0.0,0.0,0.0,0.007716229238508818,0.007716229238508818,1.0,0.4946,0.3958,0,1,0.0
02_noise_sweep,18,126934555325755030654774373346669916899,5000,0.0,0.0,readout_flip,0.0,0.5,0.2,,0.11,0.95,5000,2503,500,2003,0,0,0.0,0.0,4.336808689942018e-19,0.007624340461552238,0.007624340461552238,1.0,0.5006,0.4006,0,1,0.0
02_noise_sweep,19,170727929064020885228314757182805167486,5000,0.0,0.0,readout_flip,0.0,0.5,0.2,,0.11,0.95,5000,2456,491,1965,0,0,0.0,0.0,0.0,0.007763009247141672,0.007763009247141672,1.0,0.4912,0.393,0,1,0.0
02_noise_sweep,20,248457626623585752269782816140939740042,5000,0.0,0.0,readout_flip,0.0,0.5,0.2,,0.11,0.95,5000,2493,498,1995,0,0,0.0,0.0,4.336808689942018e-19,0.00765472591627122,0.00765472591627122,1.0,0.4986,0.399,0,1,0.0
02_noise_sweep,21,83574522392855609735753333828432598648,5000,0.0,0.0,readout_flip,0.0,0.5,0.2,,0.11,0.95,5000,2475,495,1980,0,0,0.0,0.0,0.0,0.007700760938707212,0.007700760938707212,1.0,0.495,0.396,0,1,0.0
02_noise_sweep,22,232713979183163916983881874431474857535,5000,0.0,0.0,readout_flip,0.0,0.5,0.2,,0.11,0.95,5000,2524,504,2020,0,0,0.0,0.0,4.336808689942018e-19,0.007564287542838138,0.007564287542838138,1.0,0.5048,0.404,0,1,0.0
02_noise_sweep,23,275609941185691914507548953099103173978,5000,0.0,0.0,readout_flip,0.0,0.5,0.2,,0.11,0.95,5000,2481,496,1985,0,0,0.0,0.0,0.0,0.007685354531729935,0.007685354531729935,1.0,0.4962,0.397,0,1,0.0
02_noise_sweep,24,3948524052476963688798767375912643122,5000,0.0,0.0,readout_flip,0.0,0.5,0.2,,0.11,0.95,5000,2508,501,2007,0,0,0.0,0.0,4.336808689942018e-19,0.007609238016362091,0.007609238016362091,1.0,0.5016,0.4014,0,1,0.0
02_noise_sweep,25,82132163048917248191596512476209076556,5000,0.0,0.0,readout_flip,0.0,0.5,0.2,,0.11,0.95,5000,2487,497,1990,0,0,0.0,0.0,0.0,0.007670009646843955,0.007670009646843955,1.0,0.4974,0.398,0,1,0.0
02_noise_sweep,26,47608153032746382050123974647177969682,5000,0.0,0.0,readout_flip,0.0,0.5,0.2,,0.11,0.95,5000,2485,497,1988,0,0,0.0,0.0,0.0,0.007670009646843955,0.007670009646843955,1.0,0.497,0.3976,0,1,0.0
02_noise_sweep,27,34151199300417931932852536855657680136,5000,0.0,0.0,readout_flip,0.0,0.5,0.2,,0.11,0.95,5000,2489,497,1992,0,0,0.0,0.0,0.0,0.007670009646843955,0.007670009646843955,1.0,0.4978,0.3984,0,1,0.0
02_noise_sweep,28,89716910487059035149450698765217372719,5000,0.0,0.0,readout_flip,0.0,0.5,0.2,,0.11,0.95,5000,2446,489,1957,0,0,0.0,0.0,0.0,0.007794512316163981,0.007794512316163981,1.0,0.4892,0.3914,0,1,0.0
02_noise_sweep,29,201716430596271020975066193065659433309,5000,0.0,0.0,readout_flip,0.0,0.5,0.2,,0.11,0.95,5000,2478,495,1983,0,0,0.0,0.0,0.0,0.007700760938707212,0.007700760938707212,1.0,0.4956,0.3966,0,1,0.0
02_noise_sweep,0,50799778295837483648933488441610766446,5000,0.0,0.02,readout_flip,0.0,0.5,0.2,,0.11,0.95,5000,2503,500,2003,47,4,0.018777467039552537,0.008,0.003115315180062238,0.020387035834105165,0.01727172065404293,1.0,0.5006,0.4006,1,1,0.02
02_noise_sweep,1,99181134827302268932334892107718250326,5000,0.0,0.02,readout_flip,0.0,0.5,0.2,,0.11,0.95,5000,2480,496,1984,61,6,0.024596774193548387,0.012096774193548387,0.005555530877587915,0.026137436044503387,0.020581905166915472,1.0,0.496,0.3968,1,1,0.02
02_noise_sweep,2,315170332697446754214534607513346826176,5000,0.0,0.02,readout_flip,0.0,0.5,0.2,,0.11,0.95,5000,2495,499,1996,43,7,0.017234468937875752,0.014028056112224449,0.0068114450463525565,0.02866983540044554,0.021858390354092982,1.0,0.499,0.3992,1,1,0.02
02_noise_sweep,3,337190863967848195299291627421169788969,5000,0.0,0.02,readout_flip,0.0,0.5,0.2,,0.11,0.95,5000,2447,489,1958,44,4,0.01798120147118921,0.0081799591002045,0.003185492391988589,0.02084142054067987,0.01765592814869128,1.0,0.4894,0.3916,1,1,0.02
02_noise_sweep,4,168717262120667483538022550791928407216,5000,0.0,0.02,readout_flip,0.0,0.5,0.2,,0.11,0.95,5000,2499,499,2000,37,8,0.014805922368947578,0.01603206412825651,0.008145587879411671,0.03131308934904911,0.02316750146963744,1.0,0.4998,0.4,1,1,0.02
02_noise_sweep,5,38497036089265106019884719656128111997,5000,0.0,0.02,readout_flip,0.0,0.5,0.2,,0.11,0.95,5000,2453,490,1963,43,7,0.017529555646147575,0.014285714285714285,0.0069368565540758355,0.029191051506336867,0.022254194952261032,1.0,0.4906,0.3926,1,1,0.02
02_noise_sweep,6,38373847516850585511178338070993914294,5000,0.0,0.02,readout_flip,0.0,0.5,0.2,,0.11,0.95,5000,2501,500,2001,52,11,0.020791683326669332,0.022,0.012328008269927582,0.03896086121131636,0.026632852941388778,1.0,0.5002,0.4002,1,1,0.02
02_noise_sweep,7,167675437352306071792726299369196381984,5000,0.0,0.02,readout_flip,0.0,0.5,0.2,,0.11,0.95,5000,2414,482,1932,41,9,0.016984258492129246,0.01867219917012448,0.009853992037732313,0.035101946621168736,0.025247954583436424,1.0,0.4828,0.3864,1,1,0.02
02_noise_sweep,8,1736474548411307404334617942268440441,5000,0.0,0.02,readout_flip,0.0,0.5,0.2,,0.11,0.95,5000,2519,503,2016,56,13,0.0222310440651052,0.02584493041749503,0.015165025200604055,0.04371227913461839,0.02854725393401434,1.0,0.5038,0.4032,1,1,0.02
02_noise_sweep,9,153054351137581576910319474735274626850,5000,0.0,0.02,readout_flip,0.0,0.5,0.2,,0.11,0.95,5000,2525,505,2020,53,8,0.02099009900990099,0.015841584158415842,0.008048551774781107,0.0309448487761081,0.02289629700132699,1.0,0.505,0.404,1,1,0.02
02_noise_sweep,10,298457238314567266607967282816654986419,5000,0.0,0.02,readout_flip,0.0,0.5,0.2,,0.11,0.95,5000,2511,502,2009,59,8,0.023496614894464356,0.01593625498007968,0.008096779101684867,0.031127880077007196,0.02303110097532233,1.0,0.5022,0.4018,1,1,0.02
02_noise_sweep,11,53145464544727018701651638980021866366,5000,0.0,0.02,readout_flip,0.0,0.5,0.2,,0.11,0.95,5000,2450,490,1960,39,10,0.015918367346938776,0.02040816326530612,0.011122355077865657,0.03715520120027293,0.02603284612240727,1.0,0.49,0.392,1,1,0.02
02_noise_sweep,12,155955269423416324217897373249514166677,5000,0.0,0.02,readout_flip,0.0,0.5,0.2,,0.11,0.95,5000,2448,489,1959,39,7,0.015931372549019607,0.014314928425357873,0.006951076821961064,0.02925013657308575,0.022299059751124686,1.0,0.4896,0.3918,1,1,0.02
02_noise_sweep,13,77966749247964212481547611505690851384,5000,0.0,0.02,readout_flip,0.0,0.5,0.2,,0.11,0.95,5000,2519,503,2016,60,12,0.023818975784041286,0.02385685884691849,0.013698809978982538,0.04123248724653433,0.027533677267551793,1.0,0.5038,0.4032,1,1,0.02
02_noise_sweep,14,203520744656050926891689786616145770554,5000,0.0,0.02,readout_flip,0.0,0.5,0.2,,0.11,0.95,5000,2473,494,1979,49,8,0.01981399110392236,0.016194331983805668,0.008228256805605464,0.031626718044611576,0.023398461239006112,1.0,0.4946,0.3958,1,1,0.02
02_noise_sweep,15,64802606203007277000670677089212858287,5000,0.0,0.02,readout_flip,0.0,0.5,0.2,,0.11,0.95,5000,2513,502,2011,60,12,0.0238758456028651,0.02390438247011952,0.013726201553515546,0.04131368957285236,0.027587488019336817,1.0,0.5026,0.4022,1,1,0.02
02_noise_sweep,16,196356668476398486498180097648500612244,5000,0.0,0.02,readout_flip,0.0,0.5,0.2,,0.11,0.95,5000,2453,490,1963,43,12,0.017529555646147575,0.024489795918367346,0.014063654986336894,0.04231366677028562,0.028250011783948724,1.0,0.4906,0.3926,1,1,0.02
02_noise_sweep,17,68867957310426180993112826039615438234,5000,0.0,0.02,readout_flip,0.0,0.5,0.2,,0.11,0.95,5000,2472,494,1978,43,9,0.017394822006472493,0.018218623481781375,0.009613903206533403,0.03425841484514716,0.02464451163861376,1.0,0.4944,0.3956,1,1,0.02
02_noise_sweep,18,283394799198507360443178977719673849244,5000,0.0,0.02,readout_flip,0.0,0.5,0.2,,0.11,0.95,5000,2502,500,2002,57,8,0.022781774580335732,0.016,0.008129253033388314,0.03125110853339425,0.023121855500005936,1.0,0.5004,0.4004,1,1,0.02
02_noise_sweep,19,127097072556810694910199015339449938872,5000,0.0,0.02,readout_flip,0.0,0.5,0.2,,0.11,0.95,5000,2548,509,2039,56,13,0.02197802197802198,0.025540275049115914,0.014985551447919207,0.043202916561894435,0.028217365113975226,1.0,0.5096,0.4078,1,1,0.02
02_noise_sweep,20,135583207651234438700676821127462313250,5000,0.0,0.02,readout_flip,0.0,0.5,0.2,,0.11,0.95,5000,2431,486,1945,48,7,0.01974496092143151,0.01440329218106996,0.006994089604476212,0.029428835608199526,0.022434746003723312,1.0,0.4862,0.389,1,1,0.02
02_noise_sweep,21,148513894471798269076532370589609902045,5000,0.0,0.02,readout_flip,0.0,0.5,0.2,,0.11,0.95,5000,2556,511,2045,63,12,0.02464788732394366,0.023483365949119372,0.013483551265338374,0.040594181488485134,0.02711063022314676,1.0,0.5112,0.409,1,1,0.02
02_noise_sweep,22,90675063823119258495463765739068361683,5000,0.0,0.02,readout_flip,0.0,0.5,0.2,,0.11,0.95,5000,2515,503,2012,57,9,0.022664015904572565,0.017892644135188866,0.009441376591631809,0.03365189930476837,0.024210522713136562,1.0,0.503,0.4024,1,1,0.02
02_noise_sweep,23,247822032659078857648590651697430842410,5000,0.0,0.02,readout_flip,0.0,0.5,0.2,,0.11,0.95,5000,2437,487,1950,63,10,0.025851456709068528,0.02053388090349076,0.01119109973142903,0.0373815267088397,0.02619042697741067,1.0,0.4874,0.39,1,1,0.02
02_noise_sweep,24,192431190191037389782329712053620524048,5000,0.0,0.02,readout_flip,0.0,0.5,0.2,,0.11,0.95,5000,2529,505,2024,47,4,0.018584420719652037,0.007920792079207921,0.0030844284786234414,0.0201869827152251,0.01710255423660166,1.0,0.5058,0.4048,1,1,0.02
02_noise_sweep,25,147207961434994699987576525290711446247,5000,0.0,0.02,readout_flip,0.0,0.5,0.2,,0.11,0.95,5000,2497,499,1998,49,7,0.01962354825790949,0.014028056112224449,0.0068114450463525565,0.02866983540044554,0.021858390354092982,1.0,0.4994,0.3996,1,1,0.02
02_noise_sweep,26,55663747713969085584316698553774143779,5000,0.0,0.02,readout_flip,0.0,0.5,0.2,,0.11,0.95,5000,2538,507,2031,57,10,0.022458628841607566,0.01972386587771203,0.010748218604394047,0.035922736559921425,0.02517451795552738,1.0,0.5076,0.4062,1,1,0.02
02_noise_sweep,27,41784191549094426007377805638136261026,5000,0.0,0.02,readout_flip,0.0,0.5,0.2,,0.11,0.95,5000,2478,495,1983,58,12,0.023405972558514933,0.024242424242424242,0.013921053363028034,0.0418911858331964,0.027970132470168364,1.0,0.4956,0.3966,1,1,0.02
02_noise_sweep,28,309912222112222148732933186286387791781,5000,0.0,0.02,readout_flip,0.0,0.5,0.2,,0.11,0.95,5000,2569,513,2056,43,13,0.016738030362008563,0.025341130604288498,0.01486824388353097,0.04286988511406345,0.02800164123053248,1.0,0.5138,0.4112,1,1,0.02
02_noise_sweep,29,227265544805246803911411749928760672496,5000,0.0,0.02,readout_flip,0.0,0.5,0.2,,0.11,0.95,5000,2519,503,2016,57,7,0.02262802699483922,0.013916500994035786,0.006757150567541375,0.028444111109447678,0.021686960541906303,1.0,0.5038,0.4032,1,1,0.02
02_noise_sweep,0,276861038574499761409605549022065088648,5000,0.0,0.04,readout_flip,0.0,0.5,0.2,,0.11,0.95,5000,2435,487,1948,96,16,0.03942505133470226,0.03285420944558522,0.02032242405707347,0.0526980149800192,0.03237559092294573,1.0,0.487,0.3896,1,1,0.04
02_noise_sweep,1,303990489029230133619043715747534602210,5000,0.0,0.04,readout_flip,0.0,0.5,0.2,,0.11,0.95,5000,2541,508,2033,111,17,0.043683589138134596,0.03346456692913386,0.02099688517087262,0.05293510718449961,0.03193822201362699,1.0,0.5082,0.4066,1,1,0.04
02_noise_sweep,2,220315744950460267331404079468650742537,5000,0.0,0.04,readout_flip,0.0,0.5,0.2,,0.11,0.95,5000,2454,490,1964,99,31,0.040342298288508556,0.06326530612244897,0.04492477896507008,0.08840031483714972,0.04347553587207964,1.0,0.4908,0.3928,1,1,0.04
02_noise_sweep,3,330462566912212021199425370769600947899,5000,0.0,0.04,readout_flip,0.0,0.5,0.2,,0.11,0.95,5000,2515,503,2012,90,26,0.03578528827037773,0.05168986083499006,0.035515696585444456,0.07465970017595035,0.03914400359050589,1.0,0.503,0.4024,1,1,0.04
02_noise_sweep,4,5946551005161597943129712947574614139,5000,0.0,0.04,readout_flip,0.0,0.5,0.2,,0.11,0.95,5000,2484,496,1988,89,17,0.035829307568438,0.034274193548387094,0.021507442234366958,0.05419948073672019,0.032692038502353235,1.0,0.4968,0.3976,1,1,0.04
02_noise_sweep,5,236131799261416433047310239672321284942,5000,0.0,0.04,readout_flip,0.0,0.5,0.2,,0.11,0.95,5000,2545,509,2036,108,12,0.04243614931237721,0.023575638506876228,0.013536729209334531,0.04075189808830443,0.027215168878969895,1.0,0.509,0.4072,1,1,0.04
02_noise_sweep,6,331294668446595929769416490501721500250,5000,0.0,0.04,readout_flip,0.0,0.5,0.2,,0.11,0.95,5000,2492,498,1994,93,15,0.037319422150882825,0.030120481927710843,0.018336894110724304,0.04909766759372335,0.03076077348299905,1.0,0.4984,0.3988,1,1,0.04
02_noise_sweep,7,262961246102560958989655472621325013306,5000,0.0,0.04,readout_flip,0.0,0.5,0.2,,0.11,0.95,5000,2535,507,2028,104,23,0.041025641025641026,0.045364891518737675,0.03041658688988685,0.06715078545251445,0.03673419856262759,1.0,0.507,0.4056,1,1,0.04
02_noise_sweep,8,17985546977795682415607127317457585828,5000,0.0,0.04,readout_flip,0.0,0.5,0.2,,0.11,0.95,5000,2504,500,2004,105,25,0.041932907348242815,0.05,0.03409374524384944,0.07276816117154758,0.03867441592769814,1.0,0.5008,0.4008,1,1,0.04
02_noise_sweep,9,100924740917475393042588820528719899694,5000,0.0,0.04,readout_flip,0.0,0.5,0.2,,0.11,0.95,5000,2506,501,2005,96,22,0.03830806065442937,0.043912175648702596,0.029175248676232463,0.06559006424488027,0.03641481556864781,1.0,0.5012,0.401,1,1,0.04
02_noise_sweep,10,240470257799127842946878023500804914990,5000,0.0,0.04,readout_flip,0.0,0.5,0.2,,0.11,0.95,5000,2471,494,1977,82,14,0.03318494536624848,0.02834008097165992,0.01695531361976533,0.04700372043923288,0.03004840681946755,1.0,0.4942,0.3954,1,1,0.04
02_noise_sweep,11,12580531764926298649772008032570090353,5000,0.0,0.04,readout_flip,0.0,0.5,0.2,,0.11,0.95,5000,2533,506,2027,100,17,0.03947887879984208,0.03359683794466403,0.021080287937838022,0.05314172395626056,0.03206143601842254,1.0,0.5066,0.4054,1,1,0.04
02_noise_sweep,12,146071911337207076780567131634357176145,5000,0.0,0.04,readout_flip,0.0,0.5,0.2,,0.11,0.95,5000,2483,496,1987,88,21,0.03544099879178413,0.04233870967741935,0.027856476447434234,0.0638555214505605,0.03599904500312627,1.0,0.4966,0.3974,1,1,0.04
02_noise_sweep,13,19280617585934074543243219581046611592,5000,0.0,0.04,readout_flip,0.0,0.5,0.2,,0.11,0.95,5000,2475,495,1980,120,26,0.048484848484848485,0.052525252525252523,0.036093699886183134,0.07584859727714473,0.039754897390961594,1.0,0.495,0.396,1,1,0.04
02_noise_sweep,14,62932274802233783963195758853686109751,5000,0.0,0.04,readout_flip,0.0,0.5,0.2,,0.11,0.95,5000,2564,512,2052,107,23,0.041731669266770674,0.044921875,0.030117718759024463,0.06650394273875551,0.03638622397973105,1.0,0.5128,0.4104,1,1,0.04
02_noise_sweep,15,312260576592347369856815141599141656600,5000,0.0,0.04,readout_flip,0.0,0.5,0.2,,0.11,0.95,5000,2509,501,2008,107,15,0.04264647269828617,0.029940119760479042,0.018226594350791457,0.048807240191536976,0.03058064584074552,1.0,0.5018,0.4016,1,1,0.04
02_noise_sweep,16,84075000060237280289883517144370496962,5000,0.0,0.04,readout_flip,0.0,0.5,0.2,,0.11,0.95,5000,2564,512,2052,82,13,0.031981279251170044,0.025390625,0.014897398253755443,0.042952660733199644,0.0280552624794442,1.0,0.5128,0.4104,1,1,0.04
02_noise_sweep,17,49929083372059665731623066372339738530,5000,0.0,0.04,readout_flip,0.0,0.5,0.2,,0.11,0.95,5000,2490,498,1992,122,30,0.04899598393574297,0.060240963855421686,0.04251974263244521,0.08469465486017888,0.042174912227733674,1.0,0.498,0.3984,1,1,0.04
02_noise_sweep,18,168529897530008605649844231010770755518,5000,0.0,0.04,readout_flip,0.0,0.5,0.2,,0.11,0.95,5000,2532,506,2026,96,13,0.037914691943127965,0.025691699604743084,0.01507475414523247,0.043456105408088114,0.028381351262855646,1.0,0.5064,0.4052,1,1,0.04
02_noise_sweep,19,5755714272664242530312987908785070783,5000,0.0,0.04,readout_flip,0.0,0.5,0.2,,0.11,0.95,5000,2486,497,1989,103,13,0.041432019308125505,0.026156941649899398,0.015348850090850871,0.04423379486621856,0.02888494477536769,1.0,0.4972,0.3978,1,1,0.04
02_noise_sweep,20,246655833323911813071394004324641158869,5000,0.0,0.04,readout_flip,0.0,0.5,0.2,,0.11,0.95,5000,2526,505,2021,108,16,0.04275534441805225,0.031683168316831684,0.019594630323835224,0.050842748941135316,0.03124811861730009,1.0,0.5052,0.4042,1,1,0.04
02_noise_sweep,21,337688338948131257874226831052381734801,5000,0.0,0.04,readout_flip,0.0,0.5,0.2,,0.11,0.95,5000,2503,500,2003,99,19,0.039552536955653216,0.038,0.024460118055830392,0.058584772530643876,0.034124654474813484,1.0,0.5006,0.4006,1,1,0.04
02_noise_sweep,22,256961028860684481357195605850321487930,5000,0.0,0.04,readout_flip,0.0,0.5,0.2,,0.11,0.95,5000,2523,504,2019,98,18,0.03884264764169639,0.03571428571428571,0.02270844118406111,0.055744111534288585,0.033035670350227475,1.0,0.5046,0.4038,1,1,0.04
02_noise_sweep,23,107130324908759636131474169028360132629,5000,0.0,0.04,readout_flip,0.0,0.5,0.2,,0.11,0.95,5000,2500,500,2000,87,21,0.0348,0.042,0.027632310108451706,0.06335158575433014,0.035719275645878436,1.0,0.5,0.4,1,1,0.04
02_noise_sweep,24,32015168052452704849401375189095221233,5000,0.0,0.04,readout_flip,0.0,0.5,0.2,,0.11,0.95,5000,2543,508,2035,117,24,0.04600865119937082,0.047244094488188976,0.03195066368059883,0.06933354830984678,0.03738288462924795,1.0,0.5086,0.407,1,1,0.04
02_noise_sweep,25,14237656227829268230261622777400830805,5000,0.0,0.04,readout_flip,0.0,0.5,0.2,,0.11,0.95,5000,2498,499,1999,95,13,0.038030424339471576,0.026052104208416832,0.0152870819393247,0.04405857919744952,0.02877149725812482,1.0,0.4996,0.3998,1,1,0.04
02_noise_sweep,26,287412965066675187052563801695831328688,5000,0.0,0.04,readout_flip,0.0,0.5,0.2,,0.11,0.95,5000,2545,509,2036,108,22,0.04243614931237721,0.043222003929273084,0.02871394774318782,0.06457308667619797,0.035859138933010154,1.0,0.509,0.4072,1,1,0.04
02_noise_sweep,27,220266647702313500210277427195322076071,5000,0.0,0.04,readout_flip,0.0,0.5,0.2,,0.11,0.95,5000,2522,504,2018,95,23,0.03766851704996035,0.04563492063492063,0.030598772161738497,0.06754496532758664,0.03694619316584814,1.0,0.5044,0.4036,1,1,0.04
02_noise_sweep,28,129366625253262232907847782880050672507,5000,0.0,0.04,readout_flip,0.0,0.5,0.2,,0.11,0.95,5000,2503,500,2003,122,30,0.04874151018777467,0.06,0.04234835648094621,0.08436106312521979,0.04201270664427358,1.0,0.5006,0.4006,1,1,0.04
02_noise_sweep,29,335992322367173654993152924349361874091,5000,0.0,0.04,readout_flip,0.0,0.5,0.2,,0.11,0.95,5000,2434,486,1948,101,22,0.04149548069022186,0.04526748971193416,0.030081381415899694,0.0675858493976653,0.03750446798176561,1.0,0.4868,0.3896,1,1,0.04
02_noise_sweep,0,143453520106868751663903989076694413958,5000,0.0,0.06,readout_flip,0.0,0.5,0.2,,0.11,0.95,5000,2444,488,1956,156,35,0.06382978723404255,0.07172131147540983,0.05201893013958685,0.09811371422460814,0.046094784085021295,1.0,0.4888,0.3912,1,1,0.06
02_noise_sweep,1,144701163315770359028586279865912653843,5000,0.0,0.06,readout_flip,0.0,0.5,0.2,,0.11,0.95,5000,2513,502,2011,144,26,0.05730202944687624,0.05179282868525897,0.03558693248805793,0.07480627045517545,0.03921933796711752,1.0,0.5026,0.4022,1,1,0.06
02_noise_sweep,2,334715581574674695323289084994606285826,5000,0.0,0.06,readout_flip,0.0,0.5,0.2,,0.11,0.95,5000,2465,493,1972,170,37,0.06896551724137931,0.07505070993914807,0.054937185713601025,0.10173544584468132,0.046798260131080294,1.0,0.493,0.3944,1,1,0.06
02_noise_sweep,3,275225253280547982178067432104170438850,5000,0.0,0.06,readout_flip,0.0,0.5,0.2,,0.11,0.95,5000,2512,502,2010,139,23,0.0553343949044586,0.045816733067729085,0.030721446434648393,0.06781033254782809,0.037088886113179696,1.0,0.5024,0.402,1,1,0.06
02_noise_sweep,4,161650495688858673895239192909175578298,5000,0.0,0.06,readout_flip,0.0,0.5,0.2,,0.11,0.95,5000,2507,501,2006,158,33,0.06302353410450738,0.0658682634730539,0.04728318119302857,0.09106016918045948,0.043776987987430904,1.0,0.5014,0.4012,1,1,0.06
02_noise_sweep,5,19871257315351153322106023260845931394,5000,0.0,0.06,readout_flip,0.0,0.5,0.2,,0.11,0.95,5000,2422,484,1938,150,29,0.061932287365813375,0.05991735537190083,0.04203907022469945,0.08472641414021985,0.0426873439155204,1.0,0.4844,0.3876,1,1,0.06
02_noise_sweep,6,252426056633684595182860056561153099076,5000,0.0,0.06,readout_flip,0.0,0.5,0.2,,0.11,0.95,5000,2527,505,2022,165,35,0.06529481598733676,0.06930693069306931,0.05025289649879843,0.09486393221211528,0.04461103571331685,1.0,0.5054,0.4044,1,1,0.06
02_noise_sweep,7,1651555978690345837971635375012878952,5000,0.0,0.06,readout_flip,0.0,0.5,0.2,,0.11,0.95,5000,2509,501,2008,152,35,0.06058190514149064,0.06986027944111776,0.050657557255233215,0.09560907265505034,0.04495151539981712,1.0,0.5018,0.4016,1,1,0.06
02_noise_sweep,8,57537392354177398552113399499110229009,5000,0.0,0.06,readout_flip,0.0,0.5,0.2,,0.11,0.95,5000,2460,492,1968,151,27,0.06138211382113821,0.054878048780487805,0.03798645861111709,0.07866667273103378,0.040680214119916694,1.0,0.492,0.3936,1,1,0.06
02_noise_sweep,9,201865521067393445106270804037154943271,5000,0.0,0.06,readout_flip,0.0,0.5,0.2,,0.11,0.95,5000,2471,494,1977,135,24,0.05463375151760421,0.048582995951417005,0.0328621240822663,0.07127034199136718,0.038408217909100886,1.0,0.4942,0.3954,1,1,0.06
02_noise_sweep,10,275257084947616588502777785922802417089,5000,0.0,0.06,readout_flip,0.0,0.5,0.2,,0.11,0.95,5000,2445,489,1956,153,25,0.06257668711656442,0.05112474437627812,0.034865953262215456,0.0743810629071015,0.03951510964488605,1.0,0.489,0.3912,1,1,0.06
02_noise_sweep,11,327655364812179916837845224370923156835,5000,0.0,0.06,readout_flip,0.0,0.5,0.2,,0.11,0.95,5000,2516,503,2013,151,28,0.06001589825119237,0.055666003976143144,0.03879117305236534,0.0792762379284406,0.04048506487607526,1.0,0.5032,0.4026,1,1,0.06
02_noise_sweep,12,175611343459106330922104352546038141382,5000,0.0,0.06,readout_flip,0.0,0.5,0.2,,0.11,0.95,5000,2449,489,1960,143,23,0.05839118007349939,0.04703476482617587,0.031543448628408424,0.06958736723265628,0.038043918604247856,1.0,0.4898,0.392,1,1,0.06
02_noise_sweep,13,273170682856035379750522601329985147125,5000,0.0,0.06,readout_flip,0.0,0.5,0.2,,0.11,0.95,5000,2503,500,2003,157,35,0.06272473032361167,0.07,0.0507597429450181,0.09579718985191686,0.04503744690689876,1.0,0.5006,0.4006,1,1,0.06
02_noise_sweep,14,115355362297826730287225210464568264992,5000,0.0,0.06,readout_flip,0.0,0.5,0.2,,0.11,0.95,5000,2487,497,1990,151,36,0.0607157217531162,0.07243460764587525,0.05277747341239955,0.09865060324737648,0.04587312983497693,1.0,0.4974,0.398,1,1,0.06
02_noise_sweep,15,289394607179325645325900820393335417504,5000,0.0,0.06,readout_flip,0.0,0.5,0.2,,0.11,0.95,5000,2480,496,1984,144,27,0.05806451612903226,0.05443548387096774,0.037677918266427024,0.0780416920219291,0.04036377375550207,1.0,0.496,0.3968,1,1,0.06
02_noise_sweep,16,32547779184686909170659490471728461470,5000,0.0,0.06,readout_flip,0.0,0.5,0.2,,0.11,0.95,5000,2570,514,2056,170,24,0.06614785992217899,0.04669260700389105,0.03157533475604632,0.06853534185674406,0.036960007100697745,1.0,0.514,0.4112,1,1,0.06
02_noise_sweep,17,296579166125779640661848221289438746530,5000,0.0,0.06,readout_flip,0.0,0.5,0.2,,0.11,0.95,5000,2577,515,2062,157,34,0.06092355452076057,0.06601941747572816,0.0476257184430062,0.09083942847101814,0.04321371002801194,1.0,0.5154,0.4124,1,1,0.06
02_noise_sweep,18,269802239595702159823387833471807332600,5000,0.0,0.06,readout_flip,0.0,0.5,0.2,,0.11,0.95,5000,2551,510,2041,145,27,0.05684045472363779,0.052941176470588235,0.036636410324222116,0.07593033147478483,0.03929392115056271,1.0,0.5102,0.4082,1,1,0.06
02_noise_sweep,19,118322970005690021461427222510939519204,5000,0.0,0.06,readout_flip,0.0,0.5,0.2,,0.11,0.95,5000,2497,499,1998,160,32,0.06407689227072487,0.06412825651302605,0.04578833032008692,0.08912786966827838,0.04333953934819146,1.0,0.4994,0.3996,1,1,0.06
02_noise_sweep,20,236915094357801375712717409567389783290,5000,0.0,0.06,readout_flip,0.0,0.5,0.2,,0.11,0.95,5000,2455,491,1964,160,36,0.06517311608961303,0.07331975560081466,0.053428174700509756,0.09983598186680664,0.04640780716629689,1.0,0.491,0.3928,1,1,0.06
02_noise_sweep,21,6163196510667077176229414281815237416,5000,0.0,0.06,readout_flip,0.0,0.5,0.2,,0.11,0.95,5000,2501,500,2001,155,22,0.061975209916033586,0.044,0.029233955628607186,0.06571944287232845,0.03648548724372126,1.0,0.5002,0.4002,1,1,0.06
02_noise_sweep,22,242744616779213767982780918265696739045,5000,0.0,0.06,readout_flip,0.0,0.5,0.2,,0.11,0.95,5000,2455,491,1964,148,32,0.06028513238289206,0.06517311608961303,0.046540494351829484,0.09055686806880082,0.04401637371697134,1.0,0.491,0.3928,1,1,0.06
02_noise_sweep,23,140475929685511984085433208878639836368,5000,0.0,0.06,readout_flip,0.0,0.5,0.2,,0.11,0.95,5000,2545,509,2036,159,36,0.062475442043222,0.07072691552062868,0.051522496761022746,0.09636230762880862,0.04483981086778588,1.0,0.509,0.4072,1,1,0.06
02_noise_sweep,24,213308763201054811414503396101288725751,5000,0.0,0.06,readout_flip,0.0,0.5,0.2,,0.11,0.95,5000,2489,497,1992,146,37,0.05865809562073122,0.0744466800804829,0.05449105540022178,0.10093030089880237,0.046439245498580584,1.0,0.4978,0.3984,1,1,0.06
02_noise_sweep,25,255320882085986301982167791236369253031,5000,0.0,0.06,readout_flip,0.0,0.5,0.2,,0.11,0.95,5000,2519,503,2016,138,23,0.05478364430329496,0.04572564612326044,0.030659986581344657,0.06767738885093345,0.0370174022695888,1.0,0.5038,0.4032,1,1,0.06
02_noise_sweep,26,128286609681853995557958731628032882164,5000,0.0,0.06,readout_flip,0.0,0.5,0.2,,0.11,0.95,5000,2529,505,2024,170,30,0.06722024515618821,0.0594059405940594,0.04192587610235115,0.08353846591226172,0.04161258980991057,1.0,0.5058,0.4048,1,1,0.06
02_noise_sweep,27,183946245518946987724071841234721444506,5000,0.0,0.06,readout_flip,0.0,0.5,0.2,,0.11,0.95,5000,2504,500,2004,144,19,0.05750798722044728,0.038,0.024460118055830392,0.058584772530643876,0.034124654474813484,1.0,0.5008,0.4008,1,1,0.06
02_noise_sweep,28,292631387550909496087380588811129760393,5000,0.0,0.06,readout_flip,0.0,0.5,0.2,,0.11,0.95,5000,2460,492,1968,135,33,0.054878048780487805,0.06707317073170732,0.04815535945726418,0.0926990559577045,0.04454369650044032,1.0,0.492,0.3936,1,1,0.06
02_noise_sweep,29,167072038358867901021988296180016833153,5000,0.0,0.06,readout_flip,0.0,0.5,0.2,,0.11,0.95,5000,2527,505,2022,168,35,0.0664819944598338,0.06930693069306931,0.05025289649879843,0.09486393221211528,0.04461103571331685,1.0,0.5054,0.4044,1,1,0.06
02_noise_sweep,0,147511102091863317739247205166429478376,5000,0.0,0.08,readout_flip,0.0,0.5,0.2,,0.11,0.95,5000,2495,499,1996,210,35,0.0841683366733467,0.07014028056112225,0.05086234178709971,0.09598604854625366,0.04512370675915395,1.0,0.499,0.3992,1,1,0.08
02_noise_sweep,1,15625459486414819596296115209570995981,5000,0.0,0.08,readout_flip,0.0,0.5,0.2,,0.11,0.95,5000,2484,496,1988,199,50,0.08011272141706924,0.10080645161290322,0.07730284154202301,0.13044594957605166,0.05314310803402865,1.0,0.4968,0.3976,1,1,0.08
02_noise_sweep,2,49799199909404739808745299830544087635,5000,0.0,0.08,readout_flip,0.0,0.5,0.2,,0.11,0.95,5000,2456,491,1965,189,40,0.07695439739413681,0.0814663951120163,0.06039553360707342,0.10903541710692907,0.04863988349985565,1.0,0.4912,0.393,1,1,0.08
02_noise_sweep,3,207541160858793181863593612911383722727,5000,0.0,0.08,readout_flip,0.0,0.5,0.2,,0.11,0.95,5000,2488,497,1991,189,33,0.07596463022508039,0.06639839034205232,0.047666883357121374,0.09178135438491031,0.04411447102778893,1.0,0.4976,0.3982,1,1,0.08
02_noise_sweep,4,294061827536667829749505668944256603767,5000,0.0,0.08,readout_flip,0.0,0.5,0.2,,0.11,0.95,5000,2507,501,2006,193,38,0.07698444355803749,0.07584830339321358,0.05575649753616449,0.10239505167931234,0.04663855414314785,1.0,0.5014,0.4012,1,1,0.08
02_noise_sweep,5,48265999525968911249213910248053500116,5000,0.0,0.08,readout_flip,0.0,0.5,0.2,,0.11,0.95,5000,2520,504,2016,205,50,0.08134920634920635,0.0992063492063492,0.07606232105473784,0.12841381419785464,0.052351493143116795,1.0,0.504,0.4032,1,1,0.08
02_noise_sweep,6,321836790465542678469645892809619637356,5000,0.0,0.08,readout_flip,0.0,0.5,0.2,,0.11,0.95,5000,2410,482,1928,188,46,0.07800829875518672,0.0954356846473029,0.0723132208408481,0.12495577932503857,0.05264255848419047,1.0,0.482,0.3856,1,1,0.08
02_noise_sweep,7,82042143848514115282094451064057768653,5000,0.0,0.08,readout_flip,0.0,0.5,0.2,,0.11,0.95,5000,2512,502,2010,196,28,0.07802547770700637,0.055776892430278883,0.03886900861334169,0.0794318103037296,0.04056280169038791,1.0,0.5024,0.402,1,1,0.08
02_noise_sweep,8,65996451845934222409278391034385164147,5000,0.0,0.08,readout_flip,0.0,0.5,0.2,,0.11,0.95,5000,2524,504,2020,196,41,0.07765451664025357,0.08134920634920635,0.06053018796025654,0.10850181470458016,0.04797162674432362,1.0,0.5048,0.404,1,1,0.08
02_noise_sweep,9,86618983046370803066013398164284538434,5000,0.0,0.08,readout_flip,0.0,0.5,0.2,,0.11,0.95,5000,2522,504,2018,185,39,0.07335448057097542,0.07738095238095238,0.05712018882251707,0.10403533993392947,0.046915151111412395,1.0,0.5044,0.4036,1,1,0.08
02_noise_sweep,10,74927797260839151334819449659566725156,5000,0.0,0.08,readout_flip,0.0,0.5,0.2,,0.11,0.95,5000,2479,495,1984,185,35,0.07462686567164178,0.0707070707070707,0.05127691920823527,0.0967489866482305,0.04547206743999523,1.0,0.4958,0.3968,1,1,0.08
02_noise_sweep,11,154287236226384200558028802308930799874,5000,0.0,0.08,readout_flip,0.0,0.5,0.2,,0.11,0.95,5000,2469,493,1976,195,39,0.07897934386391252,0.07910750507099391,0.05840668324702945,0.1063168062438707,0.04791012299684125,1.0,0.4938,0.3952,1,1,0.08
02_noise_sweep,12,101504473738676482857622339320505064042,5000,0.0,0.08,readout_flip,0.0,0.5,0.2,,0.11,0.95,5000,2486,497,1989,194,40,0.07803700724054706,0.08048289738430583,0.05965947177468453,0.10774172344208394,0.048082251667399406,1.0,0.4972,0.3978,1,1,0.08
02_noise_sweep,13,52093414256599436668461817119217518058,5000,0.0,0.08,readout_flip,0.0,0.5,0.2,,0.11,0.95,5000,2550,510,2040,194,39,0.07607843137254902,0.07647058823529412,0.05644207261756777,0.10283168277096515,0.046389610153397376,1.0,0.51,0.408,1,1,0.08
02_noise_sweep,14,272336438683926855506006667445480065173,5000,0.0,0.08,readout_flip,0.0,0.5,0.2,,0.11,0.95,5000,2486,497,1989,194,39,0.07803700724054706,0.07847082494969819,0.05793221529503101,0.10547570028248937,0.04754348498745836,1.0,0.4972,0.3978,1,1,0.08
02_noise_sweep,15,275596328735044719962990988802348558019,5000,0.0,0.08,readout_flip,0.0,0.5,0.2,,0.11,0.95,5000,2420,484,1936,211,43,0.0871900826446281,0.08884297520661157,0.06662643413457331,0.11753474609368461,0.0509083119591113,1.0,0.484,0.3872,1,1,0.08
02_noise_sweep,16,164483368215603559916705574146550462327,5000,0.0,0.08,readout_flip,0.0,0.5,0.2,,0.11,0.95,5000,2522,504,2018,201,41,0.07969865186360031,0.08134920634920635,0.06053018796025654,0.10850181470458016,0.04797162674432362,1.0,0.5044,0.4036,1,1,0.08
02_noise_sweep,17,173086706572324712926125250658306603273,5000,0.0,0.08,readout_flip,0.0,0.5,0.2,,0.11,0.95,5000,2526,505,2021,214,50,0.08471892319873317,0.09900990099009901,0.07591005066107484,0.1281642381387414,0.05225418747766655,1.0,0.5052,0.4042,1,1,0.08
02_noise_sweep,18,177842147846597619139838412499953763397,5000,0.0,0.08,readout_flip,0.0,0.5,0.2,,0.11,0.95,5000,2493,498,1995,192,33,0.07701564380264742,0.06626506024096386,0.04757037509105974,0.09159998955919965,0.04402961446813991,1.0,0.4986,0.399,1,1,0.08
02_noise_sweep,19,31423585567052093841924486102368990961,5000,0.0,0.08,readout_flip,0.0,0.5,0.2,,0.11,0.95,5000,2555,511,2044,216,45,0.08454011741682975,0.08806262230919765,0.06646528060595203,0.11580725633318492,0.049341975727232895,1.0,0.511,0.4088,1,1,0.08
02_noise_sweep,20,39489303780312118034975601264532696579,5000,0.0,0.08,readout_flip,0.0,0.5,0.2,,0.11,0.95,5000,2501,500,2001,232,51,0.09276289484206318,0.102,0.07843435210316954,0.13163462290422606,0.05320027080105652,1.0,0.5002,0.4002,1,1,0.08
02_noise_sweep,21,242397451447019998812980160007911405467,5000,0.0,0.08,readout_flip,0.0,0.5,0.2,,0.11,0.95,5000,2489,497,1992,193,37,0.07754118119726798,0.0744466800804829,0.05449105540022178,0.10093030089880237,0.046439245498580584,1.0,0.4978,0.3984,1,1,0.08
02_noise_sweep,22,9423644937660779474880765791323457232,5000,0.0,0.08,readout_flip,0.0,0.5,0.2,,0.11,0.95,5000,2564,512,2052,205,44,0.07995319812792512,0.0859375,0.06463895595699304,0.11340307081351925,0.04876411485652621,1.0,0.5128,0.4104,1,1,0.08
02_noise_sweep,23,137823958775698625752195441076586630948,5000,0.0,0.08,readout_flip,0.0,0.5,0.2,,0.11,0.95,5000,2476,495,1981,196,43,0.0791599353796446,0.08686868686868687,0.06513093866325038,0.11496928603156022,0.04983834736830983,1.0,0.4952,0.3962,1,1,0.08
02_noise_sweep,24,102669696611485840659277639423676709797,5000,0.0,0.08,readout_flip,0.0,0.5,0.2,,0.11,0.95,5000,2510,502,2008,220,47,0.08764940239043825,0.09362549800796813,0.07113883508145791,0.12228433558707369,0.05114550050561578,1.0,0.502,0.4016,1,1,0.08
02_noise_sweep,25,19512922844776736003139134562123724357,5000,0.0,0.08,readout_flip,0.0,0.5,0.2,,0.11,0.95,5000,2463,492,1971,216,37,0.0876979293544458,0.07520325203252033,0.05504986226231176,0.10193874253453544,0.04688888027222368,1.0,0.4926,0.3942,1,1,0.08
02_noise_sweep,26,229724463916457484408002171458883362104,5000,0.0,0.08,readout_flip,0.0,0.5,0.2,,0.11,0.95,5000,2421,484,1937,194,36,0.08013217678645188,0.0743801652892562,0.05420790506518598,0.10125542723140261,0.04704752216621663,1.0,0.4842,0.3874,1,1,0.08
02_noise_sweep,27,234040842600574088015936459433428473228,5000,0.0,0.08,readout_flip,0.0,0.5,0.2,,0.11,0.95,5000,2517,503,2014,221,51,0.08780294000794597,0.10139165009940358,0.0779613269571522,0.13086424754688172,0.05290292058972952,1.0,0.5034,0.4028,1,1,0.08
02_noise_sweep,28,274499762160983325610870008949727582162,5000,0.0,0.08,readout_flip,0.0,0.5,0.2,,0.11,0.95,5000,2579,515,2064,209,37,0.08103916246607212,0.07184466019417475,0.05256998861768941,0.09745938451225403,0.044889395894564615,1.0,0.5158,0.4128,1,1,0.08
02_noise_sweep,29,195640890870441668131415388932733083320,5000,0.0,0.08,readout_flip,0.0,0.5,0.2,,0.11,0.95,5000,2477,495,1982,197,35,0.07953169156237384,0.0707070707070707,0.05127691920823527,0.0967489866482305,0.04547206743999523,1.0,0.4954,0.3964,1,1,0.08
02_noise_sweep,0,86439573406336494000469769064162060004,5000,0.0,0.1,readout_flip,0.0,0.5,0.2,,0.11,0.95,5000,2534,506,2028,220,37,0.08681925808997633,0.07312252964426877,0.05351328365636057,0.09916448994162794,0.045651206285267365,1.0,0.5068,0.4056,1,1,0.1
02_noise_sweep,1,105487545080590633262536232692760002030,5000,0.0,0.1,readout_flip,0.0,0.5,0.2,,0.11,0.95,5000,2589,517,2072,254,47,0.09810737736577829,0.09090909090909091,0.06905369856677787,0.11879897169151893,0.04974527312474106,1.0,0.5178,0.4144,1,1,0.1
02_noise_sweep,2,226866504066365651849472740296617957433,5000,0.0,0.1,readout_flip,0.0,0.5,0.2,,0.11,0.95,5000,2506,501,2005,246,39,0.09816440542697526,0.07784431137724551,0.05746539535824548,0.1046477936256291,0.04718239826738363,1.0,0.5012,0.401,1,1,0.1
02_noise_sweep,3,258445786875251986508096074046374832638,5000,0.0,0.1,readout_flip,0.0,0.5,0.2,,0.11,0.95,5000,2476,495,1981,252,55,0.10177705977382875,0.1111111111111111,0.086365313423437,0.14184638952889078,0.055481076105453775,1.0,0.4952,0.3962,1,1,0.1
02_noise_sweep,4,284193289272540472881730587586312851728,5000,0.0,0.1,readout_flip,0.0,0.5,0.2,,0.11,0.95,5000,2547,509,2038,222,35,0.08716136631330977,0.068762278978389,0.049854650453800595,0.09413031322385611,0.04427566277005551,1.0,0.5094,0.4076,1,1,0.1
02_noise_sweep,5,315388283453450274764173859701122617171,5000,0.0,0.1,readout_flip,0.0,0.5,0.2,,0.11,0.95,5000,2490,498,1992,267,46,0.10722891566265061,0.09236947791164658,0.06996550968482634,0.12101404598185259,0.05104853629702624,1.0,0.498,0.3984,1,1,0.1
02_noise_sweep,6,218660241515802701092045543886941808257,5000,0.0,0.1,readout_flip,0.0,0.5,0.2,,0.11,0.95,5000,2531,506,2025,241,53,0.09521928091663374,0.10474308300395258,0.0809741399307697,0.13446824303033084,0.05349410309956114,1.0,0.5062,0.405,1,1,0.1
02_noise_sweep,7,98581828569689181137809062062388335674,5000,0.0,0.1,readout_flip,0.0,0.5,0.2,,0.11,0.95,5000,2497,499,1998,252,46,0.10092110532639167,0.09218436873747494,0.06982383029064766,0.12077592464099525,0.05095209435034759,1.0,0.4994,0.3996,1,1,0.1
02_noise_sweep,8,270490224691877165808840092671252392009,5000,0.0,0.1,readout_flip,0.0,0.5,0.2,,0.11,0.95,5000,2466,493,1973,243,45,0.09854014598540146,0.09127789046653144,0.0689173170218493,0.11995874626690436,0.05104142924505506,1.0,0.4932,0.3946,1,1,0.1
02_noise_sweep,9,62317735833471446445344631998409508887,5000,0.0,0.1,readout_flip,0.0,0.5,0.2,,0.11,0.95,5000,2495,499,1996,251,46,0.10060120240480962,0.09218436873747494,0.06982383029064766,0.12077592464099525,0.05095209435034759,1.0,0.499,0.3992,1,1,0.1
02_noise_sweep,10,296331797918534903871824907068420913506,5000,0.0,0.1,readout_flip,0.0,0.5,0.2,,0.11,0.95,5000,2591,518,2073,270,57,0.10420686993438827,0.11003861003861004,0.0859066854781932,0.1399118209452006,0.0540051354670074,1.0,0.5182,0.4146,1,1,0.1
02_noise_sweep,11,124623948356830439226420828044251486721,5000,0.0,0.1,readout_flip,0.0,0.5,0.2,,0.11,0.95,5000,2458,491,1967,240,49,0.09764035801464606,0.09979633401221996,0.07631256080456059,0.1294936767394856,0.05318111593492503,1.0,0.4916,0.3934,1,1,0.1
02_noise_sweep,12,244882150315615676406932913614348694678,5000,0.0,0.1,readout_flip,0.0,0.5,0.2,,0.11,0.95,5000,2511,502,2009,259,54,0.10314615690959777,0.10756972111553785,0.08338536431992875,0.13771446225703557,0.054329097937106816,1.0,0.5022,0.4018,1,1,0.1
02_noise_sweep,13,320244472735374899808969029831060931885,5000,0.0,0.1,readout_flip,0.0,0.5,0.2,,0.11,0.95,5000,2467,493,1974,257,48,0.10417511147142278,0.0973630831643002,0.07422383127012026,0.12672851891756015,0.05250468764743989,1.0,0.4934,0.3948,1,1,0.1
02_noise_sweep,14,104777451299949285296693873944789748559,5000,0.0,0.1,readout_flip,0.0,0.5,0.2,,0.11,0.95,5000,2522,504,2018,261,50,0.10348929421094369,0.0992063492063492,0.07606232105473784,0.12841381419785464,0.052351493143116795,1.0,0.5044,0.4036,1,1,0.1
02_noise_sweep,15,157387204303588619403507806385441446554,5000,0.0,0.1,readout_flip,0.0,0.5,0.2,,0.11,0.95,5000,2436,487,1949,261,46,0.10714285714285714,0.0944558521560575,0.07156280727557432,0.12369669474563799,0.05213388747006367,1.0,0.4872,0.3898,1,1,0.1
02_noise_sweep,16,321536997623785656058024043161445776183,5000,0.0,0.1,readout_flip,0.0,0.5,0.2,,0.11,0.95,5000,2458,491,1967,264,51,0.10740439381611067,0.10386965376782077,0.07988851777565407,0.13400111684173513,0.054112599066081055,1.0,0.4916,0.3934,1,1,0.1
02_noise_sweep,17,62629434616480125835892485383229161239,5000,0.0,0.1,readout_flip,0.0,0.5,0.2,,0.11,0.95,5000,2510,502,2008,286,51,0.11394422310756971,0.10159362549800798,0.07811836659414523,0.1311200360220622,0.05300166942791698,1.0,0.502,0.4016,1,1,0.1
02_noise_sweep,18,263541817929776276435321993894894050351,5000,0.0,0.1,readout_flip,0.0,0.5,0.2,,0.11,0.95,5000,2472,494,1978,236,43,0.09546925566343042,0.08704453441295547,0.06526411228161227,0.11519787461982825,0.049933762338215976,1.0,0.4944,0.3956,1,1,0.1
02_noise_sweep,19,81840999693089853810550984786256601258,5000,0.0,0.1,readout_flip,0.0,0.5,0.2,,0.11,0.95,5000,2511,502,2009,247,56,0.09836718438868977,0.11155378486055777,0.08691098109906512,0.14209646145173713,0.05518548035267201,1.0,0.5022,0.4018,1,1,0.1
02_noise_sweep,20,128056689227121820804339274328198842323,5000,0.0,0.1,readout_flip,0.0,0.5,0.2,,0.11,0.95,5000,2494,498,1996,281,57,0.11267040898155574,0.1144578313253012,0.08939884638936257,0.14541925552197907,0.056020409132616494,1.0,0.4988,0.3992,1,1,0.1
02_noise_sweep,21,162101093297023389125518201644133140337,5000,0.0,0.1,readout_flip,0.0,0.5,0.2,,0.11,0.95,5000,2512,502,2010,243,39,0.09673566878980892,0.07768924302788845,0.05734986374563397,0.10444284302754592,0.047092979281911945,1.0,0.5024,0.402,1,1,0.1
02_noise_sweep,22,238594989354888253893793614836688252201,5000,0.0,0.1,readout_flip,0.0,0.5,0.2,,0.11,0.95,5000,2523,504,2019,261,53,0.10344827586206896,0.10515873015873016,0.08129914578549113,0.1349917003296866,0.05369255454419547,1.0,0.5046,0.4038,1,1,0.1
02_noise_sweep,23,156201591581687616720978302016483951372,5000,0.0,0.1,readout_flip,0.0,0.5,0.2,,0.11,0.95,5000,2567,513,2054,271,47,0.10557070510323335,0.09161793372319688,0.06959768603675331,0.11970883562647475,0.05011114958972143,1.0,0.5134,0.4108,1,1,0.1
02_noise_sweep,24,282707141314925833899462541807309978259,5000,0.0,0.1,readout_flip,0.0,0.5,0.2,,0.11,0.95,5000,2485,497,1988,259,58,0.10422535211267606,0.11670020120724346,0.09136862022836358,0.14791160849487095,0.056542988266507374,1.0,0.497,0.3976,1,1,0.1
02_noise_sweep,25,38839356177027480845102792367731733825,5000,0.0,0.1,readout_flip,0.0,0.5,0.2,,0.11,0.95,5000,2447,489,1958,253,52,0.10339190845933796,0.10633946830265849,0.08201920675675413,0.13679651357396805,0.05477730681721392,1.0,0.4894,0.3916,1,1,0.1
02_noise_sweep,26,58396673806402243547709734952157940267,5000,0.0,0.1,readout_flip,0.0,0.5,0.2,,0.11,0.95,5000,2527,505,2022,259,50,0.10249307479224377,0.09900990099009901,0.07591005066107484,0.1281642381387414,0.05225418747766655,1.0,0.5054,0.4044,1,1,0.1
02_noise_sweep,27,267231829037486585480209785151437299507,5000,0.0,0.1,readout_flip,0.0,0.5,0.2,,0.11,0.95,5000,2474,494,1980,210,34,0.08488278092158448,0.06882591093117409,0.049667534558753404,0.09463836352951537,0.04497082897076196,1.0,0.4948,0.396,1,1,0.1
02_noise_sweep,28,61472157472293707965724949819882076022,5000,0.0,0.1,readout_flip,0.0,0.5,0.2,,0.11,0.95,5000,2498,499,1999,261,45,0.10448358686949559,0.09018036072144289,0.0680801085654911,0.11854224958448917,0.05046214101899807,1.0,0.4996,0.3998,1,1,0.1
02_noise_sweep,29,88068854473609770554983537642212092174,5000,0.0,0.1,readout_flip,0.0,0.5,0.2,,0.11,0.95,5000,2509,501,2008,259,44,0.1032283778397768,0.08782435129740519,0.06607250199418704,0.11584888583167632,0.04977638383748928,1.0,0.5018,0.4016,1,1,0.1
02_noise_sweep,0,42096079436392858458236218112343694502,5000,0.0,0.12,readout_flip,0.0,0.5,0.2,,0.11,0.95,5000,2420,484,1936,282,56,0.11652892561983472,0.11570247933884298,0.09018336671840485,0.14727381681152465,0.057090450093119804,1.0,0.484,0.3872,1,1,0.12
02_noise_sweep,1,241765914595312403928622731075652088577,5000,0.0,0.12,readout_flip,0.0,0.5,0.2,,0.11,0.95,5000,2537,507,2030,304,53,0.11982656681119433,0.10453648915187377,0.08081260981490339,0.13420803293846517,0.05339542312356178,1.0,0.5074,0.406,1,1,0.12
02_noise_sweep,2,648192371919733560677214827712400717,5000,0.0,0.12,readout_flip,0.0,0.5,0.2,,0.11,0.95,5000,2492,498,1994,342,70,0.13723916532905298,0.14056224899598393,0.11278013128604322,0.17384716164171796,0.061067030355674734,1.0,0.4984,0.3988,1,1,0.12
02_noise_sweep,3,21656032087385105757246498861467889922,5000,0.0,0.12,readout_flip,0.0,0.5,0.2,,0.11,0.95,5000,2499,499,2000,287,62,0.11484593837535013,0.12424849699398798,0.09814491539395653,0.1560931880442894,0.057948272650332866,1.0,0.4998,0.4,1,1,0.12
02_noise_sweep,4,145339900764209536928332908197046271395,5000,0.0,0.12,readout_flip,0.0,0.5,0.2,,0.11,0.95,5000,2528,505,2023,282,56,0.1115506329113924,0.11089108910891089,0.08638854149467991,0.14126873134069734,0.05488018984601743,1.0,0.5056,0.4046,1,1,0.12
02_noise_sweep,5,166329312336616384702310041315043921211,5000,0.0,0.12,readout_flip,0.0,0.5,0.2,,0.11,0.95,5000,2529,505,2024,291,60,0.11506524317912219,0.1188118811881188,0.09342883086232417,0.1499504313300937,0.05652160046776952,1.0,0.5058,0.4048,1,1,0.12
02_noise_sweep,6,302044279031691926369338846388135606702,5000,0.0,0.12,readout_flip,0.0,0.5,0.2,,0.11,0.95,5000,2528,505,2023,320,68,0.12658227848101267,0.13465346534653466,0.10762436699611466,0.16719887391038457,0.05957450691426991,1.0,0.5056,0.4046,1,1,0.12
02_noise_sweep,7,20814545468108146478499001596972445951,5000,0.0,0.12,readout_flip,0.0,0.5,0.2,,0.11,0.95,5000,2435,487,1948,295,56,0.12114989733059549,0.11498973305954825,0.08962095648027484,0.14638489986897735,0.05676394338870251,1.0,0.487,0.3896,1,1,0.12
02_noise_sweep,8,213296920708040196512476254617209973453,5000,0.0,0.12,readout_flip,0.0,0.5,0.2,,0.11,0.95,5000,2488,497,1991,297,66,0.11937299035369775,0.13279678068410464,0.10575984973779542,0.16546661609942406,0.05970676636162864,1.0,0.4976,0.3982,1,1,0.12
02_noise_sweep,9,191263658756601381960812534756826692490,5000,0.0,0.12,readout_flip,0.0,0.5,0.2,,0.11,0.95,5000,2456,491,1965,308,60,0.1254071661237785,0.12219959266802444,0.09612702535849338,0.15413789608893952,0.05801087073044614,1.0,0.4912,0.393,1,1,0.12
02_noise_sweep,10,150828162497639847250187180274848536115,5000,0.0,0.12,readout_flip,0.0,0.5,0.2,,0.11,0.95,5000,2492,498,1994,313,57,0.12560192616372393,0.1144578313253012,0.08939884638936257,0.14541925552197907,0.056020409132616494,1.0,0.4984,0.3988,1,1,0.12
02_noise_sweep,11,18220335778971913563948698129485114841,5000,0.0,0.12,readout_flip,0.0,0.5,0.2,,0.11,0.95,5000,2478,495,1983,304,61,0.12267958030669895,0.12323232323232323,0.097143111658599,0.1551243304224874,0.05798121876388841,1.0,0.4956,0.3966,1,1,0.12
02_noise_sweep,12,224618123092675936283617900722086561395,5000,0.0,0.12,readout_flip,0.0,0.5,0.2,,0.11,0.95,5000,2559,511,2048,318,54,0.1242672919109027,0.10567514677103718,0.08189993332796258,0.13533482293444168,0.0534348896064791,1.0,0.5118,0.4096,1,1,0.12
02_noise_sweep,13,6214735346662557024872170359803710561,5000,0.0,0.12,readout_flip,0.0,0.5,0.2,,0.11,0.95,5000,2556,511,2045,303,58,0.11854460093896714,0.11350293542074363,0.08883523187960683,0.14393828852647178,0.05510305664686495,1.0,0.5112,0.409,1,1,0.12
02_noise_sweep,14,255332791195084196278204712391256723043,5000,0.0,0.12,readout_flip,0.0,0.5,0.2,,0.11,0.95,5000,2474,494,1980,287,60,0.11600646725949879,0.1214574898785425,0.09553579631941372,0.1532210250069067,0.057685228687492984,1.0,0.4948,0.396,1,1,0.12
02_noise_sweep,15,155371109960607158160497236603255725627,5000,0.0,0.12,readout_flip,0.0,0.5,0.2,,0.11,0.95,5000,2502,500,2002,294,70,0.11750599520383694,0.14,0.11232266018786358,0.17316686494445405,0.06084420475659047,1.0,0.5004,0.4004,1,1,0.12
02_noise_sweep,16,34930856993980588836765935526544870856,5000,0.0,0.12,readout_flip,0.0,0.5,0.2,,0.11,0.95,5000,2530,506,2024,290,60,0.11462450592885376,0.11857707509881422,0.09324188951592559,0.1496600100415364,0.05641812052561081,1.0,0.506,0.4048,1,1,0.12
02_noise_sweep,17,144399943162928082074809552706716283470,5000,0.0,0.12,readout_flip,0.0,0.5,0.2,,0.11,0.95,5000,2494,498,1996,285,64,0.11427425821972735,0.1285140562248996,0.10193996921211684,0.16077538940037378,0.05883542018825694,1.0,0.4988,0.3992,1,1,0.12
02_noise_sweep,18,279537041741040228684034412341712643110,5000,0.0,0.12,readout_flip,0.0,0.5,0.2,,0.11,0.95,5000,2489,497,1992,287,58,0.11530735235034151,0.11670020120724346,0.09136862022836358,0.14791160849487095,0.056542988266507374,1.0,0.4978,0.3984,1,1,0.12
02_noise_sweep,19,312918717550190895193333540769954089515,5000,0.0,0.12,readout_flip,0.0,0.5,0.2,,0.11,0.95,5000,2475,495,1980,283,50,0.11434343434343434,0.10101010101010101,0.0774607583950125,0.13070449528334982,0.05324373688833732,1.0,0.495,0.396,1,1,0.12
02_noise_sweep,20,265272113462060225773022821712515229346,5000,0.0,0.12,readout_flip,0.0,0.5,0.2,,0.11,0.95,5000,2454,490,1964,312,65,0.1271393643031785,0.1326530612244898,0.10545799192943804,0.1655631150070085,0.060105123077570446,1.0,0.4908,0.3928,1,1,0.12
02_noise_sweep,21,211750183760501919140537053319970433785,5000,0.0,0.12,readout_flip,0.0,0.5,0.2,,0.11,0.95,5000,2475,495,1980,277,53,0.11191919191919192,0.10707070707070707,0.08279456276891702,0.1373985604738246,0.05460399770490758,1.0,0.495,0.396,1,1,0.12
02_noise_sweep,22,61743901507829120271188320801793769409,5000,0.0,0.12,readout_flip,0.0,0.5,0.2,,0.11,0.95,5000,2538,507,2031,315,70,0.12411347517730496,0.13806706114398423,0.11075034397125533,0.1708271520149947,0.06007680804373938,1.0,0.5076,0.4062,1,1,0.12
02_noise_sweep,23,334058005025562314247442548327226667596,5000,0.0,0.12,readout_flip,0.0,0.5,0.2,,0.11,0.95,5000,2466,493,1973,300,66,0.12165450121654502,0.13387423935091278,0.10662969938409803,0.16678037219714284,0.060150672813044814,1.0,0.4932,0.3946,1,1,0.12
02_noise_sweep,24,108415410871613764407744474588671920232,5000,0.0,0.12,readout_flip,0.0,0.5,0.2,,0.11,0.95,5000,2516,503,2013,302,56,0.12003179650238474,0.11133200795228629,0.0867361336185003,0.14181947643406148,0.05508334281556118,1.0,0.5032,0.4026,1,1,0.12
02_noise_sweep,25,137438677428527129878984717417949294814,5000,0.0,0.12,readout_flip,0.0,0.5,0.2,,0.11,0.95,5000,2514,502,2012,344,74,0.1368337311058075,0.14741035856573706,0.11907811848554897,0.18109786782979462,0.062019749344245645,1.0,0.5028,0.4024,1,1,0.12
02_noise_sweep,26,15958087815718090272575922429070703676,5000,0.0,0.12,readout_flip,0.0,0.5,0.2,,0.11,0.95,5000,2491,498,1993,314,65,0.1260537936571658,0.13052208835341367,0.10374115623418904,0.16295952476418002,0.059218368529990975,1.0,0.4982,0.3986,1,1,0.12
02_noise_sweep,27,198080601976288477376093990345215265124,5000,0.0,0.12,readout_flip,0.0,0.5,0.2,,0.11,0.95,5000,2529,505,2024,284,59,0.11229735073151444,0.11683168316831684,0.09166493727325842,0.14778382757989933,0.05611889030664091,1.0,0.5058,0.4048,1,1,0.12
02_noise_sweep,28,31360293813766587020021075421076757884,5000,0.0,0.12,readout_flip,0.0,0.5,0.2,,0.11,0.95,5000,2476,495,1981,301,53,0.1215670436187399,0.10707070707070707,0.08279456276891702,0.1373985604738246,0.05460399770490758,1.0,0.4952,0.3962,1,1,0.12
02_noise_sweep,29,226616743433185728962439678073670310389,5000,0.0,0.12,readout_flip,0.0,0.5,0.2,,0.11,0.95,5000,2508,501,2007,322,51,0.1283891547049442,0.10179640718562874,0.07827604035950878,0.13137682584513885,0.053100785485630075,1.0,0.5016,0.4014,1,1,0.12
02_noise_sweep,0,38794069262552146568646686665233086745,5000,0.0,0.14,readout_flip,0.0,0.5,0.2,,0.11,0.95,5000,2517,503,2014,327,70,0.1299165673420739,0.13916500994035785,0.11164337386898246,0.1721563357194573,0.06051296185047483,1.0,0.5034,0.4028,1,1,0.14
02_noise_sweep,1,275658033657783947398659214654947672491,5000,0.0,0.14,readout_flip,0.0,0.5,0.2,,0.11,0.95,5000,2487,497,1990,356,80,0.14314435062324085,0.16096579476861167,0.13127623212150946,0.19585614866518358,0.06457991654367412,1.0,0.4974,0.398,1,1,0.14
02_noise_sweep,2,207627041710450070425985443008021615051,5000,0.0,0.14,readout_flip,0.0,0.5,0.2,,0.11,0.95,5000,2499,499,2000,316,63,0.12645058023209282,0.12625250501002003,0.09993777471250727,0.15827772550740138,0.05833995079489411,1.0,0.4998,0.4,1,1,0.14
02_noise_sweep,3,131085930297359695460094253036295866488,5000,0.0,0.14,readout_flip,0.0,0.5,0.2,,0.11,0.95,5000,2514,502,2012,338,72,0.13444709626093873,0.14342629482071714,0.11546956393305531,0.17679880640845036,0.06132924247539505,1.0,0.5028,0.4024,1,1,0.14
02_noise_sweep,4,94430714624803568312209882793114408507,5000,0.0,0.14,readout_flip,0.0,0.5,0.2,,0.11,0.95,5000,2507,501,2006,330,67,0.13163143199042682,0.13373253493013973,0.10669869342059088,0.16634040907842093,0.05964171565783005,1.0,0.5014,0.4012,1,1,0.14
02_noise_sweep,5,329064278184188461592540107128148001497,5000,0.0,0.14,readout_flip,0.0,0.5,0.2,,0.11,0.95,5000,2466,493,1973,352,72,0.14274128142741282,0.1460446247464503,0.11760824906116715,0.17995439631792723,0.062346147256760076,1.0,0.4932,0.3946,1,1,0.14
02_noise_sweep,6,160022785782438614518756397948905529728,5000,0.0,0.14,readout_flip,0.0,0.5,0.2,,0.11,0.95,5000,2509,501,2008,394,83,0.1570346751693902,0.1656686626746507,0.1356820637344979,0.20074327505887793,0.06506121132438003,1.0,0.5018,0.4016,1,1,0.14
02_noise_sweep,7,45374389676251138502251792146952188849,5000,0.0,0.14,readout_flip,0.0,0.5,0.2,,0.11,0.95,5000,2482,496,1986,366,80,0.14746172441579372,0.16129032258064516,0.1315450373558667,0.19624181571401483,0.06469677835814813,1.0,0.4964,0.3972,1,1,0.14
02_noise_sweep,8,50644051501558772536700790301929854805,5000,0.0,0.14,readout_flip,0.0,0.5,0.2,,0.11,0.95,5000,2505,501,2004,345,57,0.1377245508982036,0.11377245508982035,0.08885702553039859,0.14456567928463557,0.055708653754236975,1.0,0.501,0.4008,1,1,0.14
02_noise_sweep,9,238720007556008532215909478119282667485,5000,0.0,0.14,readout_flip,0.0,0.5,0.2,,0.11,0.95,5000,2472,494,1978,364,72,0.14724919093851133,0.145748987854251,0.11736671080809685,0.17959822893578592,0.06223151812768907,1.0,0.4944,0.3956,1,1,0.14
02_noise_sweep,10,322328491748531137858701724489367720003,5000,0.0,0.14,readout_flip,0.0,0.5,0.2,,0.11,0.95,5000,2531,506,2025,349,55,0.1378901619913078,0.10869565217391304,0.0844658096748385,0.138822149456651,0.05435633978181251,1.0,0.5062,0.405,1,1,0.14
02_noise_sweep,11,284481586388772189595534968441077045316,5000,0.0,0.14,readout_flip,0.0,0.5,0.2,,0.11,0.95,5000,2547,509,2038,337,70,0.13231252453867295,0.137524557956778,0.11030916797243685,0.1701702206313338,0.05986105265889695,1.0,0.5094,0.4076,1,1,0.14
02_noise_sweep,12,190372492862967216821072474816713984918,5000,0.0,0.14,readout_flip,0.0,0.5,0.2,,0.11,0.95,5000,2489,497,1992,349,76,0.14021695460024106,0.1529175050301811,0.12394717999878199,0.1872120822309186,0.0632649022321366,1.0,0.4978,0.3984,1,1,0.14
02_noise_sweep,13,184777901505198887072180961019207755519,5000,0.0,0.14,readout_flip,0.0,0.5,0.2,,0.11,0.95,5000,2487,497,1990,329,66,0.13228789706473662,0.13279678068410464,0.10575984973779542,0.16546661609942406,0.05970676636162864,1.0,0.4974,0.398,1,1,0.14
02_noise_sweep,14,57588213700152989362859582916926815914,5000,0.0,0.14,readout_flip,0.0,0.5,0.2,,0.11,0.95,5000,2536,507,2029,363,60,0.14313880126182965,0.11834319526627218,0.09305569507432035,0.14937071077494057,0.056315015700620225,1.0,0.5072,0.4058,1,1,0.14
02_noise_sweep,15,118565073290305821729384847544067628983,5000,0.0,0.14,readout_flip,0.0,0.5,0.2,,0.11,0.95,5000,2487,497,1990,351,69,0.1411338962605549,0.13883299798792756,0.11119447251355086,0.17201183224141292,0.060817359727862064,1.0,0.4974,0.398,1,1,0.14
02_noise_sweep,16,36824225949779967189565720070351584482,5000,0.0,0.14,readout_flip,0.0,0.5,0.2,,0.11,0.95,5000,2518,503,2015,372,64,0.14773629864972201,0.1272365805168986,0.10091335011508273,0.15921031681512354,0.05829696670004081,1.0,0.5036,0.403,1,1,0.14
02_noise_sweep,17,118454536241959251109281185628630447021,5000,0.0,0.14,readout_flip,0.0,0.5,0.2,,0.11,0.95,5000,2440,488,1952,335,71,0.13729508196721313,0.14549180327868852,0.1169767596477427,0.17954452013697372,0.06256776048923102,1.0,0.488,0.3904,1,1,0.14
02_noise_sweep,18,50987699849743811350235168322097813438,5000,0.0,0.14,readout_flip,0.0,0.5,0.2,,0.11,0.95,5000,2552,510,2042,374,64,0.14655172413793102,0.12549019607843137,0.09951035434657696,0.15706967935346833,0.05755932500689137,1.0,0.5104,0.4084,1,1,0.14
02_noise_sweep,19,315706386048367715055002120057958535806,5000,0.0,0.14,readout_flip,0.0,0.5,0.2,,0.11,0.95,5000,2480,496,1984,355,76,0.1431451612903226,0.1532258064516129,0.12420083665662693,0.18758094148634705,0.06338010482972012,1.0,0.496,0.3968,1,1,0.14
02_noise_sweep,20,321363935616252826559224616128418020711,5000,0.0,0.14,readout_flip,0.0,0.5,0.2,,0.11,0.95,5000,2537,507,2030,367,80,0.14465904611746158,0.15779092702169625,0.12864743220416688,0.19208115391907224,0.06343372171490536,1.0,0.5074,0.406,1,1,0.14
02_noise_sweep,21,223287716345169913833217738704875301764,5000,0.0,0.14,readout_flip,0.0,0.5,0.2,,0.11,0.95,5000,2470,494,1976,348,71,0.1408906882591093,0.1437246963562753,0.11553550886350106,0.1774120876789182,0.06187657881541714,1.0,0.494,0.3952,1,1,0.14
02_noise_sweep,22,58147257755369017340001486813332239554,5000,0.0,0.14,readout_flip,0.0,0.5,0.2,,0.11,0.95,5000,2496,499,1997,335,68,0.13421474358974358,0.13627254509018036,0.10893632014209159,0.1691661639861305,0.0602298438440389,1.0,0.4992,0.3994,1,1,0.14
02_noise_sweep,23,16716812798415192992578036751756181294,5000,0.0,0.14,readout_flip,0.0,0.5,0.2,,0.11,0.95,5000,2501,500,2001,337,79,0.13474610155937625,0.158,0.1286526978644355,0.19256235101126623,0.06390965314683072,1.0,0.5002,0.4002,1,1,0.14
02_noise_sweep,24,26891856049831304916193399823852329410,5000,0.0,0.14,readout_flip,0.0,0.5,0.2,,0.11,0.95,5000,2488,497,1991,348,68,0.13987138263665594,0.13682092555331993,0.1093807785457273,0.1698322465699884,0.060451468024261115,1.0,0.4976,0.3982,1,1,0.14
02_noise_sweep,25,83655141907327188600187754303784635716,5000,0.0,0.14,readout_flip,0.0,0.5,0.2,,0.11,0.95,5000,2494,498,1996,347,69,0.13913392141138733,0.13855421686746988,0.11096806590348765,0.17167390463839513,0.06070583873490748,1.0,0.4988,0.3992,1,1,0.14
02_noise_sweep,26,270591508805908684898039814960234609004,5000,0.0,0.14,readout_flip,0.0,0.5,0.2,,0.11,0.95,5000,2451,490,1961,368,82,0.15014279885760914,0.1673469387755102,0.13691033916626866,0.20295877433729126,0.0660484351710226,1.0,0.4902,0.3922,1,1,0.14
02_noise_sweep,27,235406110408072759409087131968462606557,5000,0.0,0.14,readout_flip,0.0,0.5,0.2,,0.11,0.95,5000,2486,497,1989,358,65,0.14400643604183427,0.13078470824949698,0.10395269597463658,0.16328049022333474,0.05932779424869816,1.0,0.4972,0.3978,1,1,0.14
02_noise_sweep,28,28184753646996553972241069663568072268,5000,0.0,0.14,readout_flip,0.0,0.5,0.2,,0.11,0.95,5000,2499,499,2000,370,66,0.1480592236894758,0.13226452905811623,0.10533022787200771,0.16481746269288902,0.05948723482088131,1.0,0.4998,0.4,1,1,0.14
02_noise_sweep,29,333230425090899903077185051608241710932,5000,0.0,0.14,readout_flip,0.0,0.5,0.2,,0.11,0.95,5000,2493,498,1995,335,65,0.13437625350982751,0.13052208835341367,0.10374115623418904,0.16295952476418002,0.059218368529990975,1.0,0.4986,0.399,1,1,0.14
02_noise_sweep,0,339419351007604062200993052076304810307,5000,0.0,0.16,readout_flip,0.0,0.5,0.2,,0.11,0.95,5000,2572,514,2058,377,88,0.14657853810264385,0.17120622568093385,0.1411098621950898,0.20618071440388686,0.06507085220879705,1.0,0.5144,0.4116,1,1,0.16
02_noise_sweep,1,127456951586739484102415676654543554692,5000,0.0,0.16,readout_flip,0.0,0.5,0.2,,0.11,0.95,5000,2476,495,1981,387,83,0.15630048465266558,0.16767676767676767,0.13735313009842956,0.2031186887881051,0.06576555868967554,1.0,0.4952,0.3962,1,1,0.16
02_noise_sweep,2,198779053242915841346249854424602406269,5000,0.0,0.16,readout_flip,0.0,0.5,0.2,,0.11,0.95,5000,2451,490,1961,387,80,0.15789473684210525,0.16326530612244897,0.1331812909314017,0.19858805709367425,0.06540676616227253,1.0,0.4902,0.3922,1,1,0.16
02_noise_sweep,3,107036855711239161972804244464568375028,5000,0.0,0.16,readout_flip,0.0,0.5,0.2,,0.11,0.95,5000,2486,497,1989,407,84,0.16371681415929204,0.16901408450704225,0.13863338122667968,0.20447211811700583,0.06583873689032615,1.0,0.4972,0.3978,1,1,0.16
02_noise_sweep,4,136829054246101961405091450456867570696,5000,0.0,0.16,readout_flip,0.0,0.5,0.2,,0.11,0.95,5000,2502,500,2002,398,69,0.15907274180655476,0.138,0.1105180088988837,0.17100201359528014,0.060484004696396435,1.0,0.5004,0.4004,1,1,0.16
02_noise_sweep,5,26234592393704700483047964456093597532,5000,0.0,0.16,readout_flip,0.0,0.5,0.2,,0.11,0.95,5000,2483,496,1987,383,65,0.15424889246878776,0.1310483870967742,0.10416510060398475,0.16360272148999336,0.05943762088600861,1.0,0.4966,0.3974,1,1,0.16
02_noise_sweep,6,63768244285302959041397347207619439957,5000,0.0,0.16,readout_flip,0.0,0.5,0.2,,0.11,0.95,5000,2522,504,2018,402,81,0.15939730372720062,0.16071428571428573,0.13123550428541497,0.19532597654722528,0.0640904722618103,1.0,0.5044,0.4036,1,1,0.16
02_noise_sweep,7,61178490104193111731668698729026199459,5000,0.0,0.16,readout_flip,0.0,0.5,0.2,,0.11,0.95,5000,2482,496,1986,376,85,0.1514907332796132,0.17137096774193547,0.14076471197489424,0.20702848475362176,0.06626377277872753,1.0,0.4964,0.3972,1,1,0.16
02_noise_sweep,8,183422677630156164629800480219498483223,5000,0.0,0.16,readout_flip,0.0,0.5,0.2,,0.11,0.95,5000,2443,488,1955,400,85,0.1637331150225133,0.17418032786885246,0.1431106644844936,0.21033952907487002,0.06722886459037641,1.0,0.4886,0.391,1,1,0.16
02_noise_sweep,9,314513518455892289829401874479594964868,5000,0.0,0.16,readout_flip,0.0,0.5,0.2,,0.11,0.95,5000,2491,498,1993,420,64,0.1686069851465275,0.1285140562248996,0.10193996921211684,0.16077538940037378,0.05883542018825694,1.0,0.4982,0.3986,1,1,0.16
02_noise_sweep,10,84985412488799784129333670506851684420,5000,0.0,0.16,readout_flip,0.0,0.5,0.2,,0.11,0.95,5000,2516,503,2013,371,81,0.147456279809221,0.1610337972166998,0.13150045958943227,0.19570532820576866,0.0642048686163364,1.0,0.5032,0.4026,1,1,0.16
02_noise_sweep,11,320429208904204415208875803504080036013,5000,0.0,0.16,readout_flip,0.0,0.5,0.2,,0.11,0.95,5000,2505,501,2004,413,91,0.16487025948103792,0.18163672654690619,0.1503406523231772,0.2177778046173807,0.0674371522942035,1.0,0.501,0.4008,1,1,0.16
02_noise_sweep,12,227698316223892656559731994879823904942,5000,0.0,0.16,readout_flip,0.0,0.5,0.2,,0.11,0.95,5000,2459,491,1968,385,81,0.156567710451403,0.164969450101833,0.13476550773249016,0.20037508298504472,0.06560957525255456,1.0,0.4918,0.3936,1,1,0.16
02_noise_sweep,13,257852149416055090263782356021243485926,5000,0.0,0.16,readout_flip,0.0,0.5,0.2,,0.11,0.95,5000,2452,490,1962,375,84,0.15293637846655792,0.17142857142857143,0.14064633122941028,0.2073225477526336,0.06667621652322331,1.0,0.4904,0.3924,1,1,0.16
02_noise_sweep,14,110994498396995580201799964421784713217,5000,0.0,0.16,readout_flip,0.0,0.5,0.2,,0.11,0.95,5000,2494,498,1996,404,81,0.1619887730553328,0.16265060240963855,0.13284145933564678,0.1976243798367771,0.06478292050113033,1.0,0.4988,0.3992,1,1,0.16
02_noise_sweep,15,97899402464888186604751447035681781932,5000,0.0,0.16,readout_flip,0.0,0.5,0.2,,0.11,0.95,5000,2538,507,2031,386,84,0.1520882584712372,0.16568047337278108,0.1358557612174601,0.2005332609605747,0.0646774997431146,1.0,0.5076,0.4062,1,1,0.16
02_noise_sweep,16,49443824353901917600280154214346488077,5000,0.0,0.16,readout_flip,0.0,0.5,0.2,,0.11,0.95,5000,2533,506,2027,391,68,0.15436241610738255,0.13438735177865613,0.10740877580742951,0.16687542843158845,0.05946665262415894,1.0,0.5066,0.4054,1,1,0.16
02_noise_sweep,17,264858961849386783863124588356808973075,5000,0.0,0.16,readout_flip,0.0,0.5,0.2,,0.11,0.95,5000,2487,497,1990,422,89,0.1696823482106956,0.1790744466800805,0.14786693506216636,0.21520496247775972,0.06733802741559336,1.0,0.4974,0.398,1,1,0.16
02_noise_sweep,18,328690382467495922261060864960480664956,5000,0.0,0.16,readout_flip,0.0,0.5,0.2,,0.11,0.95,5000,2543,508,2035,418,90,0.16437278804561542,0.17716535433070865,0.1464226669894785,0.21275390156023047,0.06633123457075196,1.0,0.5086,0.407,1,1,0.16
02_noise_sweep,19,42760480438066562219321577590255361681,5000,0.0,0.16,readout_flip,0.0,0.5,0.2,,0.11,0.95,5000,2484,496,1988,408,86,0.1642512077294686,0.17338709677419356,0.14261365384514244,0.20918081161510052,0.06656715776995809,1.0,0.4968,0.3976,1,1,0.16
02_noise_sweep,20,9605986599801580720581914595738181160,5000,0.0,0.16,readout_flip,0.0,0.5,0.2,,0.11,0.95,5000,2459,491,1968,401,84,0.16307442049613663,0.1710794297352342,0.14035519254229573,0.20691049378525367,0.06655530124295794,1.0,0.4918,0.3936,1,1,0.16
02_noise_sweep,21,240695232050273423891824696004607645534,5000,0.0,0.16,readout_flip,0.0,0.5,0.2,,0.11,0.95,5000,2513,502,2011,422,82,0.16792678074015122,0.16334661354581673,0.13358615308238392,0.19822029712831135,0.06463414404592743,1.0,0.5026,0.4022,1,1,0.16
02_noise_sweep,22,172049844766024085827538960604240369045,5000,0.0,0.16,readout_flip,0.0,0.5,0.2,,0.11,0.95,5000,2517,503,2014,374,64,0.14858959078267778,0.1272365805168986,0.10091335011508273,0.15921031681512354,0.05829696670004081,1.0,0.5034,0.4028,1,1,0.16
02_noise_sweep,23,83845389457428803762969516353235388017,5000,0.0,0.16,readout_flip,0.0,0.5,0.2,,0.11,0.95,5000,2487,497,1990,417,85,0.16767189384800965,0.1710261569416499,0.14047686909509743,0.20662190988783619,0.06614504079273875,1.0,0.4974,0.398,1,1,0.16
02_noise_sweep,24,146194899134675428489131201660464850482,5000,0.0,0.16,readout_flip,0.0,0.5,0.2,,0.11,0.95,5000,2491,498,1993,404,79,0.16218386190285025,0.15863453815261044,0.12917733920333271,0.19331785519733433,0.06414051599400161,1.0,0.4982,0.3986,1,1,0.16
02_noise_sweep,25,105835322377268507478949009818550235356,5000,0.0,0.16,readout_flip,0.0,0.5,0.2,,0.11,0.95,5000,2493,498,1995,434,95,0.1740874448455676,0.19076305220883535,0.1586732099324321,0.22758714264228985,0.06891393270985774,1.0,0.4986,0.399,1,1,0.16
02_noise_sweep,26,319756752733162879249284746998284901339,5000,0.0,0.16,readout_flip,0.0,0.5,0.2,,0.11,0.95,5000,2515,503,2012,407,82,0.16182902584493042,0.16302186878727634,0.13331641461360383,0.1978353802913027,0.06451896567769888,1.0,0.503,0.4024,1,1,0.16
02_noise_sweep,27,338966263679805121132152040072351699896,5000,0.0,0.16,readout_flip,0.0,0.5,0.2,,0.11,0.95,5000,2498,499,1999,374,73,0.14971977582065651,0.1462925851703407,0.1179881658640695,0.18000130217246607,0.06201313630839657,1.0,0.4996,0.3998,1,1,0.16
02_noise_sweep,28,181521042272019222224793897627516876398,5000,0.0,0.16,readout_flip,0.0,0.5,0.2,,0.11,0.95,5000,2529,505,2024,432,88,0.1708185053380783,0.17425742574257425,0.1436659173252574,0.20976727036644516,0.06610135304118775,1.0,0.5058,0.4048,1,1,0.16
02_noise_sweep,29,264589813296915865717032877011119411230,5000,0.0,0.16,readout_flip,0.0,0.5,0.2,,0.11,0.95,5000,2570,514,2056,406,88,0.15797665369649805,0.17120622568093385,0.1411098621950898,0.20618071440388686,0.06507085220879705,1.0,0.514,0.4112,1,1,0.16
02_noise_sweep,0,155038085395817285187545967141011566151,5000,0.0,0.18,readout_flip,0.0,0.5,0.2,,0.11,0.95,5000,2526,505,2021,482,91,0.19081551860649248,0.1801980198019802,0.14912980609735882,0.21609487361212426,0.06696506751476544,1.0,0.5052,0.4042,1,1,0.18
02_noise_sweep,1,328042287286349073426393786626340837608,5000,0.0,0.18,readout_flip,0.0,0.5,0.2,,0.11,0.95,5000,2474,494,1980,443,88,0.17906224737267584,0.17813765182186234,0.1469186967935485,0.21432373417375075,0.06740503738020226,1.0,0.4948,0.396,1,1,0.18
02_noise_sweep,2,124782629755931075853584635667027785184,5000,0.0,0.18,readout_flip,0.0,0.5,0.2,,0.11,0.95,5000,2574,514,2060,486,100,0.1888111888111888,0.19455252918287938,0.16264850475427378,0.23098830309211282,0.06833979833783904,1.0,0.5148,0.412,1,1,0.18
02_noise_sweep,3,74879866598124971530711079793987681243,5000,0.0,0.18,readout_flip,0.0,0.5,0.2,,0.11,0.95,5000,2413,482,1931,428,80,0.17737256527144632,0.16597510373443983,0.1354273996019153,0.20180495438120138,0.06637755477928609,1.0,0.4826,0.3862,1,1,0.18
02_noise_sweep,4,201339793887010400661705290422189800643,5000,0.0,0.18,readout_flip,0.0,0.5,0.2,,0.11,0.95,5000,2505,501,2004,463,97,0.18483033932135728,0.1936127744510978,0.16139792075870046,0.230490374792244,0.06909245403354353,1.0,0.501,0.4008,1,1,0.18
02_noise_sweep,5,329808577851573524544981058701969969318,5000,0.0,0.18,readout_flip,0.0,0.5,0.2,,0.11,0.95,5000,2492,498,1994,474,94,0.19020866773675763,0.18875502008032127,0.156818159786701,0.22545687040214246,0.06863871061544147,1.0,0.4984,0.3988,1,1,0.18
02_noise_sweep,6,4465525477081209296611999775199157505,5000,0.0,0.18,readout_flip,0.0,0.5,0.2,,0.11,0.95,5000,2502,500,2002,409,76,0.16346922462030375,0.152,0.12319239267380164,0.18611414828743875,0.06292175561363711,1.0,0.5004,0.4004,1,1,0.18
02_noise_sweep,7,118205937763630444559850456753054566082,5000,0.0,0.18,readout_flip,0.0,0.5,0.2,,0.11,0.95,5000,2471,494,1977,440,99,0.17806556050182112,0.20040485829959515,0.16747722220829678,0.2379559839751013,0.07047876176680451,1.0,0.4942,0.3954,1,1,0.18
02_noise_sweep,8,4111926190173316704781073419546773862,5000,0.0,0.18,readout_flip,0.0,0.5,0.2,,0.11,0.95,5000,2544,508,2036,440,81,0.17295597484276728,0.1594488188976378,0.13018628206209254,0.1938231469568078,0.06363686489471526,1.0,0.5088,0.4072,1,1,0.18
02_noise_sweep,9,267263307276585431251639271621307984717,5000,0.0,0.18,readout_flip,0.0,0.5,0.2,,0.11,0.95,5000,2494,498,1996,448,85,0.17963111467522053,0.1706827309236948,0.14019020194364054,0.2062169267722971,0.06602672482865657,1.0,0.4988,0.3992,1,1,0.18
02_noise_sweep,10,201983456328144812423315308988030779517,5000,0.0,0.18,readout_flip,0.0,0.5,0.2,,0.11,0.95,5000,2463,492,1971,417,72,0.16930572472594396,0.14634146341463414,0.11785078412250212,0.18031197776578217,0.06246119364328005,1.0,0.4926,0.3942,1,1,0.18
02_noise_sweep,11,141119948153358313408075342983201984880,5000,0.0,0.18,readout_flip,0.0,0.5,0.2,,0.11,0.95,5000,2546,509,2037,432,82,0.16967792615868027,0.16110019646365423,0.13172060170645133,0.19555687544341555,0.06383627373696421,1.0,0.5092,0.4074,1,1,0.18
02_noise_sweep,12,25997132997382597054382742739673318690,5000,0.0,0.18,readout_flip,0.0,0.5,0.2,,0.11,0.95,5000,2468,493,1975,459,83,0.1859805510534846,0.16835699797160245,0.1379193441671329,0.20392301984135955,0.06600367567422666,1.0,0.4936,0.395,1,1,0.18
02_noise_sweep,13,203940326617652461577623337418347407109,5000,0.0,0.18,readout_flip,0.0,0.5,0.2,,0.11,0.95,5000,2482,496,1986,443,96,0.17848509266720386,0.1935483870967742,0.16118853653117643,0.23061861624633545,0.06943007971515902,1.0,0.4964,0.3972,1,1,0.18
02_noise_sweep,14,321531494814008804875813144631462342573,5000,0.0,0.18,readout_flip,0.0,0.5,0.2,,0.11,0.95,5000,2497,499,1998,441,95,0.1766119343211854,0.1903807615230461,0.15834963522682033,0.22714256200629435,0.06879292677947402,1.0,0.4994,0.3996,1,1,0.18
02_noise_sweep,15,265026074508348184730912814899645176856,5000,0.0,0.18,readout_flip,0.0,0.5,0.2,,0.11,0.95,5000,2559,511,2048,449,86,0.1754591637358343,0.16829745596868884,0.13836057180211758,0.20318429760968154,0.06482372580756396,1.0,0.5118,0.4096,1,1,0.18
02_noise_sweep,16,287247952323255149943967252133261195522,5000,0.0,0.18,readout_flip,0.0,0.5,0.2,,0.11,0.95,5000,2548,509,2039,435,81,0.1707221350078493,0.15913555992141454,0.1299265944949146,0.1934510419427776,0.06352444744786301,1.0,0.5096,0.4078,1,1,0.18
02_noise_sweep,17,12214348714442854217660666867585858131,5000,0.0,0.18,readout_flip,0.0,0.5,0.2,,0.11,0.95,5000,2535,507,2028,466,75,0.18382642998027612,0.14792899408284024,0.11967573810058893,0.18147730295415568,0.06180156485356675,1.0,0.507,0.4056,1,1,0.18
02_noise_sweep,18,156549886718587343080442522728316295406,5000,0.0,0.18,readout_flip,0.0,0.5,0.2,,0.11,0.95,5000,2498,499,1999,445,87,0.17814251401120898,0.1743486973947896,0.14358136057990126,0.21009166239991192,0.06651030182001066,1.0,0.4996,0.3998,1,1,0.18
02_noise_sweep,19,301220290435986072583633684409334529741,5000,0.0,0.18,readout_flip,0.0,0.5,0.2,,0.11,0.95,5000,2466,493,1973,479,107,0.19424168694241686,0.21703853955375255,0.18291288704934008,0.25553977215056634,0.07262688510122625,1.0,0.4932,0.3946,1,1,0.18
02_noise_sweep,20,136232304774347374310763895742840052387,5000,0.0,0.18,readout_flip,0.0,0.5,0.2,,0.11,0.95,5000,2497,499,1998,441,75,0.1766119343211854,0.15030060120240482,0.12162280034367387,0.18432146125618706,0.0626986609125132,1.0,0.4994,0.3996,1,1,0.18
02_noise_sweep,21,292626040814625598904428346982709863556,5000,0.0,0.18,readout_flip,0.0,0.5,0.2,,0.11,0.95,5000,2462,492,1970,425,78,0.17262388302193338,0.15853658536585366,0.1289249860323936,0.19343905992870847,0.06451407389631486,1.0,0.4924,0.394,1,1,0.18
02_noise_sweep,22,289307860734927871190284901058829601878,5000,0.0,0.18,readout_flip,0.0,0.5,0.2,,0.11,0.95,5000,2500,500,2000,441,99,0.1764,0.198,0.1654311225691935,0.2351739790695841,0.06974285650039058,1.0,0.5,0.4,1,1,0.18
02_noise_sweep,23,234071682038400077266145057812660764360,5000,0.0,0.18,readout_flip,0.0,0.5,0.2,,0.11,0.95,5000,2526,505,2021,455,81,0.1801266825019794,0.1603960396039604,0.13097161528378512,0.19494809103309627,0.06397647574931115,1.0,0.5052,0.4042,1,1,0.18
02_noise_sweep,24,330803024460940167593127939050373849845,5000,0.0,0.18,readout_flip,0.0,0.5,0.2,,0.11,0.95,5000,2502,500,2002,445,92,0.17785771382893686,0.184,0.1524894793781606,0.22032910379354043,0.06783962441537983,1.0,0.5004,0.4004,1,1,0.18
02_noise_sweep,25,275311255893374817659039320965899268599,5000,0.0,0.18,readout_flip,0.0,0.5,0.2,,0.11,0.95,5000,2523,504,2019,468,95,0.18549346016646848,0.1884920634920635,0.15675137632855987,0.22494542186281155,0.06819404553425168,1.0,0.5046,0.4038,1,1,0.18
02_noise_sweep,26,58745097345098372210685389293035094919,5000,0.0,0.18,readout_flip,0.0,0.5,0.2,,0.11,0.95,5000,2500,500,2000,419,76,0.1676,0.152,0.12319239267380164,0.18611414828743875,0.06292175561363711,1.0,0.5,0.4,1,1,0.18
02_noise_sweep,27,234060260312874763823273923313895863334,5000,0.0,0.18,readout_flip,0.0,0.5,0.2,,0.11,0.95,5000,2517,503,2014,456,88,0.18116805721096543,0.1749502982107356,0.14424656628385094,0.21058127127928902,0.06633470499543809,1.0,0.5034,0.4028,1,1,0.18
02_noise_sweep,28,34928749727443175080410049863909659896,5000,0.0,0.18,readout_flip,0.0,0.5,0.2,,0.11,0.95,5000,2518,503,2015,444,91,0.17633042096902304,0.18091451292246521,0.1497327791289787,0.21693307976327791,0.06720030063429921,1.0,0.5036,0.403,1,1,0.18
02_noise_sweep,29,66041786864822828737594267217975225150,5000,0.0,0.18,readout_flip,0.0,0.5,0.2,,0.11,0.95,5000,2498,499,1999,440,81,0.17614091273018415,0.1623246492985972,0.13257107424295342,0.1972375680468836,0.06466649380393019,1.0,0.4996,0.3998,1,1,0.18
02_noise_sweep,0,137539829149578141299749501004791783509,5000,0.0,0.2,readout_flip,0.0,0.5,0.2,,0.11,0.95,5000,2518,503,2015,495,92,0.1965845909451946,0.18290258449304175,0.15156451244874194,0.21904735355322022,0.06748284110447827,1.0,0.5036,0.403,1,1,0.2
02_noise_sweep,1,271597795517389708986282817084404986359,5000,0.0,0.2,readout_flip,0.0,0.5,0.2,,0.11,0.95,5000,2508,501,2007,502,95,0.20015948963317384,0.18962075848303392,0.1577064326923586,0.2262585833217903,0.06855215062943171,1.0,0.5016,0.4014,1,1,0.2
02_noise_sweep,2,8771736525633465736985651164614039495,5000,0.0,0.2,readout_flip,0.0,0.5,0.2,,0.11,0.95,5000,2536,507,2029,482,92,0.19006309148264985,0.1814595660749507,0.15034855398958952,0.21736134029803655,0.06701278630844704,1.0,0.5072,0.4058,1,1,0.2
02_noise_sweep,3,29528384370977205655025736392217793206,5000,0.0,0.2,readout_flip,0.0,0.5,0.2,,0.11,0.95,5000,2528,505,2023,529,97,0.20925632911392406,0.19207920792079208,0.16009699163306046,0.22871067211198365,0.06861368047892319,1.0,0.5056,0.4046,1,1,0.2
02_noise_sweep,4,318802184862084415868877413717435360042,5000,0.0,0.2,readout_flip,0.0,0.5,0.2,,0.11,0.95,5000,2454,490,1964,447,92,0.1821515892420538,0.18775510204081633,0.155656012859755,0.22471192803622453,0.06905591517646953,1.0,0.4908,0.3928,1,1,0.2
02_noise_sweep,5,96225791477494781917910017216851229274,5000,0.0,0.2,readout_flip,0.0,0.5,0.2,,0.11,0.95,5000,2423,484,1939,495,104,0.2042921997523731,0.21487603305785125,0.18060428331152958,0.25363814317841804,0.07303385986688846,1.0,0.4846,0.3878,1,1,0.2
02_noise_sweep,6,321508325664261438740998953392924773958,5000,0.0,0.2,readout_flip,0.0,0.5,0.2,,0.11,0.95,5000,2531,506,2025,483,96,0.1908336625839589,0.18972332015810275,0.15794736291697153,0.22617490770749232,0.06822754479052079,1.0,0.5062,0.405,1,1,0.2
02_noise_sweep,7,157241831048129053466170311799636669632,5000,0.0,0.2,readout_flip,0.0,0.5,0.2,,0.11,0.95,5000,2487,497,1990,521,102,0.20948934459187776,0.2052313883299799,0.1720496637522287,0.2429348690979229,0.0708852053456942,1.0,0.4974,0.398,1,1,0.2
02_noise_sweep,8,323112957760553983925901385438399345715,5000,0.0,0.2,readout_flip,0.0,0.5,0.2,,0.11,0.95,5000,2425,485,1940,469,87,0.1934020618556701,0.17938144329896907,0.1477964430872597,0.21600547185204977,0.06820902876479007,1.0,0.485,0.388,1,1,0.2
02_noise_sweep,9,170587469669045208844014926475642084359,5000,0.0,0.2,readout_flip,0.0,0.5,0.2,,0.11,0.95,5000,2506,501,2005,500,118,0.19952114924181963,0.23552894211576847,0.20047208356816293,0.2746106471191344,0.07413856355097148,1.0,0.5012,0.401,1,1,0.2
02_noise_sweep,10,20920059692749247829292471955390194356,5000,0.0,0.2,readout_flip,0.0,0.5,0.2,,0.11,0.95,5000,2457,491,1966,445,85,0.18111518111518113,0.17311608961303462,0.1422218183095863,0.20908556655463462,0.06686374824504832,1.0,0.4914,0.3932,1,1,0.2
02_noise_sweep,11,239304418556924828045192676787877218431,5000,0.0,0.2,readout_flip,0.0,0.5,0.2,,0.11,0.95,5000,2477,495,1982,521,95,0.21033508276140492,0.1919191919191919,0.15965192538455547,0.2289313717594964,0.06927944637494093,1.0,0.4954,0.3964,1,1,0.2
02_noise_sweep,12,4671255734743847520431175529445088910,5000,0.0,0.2,readout_flip,0.0,0.5,0.2,,0.11,0.95,5000,2466,493,1973,482,103,0.1954582319545823,0.20892494929006086,0.1753574051771588,0.2469935381575119,0.0716361329803531,1.0,0.4932,0.3946,1,1,0.2
02_noise_sweep,13,160095930508179076356288178271481837827,5000,0.0,0.2,readout_flip,0.0,0.5,0.2,,0.11,0.95,5000,2498,499,1999,471,103,0.18855084067253802,0.20641282565130262,0.17320951234833104,0.2441018591380852,0.07089234678975415,1.0,0.4996,0.3998,1,1,0.2
02_noise_sweep,14,155917589401004418010263607789732798735,5000,0.0,0.2,readout_flip,0.0,0.5,0.2,,0.11,0.95,5000,2490,498,1992,461,97,0.18514056224899597,0.19477911646586346,0.1623875917498727,0.23184340559660613,0.06945581384673344,1.0,0.498,0.3984,1,1,0.2
02_noise_sweep,15,50544490649422558568960586864866371405,5000,0.0,0.2,readout_flip,0.0,0.5,0.2,,0.11,0.95,5000,2534,506,2028,516,106,0.20363062352012629,0.20948616600790515,0.17628388503707687,0.247066266439332,0.07078238140225512,1.0,0.5068,0.4056,1,1,0.2
02_noise_sweep,16,200088321103975689584068358324965062546,5000,0.0,0.2,readout_flip,0.0,0.5,0.2,,0.11,0.95,5000,2455,491,1964,500,103,0.20366598778004075,0.20977596741344195,0.17608527063355955,0.24797268789074872,0.07188741725718917,1.0,0.491,0.3928,1,1,0.2
02_noise_sweep,17,23009756525971869806113166817907744802,5000,0.0,0.2,readout_flip,0.0,0.5,0.2,,0.11,0.95,5000,2531,506,2025,487,100,0.1924140655867246,0.1976284584980237,0.16526619790060668,0.23454722506463518,0.06928102716402851,1.0,0.5062,0.405,1,1,0.2
02_noise_sweep,18,338562511969233406115598958488153029475,5000,0.0,0.2,readout_flip,0.0,0.5,0.2,,0.11,0.95,5000,2530,506,2024,505,104,0.19960474308300397,0.20553359683794467,0.17260621680092286,0.242898358505097,0.07029214170417414,1.0,0.506,0.4048,1,1,0.2
02_noise_sweep,19,149021288361900769733555816546964562461,5000,0.0,0.2,readout_flip,0.0,0.5,0.2,,0.11,0.95,5000,2478,495,1983,505,89,0.20379338175948344,0.1797979797979798,0.14847448318676093,0.21605307482853237,0.06757859164177143,1.0,0.4956,0.3966,1,1,0.2
02_noise_sweep,20,137770111076838920003538871611718518208,5000,0.0,0.2,readout_flip,0.0,0.5,0.2,,0.11,0.95,5000,2506,501,2005,499,94,0.19912210694333599,0.18762475049900199,0.155862812141782,0.22414056410396915,0.06827775196218716,1.0,0.5012,0.401,1,1,0.2
02_noise_sweep,21,207547982168610585038847952008626080157,5000,0.0,0.2,readout_flip,0.0,0.5,0.2,,0.11,0.95,5000,2483,496,1987,520,111,0.2094240837696335,0.22379032258064516,0.1893137017190062,0.26251248203440913,0.07319878031540294,1.0,0.4966,0.3974,1,1,0.2
02_noise_sweep,22,57091509125324609154482943359869985298,5000,0.0,0.2,readout_flip,0.0,0.5,0.2,,0.11,0.95,5000,2539,507,2032,535,97,0.21071287908625444,0.1913214990138067,0.15945436775662697,0.22783107159949362,0.06837670384286665,1.0,0.5078,0.4064,1,1,0.2
02_noise_sweep,23,45273216470529621955993499754823841962,5000,0.0,0.2,readout_flip,0.0,0.5,0.2,,0.11,0.95,5000,2478,495,1983,475,95,0.1916868442292171,0.1919191919191919,0.15965192538455547,0.2289313717594964,0.06927944637494093,1.0,0.4956,0.3966,1,1,0.2
02_noise_sweep,24,40943623587029489255931716113760321044,5000,0.0,0.2,readout_flip,0.0,0.5,0.2,,0.11,0.95,5000,2536,507,2029,499,120,0.19676656151419558,0.23668639053254437,0.2017543583213898,0.27557858834980564,0.07382423002841584,1.0,0.5072,0.4058,1,1,0.2
02_noise_sweep,25,9185287521435040968598339110360152784,5000,0.0,0.2,readout_flip,0.0,0.5,0.2,,0.11,0.95,5000,2481,496,1985,500,107,0.2015316404675534,0.2157258064516129,0.1817851576446866,0.2540359511818211,0.07225079353713448,1.0,0.4962,0.397,1,1,0.2
02_noise_sweep,26,28322850598322023427696091912208732717,5000,0.0,0.2,readout_flip,0.0,0.5,0.2,,0.11,0.95,5000,2498,499,1999,535,106,0.21417133706965572,0.2124248496993988,0.1788039162971842,0.25043964553422005,0.07163572923703584,1.0,0.4996,0.3998,1,1,0.2
02_noise_sweep,27,229810243115900206010691466251809147563,5000,0.0,0.2,readout_flip,0.0,0.5,0.2,,0.11,0.95,5000,2440,488,1952,485,92,0.1987704918032787,0.1885245901639344,0.15630518196911672,0.2256094684775705,0.06930428650845377,1.0,0.488,0.3904,1,1,0.2
02_noise_sweep,28,15954614092336781280736404264270359837,5000,0.0,0.2,readout_flip,0.0,0.5,0.2,,0.11,0.95,5000,2539,507,2032,503,91,0.1981094919259551,0.1794871794871795,0.14853167415849233,0.21526311111543478,0.06673143695694245,1.0,0.5078,0.4064,1,1,0.2
02_noise_sweep,29,250533308854908369328494795043348852161,5000,0.0,0.2,readout_flip,0.0,0.5,0.2,,0.11,0.95,5000,2490,498,1992,465,93,0.18674698795180722,0.18674698795180722,0.1549645597401266,0.22332514806283846,0.06836058832271186,1.0,0.498,0.3984,1,1,0.2
